c,b,E_cb
0x01,0x00,65536
0x01,0x01,712
0x01,0x02,512
0x01,0x03,672
0x01,0x04,584
0x01,0x05,648
0x01,0x06,704
0x01,0x07,704
0x01,0x08,728
0x01,0x09,800
0x01,0x0a,712
0x01,0x0b,680
0x01,0x0c,776
0x01,0x0d,728
0x01,0x0e,752
0x01,0x0f,776
0x01,0x10,640
0x01,0x11,688
0x01,0x12,584
0x01,0x13,696
0x01,0x14,512
0x01,0x15,712
0x01,0x16,536
0x01,0x17,640
0x01,0x18,576
0x01,0x19,784
0x01,0x1a,688
0x01,0x1b,688
0x01,0x1c,656
0x01,0x1d,688
0x01,0x1e,672
0x01,0x1f,672
0x01,0x20,704
0x01,0x21,688
0x01,0x22,512
0x01,0x23,696
0x01,0x24,584
0x01,0x25,688
0x01,0x26,584
0x01,0x27,720
0x01,0x28,792
0x01,0x29,736
0x01,0x2a,696
0x01,0x2b,704
0x01,0x2c,832
0x01,0x2d,760
0x01,0x2e,696
0x01,0x2f,624
0x01,0x30,584
0x01,0x31,672
0x01,0x32,640
0x01,0x33,696
0x01,0x34,512
0x01,0x35,688
0x01,0x36,536
0x01,0x37,744
0x01,0x38,736
0x01,0x39,784
0x01,0x3a,640
0x01,0x3b,784
0x01,0x3c,664
0x01,0x3d,656
0x01,0x3e,704
0x01,0x3f,784
0x01,0x40,680
0x01,0x41,752
0x01,0x42,720
0x01,0x43,688
0x01,0x44,800
0x01,0x45,576
0x01,0x46,672
0x01,0x47,752
0x01,0x48,640
0x01,0x49,680
0x01,0x4a,688
0x01,0x4b,680
0x01,0x4c,688
0x01,0x4d,608
0x01,0x4e,744
0x01,0x4f,680
0x01,0x50,664
0x01,0x51,696
0x01,0x52,680
0x01,0x53,720
0x01,0x54,688
0x01,0x55,712
0x01,0x56,656
0x01,0x57,696
0x01,0x58,736
0x01,0x59,736
0x01,0x5a,704
0x01,0x5b,704
0x01,0x5c,632
0x01,0x5d,616
0x01,0x5e,776
0x01,0x5f,688
0x01,0x60,648
0x01,0x61,704
0x01,0x62,672
0x01,0x63,776
0x01,0x64,744
0x01,0x65,696
0x01,0x66,800
0x01,0x67,744
0x01,0x68,744
0x01,0x69,632
0x01,0x6a,752
0x01,0x6b,728
0x01,0x6c,760
0x01,0x6d,688
0x01,0x6e,656
0x01,0x6f,704
0x01,0x70,752
0x01,0x71,656
0x01,0x72,648
0x01,0x73,656
0x01,0x74,680
0x01,0x75,688
0x01,0x76,744
0x01,0x77,736
0x01,0x78,664
0x01,0x79,688
0x01,0x7a,648
0x01,0x7b,704
0x01,0x7c,720
0x01,0x7d,632
0x01,0x7e,728
0x01,0x7f,648
0x01,0x80,624
0x01,0x81,720
0x01,0x82,640
0x01,0x83,800
0x01,0x84,720
0x01,0x85,832
0x01,0x86,680
0x01,0x87,656
0x01,0x88,688
0x01,0x89,704
0x01,0x8a,664
0x01,0x8b,800
0x01,0x8c,640
0x01,0x8d,752
0x01,0x8e,680
0x01,0x8f,800
0x01,0x90,752
0x01,0x91,696
0x01,0x92,832
0x01,0x93,688
0x01,0x94,672
0x01,0x95,680
0x01,0x96,680
0x01,0x97,736
0x01,0x98,720
0x01,0x99,848
0x01,0x9a,752
0x01,0x9b,648
0x01,0x9c,768
0x01,0x9d,664
0x01,0x9e,712
0x01,0x9f,680
0x01,0xa0,656
0x01,0xa1,736
0x01,0xa2,584
0x01,0xa3,592
0x01,0xa4,672
0x01,0xa5,784
0x01,0xa6,656
0x01,0xa7,720
0x01,0xa8,808
0x01,0xa9,768
0x01,0xaa,712
0x01,0xab,736
0x01,0xac,680
0x01,0xad,752
0x01,0xae,752
0x01,0xaf,624
0x01,0xb0,664
0x01,0xb1,752
0x01,0xb2,672
0x01,0xb3,696
0x01,0xb4,720
0x01,0xb5,664
0x01,0xb6,744
0x01,0xb7,688
0x01,0xb8,712
0x01,0xb9,688
0x01,0xba,632
0x01,0xbb,696
0x01,0xbc,800
0x01,0xbd,808
0x01,0xbe,616
0x01,0xbf,600
0x01,0xc0,736
0x01,0xc1,656
0x01,0xc2,664
0x01,0xc3,720
0x01,0xc4,824
0x01,0xc5,704
0x01,0xc6,736
0x01,0xc7,648
0x01,0xc8,696
0x01,0xc9,672
0x01,0xca,672
0x01,0xcb,696
0x01,0xcc,728
0x01,0xcd,696
0x01,0xce,672
0x01,0xcf,752
0x01,0xd0,696
0x01,0xd1,720
0x01,0xd2,704
0x01,0xd3,720
0x01,0xd4,648
0x01,0xd5,664
0x01,0xd6,672
0x01,0xd7,616
0x01,0xd8,744
0x01,0xd9,720
0x01,0xda,704
0x01,0xdb,736
0x01,0xdc,712
0x01,0xdd,576
0x01,0xde,776
0x01,0xdf,696
0x01,0xe0,712
0x01,0xe1,632
0x01,0xe2,728
0x01,0xe3,648
0x01,0xe4,704
0x01,0xe5,688
0x01,0xe6,672
0x01,0xe7,688
0x01,0xe8,720
0x01,0xe9,688
0x01,0xea,728
0x01,0xeb,840
0x01,0xec,720
0x01,0xed,728
0x01,0xee,744
0x01,0xef,760
0x01,0xf0,664
0x01,0xf1,752
0x01,0xf2,704
0x01,0xf3,616
0x01,0xf4,616
0x01,0xf5,640
0x01,0xf6,608
0x01,0xf7,752
0x01,0xf8,656
0x01,0xf9,640
0x01,0xfa,808
0x01,0xfb,664
0x01,0xfc,720
0x01,0xfd,704
0x01,0xfe,696
0x01,0xff,752
0x02,0x00,256
0x02,0x01,420
0x02,0x02,548
0x02,0x03,454
0x02,0x04,528
0x02,0x05,550
0x02,0x06,524
0x02,0x07,550
0x02,0x08,470
0x02,0x09,474
0x02,0x0a,462
0x02,0x0b,530
0x02,0x0c,528
0x02,0x0d,534
0x02,0x0e,606
0x02,0x0f,570
0x02,0x10,976
0x02,0x11,766
0x02,0x12,7442
0x02,0x13,560
0x02,0x14,538
0x02,0x15,490
0x02,0x16,450
0x02,0x17,460
0x02,0x18,606
0x02,0x19,616
0x02,0x1a,602
0x02,0x1b,634
0x02,0x1c,494
0x02,0x1d,508
0x02,0x1e,552
0x02,0x1f,490
0x02,0x20,664
0x02,0x21,566
0x02,0x22,476
0x02,0x23,542
0x02,0x24,542
0x02,0x25,498
0x02,0x26,456
0x02,0x27,444
0x02,0x28,566
0x02,0x29,566
0x02,0x2a,576
0x02,0x2b,604
0x02,0x2c,516
0x02,0x2d,518
0x02,0x2e,472
0x02,0x2f,448
0x02,0x30,474
0x02,0x31,496
0x02,0x32,532
0x02,0x33,456
0x02,0x34,2302
0x02,0x35,702
0x02,0x36,514
0x02,0x37,560
0x02,0x38,502
0x02,0x39,494
0x02,0x3a,538
0x02,0x3b,502
0x02,0x3c,536
0x02,0x3d,510
0x02,0x3e,564
0x02,0x3f,622
0x02,0x40,614
0x02,0x41,550
0x02,0x42,550
0x02,0x43,546
0x02,0x44,504
0x02,0x45,450
0x02,0x46,480
0x02,0x47,494
0x02,0x48,566
0x02,0x49,552
0x02,0x4a,524
0x02,0x4b,618
0x02,0x4c,502
0x02,0x4d,512
0x02,0x4e,478
0x02,0x4f,496
0x02,0x50,454
0x02,0x51,456
0x02,0x52,474
0x02,0x53,512
0x02,0x54,580
0x02,0x55,580
0x02,0x56,596
0x02,0x57,554
0x02,0x58,478
0x02,0x59,474
0x02,0x5a,450
0x02,0x5b,484
0x02,0x5c,572
0x02,0x5d,580
0x02,0x5e,558
0x02,0x5f,566
0x02,0x60,466
0x02,0x61,498
0x02,0x62,490
0x02,0x63,472
0x02,0x64,566
0x02,0x65,578
0x02,0x66,524
0x02,0x67,504
0x02,0x68,508
0x02,0x69,460
0x02,0x6a,460
0x02,0x6b,552
0x02,0x6c,530
0x02,0x6d,546
0x02,0x6e,552
0x02,0x6f,632
0x02,0x70,620
0x02,0x71,628
0x02,0x72,536
0x02,0x73,584
0x02,0x74,470
0x02,0x75,534
0x02,0x76,482
0x02,0x77,478
0x02,0x78,526
0x02,0x79,608
0x02,0x7a,612
0x02,0x7b,558
0x02,0x7c,448
0x02,0x7d,530
0x02,0x7e,506
0x02,0x7f,496
0x02,0x80,590
0x02,0x81,536
0x02,0x82,612
0x02,0x83,674
0x02,0x84,460
0x02,0x85,448
0x02,0x86,448
0x02,0x87,488
0x02,0x88,556
0x02,0x89,622
0x02,0x8a,568
0x02,0x8b,622
0x02,0x8c,504
0x02,0x8d,544
0x02,0x8e,516
0x02,0x8f,506
0x02,0x90,464
0x02,0x91,504
0x02,0x92,432
0x02,0x93,492
0x02,0x94,550
0x02,0x95,506
0x02,0x96,560
0x02,0x97,628
0x02,0x98,528
0x02,0x99,522
0x02,0x9a,486
0x02,0x9b,492
0x02,0x9c,564
0x02,0x9d,558
0x02,0x9e,526
0x02,0x9f,504
0x02,0xa0,468
0x02,0xa1,498
0x02,0xa2,510
0x02,0xa3,476
0x02,0xa4,528
0x02,0xa5,518
0x02,0xa6,710
0x02,0xa7,596
0x02,0xa8,460
0x02,0xa9,502
0x02,0xaa,532
0x02,0xab,490
0x02,0xac,602
0x02,0xad,656
0x02,0xae,560
0x02,0xaf,548
0x02,0xb0,608
0x02,0xb1,576
0x02,0xb2,574
0x02,0xb3,558
0x02,0xb4,474
0x02,0xb5,478
0x02,0xb6,486
0x02,0xb7,524
0x02,0xb8,576
0x02,0xb9,528
0x02,0xba,552
0x02,0xbb,620
0x02,0xbc,486
0x02,0xbd,438
0x02,0xbe,486
0x02,0xbf,514
0x02,0xc0,490
0x02,0xc1,498
0x02,0xc2,526
0x02,0xc3,516
0x02,0xc4,578
0x02,0xc5,604
0x02,0xc6,558
0x02,0xc7,644
0x02,0xc8,506
0x02,0xc9,516
0x02,0xca,490
0x02,0xcb,532
0x02,0xcc,542
0x02,0xcd,606
0x02,0xce,594
0x02,0xcf,518
0x02,0xd0,570
0x02,0xd1,556
0x02,0xd2,548
0x02,0xd3,512
0x02,0xd4,516
0x02,0xd5,490
0x02,0xd6,494
0x02,0xd7,454
0x02,0xd8,520
0x02,0xd9,548
0x02,0xda,610
0x02,0xdb,544
0x02,0xdc,478
0x02,0xdd,548
0x02,0xde,498
0x02,0xdf,482
0x02,0xe0,606
0x02,0xe1,536
0x02,0xe2,724
0x02,0xe3,602
0x02,0xe4,482
0x02,0xe5,504
0x02,0xe6,452
0x02,0xe7,466
0x02,0xe8,652
0x02,0xe9,542
0x02,0xea,554
0x02,0xeb,556
0x02,0xec,520
0x02,0xed,512
0x02,0xee,518
0x02,0xef,502
0x02,0xf0,458
0x02,0xf1,464
0x02,0xf2,520
0x02,0xf3,476
0x02,0xf4,580
0x02,0xf5,546
0x02,0xf6,572
0x02,0xf7,630
0x02,0xf8,528
0x02,0xf9,526
0x02,0xfa,468
0x02,0xfb,486
0x02,0xfc,640
0x02,0xfd,580
0x02,0xfe,552
0x02,0xff,638
0x03,0x00,256
0x03,0x01,516
0x03,0x02,566
0x03,0x03,496
0x03,0x04,470
0x03,0x05,516
0x03,0x06,466
0x03,0x07,508
0x03,0x08,516
0x03,0x09,468
0x03,0x0a,494
0x03,0x0b,470
0x03,0x0c,514
0x03,0x0d,506
0x03,0x0e,498
0x03,0x0f,520
0x03,0x10,464
0x03,0x11,546
0x03,0x12,488
0x03,0x13,558
0x03,0x14,436
0x03,0x15,492
0x03,0x16,458
0x03,0x17,474
0x03,0x18,492
0x03,0x19,464
0x03,0x1a,520
0x03,0x1b,520
0x03,0x1c,506
0x03,0x1d,496
0x03,0x1e,524
0x03,0x1f,482
0x03,0x20,452
0x03,0x21,496
0x03,0x22,414
0x03,0x23,500
0x03,0x24,420
0x03,0x25,556
0x03,0x26,530
0x03,0x27,546
0x03,0x28,574
0x03,0x29,554
0x03,0x2a,512
0x03,0x2b,496
0x03,0x2c,506
0x03,0x2d,478
0x03,0x2e,496
0x03,0x2f,474
0x03,0x30,430
0x03,0x31,642
0x03,0x32,510
0x03,0x33,502
0x03,0x34,430
0x03,0x35,546
0x03,0x36,474
0x03,0x37,496
0x03,0x38,514
0x03,0x39,510
0x03,0x3a,546
0x03,0x3b,546
0x03,0x3c,522
0x03,0x3d,496
0x03,0x3e,458
0x03,0x3f,476
0x03,0x40,588
0x03,0x41,508
0x03,0x42,500
0x03,0x43,548
0x03,0x44,504
0x03,0x45,522
0x03,0x46,526
0x03,0x47,480
0x03,0x48,496
0x03,0x49,572
0x03,0x4a,502
0x03,0x4b,552
0x03,0x4c,462
0x03,0x4d,478
0x03,0x4e,522
0x03,0x4f,522
0x03,0x50,532
0x03,0x51,484
0x03,0x52,528
0x03,0x53,510
0x03,0x54,488
0x03,0x55,504
0x03,0x56,500
0x03,0x57,522
0x03,0x58,492
0x03,0x59,534
0x03,0x5a,518
0x03,0x5b,520
0x03,0x5c,498
0x03,0x5d,494
0x03,0x5e,496
0x03,0x5f,508
0x03,0x60,526
0x03,0x61,518
0x03,0x62,536
0x03,0x63,554
0x03,0x64,490
0x03,0x65,486
0x03,0x66,504
0x03,0x67,550
0x03,0x68,448
0x03,0x69,496
0x03,0x6a,484
0x03,0x6b,530
0x03,0x6c,532
0x03,0x6d,534
0x03,0x6e,522
0x03,0x6f,540
0x03,0x70,492
0x03,0x71,480
0x03,0x72,480
0x03,0x73,524
0x03,0x74,644
0x03,0x75,552
0x03,0x76,532
0x03,0x77,526
0x03,0x78,514
0x03,0x79,488
0x03,0x7a,490
0x03,0x7b,508
0x03,0x7c,538
0x03,0x7d,510
0x03,0x7e,532
0x03,0x7f,810
0x03,0x80,474
0x03,0x81,492
0x03,0x82,514
0x03,0x83,470
0x03,0x84,508
0x03,0x85,486
0x03,0x86,492
0x03,0x87,532
0x03,0x88,512
0x03,0x89,486
0x03,0x8a,498
0x03,0x8b,466
0x03,0x8c,494
0x03,0x8d,508
0x03,0x8e,548
0x03,0x8f,486
0x03,0x90,490
0x03,0x91,510
0x03,0x92,480
0x03,0x93,470
0x03,0x94,518
0x03,0x95,478
0x03,0x96,516
0x03,0x97,510
0x03,0x98,538
0x03,0x99,488
0x03,0x9a,506
0x03,0x9b,552
0x03,0x9c,516
0x03,0x9d,506
0x03,0x9e,490
0x03,0x9f,504
0x03,0xa0,566
0x03,0xa1,524
0x03,0xa2,1024
0x03,0xa3,572
0x03,0xa4,514
0x03,0xa5,490
0x03,0xa6,482
0x03,0xa7,466
0x03,0xa8,568
0x03,0xa9,558
0x03,0xaa,522
0x03,0xab,516
0x03,0xac,476
0x03,0xad,488
0x03,0xae,494
0x03,0xaf,494
0x03,0xb0,552
0x03,0xb1,536
0x03,0xb2,546
0x03,0xb3,496
0x03,0xb4,510
0x03,0xb5,526
0x03,0xb6,492
0x03,0xb7,530
0x03,0xb8,542
0x03,0xb9,536
0x03,0xba,570
0x03,0xbb,558
0x03,0xbc,492
0x03,0xbd,506
0x03,0xbe,542
0x03,0xbf,548
0x03,0xc0,478
0x03,0xc1,488
0x03,0xc2,484
0x03,0xc3,540
0x03,0xc4,464
0x03,0xc5,486
0x03,0xc6,478
0x03,0xc7,504
0x03,0xc8,508
0x03,0xc9,476
0x03,0xca,502
0x03,0xcb,568
0x03,0xcc,508
0x03,0xcd,482
0x03,0xce,490
0x03,0xcf,512
0x03,0xd0,502
0x03,0xd1,484
0x03,0xd2,536
0x03,0xd3,518
0x03,0xd4,510
0x03,0xd5,458
0x03,0xd6,434
0x03,0xd7,458
0x03,0xd8,486
0x03,0xd9,554
0x03,0xda,510
0x03,0xdb,500
0x03,0xdc,498
0x03,0xdd,514
0x03,0xde,476
0x03,0xdf,502
0x03,0xe0,508
0x03,0xe1,462
0x03,0xe2,474
0x03,0xe3,514
0x03,0xe4,508
0x03,0xe5,500
0x03,0xe6,524
0x03,0xe7,558
0x03,0xe8,488
0x03,0xe9,498
0x03,0xea,506
0x03,0xeb,508
0x03,0xec,676
0x03,0xed,548
0x03,0xee,488
0x03,0xef,498
0x03,0xf0,508
0x03,0xf1,516
0x03,0xf2,472
0x03,0xf3,500
0x03,0xf4,598
0x03,0xf5,500
0x03,0xf6,492
0x03,0xf7,520
0x03,0xf8,532
0x03,0xf9,498
0x03,0xfa,512
0x03,0xfb,504
0x03,0xfc,514
0x03,0xfd,534
0x03,0xfe,516
0x03,0xff,554
0x04,0x00,256
0x04,0x01,486
0x04,0x02,1340
0x04,0x03,624
0x04,0x04,516
0x04,0x05,532
0x04,0x06,484
0x04,0x07,530
0x04,0x08,530
0x04,0x09,598
0x04,0x0a,548
0x04,0x0b,530
0x04,0x0c,530
0x04,0x0d,484
0x04,0x0e,504
0x04,0x0f,496
0x04,0x10,522
0x04,0x11,560
0x04,0x12,438
0x04,0x13,492
0x04,0x14,534
0x04,0x15,474
0x04,0x16,536
0x04,0x17,556
0x04,0x18,524
0x04,0x19,490
0x04,0x1a,536
0x04,0x1b,554
0x04,0x1c,546
0x04,0x1d,532
0x04,0x1e,484
0x04,0x1f,492
0x04,0x20,526
0x04,0x21,522
0x04,0x22,500
0x04,0x23,456
0x04,0x24,522
0x04,0x25,484
0x04,0x26,3984
0x04,0x27,556
0x04,0x28,536
0x04,0x29,504
0x04,0x2a,546
0x04,0x2b,600
0x04,0x2c,538
0x04,0x2d,520
0x04,0x2e,504
0x04,0x2f,502
0x04,0x30,550
0x04,0x31,490
0x04,0x32,822
0x04,0x33,534
0x04,0x34,550
0x04,0x35,514
0x04,0x36,556
0x04,0x37,508
0x04,0x38,578
0x04,0x39,544
0x04,0x3a,508
0x04,0x3b,518
0x04,0x3c,458
0x04,0x3d,474
0x04,0x3e,504
0x04,0x3f,508
0x04,0x40,514
0x04,0x41,478
0x04,0x42,466
0x04,0x43,530
0x04,0x44,514
0x04,0x45,520
0x04,0x46,586
0x04,0x47,554
0x04,0x48,474
0x04,0x49,496
0x04,0x4a,518
0x04,0x4b,500
0x04,0x4c,536
0x04,0x4d,592
0x04,0x4e,518
0x04,0x4f,480
0x04,0x50,494
0x04,0x51,484
0x04,0x52,564
0x04,0x53,498
0x04,0x54,508
0x04,0x55,520
0x04,0x56,542
0x04,0x57,488
0x04,0x58,582
0x04,0x59,502
0x04,0x5a,506
0x04,0x5b,454
0x04,0x5c,522
0x04,0x5d,482
0x04,0x5e,562
0x04,0x5f,514
0x04,0x60,502
0x04,0x61,482
0x04,0x62,560
0x04,0x63,496
0x04,0x64,526
0x04,0x65,516
0x04,0x66,522
0x04,0x67,516
0x04,0x68,554
0x04,0x69,528
0x04,0x6a,506
0x04,0x6b,528
0x04,0x6c,472
0x04,0x6d,526
0x04,0x6e,504
0x04,0x6f,570
0x04,0x70,518
0x04,0x71,524
0x04,0x72,496
0x04,0x73,524
0x04,0x74,516
0x04,0x75,482
0x04,0x76,554
0x04,0x77,524
0x04,0x78,512
0x04,0x79,496
0x04,0x7a,548
0x04,0x7b,530
0x04,0x7c,506
0x04,0x7d,620
0x04,0x7e,510
0x04,0x7f,520
0x04,0x80,478
0x04,0x81,526
0x04,0x82,542
0x04,0x83,546
0x04,0x84,476
0x04,0x85,548
0x04,0x86,498
0x04,0x87,490
0x04,0x88,580
0x04,0x89,580
0x04,0x8a,500
0x04,0x8b,528
0x04,0x8c,536
0x04,0x8d,500
0x04,0x8e,512
0x04,0x8f,526
0x04,0x90,578
0x04,0x91,598
0x04,0x92,480
0x04,0x93,470
0x04,0x94,512
0x04,0x95,510
0x04,0x96,534
0x04,0x97,486
0x04,0x98,530
0x04,0x99,472
0x04,0x9a,530
0x04,0x9b,562
0x04,0x9c,522
0x04,0x9d,492
0x04,0x9e,532
0x04,0x9f,526
0x04,0xa0,532
0x04,0xa1,588
0x04,0xa2,502
0x04,0xa3,514
0x04,0xa4,494
0x04,0xa5,510
0x04,0xa6,526
0x04,0xa7,560
0x04,0xa8,520
0x04,0xa9,530
0x04,0xaa,544
0x04,0xab,544
0x04,0xac,534
0x04,0xad,556
0x04,0xae,510
0x04,0xaf,518
0x04,0xb0,538
0x04,0xb1,536
0x04,0xb2,512
0x04,0xb3,572
0x04,0xb4,638
0x04,0xb5,554
0x04,0xb6,460
0x04,0xb7,462
0x04,0xb8,552
0x04,0xb9,548
0x04,0xba,520
0x04,0xbb,520
0x04,0xbc,478
0x04,0xbd,480
0x04,0xbe,548
0x04,0xbf,534
0x04,0xc0,506
0x04,0xc1,554
0x04,0xc2,470
0x04,0xc3,520
0x04,0xc4,488
0x04,0xc5,488
0x04,0xc6,534
0x04,0xc7,552
0x04,0xc8,552
0x04,0xc9,474
0x04,0xca,564
0x04,0xcb,534
0x04,0xcc,552
0x04,0xcd,536
0x04,0xce,486
0x04,0xcf,526
0x04,0xd0,480
0x04,0xd1,562
0x04,0xd2,490
0x04,0xd3,524
0x04,0xd4,520
0x04,0xd5,566
0x04,0xd6,484
0x04,0xd7,524
0x04,0xd8,540
0x04,0xd9,554
0x04,0xda,536
0x04,0xdb,504
0x04,0xdc,504
0x04,0xdd,560
0x04,0xde,476
0x04,0xdf,548
0x04,0xe0,502
0x04,0xe1,460
0x04,0xe2,488
0x04,0xe3,536
0x04,0xe4,550
0x04,0xe5,566
0x04,0xe6,508
0x04,0xe7,510
0x04,0xe8,520
0x04,0xe9,518
0x04,0xea,468
0x04,0xeb,504
0x04,0xec,486
0x04,0xed,554
0x04,0xee,560
0x04,0xef,574
0x04,0xf0,652
0x04,0xf1,562
0x04,0xf2,496
0x04,0xf3,516
0x04,0xf4,498
0x04,0xf5,492
0x04,0xf6,566
0x04,0xf7,604
0x04,0xf8,522
0x04,0xf9,488
0x04,0xfa,504
0x04,0xfb,536
0x04,0xfc,556
0x04,0xfd,558
0x04,0xfe,528
0x04,0xff,524
0x05,0x00,256
0x05,0x01,476
0x05,0x02,448
0x05,0x03,546
0x05,0x04,510
0x05,0x05,518
0x05,0x06,514
0x05,0x07,518
0x05,0x08,486
0x05,0x09,532
0x05,0x0a,478
0x05,0x0b,528
0x05,0x0c,466
0x05,0x0d,530
0x05,0x0e,476
0x05,0x0f,502
0x05,0x10,526
0x05,0x11,502
0x05,0x12,506
0x05,0x13,506
0x05,0x14,542
0x05,0x15,464
0x05,0x16,532
0x05,0x17,520
0x05,0x18,550
0x05,0x19,518
0x05,0x1a,498
0x05,0x1b,560
0x05,0x1c,546
0x05,0x1d,498
0x05,0x1e,534
0x05,0x1f,488
0x05,0x20,528
0x05,0x21,552
0x05,0x22,510
0x05,0x23,506
0x05,0x24,480
0x05,0x25,532
0x05,0x26,422
0x05,0x27,520
0x05,0x28,474
0x05,0x29,558
0x05,0x2a,520
0x05,0x2b,484
0x05,0x2c,498
0x05,0x2d,524
0x05,0x2e,508
0x05,0x2f,516
0x05,0x30,428
0x05,0x31,480
0x05,0x32,466
0x05,0x33,478
0x05,0x34,528
0x05,0x35,566
0x05,0x36,504
0x05,0x37,552
0x05,0x38,504
0x05,0x39,526
0x05,0x3a,508
0x05,0x3b,460
0x05,0x3c,480
0x05,0x3d,492
0x05,0x3e,526
0x05,0x3f,558
0x05,0x40,494
0x05,0x41,532
0x05,0x42,498
0x05,0x43,492
0x05,0x44,498
0x05,0x45,504
0x05,0x46,490
0x05,0x47,512
0x05,0x48,478
0x05,0x49,532
0x05,0x4a,492
0x05,0x4b,526
0x05,0x4c,498
0x05,0x4d,462
0x05,0x4e,502
0x05,0x4f,546
0x05,0x50,496
0x05,0x51,510
0x05,0x52,504
0x05,0x53,524
0x05,0x54,514
0x05,0x55,486
0x05,0x56,552
0x05,0x57,514
0x05,0x58,548
0x05,0x59,532
0x05,0x5a,506
0x05,0x5b,498
0x05,0x5c,604
0x05,0x5d,570
0x05,0x5e,544
0x05,0x5f,568
0x05,0x60,532
0x05,0x61,514
0x05,0x62,508
0x05,0x63,492
0x05,0x64,492
0x05,0x65,498
0x05,0x66,502
0x05,0x67,510
0x05,0x68,530
0x05,0x69,476
0x05,0x6a,542
0x05,0x6b,506
0x05,0x6c,526
0x05,0x6d,506
0x05,0x6e,508
0x05,0x6f,510
0x05,0x70,552
0x05,0x71,556
0x05,0x72,518
0x05,0x73,542
0x05,0x74,512
0x05,0x75,462
0x05,0x76,498
0x05,0x77,474
0x05,0x78,500
0x05,0x79,558
0x05,0x7a,540
0x05,0x7b,512
0x05,0x7c,460
0x05,0x7d,524
0x05,0x7e,540
0x05,0x7f,518
0x05,0x80,520
0x05,0x81,472
0x05,0x82,534
0x05,0x83,534
0x05,0x84,492
0x05,0x85,498
0x05,0x86,504
0x05,0x87,482
0x05,0x88,524
0x05,0x89,520
0x05,0x8a,508
0x05,0x8b,578
0x05,0x8c,488
0x05,0x8d,518
0x05,0x8e,508
0x05,0x8f,512
0x05,0x90,530
0x05,0x91,542
0x05,0x92,494
0x05,0x93,574
0x05,0x94,500
0x05,0x95,508
0x05,0x96,516
0x05,0x97,512
0x05,0x98,516
0x05,0x99,492
0x05,0x9a,522
0x05,0x9b,472
0x05,0x9c,508
0x05,0x9d,518
0x05,0x9e,574
0x05,0x9f,502
0x05,0xa0,506
0x05,0xa1,510
0x05,0xa2,518
0x05,0xa3,534
0x05,0xa4,516
0x05,0xa5,488
0x05,0xa6,534
0x05,0xa7,516
0x05,0xa8,502
0x05,0xa9,524
0x05,0xaa,514
0x05,0xab,516
0x05,0xac,598
0x05,0xad,532
0x05,0xae,526
0x05,0xaf,550
0x05,0xb0,522
0x05,0xb1,528
0x05,0xb2,494
0x05,0xb3,490
0x05,0xb4,506
0x05,0xb5,542
0x05,0xb6,508
0x05,0xb7,494
0x05,0xb8,584
0x05,0xb9,480
0x05,0xba,510
0x05,0xbb,520
0x05,0xbc,586
0x05,0xbd,562
0x05,0xbe,482
0x05,0xbf,524
0x05,0xc0,460
0x05,0xc1,478
0x05,0xc2,506
0x05,0xc3,538
0x05,0xc4,508
0x05,0xc5,592
0x05,0xc6,496
0x05,0xc7,540
0x05,0xc8,522
0x05,0xc9,528
0x05,0xca,492
0x05,0xcb,504
0x05,0xcc,514
0x05,0xcd,490
0x05,0xce,538
0x05,0xcf,536
0x05,0xd0,482
0x05,0xd1,482
0x05,0xd2,490
0x05,0xd3,490
0x05,0xd4,510
0x05,0xd5,480
0x05,0xd6,516
0x05,0xd7,484
0x05,0xd8,504
0x05,0xd9,488
0x05,0xda,512
0x05,0xdb,546
0x05,0xdc,482
0x05,0xdd,472
0x05,0xde,512
0x05,0xdf,550
0x05,0xe0,502
0x05,0xe1,530
0x05,0xe2,534
0x05,0xe3,560
0x05,0xe4,492
0x05,0xe5,500
0x05,0xe6,496
0x05,0xe7,540
0x05,0xe8,560
0x05,0xe9,586
0x05,0xea,502
0x05,0xeb,522
0x05,0xec,564
0x05,0xed,520
0x05,0xee,532
0x05,0xef,512
0x05,0xf0,486
0x05,0xf1,526
0x05,0xf2,550
0x05,0xf3,536
0x05,0xf4,512
0x05,0xf5,494
0x05,0xf6,466
0x05,0xf7,482
0x05,0xf8,534
0x05,0xf9,518
0x05,0xfa,540
0x05,0xfb,468
0x05,0xfc,522
0x05,0xfd,510
0x05,0xfe,538
0x05,0xff,522
0x06,0x00,256
0x06,0x01,476
0x06,0x02,442
0x06,0x03,510
0x06,0x04,480
0x06,0x05,514
0x06,0x06,488
0x06,0x07,492
0x06,0x08,494
0x06,0x09,558
0x06,0x0a,482
0x06,0x0b,518
0x06,0x0c,482
0x06,0x0d,536
0x06,0x0e,526
0x06,0x0f,554
0x06,0x10,524
0x06,0x11,542
0x06,0x12,470
0x06,0x13,504
0x06,0x14,494
0x06,0x15,514
0x06,0x16,514
0x06,0x17,502
0x06,0x18,510
0x06,0x19,530
0x06,0x1a,526
0x06,0x1b,514
0x06,0x1c,524
0x06,0x1d,514
0x06,0x1e,506
0x06,0x1f,514
0x06,0x20,492
0x06,0x21,496
0x06,0x22,530
0x06,0x23,556
0x06,0x24,430
0x06,0x25,512
0x06,0x26,534
0x06,0x27,556
0x06,0x28,528
0x06,0x29,578
0x06,0x2a,486
0x06,0x2b,514
0x06,0x2c,516
0x06,0x2d,492
0x06,0x2e,510
0x06,0x2f,534
0x06,0x30,550
0x06,0x31,528
0x06,0x32,518
0x06,0x33,464
0x06,0x34,588
0x06,0x35,542
0x06,0x36,502
0x06,0x37,508
0x06,0x38,514
0x06,0x39,522
0x06,0x3a,514
0x06,0x3b,602
0x06,0x3c,472
0x06,0x3d,522
0x06,0x3e,532
0x06,0x3f,516
0x06,0x40,534
0x06,0x41,514
0x06,0x42,572
0x06,0x43,500
0x06,0x44,458
0x06,0x45,570
0x06,0x46,552
0x06,0x47,506
0x06,0x48,536
0x06,0x49,568
0x06,0x4a,540
0x06,0x4b,514
0x06,0x4c,528
0x06,0x4d,542
0x06,0x4e,492
0x06,0x4f,464
0x06,0x50,518
0x06,0x51,590
0x06,0x52,476
0x06,0x53,464
0x06,0x54,508
0x06,0x55,542
0x06,0x56,518
0x06,0x57,500
0x06,0x58,490
0x06,0x59,510
0x06,0x5a,482
0x06,0x5b,548
0x06,0x5c,490
0x06,0x5d,514
0x06,0x5e,490
0x06,0x5f,504
0x06,0x60,496
0x06,0x61,502
0x06,0x62,492
0x06,0x63,520
0x06,0x64,514
0x06,0x65,526
0x06,0x66,532
0x06,0x67,546
0x06,0x68,472
0x06,0x69,484
0x06,0x6a,480
0x06,0x6b,496
0x06,0x6c,516
0x06,0x6d,564
0x06,0x6e,524
0x06,0x6f,496
0x06,0x70,496
0x06,0x71,528
0x06,0x72,506
0x06,0x73,500
0x06,0x74,506
0x06,0x75,490
0x06,0x76,486
0x06,0x77,484
0x06,0x78,502
0x06,0x79,502
0x06,0x7a,494
0x06,0x7b,474
0x06,0x7c,516
0x06,0x7d,516
0x06,0x7e,480
0x06,0x7f,526
0x06,0x80,456
0x06,0x81,528
0x06,0x82,496
0x06,0x83,504
0x06,0x84,488
0x06,0x85,454
0x06,0x86,550
0x06,0x87,468
0x06,0x88,484
0x06,0x89,496
0x06,0x8a,508
0x06,0x8b,490
0x06,0x8c,466
0x06,0x8d,494
0x06,0x8e,562
0x06,0x8f,472
0x06,0x90,492
0x06,0x91,528
0x06,0x92,464
0x06,0x93,532
0x06,0x94,506
0x06,0x95,538
0x06,0x96,588
0x06,0x97,528
0x06,0x98,596
0x06,0x99,460
0x06,0x9a,572
0x06,0x9b,516
0x06,0x9c,490
0x06,0x9d,574
0x06,0x9e,524
0x06,0x9f,550
0x06,0xa0,544
0x06,0xa1,462
0x06,0xa2,588
0x06,0xa3,576
0x06,0xa4,518
0x06,0xa5,504
0x06,0xa6,512
0x06,0xa7,490
0x06,0xa8,640
0x06,0xa9,550
0x06,0xaa,518
0x06,0xab,562
0x06,0xac,476
0x06,0xad,534
0x06,0xae,472
0x06,0xaf,484
0x06,0xb0,564
0x06,0xb1,554
0x06,0xb2,514
0x06,0xb3,556
0x06,0xb4,474
0x06,0xb5,486
0x06,0xb6,534
0x06,0xb7,504
0x06,0xb8,524
0x06,0xb9,490
0x06,0xba,562
0x06,0xbb,490
0x06,0xbc,484
0x06,0xbd,488
0x06,0xbe,470
0x06,0xbf,486
0x06,0xc0,476
0x06,0xc1,504
0x06,0xc2,540
0x06,0xc3,494
0x06,0xc4,510
0x06,0xc5,532
0x06,0xc6,500
0x06,0xc7,492
0x06,0xc8,510
0x06,0xc9,510
0x06,0xca,484
0x06,0xcb,518
0x06,0xcc,474
0x06,0xcd,494
0x06,0xce,504
0x06,0xcf,510
0x06,0xd0,496
0x06,0xd1,538
0x06,0xd2,516
0x06,0xd3,504
0x06,0xd4,498
0x06,0xd5,484
0x06,0xd6,504
0x06,0xd7,488
0x06,0xd8,490
0x06,0xd9,530
0x06,0xda,512
0x06,0xdb,514
0x06,0xdc,516
0x06,0xdd,546
0x06,0xde,536
0x06,0xdf,466
0x06,0xe0,468
0x06,0xe1,468
0x06,0xe2,498
0x06,0xe3,534
0x06,0xe4,506
0x06,0xe5,506
0x06,0xe6,594
0x06,0xe7,522
0x06,0xe8,524
0x06,0xe9,536
0x06,0xea,506
0x06,0xeb,512
0x06,0xec,558
0x06,0xed,622
0x06,0xee,486
0x06,0xef,486
0x06,0xf0,554
0x06,0xf1,500
0x06,0xf2,524
0x06,0xf3,470
0x06,0xf4,558
0x06,0xf5,524
0x06,0xf6,542
0x06,0xf7,512
0x06,0xf8,502
0x06,0xf9,498
0x06,0xfa,466
0x06,0xfb,522
0x06,0xfc,510
0x06,0xfd,522
0x06,0xfe,538
0x06,0xff,550
0x07,0x00,256
0x07,0x01,494
0x07,0x02,734
0x07,0x03,510
0x07,0x04,496
0x07,0x05,516
0x07,0x06,518
0x07,0x07,564
0x07,0x08,538
0x07,0x09,514
0x07,0x0a,520
0x07,0x0b,510
0x07,0x0c,510
0x07,0x0d,498
0x07,0x0e,514
0x07,0x0f,538
0x07,0x10,484
0x07,0x11,492
0x07,0x12,528
0x07,0x13,520
0x07,0x14,478
0x07,0x15,492
0x07,0x16,520
0x07,0x17,506
0x07,0x18,498
0x07,0x19,514
0x07,0x1a,522
0x07,0x1b,506
0x07,0x1c,504
0x07,0x1d,506
0x07,0x1e,522
0x07,0x1f,526
0x07,0x20,492
0x07,0x21,550
0x07,0x22,442
0x07,0x23,518
0x07,0x24,470
0x07,0x25,578
0x07,0x26,732
0x07,0x27,498
0x07,0x28,490
0x07,0x29,484
0x07,0x2a,518
0x07,0x2b,532
0x07,0x2c,516
0x07,0x2d,496
0x07,0x2e,470
0x07,0x2f,478
0x07,0x30,500
0x07,0x31,506
0x07,0x32,468
0x07,0x33,564
0x07,0x34,464
0x07,0x35,488
0x07,0x36,484
0x07,0x37,522
0x07,0x38,492
0x07,0x39,508
0x07,0x3a,538
0x07,0x3b,516
0x07,0x3c,544
0x07,0x3d,556
0x07,0x3e,536
0x07,0x3f,516
0x07,0x40,510
0x07,0x41,538
0x07,0x42,530
0x07,0x43,490
0x07,0x44,572
0x07,0x45,494
0x07,0x46,522
0x07,0x47,546
0x07,0x48,492
0x07,0x49,554
0x07,0x4a,494
0x07,0x4b,520
0x07,0x4c,512
0x07,0x4d,566
0x07,0x4e,566
0x07,0x4f,530
0x07,0x50,500
0x07,0x51,538
0x07,0x52,526
0x07,0x53,530
0x07,0x54,514
0x07,0x55,498
0x07,0x56,522
0x07,0x57,490
0x07,0x58,516
0x07,0x59,522
0x07,0x5a,484
0x07,0x5b,522
0x07,0x5c,552
0x07,0x5d,486
0x07,0x5e,496
0x07,0x5f,496
0x07,0x60,498
0x07,0x61,504
0x07,0x62,496
0x07,0x63,510
0x07,0x64,508
0x07,0x65,558
0x07,0x66,516
0x07,0x67,502
0x07,0x68,540
0x07,0x69,554
0x07,0x6a,512
0x07,0x6b,512
0x07,0x6c,466
0x07,0x6d,522
0x07,0x6e,528
0x07,0x6f,500
0x07,0x70,528
0x07,0x71,482
0x07,0x72,546
0x07,0x73,512
0x07,0x74,510
0x07,0x75,550
0x07,0x76,546
0x07,0x77,534
0x07,0x78,524
0x07,0x79,560
0x07,0x7a,494
0x07,0x7b,488
0x07,0x7c,516
0x07,0x7d,526
0x07,0x7e,490
0x07,0x7f,516
0x07,0x80,478
0x07,0x81,494
0x07,0x82,512
0x07,0x83,508
0x07,0x84,534
0x07,0x85,492
0x07,0x86,504
0x07,0x87,500
0x07,0x88,498
0x07,0x89,494
0x07,0x8a,520
0x07,0x8b,488
0x07,0x8c,544
0x07,0x8d,480
0x07,0x8e,502
0x07,0x8f,552
0x07,0x90,566
0x07,0x91,520
0x07,0x92,526
0x07,0x93,588
0x07,0x94,530
0x07,0x95,502
0x07,0x96,506
0x07,0x97,510
0x07,0x98,474
0x07,0x99,474
0x07,0x9a,560
0x07,0x9b,526
0x07,0x9c,572
0x07,0x9d,526
0x07,0x9e,516
0x07,0x9f,506
0x07,0xa0,538
0x07,0xa1,466
0x07,0xa2,502
0x07,0xa3,478
0x07,0xa4,556
0x07,0xa5,478
0x07,0xa6,574
0x07,0xa7,508
0x07,0xa8,548
0x07,0xa9,482
0x07,0xaa,524
0x07,0xab,484
0x07,0xac,512
0x07,0xad,500
0x07,0xae,526
0x07,0xaf,490
0x07,0xb0,476
0x07,0xb1,520
0x07,0xb2,536
0x07,0xb3,520
0x07,0xb4,508
0x07,0xb5,492
0x07,0xb6,522
0x07,0xb7,480
0x07,0xb8,528
0x07,0xb9,480
0x07,0xba,488
0x07,0xbb,518
0x07,0xbc,476
0x07,0xbd,528
0x07,0xbe,482
0x07,0xbf,478
0x07,0xc0,524
0x07,0xc1,504
0x07,0xc2,494
0x07,0xc3,496
0x07,0xc4,470
0x07,0xc5,504
0x07,0xc6,482
0x07,0xc7,526
0x07,0xc8,488
0x07,0xc9,492
0x07,0xca,542
0x07,0xcb,530
0x07,0xcc,492
0x07,0xcd,494
0x07,0xce,554
0x07,0xcf,522
0x07,0xd0,494
0x07,0xd1,544
0x07,0xd2,510
0x07,0xd3,560
0x07,0xd4,536
0x07,0xd5,560
0x07,0xd6,514
0x07,0xd7,508
0x07,0xd8,480
0x07,0xd9,474
0x07,0xda,482
0x07,0xdb,516
0x07,0xdc,496
0x07,0xdd,476
0x07,0xde,586
0x07,0xdf,528
0x07,0xe0,498
0x07,0xe1,526
0x07,0xe2,522
0x07,0xe3,470
0x07,0xe4,504
0x07,0xe5,548
0x07,0xe6,512
0x07,0xe7,532
0x07,0xe8,494
0x07,0xe9,488
0x07,0xea,596
0x07,0xeb,508
0x07,0xec,510
0x07,0xed,514
0x07,0xee,520
0x07,0xef,500
0x07,0xf0,468
0x07,0xf1,500
0x07,0xf2,514
0x07,0xf3,486
0x07,0xf4,500
0x07,0xf5,504
0x07,0xf6,488
0x07,0xf7,516
0x07,0xf8,496
0x07,0xf9,498
0x07,0xfa,540
0x07,0xfb,508
0x07,0xfc,540
0x07,0xfd,478
0x07,0xfe,500
0x07,0xff,486
0x08,0x00,256
0x08,0x01,466
0x08,0x02,474
0x08,0x03,516
0x08,0x04,546
0x08,0x05,516
0x08,0x06,666
0x08,0x07,506
0x08,0x08,524
0x08,0x09,506
0x08,0x0a,506
0x08,0x0b,504
0x08,0x0c,516
0x08,0x0d,510
0x08,0x0e,526
0x08,0x0f,510
0x08,0x10,700
0x08,0x11,526
0x08,0x12,526
0x08,0x13,556
0x08,0x14,510
0x08,0x15,496
0x08,0x16,558
0x08,0x17,524
0x08,0x18,522
0x08,0x19,486
0x08,0x1a,516
0x08,0x1b,488
0x08,0x1c,486
0x08,0x1d,502
0x08,0x1e,524
0x08,0x1f,490
0x08,0x20,544
0x08,0x21,550
0x08,0x22,478
0x08,0x23,526
0x08,0x24,430
0x08,0x25,482
0x08,0x26,644
0x08,0x27,514
0x08,0x28,488
0x08,0x29,518
0x08,0x2a,530
0x08,0x2b,506
0x08,0x2c,492
0x08,0x2d,514
0x08,0x2e,502
0x08,0x2f,472
0x08,0x30,414
0x08,0x31,484
0x08,0x32,534
0x08,0x33,514
0x08,0x34,886
0x08,0x35,518
0x08,0x36,1012
0x08,0x37,536
0x08,0x38,520
0x08,0x39,536
0x08,0x3a,526
0x08,0x3b,506
0x08,0x3c,584
0x08,0x3d,562
0x08,0x3e,492
0x08,0x3f,496
0x08,0x40,542
0x08,0x41,494
0x08,0x42,530
0x08,0x43,498
0x08,0x44,502
0x08,0x45,446
0x08,0x46,548
0x08,0x47,526
0x08,0x48,486
0x08,0x49,506
0x08,0x4a,492
0x08,0x4b,508
0x08,0x4c,526
0x08,0x4d,474
0x08,0x4e,498
0x08,0x4f,468
0x08,0x50,484
0x08,0x51,506
0x08,0x52,540
0x08,0x53,492
0x08,0x54,540
0x08,0x55,506
0x08,0x56,498
0x08,0x57,474
0x08,0x58,504
0x08,0x59,476
0x08,0x5a,504
0x08,0x5b,538
0x08,0x5c,460
0x08,0x5d,468
0x08,0x5e,506
0x08,0x5f,524
0x08,0x60,484
0x08,0x61,532
0x08,0x62,480
0x08,0x63,476
0x08,0x64,608
0x08,0x65,536
0x08,0x66,478
0x08,0x67,514
0x08,0x68,508
0x08,0x69,500
0x08,0x6a,500
0x08,0x6b,502
0x08,0x6c,536
0x08,0x6d,498
0x08,0x6e,512
0x08,0x6f,546
0x08,0x70,536
0x08,0x71,504
0x08,0x72,536
0x08,0x73,490
0x08,0x74,496
0x08,0x75,466
0x08,0x76,448
0x08,0x77,474
0x08,0x78,546
0x08,0x79,534
0x08,0x7a,490
0x08,0x7b,474
0x08,0x7c,500
0x08,0x7d,530
0x08,0x7e,528
0x08,0x7f,516
0x08,0x80,510
0x08,0x81,514
0x08,0x82,542
0x08,0x83,504
0x08,0x84,574
0x08,0x85,562
0x08,0x86,488
0x08,0x87,492
0x08,0x88,534
0x08,0x89,528
0x08,0x8a,536
0x08,0x8b,500
0x08,0x8c,528
0x08,0x8d,476
0x08,0x8e,490
0x08,0x8f,506
0x08,0x90,492
0x08,0x91,474
0x08,0x92,438
0x08,0x93,508
0x08,0x94,492
0x08,0x95,552
0x08,0x96,538
0x08,0x97,504
0x08,0x98,444
0x08,0x99,484
0x08,0x9a,498
0x08,0x9b,518
0x08,0x9c,506
0x08,0x9d,512
0x08,0x9e,520
0x08,0x9f,528
0x08,0xa0,476
0x08,0xa1,490
0x08,0xa2,488
0x08,0xa3,502
0x08,0xa4,516
0x08,0xa5,496
0x08,0xa6,578
0x08,0xa7,554
0x08,0xa8,444
0x08,0xa9,522
0x08,0xaa,490
0x08,0xab,516
0x08,0xac,502
0x08,0xad,546
0x08,0xae,500
0x08,0xaf,544
0x08,0xb0,502
0x08,0xb1,500
0x08,0xb2,528
0x08,0xb3,518
0x08,0xb4,520
0x08,0xb5,492
0x08,0xb6,490
0x08,0xb7,490
0x08,0xb8,518
0x08,0xb9,504
0x08,0xba,502
0x08,0xbb,532
0x08,0xbc,552
0x08,0xbd,478
0x08,0xbe,538
0x08,0xbf,510
0x08,0xc0,576
0x08,0xc1,550
0x08,0xc2,514
0x08,0xc3,546
0x08,0xc4,556
0x08,0xc5,554
0x08,0xc6,514
0x08,0xc7,528
0x08,0xc8,506
0x08,0xc9,454
0x08,0xca,486
0x08,0xcb,534
0x08,0xcc,510
0x08,0xcd,482
0x08,0xce,484
0x08,0xcf,506
0x08,0xd0,530
0x08,0xd1,520
0x08,0xd2,498
0x08,0xd3,518
0x08,0xd4,500
0x08,0xd5,534
0x08,0xd6,462
0x08,0xd7,508
0x08,0xd8,538
0x08,0xd9,530
0x08,0xda,540
0x08,0xdb,504
0x08,0xdc,496
0x08,0xdd,494
0x08,0xde,502
0x08,0xdf,550
0x08,0xe0,528
0x08,0xe1,560
0x08,0xe2,516
0x08,0xe3,524
0x08,0xe4,482
0x08,0xe5,580
0x08,0xe6,524
0x08,0xe7,510
0x08,0xe8,530
0x08,0xe9,572
0x08,0xea,510
0x08,0xeb,516
0x08,0xec,542
0x08,0xed,510
0x08,0xee,498
0x08,0xef,518
0x08,0xf0,454
0x08,0xf1,496
0x08,0xf2,478
0x08,0xf3,474
0x08,0xf4,474
0x08,0xf5,504
0x08,0xf6,494
0x08,0xf7,520
0x08,0xf8,496
0x08,0xf9,508
0x08,0xfa,504
0x08,0xfb,504
0x08,0xfc,524
0x08,0xfd,532
0x08,0xfe,476
0x08,0xff,518
0x09,0x00,256
0x09,0x01,536
0x09,0x02,494
0x09,0x03,522
0x09,0x04,544
0x09,0x05,492
0x09,0x06,514
0x09,0x07,494
0x09,0x08,508
0x09,0x09,598
0x09,0x0a,514
0x09,0x0b,500
0x09,0x0c,498
0x09,0x0d,498
0x09,0x0e,502
0x09,0x0f,498
0x09,0x10,476
0x09,0x11,514
0x09,0x12,446
0x09,0x13,506
0x09,0x14,450
0x09,0x15,454
0x09,0x16,580
0x09,0x17,492
0x09,0x18,500
0x09,0x19,490
0x09,0x1a,476
0x09,0x1b,510
0x09,0x1c,512
0x09,0x1d,482
0x09,0x1e,504
0x09,0x1f,514
0x09,0x20,522
0x09,0x21,504
0x09,0x22,518
0x09,0x23,496
0x09,0x24,400
0x09,0x25,472
0x09,0x26,462
0x09,0x27,508
0x09,0x28,536
0x09,0x29,460
0x09,0x2a,508
0x09,0x2b,484
0x09,0x2c,532
0x09,0x2d,550
0x09,0x2e,492
0x09,0x2f,498
0x09,0x30,394
0x09,0x31,540
0x09,0x32,548
0x09,0x33,522
0x09,0x34,456
0x09,0x35,508
0x09,0x36,490
0x09,0x37,490
0x09,0x38,576
0x09,0x39,498
0x09,0x3a,492
0x09,0x3b,508
0x09,0x3c,492
0x09,0x3d,500
0x09,0x3e,528
0x09,0x3f,508
0x09,0x40,500
0x09,0x41,520
0x09,0x42,484
0x09,0x43,456
0x09,0x44,508
0x09,0x45,476
0x09,0x46,524
0x09,0x47,514
0x09,0x48,478
0x09,0x49,510
0x09,0x4a,510
0x09,0x4b,506
0x09,0x4c,560
0x09,0x4d,548
0x09,0x4e,520
0x09,0x4f,488
0x09,0x50,490
0x09,0x51,524
0x09,0x52,524
0x09,0x53,528
0x09,0x54,522
0x09,0x55,512
0x09,0x56,500
0x09,0x57,446
0x09,0x58,540
0x09,0x59,514
0x09,0x5a,486
0x09,0x5b,518
0x09,0x5c,522
0x09,0x5d,568
0x09,0x5e,520
0x09,0x5f,504
0x09,0x60,498
0x09,0x61,528
0x09,0x62,544
0x09,0x63,506
0x09,0x64,522
0x09,0x65,492
0x09,0x66,510
0x09,0x67,536
0x09,0x68,554
0x09,0x69,530
0x09,0x6a,516
0x09,0x6b,490
0x09,0x6c,468
0x09,0x6d,530
0x09,0x6e,500
0x09,0x6f,462
0x09,0x70,506
0x09,0x71,494
0x09,0x72,502
0x09,0x73,526
0x09,0x74,494
0x09,0x75,490
0x09,0x76,524
0x09,0x77,568
0x09,0x78,518
0x09,0x79,498
0x09,0x7a,518
0x09,0x7b,520
0x09,0x7c,550
0x09,0x7d,500
0x09,0x7e,486
0x09,0x7f,540
0x09,0x80,516
0x09,0x81,484
0x09,0x82,492
0x09,0x83,476
0x09,0x84,602
0x09,0x85,506
0x09,0x86,532
0x09,0x87,464
0x09,0x88,490
0x09,0x89,522
0x09,0x8a,472
0x09,0x8b,488
0x09,0x8c,498
0x09,0x8d,468
0x09,0x8e,512
0x09,0x8f,492
0x09,0x90,548
0x09,0x91,540
0x09,0x92,436
0x09,0x93,510
0x09,0x94,510
0x09,0x95,524
0x09,0x96,510
0x09,0x97,520
0x09,0x98,504
0x09,0x99,470
0x09,0x9a,522
0x09,0x9b,506
0x09,0x9c,542
0x09,0x9d,502
0x09,0x9e,542
0x09,0x9f,514
0x09,0xa0,522
0x09,0xa1,494
0x09,0xa2,478
0x09,0xa3,536
0x09,0xa4,484
0x09,0xa5,536
0x09,0xa6,490
0x09,0xa7,488
0x09,0xa8,528
0x09,0xa9,474
0x09,0xaa,520
0x09,0xab,552
0x09,0xac,522
0x09,0xad,486
0x09,0xae,524
0x09,0xaf,524
0x09,0xb0,540
0x09,0xb1,488
0x09,0xb2,500
0x09,0xb3,502
0x09,0xb4,466
0x09,0xb5,526
0x09,0xb6,478
0x09,0xb7,490
0x09,0xb8,472
0x09,0xb9,492
0x09,0xba,536
0x09,0xbb,540
0x09,0xbc,486
0x09,0xbd,474
0x09,0xbe,602
0x09,0xbf,516
0x09,0xc0,514
0x09,0xc1,508
0x09,0xc2,516
0x09,0xc3,500
0x09,0xc4,500
0x09,0xc5,486
0x09,0xc6,534
0x09,0xc7,550
0x09,0xc8,496
0x09,0xc9,510
0x09,0xca,488
0x09,0xcb,508
0x09,0xcc,520
0x09,0xcd,518
0x09,0xce,508
0x09,0xcf,500
0x09,0xd0,504
0x09,0xd1,474
0x09,0xd2,466
0x09,0xd3,526
0x09,0xd4,534
0x09,0xd5,492
0x09,0xd6,472
0x09,0xd7,508
0x09,0xd8,510
0x09,0xd9,498
0x09,0xda,534
0x09,0xdb,480
0x09,0xdc,482
0x09,0xdd,490
0x09,0xde,558
0x09,0xdf,528
0x09,0xe0,508
0x09,0xe1,516
0x09,0xe2,546
0x09,0xe3,474
0x09,0xe4,502
0x09,0xe5,558
0x09,0xe6,516
0x09,0xe7,512
0x09,0xe8,522
0x09,0xe9,488
0x09,0xea,512
0x09,0xeb,486
0x09,0xec,528
0x09,0xed,520
0x09,0xee,570
0x09,0xef,504
0x09,0xf0,638
0x09,0xf1,506
0x09,0xf2,512
0x09,0xf3,516
0x09,0xf4,548
0x09,0xf5,550
0x09,0xf6,494
0x09,0xf7,516
0x09,0xf8,480
0x09,0xf9,548
0x09,0xfa,538
0x09,0xfb,634
0x09,0xfc,514
0x09,0xfd,514
0x09,0xfe,512
0x09,0xff,496
0x0a,0x00,256
0x0a,0x01,564
0x0a,0x02,532
0x0a,0x03,488
0x0a,0x04,484
0x0a,0x05,532
0x0a,0x06,504
0x0a,0x07,530
0x0a,0x08,500
0x0a,0x09,500
0x0a,0x0a,640
0x0a,0x0b,576
0x0a,0x0c,496
0x0a,0x0d,518
0x0a,0x0e,556
0x0a,0x0f,464
0x0a,0x10,462
0x0a,0x11,538
0x0a,0x12,402
0x0a,0x13,520
0x0a,0x14,480
0x0a,0x15,514
0x0a,0x16,486
0x0a,0x17,508
0x0a,0x18,528
0x0a,0x19,546
0x0a,0x1a,528
0x0a,0x1b,548
0x0a,0x1c,512
0x0a,0x1d,518
0x0a,0x1e,508
0x0a,0x1f,494
0x0a,0x20,494
0x0a,0x21,474
0x0a,0x22,560
0x0a,0x23,516
0x0a,0x24,416
0x0a,0x25,510
0x0a,0x26,554
0x0a,0x27,484
0x0a,0x28,502
0x0a,0x29,506
0x0a,0x2a,524
0x0a,0x2b,528
0x0a,0x2c,486
0x0a,0x2d,518
0x0a,0x2e,502
0x0a,0x2f,498
0x0a,0x30,410
0x0a,0x31,536
0x0a,0x32,548
0x0a,0x33,508
0x0a,0x34,466
0x0a,0x35,502
0x0a,0x36,474
0x0a,0x37,506
0x0a,0x38,510
0x0a,0x39,522
0x0a,0x3a,502
0x0a,0x3b,520
0x0a,0x3c,530
0x0a,0x3d,506
0x0a,0x3e,502
0x0a,0x3f,528
0x0a,0x40,498
0x0a,0x41,518
0x0a,0x42,538
0x0a,0x43,496
0x0a,0x44,632
0x0a,0x45,508
0x0a,0x46,496
0x0a,0x47,478
0x0a,0x48,500
0x0a,0x49,520
0x0a,0x4a,508
0x0a,0x4b,494
0x0a,0x4c,548
0x0a,0x4d,502
0x0a,0x4e,670
0x0a,0x4f,640
0x0a,0x50,538
0x0a,0x51,484
0x0a,0x52,500
0x0a,0x53,514
0x0a,0x54,512
0x0a,0x55,512
0x0a,0x56,502
0x0a,0x57,562
0x0a,0x58,508
0x0a,0x59,500
0x0a,0x5a,508
0x0a,0x5b,530
0x0a,0x5c,504
0x0a,0x5d,542
0x0a,0x5e,524
0x0a,0x5f,514
0x0a,0x60,514
0x0a,0x61,534
0x0a,0x62,490
0x0a,0x63,532
0x0a,0x64,516
0x0a,0x65,478
0x0a,0x66,482
0x0a,0x67,476
0x0a,0x68,496
0x0a,0x69,532
0x0a,0x6a,530
0x0a,0x6b,486
0x0a,0x6c,518
0x0a,0x6d,522
0x0a,0x6e,500
0x0a,0x6f,500
0x0a,0x70,506
0x0a,0x71,532
0x0a,0x72,502
0x0a,0x73,500
0x0a,0x74,512
0x0a,0x75,484
0x0a,0x76,462
0x0a,0x77,480
0x0a,0x78,548
0x0a,0x79,516
0x0a,0x7a,510
0x0a,0x7b,498
0x0a,0x7c,554
0x0a,0x7d,482
0x0a,0x7e,540
0x0a,0x7f,540
0x0a,0x80,524
0x0a,0x81,530
0x0a,0x82,514
0x0a,0x83,524
0x0a,0x84,474
0x0a,0x85,498
0x0a,0x86,518
0x0a,0x87,524
0x0a,0x88,516
0x0a,0x89,514
0x0a,0x8a,550
0x0a,0x8b,524
0x0a,0x8c,580
0x0a,0x8d,502
0x0a,0x8e,496
0x0a,0x8f,542
0x0a,0x90,492
0x0a,0x91,554
0x0a,0x92,538
0x0a,0x93,598
0x0a,0x94,492
0x0a,0x95,506
0x0a,0x96,496
0x0a,0x97,530
0x0a,0x98,560
0x0a,0x99,642
0x0a,0x9a,500
0x0a,0x9b,476
0x0a,0x9c,524
0x0a,0x9d,504
0x0a,0x9e,512
0x0a,0x9f,506
0x0a,0xa0,510
0x0a,0xa1,536
0x0a,0xa2,492
0x0a,0xa3,550
0x0a,0xa4,520
0x0a,0xa5,520
0x0a,0xa6,504
0x0a,0xa7,516
0x0a,0xa8,568
0x0a,0xa9,514
0x0a,0xaa,530
0x0a,0xab,490
0x0a,0xac,518
0x0a,0xad,494
0x0a,0xae,522
0x0a,0xaf,504
0x0a,0xb0,492
0x0a,0xb1,524
0x0a,0xb2,476
0x0a,0xb3,518
0x0a,0xb4,492
0x0a,0xb5,504
0x0a,0xb6,518
0x0a,0xb7,520
0x0a,0xb8,510
0x0a,0xb9,498
0x0a,0xba,506
0x0a,0xbb,484
0x0a,0xbc,508
0x0a,0xbd,506
0x0a,0xbe,480
0x0a,0xbf,538
0x0a,0xc0,558
0x0a,0xc1,458
0x0a,0xc2,516
0x0a,0xc3,476
0x0a,0xc4,494
0x0a,0xc5,556
0x0a,0xc6,492
0x0a,0xc7,512
0x0a,0xc8,526
0x0a,0xc9,490
0x0a,0xca,506
0x0a,0xcb,484
0x0a,0xcc,502
0x0a,0xcd,542
0x0a,0xce,516
0x0a,0xcf,518
0x0a,0xd0,516
0x0a,0xd1,498
0x0a,0xd2,512
0x0a,0xd3,544
0x0a,0xd4,500
0x0a,0xd5,512
0x0a,0xd6,518
0x0a,0xd7,750
0x0a,0xd8,530
0x0a,0xd9,528
0x0a,0xda,528
0x0a,0xdb,488
0x0a,0xdc,522
0x0a,0xdd,574
0x0a,0xde,486
0x0a,0xdf,536
0x0a,0xe0,478
0x0a,0xe1,520
0x0a,0xe2,524
0x0a,0xe3,520
0x0a,0xe4,518
0x0a,0xe5,472
0x0a,0xe6,526
0x0a,0xe7,488
0x0a,0xe8,504
0x0a,0xe9,492
0x0a,0xea,498
0x0a,0xeb,522
0x0a,0xec,510
0x0a,0xed,492
0x0a,0xee,518
0x0a,0xef,494
0x0a,0xf0,468
0x0a,0xf1,514
0x0a,0xf2,522
0x0a,0xf3,532
0x0a,0xf4,498
0x0a,0xf5,522
0x0a,0xf6,520
0x0a,0xf7,522
0x0a,0xf8,488
0x0a,0xf9,530
0x0a,0xfa,480
0x0a,0xfb,530
0x0a,0xfc,510
0x0a,0xfd,486
0x0a,0xfe,532
0x0a,0xff,538
0x0b,0x00,256
0x0b,0x01,542
0x0b,0x02,496
0x0b,0x03,532
0x0b,0x04,480
0x0b,0x05,512
0x0b,0x06,508
0x0b,0x07,530
0x0b,0x08,494
0x0b,0x09,538
0x0b,0x0a,532
0x0b,0x0b,526
0x0b,0x0c,494
0x0b,0x0d,492
0x0b,0x0e,512
0x0b,0x0f,546
0x0b,0x10,502
0x0b,0x11,502
0x0b,0x12,484
0x0b,0x13,538
0x0b,0x14,522
0x0b,0x15,532
0x0b,0x16,506
0x0b,0x17,486
0x0b,0x18,502
0x0b,0x19,522
0x0b,0x1a,500
0x0b,0x1b,482
0x0b,0x1c,512
0x0b,0x1d,512
0x0b,0x1e,494
0x0b,0x1f,488
0x0b,0x20,492
0x0b,0x21,488
0x0b,0x22,470
0x0b,0x23,494
0x0b,0x24,448
0x0b,0x25,530
0x0b,0x26,442
0x0b,0x27,486
0x0b,0x28,496
0x0b,0x29,498
0x0b,0x2a,496
0x0b,0x2b,508
0x0b,0x2c,526
0x0b,0x2d,478
0x0b,0x2e,494
0x0b,0x2f,502
0x0b,0x30,436
0x0b,0x31,534
0x0b,0x32,464
0x0b,0x33,494
0x0b,0x34,492
0x0b,0x35,496
0x0b,0x36,500
0x0b,0x37,498
0x0b,0x38,522
0x0b,0x39,506
0x0b,0x3a,554
0x0b,0x3b,574
0x0b,0x3c,482
0x0b,0x3d,508
0x0b,0x3e,464
0x0b,0x3f,486
0x0b,0x40,536
0x0b,0x41,518
0x0b,0x42,526
0x0b,0x43,484
0x0b,0x44,670
0x0b,0x45,544
0x0b,0x46,558
0x0b,0x47,558
0x0b,0x48,548
0x0b,0x49,482
0x0b,0x4a,508
0x0b,0x4b,486
0x0b,0x4c,580
0x0b,0x4d,474
0x0b,0x4e,528
0x0b,0x4f,736
0x0b,0x50,536
0x0b,0x51,494
0x0b,0x52,550
0x0b,0x53,526
0x0b,0x54,508
0x0b,0x55,528
0x0b,0x56,546
0x0b,0x57,510
0x0b,0x58,504
0x0b,0x59,516
0x0b,0x5a,522
0x0b,0x5b,522
0x0b,0x5c,516
0x0b,0x5d,514
0x0b,0x5e,510
0x0b,0x5f,522
0x0b,0x60,486
0x0b,0x61,546
0x0b,0x62,508
0x0b,0x63,508
0x0b,0x64,496
0x0b,0x65,464
0x0b,0x66,512
0x0b,0x67,526
0x0b,0x68,536
0x0b,0x69,504
0x0b,0x6a,540
0x0b,0x6b,512
0x0b,0x6c,528
0x0b,0x6d,480
0x0b,0x6e,500
0x0b,0x6f,472
0x0b,0x70,554
0x0b,0x71,508
0x0b,0x72,512
0x0b,0x73,506
0x0b,0x74,514
0x0b,0x75,532
0x0b,0x76,500
0x0b,0x77,508
0x0b,0x78,524
0x0b,0x79,530
0x0b,0x7a,534
0x0b,0x7b,492
0x0b,0x7c,514
0x0b,0x7d,530
0x0b,0x7e,554
0x0b,0x7f,528
0x0b,0x80,512
0x0b,0x81,494
0x0b,0x82,562
0x0b,0x83,546
0x0b,0x84,506
0x0b,0x85,488
0x0b,0x86,462
0x0b,0x87,522
0x0b,0x88,506
0x0b,0x89,536
0x0b,0x8a,500
0x0b,0x8b,560
0x0b,0x8c,564
0x0b,0x8d,540
0x0b,0x8e,468
0x0b,0x8f,476
0x0b,0x90,526
0x0b,0x91,552
0x0b,0x92,928
0x0b,0x93,694
0x0b,0x94,564
0x0b,0x95,486
0x0b,0x96,500
0x0b,0x97,510
0x0b,0x98,508
0x0b,0x99,542
0x0b,0x9a,558
0x0b,0x9b,544
0x0b,0x9c,550
0x0b,0x9d,526
0x0b,0x9e,532
0x0b,0x9f,534
0x0b,0xa0,508
0x0b,0xa1,498
0x0b,0xa2,502
0x0b,0xa3,556
0x0b,0xa4,558
0x0b,0xa5,516
0x0b,0xa6,558
0x0b,0xa7,494
0x0b,0xa8,534
0x0b,0xa9,490
0x0b,0xaa,566
0x0b,0xab,530
0x0b,0xac,482
0x0b,0xad,528
0x0b,0xae,496
0x0b,0xaf,528
0x0b,0xb0,500
0x0b,0xb1,498
0x0b,0xb2,500
0x0b,0xb3,488
0x0b,0xb4,602
0x0b,0xb5,498
0x0b,0xb6,524
0x0b,0xb7,542
0x0b,0xb8,536
0x0b,0xb9,502
0x0b,0xba,540
0x0b,0xbb,490
0x0b,0xbc,508
0x0b,0xbd,496
0x0b,0xbe,532
0x0b,0xbf,508
0x0b,0xc0,484
0x0b,0xc1,496
0x0b,0xc2,522
0x0b,0xc3,520
0x0b,0xc4,510
0x0b,0xc5,518
0x0b,0xc6,522
0x0b,0xc7,494
0x0b,0xc8,508
0x0b,0xc9,532
0x0b,0xca,516
0x0b,0xcb,508
0x0b,0xcc,482
0x0b,0xcd,548
0x0b,0xce,544
0x0b,0xcf,514
0x0b,0xd0,508
0x0b,0xd1,514
0x0b,0xd2,532
0x0b,0xd3,530
0x0b,0xd4,512
0x0b,0xd5,510
0x0b,0xd6,480
0x0b,0xd7,504
0x0b,0xd8,512
0x0b,0xd9,500
0x0b,0xda,518
0x0b,0xdb,522
0x0b,0xdc,580
0x0b,0xdd,550
0x0b,0xde,512
0x0b,0xdf,534
0x0b,0xe0,514
0x0b,0xe1,530
0x0b,0xe2,492
0x0b,0xe3,512
0x0b,0xe4,534
0x0b,0xe5,502
0x0b,0xe6,530
0x0b,0xe7,488
0x0b,0xe8,508
0x0b,0xe9,516
0x0b,0xea,534
0x0b,0xeb,484
0x0b,0xec,528
0x0b,0xed,516
0x0b,0xee,588
0x0b,0xef,524
0x0b,0xf0,486
0x0b,0xf1,488
0x0b,0xf2,512
0x0b,0xf3,494
0x0b,0xf4,522
0x0b,0xf5,482
0x0b,0xf6,496
0x0b,0xf7,520
0x0b,0xf8,492
0x0b,0xf9,552
0x0b,0xfa,510
0x0b,0xfb,478
0x0b,0xfc,542
0x0b,0xfd,480
0x0b,0xfe,476
0x0b,0xff,480
0x0c,0x00,256
0x0c,0x01,556
0x0c,0x02,604
0x0c,0x03,540
0x0c,0x04,478
0x0c,0x05,496
0x0c,0x06,526
0x0c,0x07,502
0x0c,0x08,510
0x0c,0x09,508
0x0c,0x0a,510
0x0c,0x0b,522
0x0c,0x0c,490
0x0c,0x0d,508
0x0c,0x0e,504
0x0c,0x0f,494
0x0c,0x10,480
0x0c,0x11,538
0x0c,0x12,478
0x0c,0x13,532
0x0c,0x14,462
0x0c,0x15,534
0x0c,0x16,528
0x0c,0x17,578
0x0c,0x18,516
0x0c,0x19,500
0x0c,0x1a,488
0x0c,0x1b,510
0x0c,0x1c,526
0x0c,0x1d,548
0x0c,0x1e,520
0x0c,0x1f,504
0x0c,0x20,514
0x0c,0x21,470
0x0c,0x22,520
0x0c,0x23,518
0x0c,0x24,382
0x0c,0x25,510
0x0c,0x26,620
0x0c,0x27,506
0x0c,0x28,554
0x0c,0x29,490
0x0c,0x2a,548
0x0c,0x2b,472
0x0c,0x2c,520
0x0c,0x2d,520
0x0c,0x2e,516
0x0c,0x2f,468
0x0c,0x30,468
0x0c,0x31,498
0x0c,0x32,524
0x0c,0x33,520
0x0c,0x34,488
0x0c,0x35,534
0x0c,0x36,482
0x0c,0x37,530
0x0c,0x38,520
0x0c,0x39,466
0x0c,0x3a,518
0x0c,0x3b,516
0x0c,0x3c,508
0x0c,0x3d,520
0x0c,0x3e,556
0x0c,0x3f,530
0x0c,0x40,486
0x0c,0x41,532
0x0c,0x42,500
0x0c,0x43,524
0x0c,0x44,560
0x0c,0x45,508
0x0c,0x46,516
0x0c,0x47,476
0x0c,0x48,510
0x0c,0x49,540
0x0c,0x4a,528
0x0c,0x4b,518
0x0c,0x4c,546
0x0c,0x4d,484
0x0c,0x4e,558
0x0c,0x4f,554
0x0c,0x50,480
0x0c,0x51,496
0x0c,0x52,510
0x0c,0x53,538
0x0c,0x54,484
0x0c,0x55,496
0x0c,0x56,482
0x0c,0x57,518
0x0c,0x58,540
0x0c,0x59,518
0x0c,0x5a,504
0x0c,0x5b,502
0x0c,0x5c,488
0x0c,0x5d,514
0x0c,0x5e,494
0x0c,0x5f,520
0x0c,0x60,482
0x0c,0x61,496
0x0c,0x62,488
0x0c,0x63,508
0x0c,0x64,484
0x0c,0x65,516
0x0c,0x66,498
0x0c,0x67,476
0x0c,0x68,508
0x0c,0x69,514
0x0c,0x6a,464
0x0c,0x6b,420
0x0c,0x6c,526
0x0c,0x6d,506
0x0c,0x6e,512
0x0c,0x6f,546
0x0c,0x70,478
0x0c,0x71,522
0x0c,0x72,486
0x0c,0x73,492
0x0c,0x74,566
0x0c,0x75,512
0x0c,0x76,554
0x0c,0x77,492
0x0c,0x78,444
0x0c,0x79,514
0x0c,0x7a,522
0x0c,0x7b,520
0x0c,0x7c,514
0x0c,0x7d,528
0x0c,0x7e,466
0x0c,0x7f,508
0x0c,0x80,504
0x0c,0x81,524
0x0c,0x82,484
0x0c,0x83,514
0x0c,0x84,572
0x0c,0x85,548
0x0c,0x86,508
0x0c,0x87,532
0x0c,0x88,516
0x0c,0x89,490
0x0c,0x8a,590
0x0c,0x8b,516
0x0c,0x8c,538
0x0c,0x8d,544
0x0c,0x8e,500
0x0c,0x8f,504
0x0c,0x90,540
0x0c,0x91,486
0x0c,0x92,568
0x0c,0x93,576
0x0c,0x94,556
0x0c,0x95,500
0x0c,0x96,538
0x0c,0x97,544
0x0c,0x98,510
0x0c,0x99,542
0x0c,0x9a,524
0x0c,0x9b,536
0x0c,0x9c,510
0x0c,0x9d,540
0x0c,0x9e,488
0x0c,0x9f,530
0x0c,0xa0,494
0x0c,0xa1,594
0x0c,0xa2,528
0x0c,0xa3,506
0x0c,0xa4,500
0x0c,0xa5,490
0x0c,0xa6,482
0x0c,0xa7,508
0x0c,0xa8,550
0x0c,0xa9,480
0x0c,0xaa,516
0x0c,0xab,484
0x0c,0xac,502
0x0c,0xad,512
0x0c,0xae,508
0x0c,0xaf,488
0x0c,0xb0,524
0x0c,0xb1,528
0x0c,0xb2,582
0x0c,0xb3,502
0x0c,0xb4,514
0x0c,0xb5,480
0x0c,0xb6,502
0x0c,0xb7,502
0x0c,0xb8,480
0x0c,0xb9,542
0x0c,0xba,524
0x0c,0xbb,520
0x0c,0xbc,460
0x0c,0xbd,532
0x0c,0xbe,502
0x0c,0xbf,512
0x0c,0xc0,542
0x0c,0xc1,530
0x0c,0xc2,472
0x0c,0xc3,530
0x0c,0xc4,532
0x0c,0xc5,488
0x0c,0xc6,484
0x0c,0xc7,484
0x0c,0xc8,502
0x0c,0xc9,512
0x0c,0xca,522
0x0c,0xcb,520
0x0c,0xcc,498
0x0c,0xcd,466
0x0c,0xce,518
0x0c,0xcf,522
0x0c,0xd0,496
0x0c,0xd1,510
0x0c,0xd2,494
0x0c,0xd3,484
0x0c,0xd4,516
0x0c,0xd5,500
0x0c,0xd6,492
0x0c,0xd7,524
0x0c,0xd8,548
0x0c,0xd9,550
0x0c,0xda,502
0x0c,0xdb,464
0x0c,0xdc,538
0x0c,0xdd,522
0x0c,0xde,512
0x0c,0xdf,504
0x0c,0xe0,500
0x0c,0xe1,530
0x0c,0xe2,540
0x0c,0xe3,524
0x0c,0xe4,522
0x0c,0xe5,512
0x0c,0xe6,500
0x0c,0xe7,508
0x0c,0xe8,508
0x0c,0xe9,520
0x0c,0xea,462
0x0c,0xeb,490
0x0c,0xec,484
0x0c,0xed,518
0x0c,0xee,550
0x0c,0xef,484
0x0c,0xf0,460
0x0c,0xf1,496
0x0c,0xf2,458
0x0c,0xf3,494
0x0c,0xf4,498
0x0c,0xf5,522
0x0c,0xf6,526
0x0c,0xf7,496
0x0c,0xf8,474
0x0c,0xf9,488
0x0c,0xfa,534
0x0c,0xfb,550
0x0c,0xfc,508
0x0c,0xfd,476
0x0c,0xfe,526
0x0c,0xff,542
0x0d,0x00,256
0x0d,0x01,504
0x0d,0x02,446
0x0d,0x03,548
0x0d,0x04,512
0x0d,0x05,488
0x0d,0x06,534
0x0d,0x07,520
0x0d,0x08,558
0x0d,0x09,536
0x0d,0x0a,524
0x0d,0x0b,518
0x0d,0x0c,484
0x0d,0x0d,506
0x0d,0x0e,470
0x0d,0x0f,510
0x0d,0x10,484
0x0d,0x11,492
0x0d,0x12,390
0x0d,0x13,506
0x0d,0x14,516
0x0d,0x15,506
0x0d,0x16,530
0x0d,0x17,514
0x0d,0x18,490
0x0d,0x19,476
0x0d,0x1a,504
0x0d,0x1b,502
0x0d,0x1c,502
0x0d,0x1d,540
0x0d,0x1e,484
0x0d,0x1f,522
0x0d,0x20,492
0x0d,0x21,494
0x0d,0x22,506
0x0d,0x23,482
0x0d,0x24,522
0x0d,0x25,474
0x0d,0x26,374
0x0d,0x27,534
0x0d,0x28,514
0x0d,0x29,506
0x0d,0x2a,500
0x0d,0x2b,482
0x0d,0x2c,534
0x0d,0x2d,552
0x0d,0x2e,480
0x0d,0x2f,514
0x0d,0x30,618
0x0d,0x31,494
0x0d,0x32,520
0x0d,0x33,534
0x0d,0x34,446
0x0d,0x35,478
0x0d,0x36,512
0x0d,0x37,504
0x0d,0x38,544
0x0d,0x39,522
0x0d,0x3a,486
0x0d,0x3b,484
0x0d,0x3c,484
0x0d,0x3d,482
0x0d,0x3e,528
0x0d,0x3f,500
0x0d,0x40,532
0x0d,0x41,514
0x0d,0x42,508
0x0d,0x43,496
0x0d,0x44,550
0x0d,0x45,496
0x0d,0x46,540
0x0d,0x47,530
0x0d,0x48,528
0x0d,0x49,506
0x0d,0x4a,496
0x0d,0x4b,502
0x0d,0x4c,532
0x0d,0x4d,526
0x0d,0x4e,468
0x0d,0x4f,514
0x0d,0x50,512
0x0d,0x51,518
0x0d,0x52,488
0x0d,0x53,516
0x0d,0x54,484
0x0d,0x55,494
0x0d,0x56,498
0x0d,0x57,500
0x0d,0x58,530
0x0d,0x59,542
0x0d,0x5a,502
0x0d,0x5b,534
0x0d,0x5c,482
0x0d,0x5d,530
0x0d,0x5e,514
0x0d,0x5f,492
0x0d,0x60,490
0x0d,0x61,472
0x0d,0x62,470
0x0d,0x63,518
0x0d,0x64,534
0x0d,0x65,480
0x0d,0x66,514
0x0d,0x67,512
0x0d,0x68,562
0x0d,0x69,526
0x0d,0x6a,484
0x0d,0x6b,492
0x0d,0x6c,496
0x0d,0x6d,502
0x0d,0x6e,478
0x0d,0x6f,472
0x0d,0x70,498
0x0d,0x71,516
0x0d,0x72,502
0x0d,0x73,500
0x0d,0x74,518
0x0d,0x75,492
0x0d,0x76,520
0x0d,0x77,514
0x0d,0x78,522
0x0d,0x79,530
0x0d,0x7a,484
0x0d,0x7b,524
0x0d,0x7c,488
0x0d,0x7d,524
0x0d,0x7e,468
0x0d,0x7f,498
0x0d,0x80,536
0x0d,0x81,492
0x0d,0x82,536
0x0d,0x83,500
0x0d,0x84,518
0x0d,0x85,476
0x0d,0x86,480
0x0d,0x87,506
0x0d,0x88,498
0x0d,0x89,488
0x0d,0x8a,494
0x0d,0x8b,546
0x0d,0x8c,520
0x0d,0x8d,494
0x0d,0x8e,472
0x0d,0x8f,556
0x0d,0x90,520
0x0d,0x91,538
0x0d,0x92,548
0x0d,0x93,482
0x0d,0x94,504
0x0d,0x95,516
0x0d,0x96,502
0x0d,0x97,504
0x0d,0x98,470
0x0d,0x99,518
0x0d,0x9a,580
0x0d,0x9b,524
0x0d,0x9c,530
0x0d,0x9d,522
0x0d,0x9e,530
0x0d,0x9f,524
0x0d,0xa0,526
0x0d,0xa1,530
0x0d,0xa2,510
0x0d,0xa3,492
0x0d,0xa4,530
0x0d,0xa5,474
0x0d,0xa6,496
0x0d,0xa7,496
0x0d,0xa8,498
0x0d,0xa9,476
0x0d,0xaa,508
0x0d,0xab,488
0x0d,0xac,502
0x0d,0xad,500
0x0d,0xae,524
0x0d,0xaf,506
0x0d,0xb0,510
0x0d,0xb1,494
0x0d,0xb2,556
0x0d,0xb3,520
0x0d,0xb4,498
0x0d,0xb5,554
0x0d,0xb6,532
0x0d,0xb7,508
0x0d,0xb8,520
0x0d,0xb9,472
0x0d,0xba,534
0x0d,0xbb,498
0x0d,0xbc,494
0x0d,0xbd,484
0x0d,0xbe,502
0x0d,0xbf,566
0x0d,0xc0,504
0x0d,0xc1,518
0x0d,0xc2,520
0x0d,0xc3,510
0x0d,0xc4,510
0x0d,0xc5,540
0x0d,0xc6,472
0x0d,0xc7,502
0x0d,0xc8,524
0x0d,0xc9,494
0x0d,0xca,570
0x0d,0xcb,502
0x0d,0xcc,486
0x0d,0xcd,498
0x0d,0xce,478
0x0d,0xcf,510
0x0d,0xd0,462
0x0d,0xd1,506
0x0d,0xd2,484
0x0d,0xd3,522
0x0d,0xd4,514
0x0d,0xd5,514
0x0d,0xd6,554
0x0d,0xd7,510
0x0d,0xd8,476
0x0d,0xd9,516
0x0d,0xda,512
0x0d,0xdb,496
0x0d,0xdc,488
0x0d,0xdd,558
0x0d,0xde,520
0x0d,0xdf,526
0x0d,0xe0,468
0x0d,0xe1,524
0x0d,0xe2,508
0x0d,0xe3,494
0x0d,0xe4,538
0x0d,0xe5,516
0x0d,0xe6,536
0x0d,0xe7,500
0x0d,0xe8,516
0x0d,0xe9,500
0x0d,0xea,488
0x0d,0xeb,506
0x0d,0xec,482
0x0d,0xed,512
0x0d,0xee,570
0x0d,0xef,528
0x0d,0xf0,488
0x0d,0xf1,542
0x0d,0xf2,494
0x0d,0xf3,430
0x0d,0xf4,512
0x0d,0xf5,496
0x0d,0xf6,528
0x0d,0xf7,470
0x0d,0xf8,484
0x0d,0xf9,504
0x0d,0xfa,500
0x0d,0xfb,482
0x0d,0xfc,516
0x0d,0xfd,482
0x0d,0xfe,498
0x0d,0xff,460
0x0e,0x00,256
0x0e,0x01,502
0x0e,0x02,500
0x0e,0x03,510
0x0e,0x04,520
0x0e,0x05,510
0x0e,0x06,572
0x0e,0x07,506
0x0e,0x08,544
0x0e,0x09,502
0x0e,0x0a,478
0x0e,0x0b,528
0x0e,0x0c,528
0x0e,0x0d,466
0x0e,0x0e,526
0x0e,0x0f,502
0x0e,0x10,568
0x0e,0x11,522
0x0e,0x12,514
0x0e,0x13,500
0x0e,0x14,572
0x0e,0x15,536
0x0e,0x16,444
0x0e,0x17,468
0x0e,0x18,534
0x0e,0x19,494
0x0e,0x1a,504
0x0e,0x1b,494
0x0e,0x1c,498
0x0e,0x1d,504
0x0e,0x1e,522
0x0e,0x1f,530
0x0e,0x20,530
0x0e,0x21,490
0x0e,0x22,496
0x0e,0x23,578
0x0e,0x24,506
0x0e,0x25,480
0x0e,0x26,466
0x0e,0x27,514
0x0e,0x28,482
0x0e,0x29,506
0x0e,0x2a,486
0x0e,0x2b,504
0x0e,0x2c,504
0x0e,0x2d,518
0x0e,0x2e,538
0x0e,0x2f,504
0x0e,0x30,458
0x0e,0x31,492
0x0e,0x32,498
0x0e,0x33,482
0x0e,0x34,648
0x0e,0x35,532
0x0e,0x36,608
0x0e,0x37,532
0x0e,0x38,540
0x0e,0x39,508
0x0e,0x3a,494
0x0e,0x3b,486
0x0e,0x3c,550
0x0e,0x3d,522
0x0e,0x3e,580
0x0e,0x3f,556
0x0e,0x40,536
0x0e,0x41,508
0x0e,0x42,520
0x0e,0x43,546
0x0e,0x44,544
0x0e,0x45,478
0x0e,0x46,502
0x0e,0x47,496
0x0e,0x48,544
0x0e,0x49,504
0x0e,0x4a,470
0x0e,0x4b,524
0x0e,0x4c,544
0x0e,0x4d,508
0x0e,0x4e,526
0x0e,0x4f,488
0x0e,0x50,514
0x0e,0x51,486
0x0e,0x52,512
0x0e,0x53,514
0x0e,0x54,508
0x0e,0x55,510
0x0e,0x56,534
0x0e,0x57,538
0x0e,0x58,496
0x0e,0x59,490
0x0e,0x5a,464
0x0e,0x5b,506
0x0e,0x5c,548
0x0e,0x5d,576
0x0e,0x5e,524
0x0e,0x5f,534
0x0e,0x60,558
0x0e,0x61,504
0x0e,0x62,520
0x0e,0x63,470
0x0e,0x64,534
0x0e,0x65,506
0x0e,0x66,480
0x0e,0x67,532
0x0e,0x68,506
0x0e,0x69,494
0x0e,0x6a,532
0x0e,0x6b,584
0x0e,0x6c,462
0x0e,0x6d,510
0x0e,0x6e,506
0x0e,0x6f,546
0x0e,0x70,528
0x0e,0x71,528
0x0e,0x72,542
0x0e,0x73,544
0x0e,0x74,508
0x0e,0x75,486
0x0e,0x76,512
0x0e,0x77,540
0x0e,0x78,568
0x0e,0x79,528
0x0e,0x7a,570
0x0e,0x7b,514
0x0e,0x7c,502
0x0e,0x7d,472
0x0e,0x7e,488
0x0e,0x7f,452
0x0e,0x80,508
0x0e,0x81,544
0x0e,0x82,560
0x0e,0x83,524
0x0e,0x84,456
0x0e,0x85,536
0x0e,0x86,550
0x0e,0x87,502
0x0e,0x88,576
0x0e,0x89,490
0x0e,0x8a,476
0x0e,0x8b,532
0x0e,0x8c,508
0x0e,0x8d,528
0x0e,0x8e,522
0x0e,0x8f,506
0x0e,0x90,504
0x0e,0x91,468
0x0e,0x92,498
0x0e,0x93,508
0x0e,0x94,532
0x0e,0x95,450
0x0e,0x96,454
0x0e,0x97,492
0x0e,0x98,600
0x0e,0x99,482
0x0e,0x9a,506
0x0e,0x9b,482
0x0e,0x9c,506
0x0e,0x9d,560
0x0e,0x9e,540
0x0e,0x9f,516
0x0e,0xa0,492
0x0e,0xa1,492
0x0e,0xa2,480
0x0e,0xa3,514
0x0e,0xa4,526
0x0e,0xa5,502
0x0e,0xa6,500
0x0e,0xa7,498
0x0e,0xa8,498
0x0e,0xa9,504
0x0e,0xaa,488
0x0e,0xab,502
0x0e,0xac,510
0x0e,0xad,554
0x0e,0xae,522
0x0e,0xaf,564
0x0e,0xb0,496
0x0e,0xb1,524
0x0e,0xb2,514
0x0e,0xb3,518
0x0e,0xb4,504
0x0e,0xb5,498
0x0e,0xb6,496
0x0e,0xb7,494
0x0e,0xb8,528
0x0e,0xb9,534
0x0e,0xba,544
0x0e,0xbb,496
0x0e,0xbc,512
0x0e,0xbd,516
0x0e,0xbe,486
0x0e,0xbf,482
0x0e,0xc0,512
0x0e,0xc1,490
0x0e,0xc2,530
0x0e,0xc3,498
0x0e,0xc4,512
0x0e,0xc5,542
0x0e,0xc6,514
0x0e,0xc7,536
0x0e,0xc8,514
0x0e,0xc9,542
0x0e,0xca,484
0x0e,0xcb,540
0x0e,0xcc,536
0x0e,0xcd,504
0x0e,0xce,538
0x0e,0xcf,508
0x0e,0xd0,524
0x0e,0xd1,498
0x0e,0xd2,530
0x0e,0xd3,482
0x0e,0xd4,500
0x0e,0xd5,518
0x0e,0xd6,570
0x0e,0xd7,484
0x0e,0xd8,518
0x0e,0xd9,490
0x0e,0xda,520
0x0e,0xdb,500
0x0e,0xdc,512
0x0e,0xdd,544
0x0e,0xde,530
0x0e,0xdf,524
0x0e,0xe0,520
0x0e,0xe1,516
0x0e,0xe2,498
0x0e,0xe3,506
0x0e,0xe4,504
0x0e,0xe5,510
0x0e,0xe6,472
0x0e,0xe7,468
0x0e,0xe8,512
0x0e,0xe9,484
0x0e,0xea,506
0x0e,0xeb,504
0x0e,0xec,520
0x0e,0xed,460
0x0e,0xee,494
0x0e,0xef,502
0x0e,0xf0,556
0x0e,0xf1,556
0x0e,0xf2,504
0x0e,0xf3,568
0x0e,0xf4,524
0x0e,0xf5,526
0x0e,0xf6,486
0x0e,0xf7,508
0x0e,0xf8,538
0x0e,0xf9,516
0x0e,0xfa,518
0x0e,0xfb,526
0x0e,0xfc,516
0x0e,0xfd,524
0x0e,0xfe,514
0x0e,0xff,496
0x0f,0x00,256
0x0f,0x01,516
0x0f,0x02,498
0x0f,0x03,506
0x0f,0x04,450
0x0f,0x05,540
0x0f,0x06,510
0x0f,0x07,516
0x0f,0x08,504
0x0f,0x09,524
0x0f,0x0a,502
0x0f,0x0b,470
0x0f,0x0c,484
0x0f,0x0d,534
0x0f,0x0e,558
0x0f,0x0f,504
0x0f,0x10,472
0x0f,0x11,522
0x0f,0x12,518
0x0f,0x13,502
0x0f,0x14,494
0x0f,0x15,500
0x0f,0x16,524
0x0f,0x17,504
0x0f,0x18,520
0x0f,0x19,458
0x0f,0x1a,492
0x0f,0x1b,516
0x0f,0x1c,536
0x0f,0x1d,476
0x0f,0x1e,514
0x0f,0x1f,506
0x0f,0x20,510
0x0f,0x21,554
0x0f,0x22,490
0x0f,0x23,528
0x0f,0x24,644
0x0f,0x25,470
0x0f,0x26,516
0x0f,0x27,492
0x0f,0x28,574
0x0f,0x29,530
0x0f,0x2a,498
0x0f,0x2b,528
0x0f,0x2c,532
0x0f,0x2d,496
0x0f,0x2e,476
0x0f,0x2f,484
0x0f,0x30,434
0x0f,0x31,506
0x0f,0x32,588
0x0f,0x33,476
0x0f,0x34,494
0x0f,0x35,510
0x0f,0x36,498
0x0f,0x37,524
0x0f,0x38,482
0x0f,0x39,516
0x0f,0x3a,514
0x0f,0x3b,562
0x0f,0x3c,530
0x0f,0x3d,520
0x0f,0x3e,486
0x0f,0x3f,480
0x0f,0x40,502
0x0f,0x41,516
0x0f,0x42,494
0x0f,0x43,502
0x0f,0x44,506
0x0f,0x45,492
0x0f,0x46,522
0x0f,0x47,500
0x0f,0x48,510
0x0f,0x49,492
0x0f,0x4a,556
0x0f,0x4b,494
0x0f,0x4c,452
0x0f,0x4d,516
0x0f,0x4e,506
0x0f,0x4f,516
0x0f,0x50,482
0x0f,0x51,478
0x0f,0x52,498
0x0f,0x53,466
0x0f,0x54,518
0x0f,0x55,516
0x0f,0x56,510
0x0f,0x57,514
0x0f,0x58,508
0x0f,0x59,536
0x0f,0x5a,534
0x0f,0x5b,534
0x0f,0x5c,494
0x0f,0x5d,448
0x0f,0x5e,512
0x0f,0x5f,492
0x0f,0x60,500
0x0f,0x61,494
0x0f,0x62,480
0x0f,0x63,490
0x0f,0x64,524
0x0f,0x65,548
0x0f,0x66,564
0x0f,0x67,530
0x0f,0x68,500
0x0f,0x69,558
0x0f,0x6a,474
0x0f,0x6b,480
0x0f,0x6c,506
0x0f,0x6d,504
0x0f,0x6e,506
0x0f,0x6f,526
0x0f,0x70,476
0x0f,0x71,518
0x0f,0x72,528
0x0f,0x73,512
0x0f,0x74,518
0x0f,0x75,526
0x0f,0x76,514
0x0f,0x77,492
0x0f,0x78,528
0x0f,0x79,502
0x0f,0x7a,522
0x0f,0x7b,582
0x0f,0x7c,552
0x0f,0x7d,496
0x0f,0x7e,506
0x0f,0x7f,540
0x0f,0x80,550
0x0f,0x81,494
0x0f,0x82,490
0x0f,0x83,508
0x0f,0x84,488
0x0f,0x85,490
0x0f,0x86,474
0x0f,0x87,506
0x0f,0x88,508
0x0f,0x89,510
0x0f,0x8a,500
0x0f,0x8b,486
0x0f,0x8c,480
0x0f,0x8d,512
0x0f,0x8e,498
0x0f,0x8f,546
0x0f,0x90,532
0x0f,0x91,518
0x0f,0x92,474
0x0f,0x93,552
0x0f,0x94,508
0x0f,0x95,534
0x0f,0x96,512
0x0f,0x97,528
0x0f,0x98,530
0x0f,0x99,494
0x0f,0x9a,518
0x0f,0x9b,534
0x0f,0x9c,500
0x0f,0x9d,536
0x0f,0x9e,522
0x0f,0x9f,490
0x0f,0xa0,514
0x0f,0xa1,494
0x0f,0xa2,470
0x0f,0xa3,504
0x0f,0xa4,492
0x0f,0xa5,494
0x0f,0xa6,498
0x0f,0xa7,544
0x0f,0xa8,508
0x0f,0xa9,518
0x0f,0xaa,502
0x0f,0xab,542
0x0f,0xac,532
0x0f,0xad,512
0x0f,0xae,486
0x0f,0xaf,516
0x0f,0xb0,510
0x0f,0xb1,514
0x0f,0xb2,506
0x0f,0xb3,492
0x0f,0xb4,542
0x0f,0xb5,476
0x0f,0xb6,512
0x0f,0xb7,504
0x0f,0xb8,508
0x0f,0xb9,474
0x0f,0xba,500
0x0f,0xbb,510
0x0f,0xbc,474
0x0f,0xbd,516
0x0f,0xbe,518
0x0f,0xbf,520
0x0f,0xc0,510
0x0f,0xc1,550
0x0f,0xc2,508
0x0f,0xc3,544
0x0f,0xc4,506
0x0f,0xc5,544
0x0f,0xc6,528
0x0f,0xc7,508
0x0f,0xc8,474
0x0f,0xc9,486
0x0f,0xca,494
0x0f,0xcb,568
0x0f,0xcc,480
0x0f,0xcd,534
0x0f,0xce,534
0x0f,0xcf,494
0x0f,0xd0,494
0x0f,0xd1,502
0x0f,0xd2,478
0x0f,0xd3,520
0x0f,0xd4,570
0x0f,0xd5,516
0x0f,0xd6,540
0x0f,0xd7,474
0x0f,0xd8,514
0x0f,0xd9,548
0x0f,0xda,504
0x0f,0xdb,510
0x0f,0xdc,498
0x0f,0xdd,446
0x0f,0xde,514
0x0f,0xdf,544
0x0f,0xe0,544
0x0f,0xe1,540
0x0f,0xe2,514
0x0f,0xe3,490
0x0f,0xe4,494
0x0f,0xe5,502
0x0f,0xe6,464
0x0f,0xe7,530
0x0f,0xe8,486
0x0f,0xe9,514
0x0f,0xea,490
0x0f,0xeb,522
0x0f,0xec,512
0x0f,0xed,510
0x0f,0xee,518
0x0f,0xef,528
0x0f,0xf0,500
0x0f,0xf1,478
0x0f,0xf2,538
0x0f,0xf3,480
0x0f,0xf4,510
0x0f,0xf5,514
0x0f,0xf6,492
0x0f,0xf7,494
0x0f,0xf8,458
0x0f,0xf9,476
0x0f,0xfa,496
0x0f,0xfb,510
0x0f,0xfc,512
0x0f,0xfd,512
0x0f,0xfe,568
0x0f,0xff,526
0x10,0x00,256
0x10,0x01,482
0x10,0x02,704
0x10,0x03,536
0x10,0x04,478
0x10,0x05,496
0x10,0x06,476
0x10,0x07,532
0x10,0x08,528
0x10,0x09,542
0x10,0x0a,520
0x10,0x0b,474
0x10,0x0c,550
0x10,0x0d,494
0x10,0x0e,548
0x10,0x0f,516
0x10,0x10,502
0x10,0x11,544
0x10,0x12,488
0x10,0x13,466
0x10,0x14,828
0x10,0x15,492
0x10,0x16,700
0x10,0x17,514
0x10,0x18,484
0x10,0x19,520
0x10,0x1a,540
0x10,0x1b,508
0x10,0x1c,502
0x10,0x1d,522
0x10,0x1e,532
0x10,0x1f,516
0x10,0x20,512
0x10,0x21,530
0x10,0x22,506
0x10,0x23,518
0x10,0x24,1242
0x10,0x25,508
0x10,0x26,618
0x10,0x27,500
0x10,0x28,488
0x10,0x29,512
0x10,0x2a,534
0x10,0x2b,520
0x10,0x2c,514
0x10,0x2d,480
0x10,0x2e,544
0x10,0x2f,532
0x10,0x30,446
0x10,0x31,498
0x10,0x32,518
0x10,0x33,552
0x10,0x34,518
0x10,0x35,506
0x10,0x36,528
0x10,0x37,512
0x10,0x38,494
0x10,0x39,476
0x10,0x3a,472
0x10,0x3b,500
0x10,0x3c,462
0x10,0x3d,526
0x10,0x3e,506
0x10,0x3f,484
0x10,0x40,504
0x10,0x41,494
0x10,0x42,528
0x10,0x43,500
0x10,0x44,468
0x10,0x45,508
0x10,0x46,568
0x10,0x47,544
0x10,0x48,544
0x10,0x49,496
0x10,0x4a,484
0x10,0x4b,504
0x10,0x4c,504
0x10,0x4d,520
0x10,0x4e,484
0x10,0x4f,456
0x10,0x50,518
0x10,0x51,508
0x10,0x52,488
0x10,0x53,500
0x10,0x54,528
0x10,0x55,502
0x10,0x56,508
0x10,0x57,490
0x10,0x58,550
0x10,0x59,502
0x10,0x5a,536
0x10,0x5b,558
0x10,0x5c,474
0x10,0x5d,476
0x10,0x5e,528
0x10,0x5f,514
0x10,0x60,522
0x10,0x61,494
0x10,0x62,526
0x10,0x63,482
0x10,0x64,512
0x10,0x65,524
0x10,0x66,482
0x10,0x67,490
0x10,0x68,506
0x10,0x69,552
0x10,0x6a,518
0x10,0x6b,560
0x10,0x6c,514
0x10,0x6d,518
0x10,0x6e,532
0x10,0x6f,514
0x10,0x70,506
0x10,0x71,488
0x10,0x72,584
0x10,0x73,490
0x10,0x74,508
0x10,0x75,524
0x10,0x76,530
0x10,0x77,518
0x10,0x78,518
0x10,0x79,500
0x10,0x7a,512
0x10,0x7b,472
0x10,0x7c,510
0x10,0x7d,544
0x10,0x7e,532
0x10,0x7f,460
0x10,0x80,480
0x10,0x81,486
0x10,0x82,528
0x10,0x83,496
0x10,0x84,494
0x10,0x85,514
0x10,0x86,514
0x10,0x87,566
0x10,0x88,504
0x10,0x89,516
0x10,0x8a,524
0x10,0x8b,502
0x10,0x8c,548
0x10,0x8d,564
0x10,0x8e,508
0x10,0x8f,488
0x10,0x90,538
0x10,0x91,498
0x10,0x92,498
0x10,0x93,470
0x10,0x94,536
0x10,0x95,510
0x10,0x96,530
0x10,0x97,510
0x10,0x98,498
0x10,0x99,514
0x10,0x9a,528
0x10,0x9b,524
0x10,0x9c,482
0x10,0x9d,498
0x10,0x9e,550
0x10,0x9f,534
0x10,0xa0,510
0x10,0xa1,514
0x10,0xa2,506
0x10,0xa3,510
0x10,0xa4,490
0x10,0xa5,518
0x10,0xa6,510
0x10,0xa7,488
0x10,0xa8,516
0x10,0xa9,542
0x10,0xaa,522
0x10,0xab,512
0x10,0xac,476
0x10,0xad,510
0x10,0xae,536
0x10,0xaf,490
0x10,0xb0,508
0x10,0xb1,506
0x10,0xb2,516
0x10,0xb3,538
0x10,0xb4,530
0x10,0xb5,536
0x10,0xb6,518
0x10,0xb7,526
0x10,0xb8,512
0x10,0xb9,558
0x10,0xba,492
0x10,0xbb,524
0x10,0xbc,498
0x10,0xbd,538
0x10,0xbe,488
0x10,0xbf,512
0x10,0xc0,490
0x10,0xc1,512
0x10,0xc2,554
0x10,0xc3,504
0x10,0xc4,484
0x10,0xc5,506
0x10,0xc6,524
0x10,0xc7,530
0x10,0xc8,554
0x10,0xc9,550
0x10,0xca,538
0x10,0xcb,512
0x10,0xcc,570
0x10,0xcd,528
0x10,0xce,500
0x10,0xcf,490
0x10,0xd0,488
0x10,0xd1,530
0x10,0xd2,528
0x10,0xd3,536
0x10,0xd4,524
0x10,0xd5,512
0x10,0xd6,518
0x10,0xd7,558
0x10,0xd8,510
0x10,0xd9,536
0x10,0xda,490
0x10,0xdb,504
0x10,0xdc,496
0x10,0xdd,494
0x10,0xde,510
0x10,0xdf,492
0x10,0xe0,516
0x10,0xe1,476
0x10,0xe2,488
0x10,0xe3,512
0x10,0xe4,504
0x10,0xe5,504
0x10,0xe6,502
0x10,0xe7,540
0x10,0xe8,466
0x10,0xe9,514
0x10,0xea,506
0x10,0xeb,580
0x10,0xec,480
0x10,0xed,482
0x10,0xee,476
0x10,0xef,532
0x10,0xf0,544
0x10,0xf1,484
0x10,0xf2,512
0x10,0xf3,516
0x10,0xf4,498
0x10,0xf5,530
0x10,0xf6,486
0x10,0xf7,540
0x10,0xf8,570
0x10,0xf9,510
0x10,0xfa,460
0x10,0xfb,540
0x10,0xfc,508
0x10,0xfd,492
0x10,0xfe,510
0x10,0xff,496
0x11,0x00,256
0x11,0x01,550
0x11,0x02,450
0x11,0x03,516
0x11,0x04,494
0x11,0x05,534
0x11,0x06,562
0x11,0x07,502
0x11,0x08,478
0x11,0x09,494
0x11,0x0a,530
0x11,0x0b,502
0x11,0x0c,546
0x11,0x0d,492
0x11,0x0e,512
0x11,0x0f,530
0x11,0x10,516
0x11,0x11,490
0x11,0x12,522
0x11,0x13,502
0x11,0x14,472
0x11,0x15,516
0x11,0x16,574
0x11,0x17,462
0x11,0x18,532
0x11,0x19,498
0x11,0x1a,488
0x11,0x1b,484
0x11,0x1c,492
0x11,0x1d,504
0x11,0x1e,494
0x11,0x1f,556
0x11,0x20,496
0x11,0x21,536
0x11,0x22,530
0x11,0x23,520
0x11,0x24,484
0x11,0x25,474
0x11,0x26,404
0x11,0x27,526
0x11,0x28,522
0x11,0x29,502
0x11,0x2a,530
0x11,0x2b,494
0x11,0x2c,532
0x11,0x2d,504
0x11,0x2e,486
0x11,0x2f,532
0x11,0x30,438
0x11,0x31,558
0x11,0x32,502
0x11,0x33,490
0x11,0x34,538
0x11,0x35,502
0x11,0x36,544
0x11,0x37,480
0x11,0x38,504
0x11,0x39,476
0x11,0x3a,522
0x11,0x3b,480
0x11,0x3c,502
0x11,0x3d,486
0x11,0x3e,498
0x11,0x3f,456
0x11,0x40,484
0x11,0x41,544
0x11,0x42,492
0x11,0x43,486
0x11,0x44,504
0x11,0x45,496
0x11,0x46,510
0x11,0x47,512
0x11,0x48,520
0x11,0x49,490
0x11,0x4a,500
0x11,0x4b,496
0x11,0x4c,520
0x11,0x4d,508
0x11,0x4e,494
0x11,0x4f,494
0x11,0x50,536
0x11,0x51,516
0x11,0x52,552
0x11,0x53,504
0x11,0x54,584
0x11,0x55,542
0x11,0x56,538
0x11,0x57,490
0x11,0x58,506
0x11,0x59,492
0x11,0x5a,462
0x11,0x5b,522
0x11,0x5c,496
0x11,0x5d,568
0x11,0x5e,522
0x11,0x5f,512
0x11,0x60,490
0x11,0x61,496
0x11,0x62,506
0x11,0x63,478
0x11,0x64,524
0x11,0x65,490
0x11,0x66,518
0x11,0x67,536
0x11,0x68,522
0x11,0x69,510
0x11,0x6a,536
0x11,0x6b,482
0x11,0x6c,538
0x11,0x6d,518
0x11,0x6e,502
0x11,0x6f,538
0x11,0x70,500
0x11,0x71,502
0x11,0x72,502
0x11,0x73,528
0x11,0x74,540
0x11,0x75,478
0x11,0x76,558
0x11,0x77,520
0x11,0x78,512
0x11,0x79,484
0x11,0x7a,474
0x11,0x7b,520
0x11,0x7c,492
0x11,0x7d,540
0x11,0x7e,594
0x11,0x7f,464
0x11,0x80,510
0x11,0x81,492
0x11,0x82,508
0x11,0x83,488
0x11,0x84,480
0x11,0x85,530
0x11,0x86,494
0x11,0x87,490
0x11,0x88,568
0x11,0x89,508
0x11,0x8a,474
0x11,0x8b,522
0x11,0x8c,526
0x11,0x8d,530
0x11,0x8e,502
0x11,0x8f,502
0x11,0x90,498
0x11,0x91,488
0x11,0x92,504
0x11,0x93,480
0x11,0x94,568
0x11,0x95,520
0x11,0x96,556
0x11,0x97,516
0x11,0x98,446
0x11,0x99,492
0x11,0x9a,508
0x11,0x9b,524
0x11,0x9c,536
0x11,0x9d,520
0x11,0x9e,518
0x11,0x9f,536
0x11,0xa0,478
0x11,0xa1,478
0x11,0xa2,488
0x11,0xa3,506
0x11,0xa4,484
0x11,0xa5,502
0x11,0xa6,500
0x11,0xa7,488
0x11,0xa8,468
0x11,0xa9,470
0x11,0xaa,504
0x11,0xab,476
0x11,0xac,466
0x11,0xad,514
0x11,0xae,516
0x11,0xaf,512
0x11,0xb0,500
0x11,0xb1,520
0x11,0xb2,508
0x11,0xb3,540
0x11,0xb4,486
0x11,0xb5,552
0x11,0xb6,528
0x11,0xb7,484
0x11,0xb8,486
0x11,0xb9,568
0x11,0xba,552
0x11,0xbb,542
0x11,0xbc,512
0x11,0xbd,470
0x11,0xbe,494
0x11,0xbf,522
0x11,0xc0,572
0x11,0xc1,544
0x11,0xc2,486
0x11,0xc3,492
0x11,0xc4,510
0x11,0xc5,504
0x11,0xc6,512
0x11,0xc7,520
0x11,0xc8,470
0x11,0xc9,550
0x11,0xca,486
0x11,0xcb,488
0x11,0xcc,518
0x11,0xcd,550
0x11,0xce,522
0x11,0xcf,542
0x11,0xd0,496
0x11,0xd1,512
0x11,0xd2,466
0x11,0xd3,506
0x11,0xd4,530
0x11,0xd5,498
0x11,0xd6,544
0x11,0xd7,498
0x11,0xd8,508
0x11,0xd9,502
0x11,0xda,488
0x11,0xdb,508
0x11,0xdc,530
0x11,0xdd,512
0x11,0xde,510
0x11,0xdf,526
0x11,0xe0,540
0x11,0xe1,522
0x11,0xe2,500
0x11,0xe3,512
0x11,0xe4,530
0x11,0xe5,522
0x11,0xe6,486
0x11,0xe7,546
0x11,0xe8,512
0x11,0xe9,518
0x11,0xea,508
0x11,0xeb,488
0x11,0xec,522
0x11,0xed,466
0x11,0xee,478
0x11,0xef,530
0x11,0xf0,548
0x11,0xf1,526
0x11,0xf2,512
0x11,0xf3,484
0x11,0xf4,460
0x11,0xf5,486
0x11,0xf6,500
0x11,0xf7,486
0x11,0xf8,496
0x11,0xf9,488
0x11,0xfa,546
0x11,0xfb,516
0x11,0xfc,498
0x11,0xfd,488
0x11,0xfe,478
0x11,0xff,490
0x12,0x00,256
0x12,0x01,502
0x12,0x02,456
0x12,0x03,476
0x12,0x04,556
0x12,0x05,512
0x12,0x06,498
0x12,0x07,512
0x12,0x08,504
0x12,0x09,514
0x12,0x0a,488
0x12,0x0b,508
0x12,0x0c,506
0x12,0x0d,520
0x12,0x0e,582
0x12,0x0f,500
0x12,0x10,480
0x12,0x11,510
0x12,0x12,468
0x12,0x13,512
0x12,0x14,592
0x12,0x15,470
0x12,0x16,508
0x12,0x17,502
0x12,0x18,496
0x12,0x19,486
0x12,0x1a,488
0x12,0x1b,518
0x12,0x1c,534
0x12,0x1d,514
0x12,0x1e,504
0x12,0x1f,496
0x12,0x20,570
0x12,0x21,510
0x12,0x22,616
0x12,0x23,478
0x12,0x24,468
0x12,0x25,520
0x12,0x26,388
0x12,0x27,506
0x12,0x28,536
0x12,0x29,488
0x12,0x2a,504
0x12,0x2b,536
0x12,0x2c,520
0x12,0x2d,506
0x12,0x2e,516
0x12,0x2f,540
0x12,0x30,394
0x12,0x31,496
0x12,0x32,512
0x12,0x33,512
0x12,0x34,454
0x12,0x35,482
0x12,0x36,472
0x12,0x37,514
0x12,0x38,524
0x12,0x39,496
0x12,0x3a,524
0x12,0x3b,504
0x12,0x3c,504
0x12,0x3d,480
0x12,0x3e,542
0x12,0x3f,506
0x12,0x40,542
0x12,0x41,518
0x12,0x42,534
0x12,0x43,512
0x12,0x44,480
0x12,0x45,496
0x12,0x46,528
0x12,0x47,518
0x12,0x48,512
0x12,0x49,512
0x12,0x4a,514
0x12,0x4b,490
0x12,0x4c,506
0x12,0x4d,476
0x12,0x4e,482
0x12,0x4f,510
0x12,0x50,492
0x12,0x51,468
0x12,0x52,474
0x12,0x53,520
0x12,0x54,494
0x12,0x55,474
0x12,0x56,548
0x12,0x57,466
0x12,0x58,520
0x12,0x59,492
0x12,0x5a,470
0x12,0x5b,534
0x12,0x5c,506
0x12,0x5d,462
0x12,0x5e,542
0x12,0x5f,502
0x12,0x60,458
0x12,0x61,512
0x12,0x62,492
0x12,0x63,494
0x12,0x64,514
0x12,0x65,522
0x12,0x66,516
0x12,0x67,566
0x12,0x68,502
0x12,0x69,484
0x12,0x6a,514
0x12,0x6b,514
0x12,0x6c,546
0x12,0x6d,528
0x12,0x6e,490
0x12,0x6f,460
0x12,0x70,532
0x12,0x71,486
0x12,0x72,478
0x12,0x73,522
0x12,0x74,534
0x12,0x75,528
0x12,0x76,522
0x12,0x77,454
0x12,0x78,532
0x12,0x79,558
0x12,0x7a,498
0x12,0x7b,518
0x12,0x7c,480
0x12,0x7d,552
0x12,0x7e,526
0x12,0x7f,518
0x12,0x80,498
0x12,0x81,536
0x12,0x82,530
0x12,0x83,508
0x12,0x84,514
0x12,0x85,516
0x12,0x86,514
0x12,0x87,470
0x12,0x88,490
0x12,0x89,510
0x12,0x8a,502
0x12,0x8b,528
0x12,0x8c,554
0x12,0x8d,510
0x12,0x8e,546
0x12,0x8f,508
0x12,0x90,516
0x12,0x91,518
0x12,0x92,472
0x12,0x93,512
0x12,0x94,502
0x12,0x95,502
0x12,0x96,520
0x12,0x97,522
0x12,0x98,486
0x12,0x99,494
0x12,0x9a,502
0x12,0x9b,518
0x12,0x9c,502
0x12,0x9d,512
0x12,0x9e,500
0x12,0x9f,488
0x12,0xa0,530
0x12,0xa1,512
0x12,0xa2,546
0x12,0xa3,504
0x12,0xa4,478
0x12,0xa5,494
0x12,0xa6,490
0x12,0xa7,526
0x12,0xa8,496
0x12,0xa9,574
0x12,0xaa,468
0x12,0xab,524
0x12,0xac,536
0x12,0xad,510
0x12,0xae,508
0x12,0xaf,554
0x12,0xb0,518
0x12,0xb1,514
0x12,0xb2,508
0x12,0xb3,522
0x12,0xb4,518
0x12,0xb5,450
0x12,0xb6,478
0x12,0xb7,516
0x12,0xb8,504
0x12,0xb9,498
0x12,0xba,512
0x12,0xbb,556
0x12,0xbc,516
0x12,0xbd,494
0x12,0xbe,492
0x12,0xbf,472
0x12,0xc0,524
0x12,0xc1,500
0x12,0xc2,496
0x12,0xc3,484
0x12,0xc4,474
0x12,0xc5,496
0x12,0xc6,508
0x12,0xc7,494
0x12,0xc8,522
0x12,0xc9,520
0x12,0xca,496
0x12,0xcb,488
0x12,0xcc,536
0x12,0xcd,550
0x12,0xce,504
0x12,0xcf,470
0x12,0xd0,508
0x12,0xd1,498
0x12,0xd2,536
0x12,0xd3,526
0x12,0xd4,510
0x12,0xd5,554
0x12,0xd6,506
0x12,0xd7,506
0x12,0xd8,514
0x12,0xd9,486
0x12,0xda,488
0x12,0xdb,502
0x12,0xdc,522
0x12,0xdd,518
0x12,0xde,494
0x12,0xdf,476
0x12,0xe0,520
0x12,0xe1,510
0x12,0xe2,512
0x12,0xe3,500
0x12,0xe4,520
0x12,0xe5,482
0x12,0xe6,486
0x12,0xe7,488
0x12,0xe8,504
0x12,0xe9,480
0x12,0xea,530
0x12,0xeb,522
0x12,0xec,494
0x12,0xed,558
0x12,0xee,544
0x12,0xef,498
0x12,0xf0,488
0x12,0xf1,474
0x12,0xf2,494
0x12,0xf3,488
0x12,0xf4,532
0x12,0xf5,514
0x12,0xf6,474
0x12,0xf7,544
0x12,0xf8,500
0x12,0xf9,500
0x12,0xfa,472
0x12,0xfb,494
0x12,0xfc,510
0x12,0xfd,506
0x12,0xfe,518
0x12,0xff,514
0x13,0x00,256
0x13,0x01,530
0x13,0x02,528
0x13,0x03,530
0x13,0x04,510
0x13,0x05,482
0x13,0x06,652
0x13,0x07,496
0x13,0x08,518
0x13,0x09,490
0x13,0x0a,532
0x13,0x0b,516
0x13,0x0c,506
0x13,0x0d,504
0x13,0x0e,492
0x13,0x0f,496
0x13,0x10,498
0x13,0x11,448
0x13,0x12,400
0x13,0x13,538
0x13,0x14,454
0x13,0x15,524
0x13,0x16,504
0x13,0x17,518
0x13,0x18,520
0x13,0x19,500
0x13,0x1a,502
0x13,0x1b,502
0x13,0x1c,530
0x13,0x1d,490
0x13,0x1e,526
0x13,0x1f,522
0x13,0x20,526
0x13,0x21,512
0x13,0x22,538
0x13,0x23,542
0x13,0x24,384
0x13,0x25,502
0x13,0x26,630
0x13,0x27,532
0x13,0x28,496
0x13,0x29,510
0x13,0x2a,526
0x13,0x2b,494
0x13,0x2c,516
0x13,0x2d,516
0x13,0x2e,510
0x13,0x2f,512
0x13,0x30,416
0x13,0x31,590
0x13,0x32,544
0x13,0x33,522
0x13,0x34,482
0x13,0x35,488
0x13,0x36,526
0x13,0x37,516
0x13,0x38,512
0x13,0x39,512
0x13,0x3a,572
0x13,0x3b,566
0x13,0x3c,520
0x13,0x3d,490
0x13,0x3e,518
0x13,0x3f,550
0x13,0x40,510
0x13,0x41,520
0x13,0x42,480
0x13,0x43,508
0x13,0x44,496
0x13,0x45,492
0x13,0x46,498
0x13,0x47,530
0x13,0x48,492
0x13,0x49,524
0x13,0x4a,508
0x13,0x4b,566
0x13,0x4c,516
0x13,0x4d,500
0x13,0x4e,494
0x13,0x4f,496
0x13,0x50,506
0x13,0x51,484
0x13,0x52,494
0x13,0x53,518
0x13,0x54,514
0x13,0x55,484
0x13,0x56,506
0x13,0x57,466
0x13,0x58,526
0x13,0x59,514
0x13,0x5a,474
0x13,0x5b,470
0x13,0x5c,496
0x13,0x5d,526
0x13,0x5e,512
0x13,0x5f,508
0x13,0x60,486
0x13,0x61,510
0x13,0x62,528
0x13,0x63,504
0x13,0x64,480
0x13,0x65,488
0x13,0x66,528
0x13,0x67,534
0x13,0x68,518
0x13,0x69,490
0x13,0x6a,528
0x13,0x6b,488
0x13,0x6c,524
0x13,0x6d,530
0x13,0x6e,504
0x13,0x6f,494
0x13,0x70,512
0x13,0x71,518
0x13,0x72,484
0x13,0x73,532
0x13,0x74,548
0x13,0x75,562
0x13,0x76,470
0x13,0x77,552
0x13,0x78,494
0x13,0x79,500
0x13,0x7a,512
0x13,0x7b,534
0x13,0x7c,532
0x13,0x7d,574
0x13,0x7e,550
0x13,0x7f,492
0x13,0x80,510
0x13,0x81,494
0x13,0x82,508
0x13,0x83,498
0x13,0x84,520
0x13,0x85,500
0x13,0x86,502
0x13,0x87,538
0x13,0x88,488
0x13,0x89,532
0x13,0x8a,512
0x13,0x8b,508
0x13,0x8c,492
0x13,0x8d,486
0x13,0x8e,500
0x13,0x8f,526
0x13,0x90,472
0x13,0x91,504
0x13,0x92,520
0x13,0x93,472
0x13,0x94,502
0x13,0x95,544
0x13,0x96,504
0x13,0x97,486
0x13,0x98,536
0x13,0x99,486
0x13,0x9a,516
0x13,0x9b,516
0x13,0x9c,524
0x13,0x9d,544
0x13,0x9e,514
0x13,0x9f,512
0x13,0xa0,526
0x13,0xa1,542
0x13,0xa2,528
0x13,0xa3,518
0x13,0xa4,510
0x13,0xa5,490
0x13,0xa6,532
0x13,0xa7,482
0x13,0xa8,512
0x13,0xa9,508
0x13,0xaa,518
0x13,0xab,486
0x13,0xac,504
0x13,0xad,516
0x13,0xae,508
0x13,0xaf,514
0x13,0xb0,468
0x13,0xb1,518
0x13,0xb2,524
0x13,0xb3,470
0x13,0xb4,486
0x13,0xb5,522
0x13,0xb6,512
0x13,0xb7,488
0x13,0xb8,486
0x13,0xb9,510
0x13,0xba,568
0x13,0xbb,520
0x13,0xbc,512
0x13,0xbd,538
0x13,0xbe,494
0x13,0xbf,490
0x13,0xc0,504
0x13,0xc1,534
0x13,0xc2,494
0x13,0xc3,554
0x13,0xc4,486
0x13,0xc5,504
0x13,0xc6,514
0x13,0xc7,496
0x13,0xc8,512
0x13,0xc9,494
0x13,0xca,496
0x13,0xcb,536
0x13,0xcc,472
0x13,0xcd,512
0x13,0xce,508
0x13,0xcf,516
0x13,0xd0,482
0x13,0xd1,500
0x13,0xd2,532
0x13,0xd3,524
0x13,0xd4,496
0x13,0xd5,536
0x13,0xd6,528
0x13,0xd7,520
0x13,0xd8,504
0x13,0xd9,528
0x13,0xda,494
0x13,0xdb,496
0x13,0xdc,534
0x13,0xdd,478
0x13,0xde,492
0x13,0xdf,488
0x13,0xe0,490
0x13,0xe1,476
0x13,0xe2,508
0x13,0xe3,490
0x13,0xe4,486
0x13,0xe5,516
0x13,0xe6,514
0x13,0xe7,548
0x13,0xe8,534
0x13,0xe9,538
0x13,0xea,502
0x13,0xeb,506
0x13,0xec,524
0x13,0xed,576
0x13,0xee,518
0x13,0xef,504
0x13,0xf0,528
0x13,0xf1,530
0x13,0xf2,560
0x13,0xf3,512
0x13,0xf4,476
0x13,0xf5,508
0x13,0xf6,520
0x13,0xf7,526
0x13,0xf8,482
0x13,0xf9,496
0x13,0xfa,528
0x13,0xfb,512
0x13,0xfc,560
0x13,0xfd,516
0x13,0xfe,518
0x13,0xff,564
0x14,0x00,256
0x14,0x01,500
0x14,0x02,460
0x14,0x03,494
0x14,0x04,458
0x14,0x05,518
0x14,0x06,472
0x14,0x07,456
0x14,0x08,498
0x14,0x09,516
0x14,0x0a,466
0x14,0x0b,470
0x14,0x0c,516
0x14,0x0d,494
0x14,0x0e,478
0x14,0x0f,510
0x14,0x10,496
0x14,0x11,508
0x14,0x12,448
0x14,0x13,526
0x14,0x14,462
0x14,0x15,510
0x14,0x16,466
0x14,0x17,512
0x14,0x18,534
0x14,0x19,508
0x14,0x1a,506
0x14,0x1b,524
0x14,0x1c,508
0x14,0x1d,460
0x14,0x1e,530
0x14,0x1f,520
0x14,0x20,518
0x14,0x21,480
0x14,0x22,486
0x14,0x23,536
0x14,0x24,472
0x14,0x25,498
0x14,0x26,402
0x14,0x27,508
0x14,0x28,524
0x14,0x29,488
0x14,0x2a,484
0x14,0x2b,482
0x14,0x2c,498
0x14,0x2d,496
0x14,0x2e,486
0x14,0x2f,516
0x14,0x30,868
0x14,0x31,554
0x14,0x32,506
0x14,0x33,480
0x14,0x34,508
0x14,0x35,524
0x14,0x36,532
0x14,0x37,496
0x14,0x38,512
0x14,0x39,508
0x14,0x3a,496
0x14,0x3b,514
0x14,0x3c,540
0x14,0x3d,470
0x14,0x3e,504
0x14,0x3f,530
0x14,0x40,540
0x14,0x41,504
0x14,0x42,494
0x14,0x43,490
0x14,0x44,492
0x14,0x45,494
0x14,0x46,480
0x14,0x47,504
0x14,0x48,536
0x14,0x49,556
0x14,0x4a,522
0x14,0x4b,534
0x14,0x4c,508
0x14,0x4d,516
0x14,0x4e,522
0x14,0x4f,470
0x14,0x50,484
0x14,0x51,492
0x14,0x52,478
0x14,0x53,496
0x14,0x54,490
0x14,0x55,522
0x14,0x56,540
0x14,0x57,526
0x14,0x58,496
0x14,0x59,502
0x14,0x5a,478
0x14,0x5b,494
0x14,0x5c,516
0x14,0x5d,536
0x14,0x5e,530
0x14,0x5f,544
0x14,0x60,468
0x14,0x61,514
0x14,0x62,520
0x14,0x63,530
0x14,0x64,496
0x14,0x65,536
0x14,0x66,504
0x14,0x67,544
0x14,0x68,518
0x14,0x69,580
0x14,0x6a,534
0x14,0x6b,524
0x14,0x6c,524
0x14,0x6d,504
0x14,0x6e,542
0x14,0x6f,532
0x14,0x70,526
0x14,0x71,510
0x14,0x72,532
0x14,0x73,500
0x14,0x74,540
0x14,0x75,520
0x14,0x76,486
0x14,0x77,494
0x14,0x78,520
0x14,0x79,536
0x14,0x7a,520
0x14,0x7b,536
0x14,0x7c,530
0x14,0x7d,458
0x14,0x7e,510
0x14,0x7f,492
0x14,0x80,530
0x14,0x81,522
0x14,0x82,508
0x14,0x83,520
0x14,0x84,518
0x14,0x85,494
0x14,0x86,512
0x14,0x87,512
0x14,0x88,520
0x14,0x89,518
0x14,0x8a,530
0x14,0x8b,522
0x14,0x8c,532
0x14,0x8d,494
0x14,0x8e,504
0x14,0x8f,500
0x14,0x90,522
0x14,0x91,504
0x14,0x92,504
0x14,0x93,518
0x14,0x94,504
0x14,0x95,540
0x14,0x96,486
0x14,0x97,510
0x14,0x98,504
0x14,0x99,500
0x14,0x9a,510
0x14,0x9b,512
0x14,0x9c,498
0x14,0x9d,522
0x14,0x9e,570
0x14,0x9f,508
0x14,0xa0,498
0x14,0xa1,530
0x14,0xa2,496
0x14,0xa3,540
0x14,0xa4,500
0x14,0xa5,530
0x14,0xa6,520
0x14,0xa7,558
0x14,0xa8,514
0x14,0xa9,494
0x14,0xaa,512
0x14,0xab,536
0x14,0xac,528
0x14,0xad,492
0x14,0xae,484
0x14,0xaf,496
0x14,0xb0,504
0x14,0xb1,544
0x14,0xb2,552
0x14,0xb3,532
0x14,0xb4,556
0x14,0xb5,518
0x14,0xb6,512
0x14,0xb7,522
0x14,0xb8,506
0x14,0xb9,490
0x14,0xba,526
0x14,0xbb,518
0x14,0xbc,500
0x14,0xbd,530
0x14,0xbe,514
0x14,0xbf,500
0x14,0xc0,568
0x14,0xc1,534
0x14,0xc2,494
0x14,0xc3,538
0x14,0xc4,508
0x14,0xc5,542
0x14,0xc6,506
0x14,0xc7,578
0x14,0xc8,522
0x14,0xc9,512
0x14,0xca,558
0x14,0xcb,534
0x14,0xcc,518
0x14,0xcd,500
0x14,0xce,530
0x14,0xcf,534
0x14,0xd0,544
0x14,0xd1,508
0x14,0xd2,514
0x14,0xd3,522
0x14,0xd4,492
0x14,0xd5,486
0x14,0xd6,548
0x14,0xd7,536
0x14,0xd8,536
0x14,0xd9,496
0x14,0xda,564
0x14,0xdb,476
0x14,0xdc,554
0x14,0xdd,514
0x14,0xde,502
0x14,0xdf,480
0x14,0xe0,484
0x14,0xe1,472
0x14,0xe2,530
0x14,0xe3,516
0x14,0xe4,518
0x14,0xe5,540
0x14,0xe6,506
0x14,0xe7,502
0x14,0xe8,500
0x14,0xe9,516
0x14,0xea,486
0x14,0xeb,514
0x14,0xec,494
0x14,0xed,500
0x14,0xee,518
0x14,0xef,486
0x14,0xf0,490
0x14,0xf1,560
0x14,0xf2,536
0x14,0xf3,542
0x14,0xf4,496
0x14,0xf5,540
0x14,0xf6,492
0x14,0xf7,492
0x14,0xf8,524
0x14,0xf9,554
0x14,0xfa,510
0x14,0xfb,496
0x14,0xfc,532
0x14,0xfd,514
0x14,0xfe,522
0x14,0xff,568
0x15,0x00,256
0x15,0x01,464
0x15,0x02,492
0x15,0x03,506
0x15,0x04,564
0x15,0x05,556
0x15,0x06,554
0x15,0x07,504
0x15,0x08,502
0x15,0x09,510
0x15,0x0a,494
0x15,0x0b,510
0x15,0x0c,498
0x15,0x0d,538
0x15,0x0e,566
0x15,0x0f,514
0x15,0x10,568
0x15,0x11,516
0x15,0x12,436
0x15,0x13,528
0x15,0x14,494
0x15,0x15,546
0x15,0x16,468
0x15,0x17,518
0x15,0x18,506
0x15,0x19,512
0x15,0x1a,474
0x15,0x1b,502
0x15,0x1c,480
0x15,0x1d,566
0x15,0x1e,492
0x15,0x1f,488
0x15,0x20,552
0x15,0x21,500
0x15,0x22,670
0x15,0x23,524
0x15,0x24,400
0x15,0x25,462
0x15,0x26,396
0x15,0x27,498
0x15,0x28,490
0x15,0x29,500
0x15,0x2a,502
0x15,0x2b,532
0x15,0x2c,590
0x15,0x2d,480
0x15,0x2e,498
0x15,0x2f,534
0x15,0x30,580
0x15,0x31,512
0x15,0x32,502
0x15,0x33,496
0x15,0x34,484
0x15,0x35,494
0x15,0x36,760
0x15,0x37,544
0x15,0x38,480
0x15,0x39,520
0x15,0x3a,536
0x15,0x3b,524
0x15,0x3c,562
0x15,0x3d,530
0x15,0x3e,508
0x15,0x3f,506
0x15,0x40,514
0x15,0x41,498
0x15,0x42,474
0x15,0x43,542
0x15,0x44,494
0x15,0x45,560
0x15,0x46,484
0x15,0x47,504
0x15,0x48,504
0x15,0x49,490
0x15,0x4a,504
0x15,0x4b,516
0x15,0x4c,534
0x15,0x4d,484
0x15,0x4e,512
0x15,0x4f,458
0x15,0x50,496
0x15,0x51,488
0x15,0x52,528
0x15,0x53,508
0x15,0x54,466
0x15,0x55,536
0x15,0x56,474
0x15,0x57,446
0x15,0x58,462
0x15,0x59,522
0x15,0x5a,530
0x15,0x5b,536
0x15,0x5c,524
0x15,0x5d,458
0x15,0x5e,466
0x15,0x5f,512
0x15,0x60,502
0x15,0x61,496
0x15,0x62,514
0x15,0x63,484
0x15,0x64,496
0x15,0x65,530
0x15,0x66,550
0x15,0x67,518
0x15,0x68,478
0x15,0x69,468
0x15,0x6a,478
0x15,0x6b,492
0x15,0x6c,512
0x15,0x6d,502
0x15,0x6e,518
0x15,0x6f,488
0x15,0x70,518
0x15,0x71,480
0x15,0x72,508
0x15,0x73,488
0x15,0x74,566
0x15,0x75,586
0x15,0x76,480
0x15,0x77,516
0x15,0x78,524
0x15,0x79,502
0x15,0x7a,534
0x15,0x7b,524
0x15,0x7c,494
0x15,0x7d,496
0x15,0x7e,498
0x15,0x7f,508
0x15,0x80,530
0x15,0x81,506
0x15,0x82,504
0x15,0x83,546
0x15,0x84,518
0x15,0x85,512
0x15,0x86,488
0x15,0x87,502
0x15,0x88,542
0x15,0x89,530
0x15,0x8a,516
0x15,0x8b,496
0x15,0x8c,468
0x15,0x8d,516
0x15,0x8e,508
0x15,0x8f,488
0x15,0x90,492
0x15,0x91,542
0x15,0x92,490
0x15,0x93,578
0x15,0x94,514
0x15,0x95,546
0x15,0x96,516
0x15,0x97,520
0x15,0x98,518
0x15,0x99,512
0x15,0x9a,486
0x15,0x9b,476
0x15,0x9c,492
0x15,0x9d,586
0x15,0x9e,492
0x15,0x9f,518
0x15,0xa0,510
0x15,0xa1,496
0x15,0xa2,530
0x15,0xa3,476
0x15,0xa4,508
0x15,0xa5,530
0x15,0xa6,484
0x15,0xa7,522
0x15,0xa8,494
0x15,0xa9,538
0x15,0xaa,496
0x15,0xab,464
0x15,0xac,570
0x15,0xad,512
0x15,0xae,494
0x15,0xaf,512
0x15,0xb0,564
0x15,0xb1,534
0x15,0xb2,480
0x15,0xb3,474
0x15,0xb4,486
0x15,0xb5,548
0x15,0xb6,518
0x15,0xb7,556
0x15,0xb8,522
0x15,0xb9,534
0x15,0xba,470
0x15,0xbb,496
0x15,0xbc,514
0x15,0xbd,518
0x15,0xbe,512
0x15,0xbf,530
0x15,0xc0,512
0x15,0xc1,460
0x15,0xc2,498
0x15,0xc3,522
0x15,0xc4,470
0x15,0xc5,490
0x15,0xc6,488
0x15,0xc7,526
0x15,0xc8,498
0x15,0xc9,478
0x15,0xca,526
0x15,0xcb,498
0x15,0xcc,550
0x15,0xcd,458
0x15,0xce,504
0x15,0xcf,500
0x15,0xd0,470
0x15,0xd1,554
0x15,0xd2,540
0x15,0xd3,484
0x15,0xd4,474
0x15,0xd5,498
0x15,0xd6,508
0x15,0xd7,524
0x15,0xd8,518
0x15,0xd9,514
0x15,0xda,498
0x15,0xdb,514
0x15,0xdc,466
0x15,0xdd,522
0x15,0xde,488
0x15,0xdf,528
0x15,0xe0,516
0x15,0xe1,512
0x15,0xe2,506
0x15,0xe3,488
0x15,0xe4,510
0x15,0xe5,472
0x15,0xe6,512
0x15,0xe7,510
0x15,0xe8,514
0x15,0xe9,548
0x15,0xea,528
0x15,0xeb,518
0x15,0xec,600
0x15,0xed,526
0x15,0xee,556
0x15,0xef,520
0x15,0xf0,522
0x15,0xf1,520
0x15,0xf2,494
0x15,0xf3,508
0x15,0xf4,554
0x15,0xf5,468
0x15,0xf6,542
0x15,0xf7,526
0x15,0xf8,526
0x15,0xf9,474
0x15,0xfa,532
0x15,0xfb,504
0x15,0xfc,514
0x15,0xfd,582
0x15,0xfe,498
0x15,0xff,470
0x16,0x00,256
0x16,0x01,516
0x16,0x02,514
0x16,0x03,512
0x16,0x04,498
0x16,0x05,498
0x16,0x06,504
0x16,0x07,486
0x16,0x08,502
0x16,0x09,492
0x16,0x0a,548
0x16,0x0b,552
0x16,0x0c,490
0x16,0x0d,528
0x16,0x0e,510
0x16,0x0f,486
0x16,0x10,512
0x16,0x11,488
0x16,0x12,388
0x16,0x13,500
0x16,0x14,522
0x16,0x15,508
0x16,0x16,470
0x16,0x17,516
0x16,0x18,518
0x16,0x19,514
0x16,0x1a,516
0x16,0x1b,534
0x16,0x1c,494
0x16,0x1d,518
0x16,0x1e,486
0x16,0x1f,466
0x16,0x20,506
0x16,0x21,520
0x16,0x22,484
0x16,0x23,530
0x16,0x24,448
0x16,0x25,488
0x16,0x26,454
0x16,0x27,474
0x16,0x28,528
0x16,0x29,540
0x16,0x2a,490
0x16,0x2b,482
0x16,0x2c,516
0x16,0x2d,508
0x16,0x2e,508
0x16,0x2f,540
0x16,0x30,392
0x16,0x31,544
0x16,0x32,514
0x16,0x33,500
0x16,0x34,476
0x16,0x35,504
0x16,0x36,470
0x16,0x37,506
0x16,0x38,504
0x16,0x39,520
0x16,0x3a,526
0x16,0x3b,532
0x16,0x3c,510
0x16,0x3d,568
0x16,0x3e,558
0x16,0x3f,460
0x16,0x40,502
0x16,0x41,514
0x16,0x42,492
0x16,0x43,530
0x16,0x44,536
0x16,0x45,510
0x16,0x46,506
0x16,0x47,562
0x16,0x48,508
0x16,0x49,494
0x16,0x4a,512
0x16,0x4b,508
0x16,0x4c,504
0x16,0x4d,536
0x16,0x4e,512
0x16,0x4f,492
0x16,0x50,566
0x16,0x51,504
0x16,0x52,510
0x16,0x53,528
0x16,0x54,546
0x16,0x55,506
0x16,0x56,502
0x16,0x57,514
0x16,0x58,524
0x16,0x59,544
0x16,0x5a,502
0x16,0x5b,530
0x16,0x5c,504
0x16,0x5d,558
0x16,0x5e,532
0x16,0x5f,528
0x16,0x60,518
0x16,0x61,500
0x16,0x62,500
0x16,0x63,508
0x16,0x64,490
0x16,0x65,486
0x16,0x66,536
0x16,0x67,494
0x16,0x68,478
0x16,0x69,514
0x16,0x6a,502
0x16,0x6b,526
0x16,0x6c,496
0x16,0x6d,476
0x16,0x6e,558
0x16,0x6f,510
0x16,0x70,504
0x16,0x71,516
0x16,0x72,556
0x16,0x73,528
0x16,0x74,472
0x16,0x75,476
0x16,0x76,506
0x16,0x77,480
0x16,0x78,554
0x16,0x79,520
0x16,0x7a,508
0x16,0x7b,540
0x16,0x7c,502
0x16,0x7d,550
0x16,0x7e,508
0x16,0x7f,500
0x16,0x80,544
0x16,0x81,570
0x16,0x82,524
0x16,0x83,550
0x16,0x84,490
0x16,0x85,486
0x16,0x86,486
0x16,0x87,496
0x16,0x88,538
0x16,0x89,534
0x16,0x8a,472
0x16,0x8b,504
0x16,0x8c,554
0x16,0x8d,494
0x16,0x8e,524
0x16,0x8f,520
0x16,0x90,540
0x16,0x91,492
0x16,0x92,466
0x16,0x93,470
0x16,0x94,506
0x16,0x95,540
0x16,0x96,502
0x16,0x97,498
0x16,0x98,506
0x16,0x99,570
0x16,0x9a,512
0x16,0x9b,490
0x16,0x9c,498
0x16,0x9d,502
0x16,0x9e,540
0x16,0x9f,540
0x16,0xa0,462
0x16,0xa1,480
0x16,0xa2,488
0x16,0xa3,512
0x16,0xa4,504
0x16,0xa5,504
0x16,0xa6,612
0x16,0xa7,540
0x16,0xa8,534
0x16,0xa9,498
0x16,0xaa,534
0x16,0xab,510
0x16,0xac,504
0x16,0xad,510
0x16,0xae,524
0x16,0xaf,518
0x16,0xb0,514
0x16,0xb1,542
0x16,0xb2,502
0x16,0xb3,502
0x16,0xb4,526
0x16,0xb5,518
0x16,0xb6,526
0x16,0xb7,472
0x16,0xb8,546
0x16,0xb9,516
0x16,0xba,558
0x16,0xbb,484
0x16,0xbc,484
0x16,0xbd,508
0x16,0xbe,512
0x16,0xbf,526
0x16,0xc0,504
0x16,0xc1,542
0x16,0xc2,506
0x16,0xc3,514
0x16,0xc4,490
0x16,0xc5,508
0x16,0xc6,518
0x16,0xc7,508
0x16,0xc8,500
0x16,0xc9,530
0x16,0xca,480
0x16,0xcb,490
0x16,0xcc,502
0x16,0xcd,486
0x16,0xce,506
0x16,0xcf,522
0x16,0xd0,542
0x16,0xd1,522
0x16,0xd2,514
0x16,0xd3,488
0x16,0xd4,530
0x16,0xd5,532
0x16,0xd6,472
0x16,0xd7,560
0x16,0xd8,526
0x16,0xd9,510
0x16,0xda,496
0x16,0xdb,482
0x16,0xdc,504
0x16,0xdd,522
0x16,0xde,502
0x16,0xdf,536
0x16,0xe0,504
0x16,0xe1,470
0x16,0xe2,510
0x16,0xe3,532
0x16,0xe4,550
0x16,0xe5,492
0x16,0xe6,520
0x16,0xe7,480
0x16,0xe8,566
0x16,0xe9,534
0x16,0xea,534
0x16,0xeb,498
0x16,0xec,470
0x16,0xed,524
0x16,0xee,536
0x16,0xef,460
0x16,0xf0,498
0x16,0xf1,492
0x16,0xf2,510
0x16,0xf3,524
0x16,0xf4,494
0x16,0xf5,506
0x16,0xf6,498
0x16,0xf7,548
0x16,0xf8,500
0x16,0xf9,456
0x16,0xfa,540
0x16,0xfb,506
0x16,0xfc,490
0x16,0xfd,532
0x16,0xfe,500
0x16,0xff,536
0x17,0x00,256
0x17,0x01,598
0x17,0x02,546
0x17,0x03,492
0x17,0x04,564
0x17,0x05,516
0x17,0x06,478
0x17,0x07,500
0x17,0x08,562
0x17,0x09,498
0x17,0x0a,542
0x17,0x0b,554
0x17,0x0c,508
0x17,0x0d,532
0x17,0x0e,450
0x17,0x0f,508
0x17,0x10,532
0x17,0x11,528
0x17,0x12,414
0x17,0x13,520
0x17,0x14,528
0x17,0x15,484
0x17,0x16,550
0x17,0x17,520
0x17,0x18,510
0x17,0x19,498
0x17,0x1a,512
0x17,0x1b,532
0x17,0x1c,498
0x17,0x1d,484
0x17,0x1e,482
0x17,0x1f,514
0x17,0x20,568
0x17,0x21,494
0x17,0x22,720
0x17,0x23,526
0x17,0x24,526
0x17,0x25,512
0x17,0x26,562
0x17,0x27,498
0x17,0x28,474
0x17,0x29,578
0x17,0x2a,520
0x17,0x2b,526
0x17,0x2c,492
0x17,0x2d,506
0x17,0x2e,528
0x17,0x2f,482
0x17,0x30,516
0x17,0x31,524
0x17,0x32,512
0x17,0x33,514
0x17,0x34,474
0x17,0x35,482
0x17,0x36,468
0x17,0x37,528
0x17,0x38,496
0x17,0x39,528
0x17,0x3a,514
0x17,0x3b,506
0x17,0x3c,510
0x17,0x3d,498
0x17,0x3e,496
0x17,0x3f,492
0x17,0x40,494
0x17,0x41,530
0x17,0x42,492
0x17,0x43,518
0x17,0x44,530
0x17,0x45,540
0x17,0x46,494
0x17,0x47,508
0x17,0x48,530
0x17,0x49,492
0x17,0x4a,524
0x17,0x4b,508
0x17,0x4c,486
0x17,0x4d,580
0x17,0x4e,482
0x17,0x4f,534
0x17,0x50,490
0x17,0x51,538
0x17,0x52,508
0x17,0x53,482
0x17,0x54,526
0x17,0x55,558
0x17,0x56,490
0x17,0x57,542
0x17,0x58,530
0x17,0x59,526
0x17,0x5a,506
0x17,0x5b,486
0x17,0x5c,542
0x17,0x5d,520
0x17,0x5e,490
0x17,0x5f,506
0x17,0x60,490
0x17,0x61,504
0x17,0x62,504
0x17,0x63,522
0x17,0x64,482
0x17,0x65,540
0x17,0x66,504
0x17,0x67,504
0x17,0x68,522
0x17,0x69,544
0x17,0x6a,512
0x17,0x6b,550
0x17,0x6c,496
0x17,0x6d,502
0x17,0x6e,518
0x17,0x6f,504
0x17,0x70,504
0x17,0x71,534
0x17,0x72,508
0x17,0x73,514
0x17,0x74,552
0x17,0x75,500
0x17,0x76,552
0x17,0x77,546
0x17,0x78,514
0x17,0x79,478
0x17,0x7a,550
0x17,0x7b,550
0x17,0x7c,520
0x17,0x7d,524
0x17,0x7e,538
0x17,0x7f,498
0x17,0x80,478
0x17,0x81,478
0x17,0x82,498
0x17,0x83,492
0x17,0x84,536
0x17,0x85,524
0x17,0x86,518
0x17,0x87,546
0x17,0x88,536
0x17,0x89,492
0x17,0x8a,494
0x17,0x8b,498
0x17,0x8c,488
0x17,0x8d,494
0x17,0x8e,538
0x17,0x8f,548
0x17,0x90,506
0x17,0x91,530
0x17,0x92,604
0x17,0x93,500
0x17,0x94,494
0x17,0x95,544
0x17,0x96,540
0x17,0x97,512
0x17,0x98,502
0x17,0x99,532
0x17,0x9a,528
0x17,0x9b,486
0x17,0x9c,516
0x17,0x9d,502
0x17,0x9e,498
0x17,0x9f,492
0x17,0xa0,526
0x17,0xa1,528
0x17,0xa2,552
0x17,0xa3,520
0x17,0xa4,534
0x17,0xa5,496
0x17,0xa6,492
0x17,0xa7,466
0x17,0xa8,480
0x17,0xa9,510
0x17,0xaa,510
0x17,0xab,506
0x17,0xac,492
0x17,0xad,522
0x17,0xae,506
0x17,0xaf,506
0x17,0xb0,574
0x17,0xb1,498
0x17,0xb2,564
0x17,0xb3,476
0x17,0xb4,548
0x17,0xb5,508
0x17,0xb6,468
0x17,0xb7,468
0x17,0xb8,532
0x17,0xb9,520
0x17,0xba,564
0x17,0xbb,506
0x17,0xbc,532
0x17,0xbd,484
0x17,0xbe,512
0x17,0xbf,532
0x17,0xc0,498
0x17,0xc1,532
0x17,0xc2,528
0x17,0xc3,542
0x17,0xc4,500
0x17,0xc5,494
0x17,0xc6,480
0x17,0xc7,506
0x17,0xc8,476
0x17,0xc9,526
0x17,0xca,480
0x17,0xcb,546
0x17,0xcc,488
0x17,0xcd,514
0x17,0xce,502
0x17,0xcf,492
0x17,0xd0,500
0x17,0xd1,486
0x17,0xd2,500
0x17,0xd3,504
0x17,0xd4,464
0x17,0xd5,488
0x17,0xd6,468
0x17,0xd7,500
0x17,0xd8,498
0x17,0xd9,512
0x17,0xda,494
0x17,0xdb,544
0x17,0xdc,474
0x17,0xdd,512
0x17,0xde,550
0x17,0xdf,526
0x17,0xe0,472
0x17,0xe1,526
0x17,0xe2,508
0x17,0xe3,520
0x17,0xe4,532
0x17,0xe5,520
0x17,0xe6,516
0x17,0xe7,510
0x17,0xe8,476
0x17,0xe9,506
0x17,0xea,490
0x17,0xeb,546
0x17,0xec,500
0x17,0xed,536
0x17,0xee,524
0x17,0xef,526
0x17,0xf0,480
0x17,0xf1,508
0x17,0xf2,476
0x17,0xf3,494
0x17,0xf4,554
0x17,0xf5,508
0x17,0xf6,538
0x17,0xf7,546
0x17,0xf8,532
0x17,0xf9,506
0x17,0xfa,518
0x17,0xfb,536
0x17,0xfc,508
0x17,0xfd,584
0x17,0xfe,544
0x17,0xff,514
0x18,0x00,256
0x18,0x01,502
0x18,0x02,530
0x18,0x03,524
0x18,0x04,506
0x18,0x05,504
0x18,0x06,524
0x18,0x07,482
0x18,0x08,554
0x18,0x09,546
0x18,0x0a,494
0x18,0x0b,486
0x18,0x0c,520
0x18,0x0d,516
0x18,0x0e,510
0x18,0x0f,556
0x18,0x10,528
0x18,0x11,496
0x18,0x12,470
0x18,0x13,512
0x18,0x14,484
0x18,0x15,536
0x18,0x16,486
0x18,0x17,492
0x18,0x18,528
0x18,0x19,526
0x18,0x1a,524
0x18,0x1b,498
0x18,0x1c,502
0x18,0x1d,498
0x18,0x1e,524
0x18,0x1f,522
0x18,0x20,488
0x18,0x21,506
0x18,0x22,534
0x18,0x23,534
0x18,0x24,466
0x18,0x25,526
0x18,0x26,448
0x18,0x27,542
0x18,0x28,510
0x18,0x29,500
0x18,0x2a,512
0x18,0x2b,484
0x18,0x2c,522
0x18,0x2d,508
0x18,0x2e,498
0x18,0x2f,536
0x18,0x30,626
0x18,0x31,482
0x18,0x32,484
0x18,0x33,496
0x18,0x34,478
0x18,0x35,528
0x18,0x36,566
0x18,0x37,500
0x18,0x38,490
0x18,0x39,528
0x18,0x3a,484
0x18,0x3b,452
0x18,0x3c,508
0x18,0x3d,484
0x18,0x3e,520
0x18,0x3f,522
0x18,0x40,504
0x18,0x41,508
0x18,0x42,540
0x18,0x43,510
0x18,0x44,458
0x18,0x45,480
0x18,0x46,466
0x18,0x47,530
0x18,0x48,494
0x18,0x49,528
0x18,0x4a,504
0x18,0x4b,518
0x18,0x4c,502
0x18,0x4d,506
0x18,0x4e,500
0x18,0x4f,496
0x18,0x50,538
0x18,0x51,500
0x18,0x52,518
0x18,0x53,548
0x18,0x54,518
0x18,0x55,468
0x18,0x56,546
0x18,0x57,494
0x18,0x58,512
0x18,0x59,516
0x18,0x5a,492
0x18,0x5b,530
0x18,0x5c,526
0x18,0x5d,482
0x18,0x5e,482
0x18,0x5f,496
0x18,0x60,514
0x18,0x61,570
0x18,0x62,538
0x18,0x63,546
0x18,0x64,504
0x18,0x65,506
0x18,0x66,522
0x18,0x67,506
0x18,0x68,496
0x18,0x69,550
0x18,0x6a,490
0x18,0x6b,484
0x18,0x6c,480
0x18,0x6d,490
0x18,0x6e,512
0x18,0x6f,504
0x18,0x70,514
0x18,0x71,516
0x18,0x72,548
0x18,0x73,456
0x18,0x74,486
0x18,0x75,508
0x18,0x76,526
0x18,0x77,524
0x18,0x78,514
0x18,0x79,502
0x18,0x7a,536
0x18,0x7b,504
0x18,0x7c,462
0x18,0x7d,518
0x18,0x7e,556
0x18,0x7f,498
0x18,0x80,496
0x18,0x81,480
0x18,0x82,534
0x18,0x83,494
0x18,0x84,538
0x18,0x85,530
0x18,0x86,498
0x18,0x87,516
0x18,0x88,472
0x18,0x89,490
0x18,0x8a,528
0x18,0x8b,502
0x18,0x8c,508
0x18,0x8d,514
0x18,0x8e,468
0x18,0x8f,502
0x18,0x90,542
0x18,0x91,490
0x18,0x92,498
0x18,0x93,654
0x18,0x94,568
0x18,0x95,550
0x18,0x96,508
0x18,0x97,508
0x18,0x98,468
0x18,0x99,510
0x18,0x9a,516
0x18,0x9b,492
0x18,0x9c,538
0x18,0x9d,526
0x18,0x9e,546
0x18,0x9f,540
0x18,0xa0,574
0x18,0xa1,530
0x18,0xa2,472
0x18,0xa3,536
0x18,0xa4,500
0x18,0xa5,494
0x18,0xa6,504
0x18,0xa7,474
0x18,0xa8,528
0x18,0xa9,484
0x18,0xaa,508
0x18,0xab,530
0x18,0xac,496
0x18,0xad,524
0x18,0xae,494
0x18,0xaf,534
0x18,0xb0,514
0x18,0xb1,514
0x18,0xb2,494
0x18,0xb3,550
0x18,0xb4,524
0x18,0xb5,558
0x18,0xb6,484
0x18,0xb7,496
0x18,0xb8,482
0x18,0xb9,526
0x18,0xba,550
0x18,0xbb,518
0x18,0xbc,558
0x18,0xbd,472
0x18,0xbe,504
0x18,0xbf,554
0x18,0xc0,510
0x18,0xc1,508
0x18,0xc2,484
0x18,0xc3,492
0x18,0xc4,454
0x18,0xc5,506
0x18,0xc6,494
0x18,0xc7,494
0x18,0xc8,504
0x18,0xc9,514
0x18,0xca,564
0x18,0xcb,492
0x18,0xcc,528
0x18,0xcd,534
0x18,0xce,508
0x18,0xcf,510
0x18,0xd0,512
0x18,0xd1,484
0x18,0xd2,494
0x18,0xd3,468
0x18,0xd4,486
0x18,0xd5,500
0x18,0xd6,526
0x18,0xd7,510
0x18,0xd8,536
0x18,0xd9,500
0x18,0xda,486
0x18,0xdb,564
0x18,0xdc,510
0x18,0xdd,484
0x18,0xde,572
0x18,0xdf,508
0x18,0xe0,492
0x18,0xe1,488
0x18,0xe2,490
0x18,0xe3,466
0x18,0xe4,524
0x18,0xe5,486
0x18,0xe6,488
0x18,0xe7,574
0x18,0xe8,524
0x18,0xe9,476
0x18,0xea,528
0x18,0xeb,482
0x18,0xec,504
0x18,0xed,534
0x18,0xee,506
0x18,0xef,490
0x18,0xf0,490
0x18,0xf1,538
0x18,0xf2,504
0x18,0xf3,468
0x18,0xf4,534
0x18,0xf5,504
0x18,0xf6,510
0x18,0xf7,520
0x18,0xf8,484
0x18,0xf9,570
0x18,0xfa,522
0x18,0xfb,550
0x18,0xfc,496
0x18,0xfd,512
0x18,0xfe,478
0x18,0xff,468
0x19,0x00,256
0x19,0x01,574
0x19,0x02,496
0x19,0x03,534
0x19,0x04,500
0x19,0x05,468
0x19,0x06,514
0x19,0x07,486
0x19,0x08,482
0x19,0x09,540
0x19,0x0a,558
0x19,0x0b,480
0x19,0x0c,512
0x19,0x0d,534
0x19,0x0e,572
0x19,0x0f,488
0x19,0x10,490
0x19,0x11,512
0x19,0x12,536
0x19,0x13,530
0x19,0x14,520
0x19,0x15,534
0x19,0x16,470
0x19,0x17,536
0x19,0x18,502
0x19,0x19,488
0x19,0x1a,510
0x19,0x1b,560
0x19,0x1c,462
0x19,0x1d,508
0x19,0x1e,504
0x19,0x1f,478
0x19,0x20,516
0x19,0x21,514
0x19,0x22,476
0x19,0x23,490
0x19,0x24,828
0x19,0x25,500
0x19,0x26,574
0x19,0x27,570
0x19,0x28,536
0x19,0x29,480
0x19,0x2a,504
0x19,0x2b,488
0x19,0x2c,510
0x19,0x2d,530
0x19,0x2e,500
0x19,0x2f,488
0x19,0x30,464
0x19,0x31,500
0x19,0x32,486
0x19,0x33,500
0x19,0x34,506
0x19,0x35,538
0x19,0x36,528
0x19,0x37,538
0x19,0x38,484
0x19,0x39,570
0x19,0x3a,508
0x19,0x3b,502
0x19,0x3c,508
0x19,0x3d,512
0x19,0x3e,516
0x19,0x3f,506
0x19,0x40,520
0x19,0x41,528
0x19,0x42,522
0x19,0x43,556
0x19,0x44,518
0x19,0x45,516
0x19,0x46,530
0x19,0x47,540
0x19,0x48,518
0x19,0x49,510
0x19,0x4a,504
0x19,0x4b,542
0x19,0x4c,494
0x19,0x4d,506
0x19,0x4e,514
0x19,0x4f,506
0x19,0x50,510
0x19,0x51,524
0x19,0x52,496
0x19,0x53,540
0x19,0x54,484
0x19,0x55,502
0x19,0x56,510
0x19,0x57,512
0x19,0x58,522
0x19,0x59,500
0x19,0x5a,478
0x19,0x5b,534
0x19,0x5c,532
0x19,0x5d,540
0x19,0x5e,504
0x19,0x5f,530
0x19,0x60,516
0x19,0x61,532
0x19,0x62,512
0x19,0x63,546
0x19,0x64,504
0x19,0x65,506
0x19,0x66,526
0x19,0x67,516
0x19,0x68,516
0x19,0x69,512
0x19,0x6a,490
0x19,0x6b,488
0x19,0x6c,476
0x19,0x6d,522
0x19,0x6e,520
0x19,0x6f,516
0x19,0x70,522
0x19,0x71,532
0x19,0x72,474
0x19,0x73,526
0x19,0x74,524
0x19,0x75,492
0x19,0x76,550
0x19,0x77,504
0x19,0x78,520
0x19,0x79,484
0x19,0x7a,508
0x19,0x7b,524
0x19,0x7c,494
0x19,0x7d,534
0x19,0x7e,480
0x19,0x7f,480
0x19,0x80,536
0x19,0x81,500
0x19,0x82,488
0x19,0x83,526
0x19,0x84,530
0x19,0x85,522
0x19,0x86,504
0x19,0x87,488
0x19,0x88,504
0x19,0x89,514
0x19,0x8a,510
0x19,0x8b,542
0x19,0x8c,484
0x19,0x8d,528
0x19,0x8e,490
0x19,0x8f,532
0x19,0x90,534
0x19,0x91,504
0x19,0x92,490
0x19,0x93,552
0x19,0x94,496
0x19,0x95,498
0x19,0x96,498
0x19,0x97,492
0x19,0x98,472
0x19,0x99,508
0x19,0x9a,468
0x19,0x9b,496
0x19,0x9c,508
0x19,0x9d,466
0x19,0x9e,478
0x19,0x9f,514
0x19,0xa0,466
0x19,0xa1,510
0x19,0xa2,484
0x19,0xa3,494
0x19,0xa4,488
0x19,0xa5,500
0x19,0xa6,504
0x19,0xa7,502
0x19,0xa8,494
0x19,0xa9,476
0x19,0xaa,476
0x19,0xab,524
0x19,0xac,564
0x19,0xad,484
0x19,0xae,518
0x19,0xaf,524
0x19,0xb0,476
0x19,0xb1,514
0x19,0xb2,496
0x19,0xb3,506
0x19,0xb4,490
0x19,0xb5,518
0x19,0xb6,498
0x19,0xb7,538
0x19,0xb8,536
0x19,0xb9,488
0x19,0xba,484
0x19,0xbb,502
0x19,0xbc,482
0x19,0xbd,508
0x19,0xbe,514
0x19,0xbf,518
0x19,0xc0,490
0x19,0xc1,566
0x19,0xc2,584
0x19,0xc3,470
0x19,0xc4,518
0x19,0xc5,502
0x19,0xc6,522
0x19,0xc7,498
0x19,0xc8,532
0x19,0xc9,538
0x19,0xca,510
0x19,0xcb,532
0x19,0xcc,490
0x19,0xcd,538
0x19,0xce,504
0x19,0xcf,496
0x19,0xd0,530
0x19,0xd1,474
0x19,0xd2,540
0x19,0xd3,516
0x19,0xd4,508
0x19,0xd5,504
0x19,0xd6,528
0x19,0xd7,456
0x19,0xd8,516
0x19,0xd9,490
0x19,0xda,500
0x19,0xdb,524
0x19,0xdc,508
0x19,0xdd,506
0x19,0xde,518
0x19,0xdf,544
0x19,0xe0,508
0x19,0xe1,562
0x19,0xe2,558
0x19,0xe3,534
0x19,0xe4,474
0x19,0xe5,522
0x19,0xe6,512
0x19,0xe7,526
0x19,0xe8,490
0x19,0xe9,468
0x19,0xea,492
0x19,0xeb,490
0x19,0xec,508
0x19,0xed,500
0x19,0xee,526
0x19,0xef,460
0x19,0xf0,534
0x19,0xf1,514
0x19,0xf2,478
0x19,0xf3,492
0x19,0xf4,516
0x19,0xf5,510
0x19,0xf6,530
0x19,0xf7,490
0x19,0xf8,520
0x19,0xf9,502
0x19,0xfa,550
0x19,0xfb,536
0x19,0xfc,508
0x19,0xfd,514
0x19,0xfe,514
0x19,0xff,514
0x1a,0x00,256
0x1a,0x01,554
0x1a,0x02,496
0x1a,0x03,518
0x1a,0x04,524
0x1a,0x05,552
0x1a,0x06,478
0x1a,0x07,514
0x1a,0x08,494
0x1a,0x09,476
0x1a,0x0a,530
0x1a,0x0b,520
0x1a,0x0c,500
0x1a,0x0d,534
0x1a,0x0e,470
0x1a,0x0f,516
0x1a,0x10,498
0x1a,0x11,536
0x1a,0x12,434
0x1a,0x13,514
0x1a,0x14,492
0x1a,0x15,498
0x1a,0x16,550
0x1a,0x17,502
0x1a,0x18,510
0x1a,0x19,570
0x1a,0x1a,504
0x1a,0x1b,536
0x1a,0x1c,522
0x1a,0x1d,490
0x1a,0x1e,462
0x1a,0x1f,502
0x1a,0x20,510
0x1a,0x21,486
0x1a,0x22,520
0x1a,0x23,522
0x1a,0x24,450
0x1a,0x25,490
0x1a,0x26,400
0x1a,0x27,502
0x1a,0x28,524
0x1a,0x29,510
0x1a,0x2a,506
0x1a,0x2b,522
0x1a,0x2c,518
0x1a,0x2d,476
0x1a,0x2e,538
0x1a,0x2f,552
0x1a,0x30,440
0x1a,0x31,508
0x1a,0x32,526
0x1a,0x33,482
0x1a,0x34,474
0x1a,0x35,540
0x1a,0x36,470
0x1a,0x37,538
0x1a,0x38,488
0x1a,0x39,506
0x1a,0x3a,464
0x1a,0x3b,480
0x1a,0x3c,546
0x1a,0x3d,486
0x1a,0x3e,564
0x1a,0x3f,498
0x1a,0x40,486
0x1a,0x41,520
0x1a,0x42,546
0x1a,0x43,510
0x1a,0x44,480
0x1a,0x45,506
0x1a,0x46,494
0x1a,0x47,482
0x1a,0x48,500
0x1a,0x49,512
0x1a,0x4a,494
0x1a,0x4b,530
0x1a,0x4c,466
0x1a,0x4d,468
0x1a,0x4e,478
0x1a,0x4f,610
0x1a,0x50,462
0x1a,0x51,468
0x1a,0x52,492
0x1a,0x53,454
0x1a,0x54,516
0x1a,0x55,498
0x1a,0x56,502
0x1a,0x57,538
0x1a,0x58,506
0x1a,0x59,508
0x1a,0x5a,502
0x1a,0x5b,518
0x1a,0x5c,520
0x1a,0x5d,528
0x1a,0x5e,538
0x1a,0x5f,548
0x1a,0x60,504
0x1a,0x61,486
0x1a,0x62,534
0x1a,0x63,480
0x1a,0x64,518
0x1a,0x65,542
0x1a,0x66,528
0x1a,0x67,512
0x1a,0x68,474
0x1a,0x69,480
0x1a,0x6a,512
0x1a,0x6b,486
0x1a,0x6c,520
0x1a,0x6d,556
0x1a,0x6e,468
0x1a,0x6f,544
0x1a,0x70,494
0x1a,0x71,484
0x1a,0x72,512
0x1a,0x73,476
0x1a,0x74,524
0x1a,0x75,528
0x1a,0x76,510
0x1a,0x77,538
0x1a,0x78,518
0x1a,0x79,498
0x1a,0x7a,518
0x1a,0x7b,502
0x1a,0x7c,520
0x1a,0x7d,506
0x1a,0x7e,514
0x1a,0x7f,478
0x1a,0x80,516
0x1a,0x81,492
0x1a,0x82,474
0x1a,0x83,524
0x1a,0x84,524
0x1a,0x85,502
0x1a,0x86,480
0x1a,0x87,498
0x1a,0x88,478
0x1a,0x89,504
0x1a,0x8a,512
0x1a,0x8b,524
0x1a,0x8c,492
0x1a,0x8d,498
0x1a,0x8e,492
0x1a,0x8f,510
0x1a,0x90,488
0x1a,0x91,482
0x1a,0x92,606
0x1a,0x93,492
0x1a,0x94,514
0x1a,0x95,486
0x1a,0x96,492
0x1a,0x97,500
0x1a,0x98,500
0x1a,0x99,516
0x1a,0x9a,510
0x1a,0x9b,500
0x1a,0x9c,522
0x1a,0x9d,504
0x1a,0x9e,500
0x1a,0x9f,490
0x1a,0xa0,518
0x1a,0xa1,466
0x1a,0xa2,482
0x1a,0xa3,450
0x1a,0xa4,520
0x1a,0xa5,534
0x1a,0xa6,506
0x1a,0xa7,528
0x1a,0xa8,514
0x1a,0xa9,472
0x1a,0xaa,494
0x1a,0xab,492
0x1a,0xac,530
0x1a,0xad,508
0x1a,0xae,500
0x1a,0xaf,502
0x1a,0xb0,524
0x1a,0xb1,494
0x1a,0xb2,500
0x1a,0xb3,510
0x1a,0xb4,512
0x1a,0xb5,518
0x1a,0xb6,484
0x1a,0xb7,486
0x1a,0xb8,494
0x1a,0xb9,460
0x1a,0xba,498
0x1a,0xbb,514
0x1a,0xbc,506
0x1a,0xbd,530
0x1a,0xbe,532
0x1a,0xbf,512
0x1a,0xc0,486
0x1a,0xc1,516
0x1a,0xc2,540
0x1a,0xc3,516
0x1a,0xc4,520
0x1a,0xc5,500
0x1a,0xc6,470
0x1a,0xc7,516
0x1a,0xc8,540
0x1a,0xc9,510
0x1a,0xca,530
0x1a,0xcb,516
0x1a,0xcc,534
0x1a,0xcd,544
0x1a,0xce,552
0x1a,0xcf,546
0x1a,0xd0,500
0x1a,0xd1,494
0x1a,0xd2,480
0x1a,0xd3,504
0x1a,0xd4,486
0x1a,0xd5,482
0x1a,0xd6,576
0x1a,0xd7,482
0x1a,0xd8,504
0x1a,0xd9,506
0x1a,0xda,522
0x1a,0xdb,492
0x1a,0xdc,520
0x1a,0xdd,492
0x1a,0xde,510
0x1a,0xdf,566
0x1a,0xe0,508
0x1a,0xe1,468
0x1a,0xe2,520
0x1a,0xe3,568
0x1a,0xe4,530
0x1a,0xe5,490
0x1a,0xe6,528
0x1a,0xe7,518
0x1a,0xe8,518
0x1a,0xe9,514
0x1a,0xea,498
0x1a,0xeb,516
0x1a,0xec,426
0x1a,0xed,504
0x1a,0xee,492
0x1a,0xef,504
0x1a,0xf0,526
0x1a,0xf1,514
0x1a,0xf2,472
0x1a,0xf3,538
0x1a,0xf4,562
0x1a,0xf5,468
0x1a,0xf6,514
0x1a,0xf7,490
0x1a,0xf8,496
0x1a,0xf9,538
0x1a,0xfa,490
0x1a,0xfb,510
0x1a,0xfc,488
0x1a,0xfd,504
0x1a,0xfe,522
0x1a,0xff,494
0x1b,0x00,256
0x1b,0x01,504
0x1b,0x02,548
0x1b,0x03,530
0x1b,0x04,586
0x1b,0x05,520
0x1b,0x06,540
0x1b,0x07,532
0x1b,0x08,520
0x1b,0x09,512
0x1b,0x0a,610
0x1b,0x0b,536
0x1b,0x0c,512
0x1b,0x0d,486
0x1b,0x0e,520
0x1b,0x0f,506
0x1b,0x10,578
0x1b,0x11,496
0x1b,0x12,462
0x1b,0x13,486
0x1b,0x14,482
0x1b,0x15,480
0x1b,0x16,480
0x1b,0x17,542
0x1b,0x18,492
0x1b,0x19,498
0x1b,0x1a,534
0x1b,0x1b,514
0x1b,0x1c,518
0x1b,0x1d,534
0x1b,0x1e,532
0x1b,0x1f,516
0x1b,0x20,516
0x1b,0x21,542
0x1b,0x22,676
0x1b,0x23,488
0x1b,0x24,406
0x1b,0x25,508
0x1b,0x26,754
0x1b,0x27,540
0x1b,0x28,496
0x1b,0x29,514
0x1b,0x2a,510
0x1b,0x2b,518
0x1b,0x2c,506
0x1b,0x2d,480
0x1b,0x2e,538
0x1b,0x2f,500
0x1b,0x30,446
0x1b,0x31,524
0x1b,0x32,522
0x1b,0x33,488
0x1b,0x34,598
0x1b,0x35,548
0x1b,0x36,562
0x1b,0x37,494
0x1b,0x38,492
0x1b,0x39,516
0x1b,0x3a,504
0x1b,0x3b,502
0x1b,0x3c,552
0x1b,0x3d,536
0x1b,0x3e,526
0x1b,0x3f,502
0x1b,0x40,514
0x1b,0x41,496
0x1b,0x42,532
0x1b,0x43,504
0x1b,0x44,476
0x1b,0x45,542
0x1b,0x46,496
0x1b,0x47,512
0x1b,0x48,494
0x1b,0x49,492
0x1b,0x4a,492
0x1b,0x4b,556
0x1b,0x4c,528
0x1b,0x4d,500
0x1b,0x4e,482
0x1b,0x4f,474
0x1b,0x50,508
0x1b,0x51,520
0x1b,0x52,522
0x1b,0x53,506
0x1b,0x54,492
0x1b,0x55,512
0x1b,0x56,534
0x1b,0x57,508
0x1b,0x58,538
0x1b,0x59,550
0x1b,0x5a,458
0x1b,0x5b,508
0x1b,0x5c,498
0x1b,0x5d,528
0x1b,0x5e,470
0x1b,0x5f,532
0x1b,0x60,500
0x1b,0x61,498
0x1b,0x62,482
0x1b,0x63,538
0x1b,0x64,494
0x1b,0x65,584
0x1b,0x66,508
0x1b,0x67,492
0x1b,0x68,454
0x1b,0x69,488
0x1b,0x6a,492
0x1b,0x6b,484
0x1b,0x6c,524
0x1b,0x6d,532
0x1b,0x6e,504
0x1b,0x6f,516
0x1b,0x70,536
0x1b,0x71,522
0x1b,0x72,516
0x1b,0x73,496
0x1b,0x74,544
0x1b,0x75,528
0x1b,0x76,522
0x1b,0x77,510
0x1b,0x78,494
0x1b,0x79,530
0x1b,0x7a,524
0x1b,0x7b,516
0x1b,0x7c,530
0x1b,0x7d,482
0x1b,0x7e,540
0x1b,0x7f,506
0x1b,0x80,492
0x1b,0x81,504
0x1b,0x82,504
0x1b,0x83,500
0x1b,0x84,520
0x1b,0x85,522
0x1b,0x86,480
0x1b,0x87,498
0x1b,0x88,478
0x1b,0x89,498
0x1b,0x8a,526
0x1b,0x8b,516
0x1b,0x8c,534
0x1b,0x8d,496
0x1b,0x8e,490
0x1b,0x8f,514
0x1b,0x90,556
0x1b,0x91,500
0x1b,0x92,486
0x1b,0x93,532
0x1b,0x94,498
0x1b,0x95,510
0x1b,0x96,508
0x1b,0x97,486
0x1b,0x98,474
0x1b,0x99,532
0x1b,0x9a,536
0x1b,0x9b,518
0x1b,0x9c,510
0x1b,0x9d,522
0x1b,0x9e,502
0x1b,0x9f,494
0x1b,0xa0,502
0x1b,0xa1,492
0x1b,0xa2,522
0x1b,0xa3,530
0x1b,0xa4,462
0x1b,0xa5,530
0x1b,0xa6,502
0x1b,0xa7,522
0x1b,0xa8,552
0x1b,0xa9,482
0x1b,0xaa,510
0x1b,0xab,522
0x1b,0xac,536
0x1b,0xad,514
0x1b,0xae,520
0x1b,0xaf,538
0x1b,0xb0,536
0x1b,0xb1,502
0x1b,0xb2,524
0x1b,0xb3,480
0x1b,0xb4,504
0x1b,0xb5,476
0x1b,0xb6,532
0x1b,0xb7,502
0x1b,0xb8,496
0x1b,0xb9,514
0x1b,0xba,510
0x1b,0xbb,500
0x1b,0xbc,490
0x1b,0xbd,516
0x1b,0xbe,528
0x1b,0xbf,516
0x1b,0xc0,492
0x1b,0xc1,510
0x1b,0xc2,510
0x1b,0xc3,466
0x1b,0xc4,536
0x1b,0xc5,526
0x1b,0xc6,506
0x1b,0xc7,522
0x1b,0xc8,550
0x1b,0xc9,502
0x1b,0xca,554
0x1b,0xcb,532
0x1b,0xcc,544
0x1b,0xcd,478
0x1b,0xce,506
0x1b,0xcf,510
0x1b,0xd0,576
0x1b,0xd1,538
0x1b,0xd2,520
0x1b,0xd3,530
0x1b,0xd4,518
0x1b,0xd5,564
0x1b,0xd6,502
0x1b,0xd7,542
0x1b,0xd8,524
0x1b,0xd9,502
0x1b,0xda,540
0x1b,0xdb,500
0x1b,0xdc,518
0x1b,0xdd,468
0x1b,0xde,528
0x1b,0xdf,490
0x1b,0xe0,528
0x1b,0xe1,484
0x1b,0xe2,542
0x1b,0xe3,524
0x1b,0xe4,478
0x1b,0xe5,488
0x1b,0xe6,522
0x1b,0xe7,502
0x1b,0xe8,518
0x1b,0xe9,508
0x1b,0xea,554
0x1b,0xeb,512
0x1b,0xec,506
0x1b,0xed,508
0x1b,0xee,510
0x1b,0xef,500
0x1b,0xf0,512
0x1b,0xf1,532
0x1b,0xf2,484
0x1b,0xf3,496
0x1b,0xf4,514
0x1b,0xf5,528
0x1b,0xf6,530
0x1b,0xf7,490
0x1b,0xf8,480
0x1b,0xf9,508
0x1b,0xfa,518
0x1b,0xfb,514
0x1b,0xfc,520
0x1b,0xfd,522
0x1b,0xfe,532
0x1b,0xff,544
0x1c,0x00,256
0x1c,0x01,496
0x1c,0x02,460
0x1c,0x03,488
0x1c,0x04,476
0x1c,0x05,538
0x1c,0x06,526
0x1c,0x07,534
0x1c,0x08,482
0x1c,0x09,462
0x1c,0x0a,552
0x1c,0x0b,548
0x1c,0x0c,506
0x1c,0x0d,508
0x1c,0x0e,504
0x1c,0x0f,518
0x1c,0x10,504
0x1c,0x11,504
0x1c,0x12,460
0x1c,0x13,476
0x1c,0x14,654
0x1c,0x15,570
0x1c,0x16,476
0x1c,0x17,544
0x1c,0x18,522
0x1c,0x19,498
0x1c,0x1a,504
0x1c,0x1b,530
0x1c,0x1c,546
0x1c,0x1d,498
0x1c,0x1e,542
0x1c,0x1f,486
0x1c,0x20,518
0x1c,0x21,462
0x1c,0x22,458
0x1c,0x23,498
0x1c,0x24,616
0x1c,0x25,512
0x1c,0x26,434
0x1c,0x27,524
0x1c,0x28,486
0x1c,0x29,488
0x1c,0x2a,520
0x1c,0x2b,506
0x1c,0x2c,526
0x1c,0x2d,518
0x1c,0x2e,560
0x1c,0x2f,496
0x1c,0x30,466
0x1c,0x31,502
0x1c,0x32,482
0x1c,0x33,486
0x1c,0x34,480
0x1c,0x35,494
0x1c,0x36,464
0x1c,0x37,512
0x1c,0x38,478
0x1c,0x39,480
0x1c,0x3a,526
0x1c,0x3b,500
0x1c,0x3c,522
0x1c,0x3d,474
0x1c,0x3e,502
0x1c,0x3f,566
0x1c,0x40,488
0x1c,0x41,546
0x1c,0x42,522
0x1c,0x43,502
0x1c,0x44,532
0x1c,0x45,510
0x1c,0x46,466
0x1c,0x47,486
0x1c,0x48,512
0x1c,0x49,488
0x1c,0x4a,482
0x1c,0x4b,474
0x1c,0x4c,528
0x1c,0x4d,494
0x1c,0x4e,512
0x1c,0x4f,542
0x1c,0x50,540
0x1c,0x51,536
0x1c,0x52,518
0x1c,0x53,536
0x1c,0x54,524
0x1c,0x55,484
0x1c,0x56,536
0x1c,0x57,486
0x1c,0x58,492
0x1c,0x59,488
0x1c,0x5a,504
0x1c,0x5b,552
0x1c,0x5c,484
0x1c,0x5d,530
0x1c,0x5e,552
0x1c,0x5f,488
0x1c,0x60,568
0x1c,0x61,554
0x1c,0x62,526
0x1c,0x63,504
0x1c,0x64,552
0x1c,0x65,518
0x1c,0x66,482
0x1c,0x67,500
0x1c,0x68,550
0x1c,0x69,496
0x1c,0x6a,562
0x1c,0x6b,654
0x1c,0x6c,510
0x1c,0x6d,462
0x1c,0x6e,506
0x1c,0x6f,520
0x1c,0x70,486
0x1c,0x71,506
0x1c,0x72,524
0x1c,0x73,490
0x1c,0x74,482
0x1c,0x75,546
0x1c,0x76,528
0x1c,0x77,538
0x1c,0x78,498
0x1c,0x79,518
0x1c,0x7a,526
0x1c,0x7b,496
0x1c,0x7c,508
0x1c,0x7d,514
0x1c,0x7e,512
0x1c,0x7f,526
0x1c,0x80,496
0x1c,0x81,526
0x1c,0x82,586
0x1c,0x83,488
0x1c,0x84,512
0x1c,0x85,534
0x1c,0x86,554
0x1c,0x87,494
0x1c,0x88,512
0x1c,0x89,508
0x1c,0x8a,526
0x1c,0x8b,514
0x1c,0x8c,530
0x1c,0x8d,502
0x1c,0x8e,542
0x1c,0x8f,524
0x1c,0x90,536
0x1c,0x91,498
0x1c,0x92,474
0x1c,0x93,534
0x1c,0x94,502
0x1c,0x95,504
0x1c,0x96,504
0x1c,0x97,496
0x1c,0x98,588
0x1c,0x99,540
0x1c,0x9a,498
0x1c,0x9b,476
0x1c,0x9c,512
0x1c,0x9d,490
0x1c,0x9e,504
0x1c,0x9f,488
0x1c,0xa0,484
0x1c,0xa1,522
0x1c,0xa2,504
0x1c,0xa3,546
0x1c,0xa4,548
0x1c,0xa5,544
0x1c,0xa6,502
0x1c,0xa7,488
0x1c,0xa8,568
0x1c,0xa9,494
0x1c,0xaa,540
0x1c,0xab,540
0x1c,0xac,488
0x1c,0xad,484
0x1c,0xae,494
0x1c,0xaf,484
0x1c,0xb0,502
0x1c,0xb1,492
0x1c,0xb2,534
0x1c,0xb3,512
0x1c,0xb4,530
0x1c,0xb5,516
0x1c,0xb6,662
0x1c,0xb7,500
0x1c,0xb8,504
0x1c,0xb9,510
0x1c,0xba,508
0x1c,0xbb,516
0x1c,0xbc,550
0x1c,0xbd,538
0x1c,0xbe,524
0x1c,0xbf,556
0x1c,0xc0,504
0x1c,0xc1,464
0x1c,0xc2,566
0x1c,0xc3,496
0x1c,0xc4,550
0x1c,0xc5,508
0x1c,0xc6,554
0x1c,0xc7,488
0x1c,0xc8,498
0x1c,0xc9,560
0x1c,0xca,512
0x1c,0xcb,478
0x1c,0xcc,552
0x1c,0xcd,536
0x1c,0xce,480
0x1c,0xcf,552
0x1c,0xd0,486
0x1c,0xd1,532
0x1c,0xd2,512
0x1c,0xd3,516
0x1c,0xd4,498
0x1c,0xd5,510
0x1c,0xd6,556
0x1c,0xd7,556
0x1c,0xd8,466
0x1c,0xd9,524
0x1c,0xda,494
0x1c,0xdb,550
0x1c,0xdc,620
0x1c,0xdd,624
0x1c,0xde,548
0x1c,0xdf,482
0x1c,0xe0,542
0x1c,0xe1,548
0x1c,0xe2,524
0x1c,0xe3,538
0x1c,0xe4,510
0x1c,0xe5,492
0x1c,0xe6,534
0x1c,0xe7,472
0x1c,0xe8,500
0x1c,0xe9,528
0x1c,0xea,550
0x1c,0xeb,518
0x1c,0xec,524
0x1c,0xed,506
0x1c,0xee,494
0x1c,0xef,496
0x1c,0xf0,522
0x1c,0xf1,494
0x1c,0xf2,512
0x1c,0xf3,582
0x1c,0xf4,462
0x1c,0xf5,524
0x1c,0xf6,522
0x1c,0xf7,506
0x1c,0xf8,554
0x1c,0xf9,482
0x1c,0xfa,518
0x1c,0xfb,510
0x1c,0xfc,520
0x1c,0xfd,534
0x1c,0xfe,510
0x1c,0xff,484
0x1d,0x00,256
0x1d,0x01,594
0x1d,0x02,450
0x1d,0x03,480
0x1d,0x04,528
0x1d,0x05,494
0x1d,0x06,502
0x1d,0x07,516
0x1d,0x08,490
0x1d,0x09,486
0x1d,0x0a,502
0x1d,0x0b,526
0x1d,0x0c,496
0x1d,0x0d,462
0x1d,0x0e,552
0x1d,0x0f,530
0x1d,0x10,504
0x1d,0x11,512
0x1d,0x12,410
0x1d,0x13,488
0x1d,0x14,542
0x1d,0x15,498
0x1d,0x16,686
0x1d,0x17,546
0x1d,0x18,510
0x1d,0x19,452
0x1d,0x1a,488
0x1d,0x1b,510
0x1d,0x1c,534
0x1d,0x1d,540
0x1d,0x1e,464
0x1d,0x1f,512
0x1d,0x20,488
0x1d,0x21,510
0x1d,0x22,468
0x1d,0x23,546
0x1d,0x24,478
0x1d,0x25,490
0x1d,0x26,382
0x1d,0x27,482
0x1d,0x28,526
0x1d,0x29,470
0x1d,0x2a,554
0x1d,0x2b,486
0x1d,0x2c,466
0x1d,0x2d,476
0x1d,0x2e,516
0x1d,0x2f,490
0x1d,0x30,1246
0x1d,0x31,580
0x1d,0x32,542
0x1d,0x33,540
0x1d,0x34,448
0x1d,0x35,572
0x1d,0x36,470
0x1d,0x37,500
0x1d,0x38,554
0x1d,0x39,502
0x1d,0x3a,566
0x1d,0x3b,502
0x1d,0x3c,480
0x1d,0x3d,444
0x1d,0x3e,504
0x1d,0x3f,510
0x1d,0x40,546
0x1d,0x41,506
0x1d,0x42,538
0x1d,0x43,492
0x1d,0x44,572
0x1d,0x45,530
0x1d,0x46,474
0x1d,0x47,488
0x1d,0x48,506
0x1d,0x49,524
0x1d,0x4a,508
0x1d,0x4b,512
0x1d,0x4c,516
0x1d,0x4d,472
0x1d,0x4e,476
0x1d,0x4f,588
0x1d,0x50,512
0x1d,0x51,504
0x1d,0x52,548
0x1d,0x53,488
0x1d,0x54,516
0x1d,0x55,504
0x1d,0x56,508
0x1d,0x57,502
0x1d,0x58,546
0x1d,0x59,486
0x1d,0x5a,474
0x1d,0x5b,436
0x1d,0x5c,458
0x1d,0x5d,500
0x1d,0x5e,556
0x1d,0x5f,508
0x1d,0x60,530
0x1d,0x61,514
0x1d,0x62,478
0x1d,0x63,496
0x1d,0x64,510
0x1d,0x65,490
0x1d,0x66,520
0x1d,0x67,482
0x1d,0x68,520
0x1d,0x69,520
0x1d,0x6a,492
0x1d,0x6b,558
0x1d,0x6c,520
0x1d,0x6d,478
0x1d,0x6e,538
0x1d,0x6f,504
0x1d,0x70,508
0x1d,0x71,526
0x1d,0x72,482
0x1d,0x73,476
0x1d,0x74,506
0x1d,0x75,488
0x1d,0x76,506
0x1d,0x77,504
0x1d,0x78,552
0x1d,0x79,476
0x1d,0x7a,522
0x1d,0x7b,524
0x1d,0x7c,494
0x1d,0x7d,560
0x1d,0x7e,556
0x1d,0x7f,522
0x1d,0x80,528
0x1d,0x81,490
0x1d,0x82,508
0x1d,0x83,520
0x1d,0x84,476
0x1d,0x85,554
0x1d,0x86,514
0x1d,0x87,502
0x1d,0x88,448
0x1d,0x89,520
0x1d,0x8a,478
0x1d,0x8b,498
0x1d,0x8c,524
0x1d,0x8d,532
0x1d,0x8e,484
0x1d,0x8f,538
0x1d,0x90,522
0x1d,0x91,476
0x1d,0x92,576
0x1d,0x93,524
0x1d,0x94,530
0x1d,0x95,534
0x1d,0x96,502
0x1d,0x97,492
0x1d,0x98,530
0x1d,0x99,490
0x1d,0x9a,524
0x1d,0x9b,494
0x1d,0x9c,506
0x1d,0x9d,510
0x1d,0x9e,524
0x1d,0x9f,506
0x1d,0xa0,492
0x1d,0xa1,502
0x1d,0xa2,528
0x1d,0xa3,542
0x1d,0xa4,536
0x1d,0xa5,496
0x1d,0xa6,516
0x1d,0xa7,506
0x1d,0xa8,550
0x1d,0xa9,508
0x1d,0xaa,508
0x1d,0xab,522
0x1d,0xac,508
0x1d,0xad,508
0x1d,0xae,474
0x1d,0xaf,532
0x1d,0xb0,536
0x1d,0xb1,474
0x1d,0xb2,502
0x1d,0xb3,494
0x1d,0xb4,506
0x1d,0xb5,508
0x1d,0xb6,556
0x1d,0xb7,480
0x1d,0xb8,506
0x1d,0xb9,488
0x1d,0xba,536
0x1d,0xbb,524
0x1d,0xbc,484
0x1d,0xbd,540
0x1d,0xbe,480
0x1d,0xbf,492
0x1d,0xc0,518
0x1d,0xc1,510
0x1d,0xc2,564
0x1d,0xc3,524
0x1d,0xc4,462
0x1d,0xc5,458
0x1d,0xc6,488
0x1d,0xc7,462
0x1d,0xc8,508
0x1d,0xc9,500
0x1d,0xca,534
0x1d,0xcb,568
0x1d,0xcc,486
0x1d,0xcd,536
0x1d,0xce,496
0x1d,0xcf,510
0x1d,0xd0,484
0x1d,0xd1,598
0x1d,0xd2,476
0x1d,0xd3,546
0x1d,0xd4,456
0x1d,0xd5,506
0x1d,0xd6,500
0x1d,0xd7,514
0x1d,0xd8,494
0x1d,0xd9,510
0x1d,0xda,500
0x1d,0xdb,530
0x1d,0xdc,518
0x1d,0xdd,506
0x1d,0xde,484
0x1d,0xdf,498
0x1d,0xe0,520
0x1d,0xe1,548
0x1d,0xe2,502
0x1d,0xe3,504
0x1d,0xe4,544
0x1d,0xe5,494
0x1d,0xe6,492
0x1d,0xe7,622
0x1d,0xe8,492
0x1d,0xe9,496
0x1d,0xea,492
0x1d,0xeb,520
0x1d,0xec,516
0x1d,0xed,524
0x1d,0xee,540
0x1d,0xef,500
0x1d,0xf0,494
0x1d,0xf1,534
0x1d,0xf2,476
0x1d,0xf3,538
0x1d,0xf4,508
0x1d,0xf5,494
0x1d,0xf6,526
0x1d,0xf7,514
0x1d,0xf8,526
0x1d,0xf9,500
0x1d,0xfa,518
0x1d,0xfb,518
0x1d,0xfc,496
0x1d,0xfd,496
0x1d,0xfe,512
0x1d,0xff,490
0x1e,0x00,256
0x1e,0x01,530
0x1e,0x02,528
0x1e,0x03,530
0x1e,0x04,510
0x1e,0x05,482
0x1e,0x06,652
0x1e,0x07,496
0x1e,0x08,518
0x1e,0x09,490
0x1e,0x0a,532
0x1e,0x0b,516
0x1e,0x0c,506
0x1e,0x0d,504
0x1e,0x0e,492
0x1e,0x0f,496
0x1e,0x10,498
0x1e,0x11,448
0x1e,0x12,400
0x1e,0x13,538
0x1e,0x14,454
0x1e,0x15,524
0x1e,0x16,504
0x1e,0x17,518
0x1e,0x18,520
0x1e,0x19,500
0x1e,0x1a,502
0x1e,0x1b,502
0x1e,0x1c,530
0x1e,0x1d,490
0x1e,0x1e,526
0x1e,0x1f,522
0x1e,0x20,526
0x1e,0x21,512
0x1e,0x22,538
0x1e,0x23,542
0x1e,0x24,384
0x1e,0x25,502
0x1e,0x26,630
0x1e,0x27,532
0x1e,0x28,496
0x1e,0x29,510
0x1e,0x2a,526
0x1e,0x2b,494
0x1e,0x2c,516
0x1e,0x2d,516
0x1e,0x2e,510
0x1e,0x2f,512
0x1e,0x30,416
0x1e,0x31,590
0x1e,0x32,544
0x1e,0x33,522
0x1e,0x34,482
0x1e,0x35,488
0x1e,0x36,526
0x1e,0x37,516
0x1e,0x38,512
0x1e,0x39,512
0x1e,0x3a,572
0x1e,0x3b,566
0x1e,0x3c,520
0x1e,0x3d,490
0x1e,0x3e,518
0x1e,0x3f,550
0x1e,0x40,510
0x1e,0x41,520
0x1e,0x42,480
0x1e,0x43,508
0x1e,0x44,496
0x1e,0x45,492
0x1e,0x46,498
0x1e,0x47,530
0x1e,0x48,492
0x1e,0x49,524
0x1e,0x4a,508
0x1e,0x4b,566
0x1e,0x4c,516
0x1e,0x4d,500
0x1e,0x4e,494
0x1e,0x4f,496
0x1e,0x50,506
0x1e,0x51,484
0x1e,0x52,494
0x1e,0x53,518
0x1e,0x54,514
0x1e,0x55,484
0x1e,0x56,506
0x1e,0x57,466
0x1e,0x58,526
0x1e,0x59,514
0x1e,0x5a,474
0x1e,0x5b,470
0x1e,0x5c,496
0x1e,0x5d,526
0x1e,0x5e,512
0x1e,0x5f,508
0x1e,0x60,486
0x1e,0x61,510
0x1e,0x62,528
0x1e,0x63,504
0x1e,0x64,480
0x1e,0x65,488
0x1e,0x66,528
0x1e,0x67,534
0x1e,0x68,518
0x1e,0x69,490
0x1e,0x6a,528
0x1e,0x6b,488
0x1e,0x6c,524
0x1e,0x6d,530
0x1e,0x6e,504
0x1e,0x6f,494
0x1e,0x70,512
0x1e,0x71,518
0x1e,0x72,484
0x1e,0x73,532
0x1e,0x74,548
0x1e,0x75,562
0x1e,0x76,470
0x1e,0x77,552
0x1e,0x78,494
0x1e,0x79,500
0x1e,0x7a,512
0x1e,0x7b,534
0x1e,0x7c,532
0x1e,0x7d,574
0x1e,0x7e,550
0x1e,0x7f,492
0x1e,0x80,510
0x1e,0x81,494
0x1e,0x82,508
0x1e,0x83,498
0x1e,0x84,520
0x1e,0x85,500
0x1e,0x86,502
0x1e,0x87,538
0x1e,0x88,488
0x1e,0x89,532
0x1e,0x8a,512
0x1e,0x8b,508
0x1e,0x8c,492
0x1e,0x8d,486
0x1e,0x8e,500
0x1e,0x8f,526
0x1e,0x90,472
0x1e,0x91,504
0x1e,0x92,520
0x1e,0x93,472
0x1e,0x94,502
0x1e,0x95,544
0x1e,0x96,504
0x1e,0x97,486
0x1e,0x98,536
0x1e,0x99,486
0x1e,0x9a,516
0x1e,0x9b,516
0x1e,0x9c,524
0x1e,0x9d,544
0x1e,0x9e,514
0x1e,0x9f,512
0x1e,0xa0,526
0x1e,0xa1,542
0x1e,0xa2,528
0x1e,0xa3,518
0x1e,0xa4,510
0x1e,0xa5,490
0x1e,0xa6,532
0x1e,0xa7,482
0x1e,0xa8,512
0x1e,0xa9,508
0x1e,0xaa,518
0x1e,0xab,486
0x1e,0xac,504
0x1e,0xad,516
0x1e,0xae,508
0x1e,0xaf,514
0x1e,0xb0,468
0x1e,0xb1,518
0x1e,0xb2,524
0x1e,0xb3,470
0x1e,0xb4,486
0x1e,0xb5,522
0x1e,0xb6,512
0x1e,0xb7,488
0x1e,0xb8,486
0x1e,0xb9,510
0x1e,0xba,568
0x1e,0xbb,520
0x1e,0xbc,512
0x1e,0xbd,538
0x1e,0xbe,494
0x1e,0xbf,490
0x1e,0xc0,504
0x1e,0xc1,534
0x1e,0xc2,494
0x1e,0xc3,554
0x1e,0xc4,486
0x1e,0xc5,504
0x1e,0xc6,514
0x1e,0xc7,496
0x1e,0xc8,512
0x1e,0xc9,494
0x1e,0xca,496
0x1e,0xcb,536
0x1e,0xcc,472
0x1e,0xcd,512
0x1e,0xce,508
0x1e,0xcf,516
0x1e,0xd0,482
0x1e,0xd1,500
0x1e,0xd2,532
0x1e,0xd3,524
0x1e,0xd4,496
0x1e,0xd5,536
0x1e,0xd6,528
0x1e,0xd7,520
0x1e,0xd8,504
0x1e,0xd9,528
0x1e,0xda,494
0x1e,0xdb,496
0x1e,0xdc,534
0x1e,0xdd,478
0x1e,0xde,492
0x1e,0xdf,488
0x1e,0xe0,490
0x1e,0xe1,476
0x1e,0xe2,508
0x1e,0xe3,490
0x1e,0xe4,486
0x1e,0xe5,516
0x1e,0xe6,514
0x1e,0xe7,548
0x1e,0xe8,534
0x1e,0xe9,538
0x1e,0xea,502
0x1e,0xeb,506
0x1e,0xec,524
0x1e,0xed,576
0x1e,0xee,518
0x1e,0xef,504
0x1e,0xf0,528
0x1e,0xf1,530
0x1e,0xf2,560
0x1e,0xf3,512
0x1e,0xf4,476
0x1e,0xf5,508
0x1e,0xf6,520
0x1e,0xf7,526
0x1e,0xf8,482
0x1e,0xf9,496
0x1e,0xfa,528
0x1e,0xfb,512
0x1e,0xfc,560
0x1e,0xfd,516
0x1e,0xfe,518
0x1e,0xff,564
0x1f,0x00,256
0x1f,0x01,524
0x1f,0x02,488
0x1f,0x03,568
0x1f,0x04,488
0x1f,0x05,486
0x1f,0x06,510
0x1f,0x07,542
0x1f,0x08,518
0x1f,0x09,494
0x1f,0x0a,528
0x1f,0x0b,500
0x1f,0x0c,542
0x1f,0x0d,514
0x1f,0x0e,528
0x1f,0x0f,540
0x1f,0x10,532
0x1f,0x11,486
0x1f,0x12,450
0x1f,0x13,572
0x1f,0x14,520
0x1f,0x15,550
0x1f,0x16,480
0x1f,0x17,502
0x1f,0x18,520
0x1f,0x19,538
0x1f,0x1a,522
0x1f,0x1b,498
0x1f,0x1c,512
0x1f,0x1d,528
0x1f,0x1e,544
0x1f,0x1f,544
0x1f,0x20,506
0x1f,0x21,506
0x1f,0x22,472
0x1f,0x23,518
0x1f,0x24,376
0x1f,0x25,508
0x1f,0x26,506
0x1f,0x27,520
0x1f,0x28,516
0x1f,0x29,526
0x1f,0x2a,512
0x1f,0x2b,508
0x1f,0x2c,514
0x1f,0x2d,532
0x1f,0x2e,494
0x1f,0x2f,568
0x1f,0x30,382
0x1f,0x31,506
0x1f,0x32,532
0x1f,0x33,508
0x1f,0x34,490
0x1f,0x35,516
0x1f,0x36,518
0x1f,0x37,576
0x1f,0x38,508
0x1f,0x39,498
0x1f,0x3a,472
0x1f,0x3b,516
0x1f,0x3c,530
0x1f,0x3d,508
0x1f,0x3e,498
0x1f,0x3f,556
0x1f,0x40,538
0x1f,0x41,504
0x1f,0x42,488
0x1f,0x43,558
0x1f,0x44,466
0x1f,0x45,534
0x1f,0x46,492
0x1f,0x47,490
0x1f,0x48,498
0x1f,0x49,512
0x1f,0x4a,498
0x1f,0x4b,552
0x1f,0x4c,538
0x1f,0x4d,538
0x1f,0x4e,520
0x1f,0x4f,494
0x1f,0x50,516
0x1f,0x51,534
0x1f,0x52,500
0x1f,0x53,502
0x1f,0x54,514
0x1f,0x55,498
0x1f,0x56,478
0x1f,0x57,524
0x1f,0x58,518
0x1f,0x59,500
0x1f,0x5a,518
0x1f,0x5b,500
0x1f,0x5c,488
0x1f,0x5d,532
0x1f,0x5e,462
0x1f,0x5f,512
0x1f,0x60,472
0x1f,0x61,472
0x1f,0x62,522
0x1f,0x63,580
0x1f,0x64,528
0x1f,0x65,486
0x1f,0x66,498
0x1f,0x67,504
0x1f,0x68,512
0x1f,0x69,506
0x1f,0x6a,514
0x1f,0x6b,506
0x1f,0x6c,550
0x1f,0x6d,530
0x1f,0x6e,550
0x1f,0x6f,504
0x1f,0x70,492
0x1f,0x71,518
0x1f,0x72,504
0x1f,0x73,516
0x1f,0x74,460
0x1f,0x75,514
0x1f,0x76,512
0x1f,0x77,522
0x1f,0x78,470
0x1f,0x79,492
0x1f,0x7a,478
0x1f,0x7b,490
0x1f,0x7c,534
0x1f,0x7d,488
0x1f,0x7e,502
0x1f,0x7f,506
0x1f,0x80,484
0x1f,0x81,522
0x1f,0x82,478
0x1f,0x83,514
0x1f,0x84,514
0x1f,0x85,548
0x1f,0x86,480
0x1f,0x87,538
0x1f,0x88,534
0x1f,0x89,528
0x1f,0x8a,504
0x1f,0x8b,496
0x1f,0x8c,468
0x1f,0x8d,502
0x1f,0x8e,512
0x1f,0x8f,506
0x1f,0x90,540
0x1f,0x91,526
0x1f,0x92,496
0x1f,0x93,486
0x1f,0x94,524
0x1f,0x95,544
0x1f,0x96,504
0x1f,0x97,526
0x1f,0x98,476
0x1f,0x99,474
0x1f,0x9a,488
0x1f,0x9b,514
0x1f,0x9c,516
0x1f,0x9d,494
0x1f,0x9e,490
0x1f,0x9f,476
0x1f,0xa0,520
0x1f,0xa1,530
0x1f,0xa2,526
0x1f,0xa3,490
0x1f,0xa4,464
0x1f,0xa5,528
0x1f,0xa6,510
0x1f,0xa7,530
0x1f,0xa8,504
0x1f,0xa9,544
0x1f,0xaa,532
0x1f,0xab,470
0x1f,0xac,532
0x1f,0xad,568
0x1f,0xae,478
0x1f,0xaf,498
0x1f,0xb0,528
0x1f,0xb1,506
0x1f,0xb2,528
0x1f,0xb3,514
0x1f,0xb4,522
0x1f,0xb5,512
0x1f,0xb6,544
0x1f,0xb7,568
0x1f,0xb8,514
0x1f,0xb9,478
0x1f,0xba,526
0x1f,0xbb,488
0x1f,0xbc,510
0x1f,0xbd,518
0x1f,0xbe,484
0x1f,0xbf,504
0x1f,0xc0,494
0x1f,0xc1,504
0x1f,0xc2,510
0x1f,0xc3,518
0x1f,0xc4,558
0x1f,0xc5,514
0x1f,0xc6,500
0x1f,0xc7,514
0x1f,0xc8,498
0x1f,0xc9,536
0x1f,0xca,526
0x1f,0xcb,462
0x1f,0xcc,500
0x1f,0xcd,520
0x1f,0xce,496
0x1f,0xcf,520
0x1f,0xd0,518
0x1f,0xd1,494
0x1f,0xd2,532
0x1f,0xd3,534
0x1f,0xd4,512
0x1f,0xd5,502
0x1f,0xd6,512
0x1f,0xd7,498
0x1f,0xd8,556
0x1f,0xd9,516
0x1f,0xda,510
0x1f,0xdb,532
0x1f,0xdc,454
0x1f,0xdd,474
0x1f,0xde,528
0x1f,0xdf,486
0x1f,0xe0,484
0x1f,0xe1,538
0x1f,0xe2,518
0x1f,0xe3,548
0x1f,0xe4,506
0x1f,0xe5,528
0x1f,0xe6,528
0x1f,0xe7,472
0x1f,0xe8,500
0x1f,0xe9,540
0x1f,0xea,488
0x1f,0xeb,524
0x1f,0xec,504
0x1f,0xed,480
0x1f,0xee,538
0x1f,0xef,468
0x1f,0xf0,538
0x1f,0xf1,528
0x1f,0xf2,466
0x1f,0xf3,500
0x1f,0xf4,538
0x1f,0xf5,518
0x1f,0xf6,516
0x1f,0xf7,492
0x1f,0xf8,472
0x1f,0xf9,502
0x1f,0xfa,556
0x1f,0xfb,514
0x1f,0xfc,520
0x1f,0xfd,482
0x1f,0xfe,524
0x1f,0xff,508
0x20,0x00,256
0x20,0x01,482
0x20,0x02,474
0x20,0x03,506
0x20,0x04,532
0x20,0x05,540
0x20,0x06,502
0x20,0x07,538
0x20,0x08,508
0x20,0x09,472
0x20,0x0a,532
0x20,0x0b,526
0x20,0x0c,516
0x20,0x0d,478
0x20,0x0e,506
0x20,0x0f,500
0x20,0x10,530
0x20,0x11,592
0x20,0x12,542
0x20,0x13,518
0x20,0x14,544
0x20,0x15,500
0x20,0x16,470
0x20,0x17,502
0x20,0x18,498
0x20,0x19,512
0x20,0x1a,502
0x20,0x1b,520
0x20,0x1c,544
0x20,0x1d,522
0x20,0x1e,510
0x20,0x1f,530
0x20,0x20,492
0x20,0x21,524
0x20,0x22,582
0x20,0x23,458
0x20,0x24,500
0x20,0x25,502
0x20,0x26,514
0x20,0x27,470
0x20,0x28,444
0x20,0x29,488
0x20,0x2a,512
0x20,0x2b,504
0x20,0x2c,470
0x20,0x2d,518
0x20,0x2e,496
0x20,0x2f,520
0x20,0x30,494
0x20,0x31,482
0x20,0x32,474
0x20,0x33,496
0x20,0x34,466
0x20,0x35,486
0x20,0x36,558
0x20,0x37,492
0x20,0x38,516
0x20,0x39,476
0x20,0x3a,464
0x20,0x3b,502
0x20,0x3c,472
0x20,0x3d,504
0x20,0x3e,496
0x20,0x3f,484
0x20,0x40,518
0x20,0x41,494
0x20,0x42,492
0x20,0x43,474
0x20,0x44,480
0x20,0x45,496
0x20,0x46,512
0x20,0x47,484
0x20,0x48,542
0x20,0x49,474
0x20,0x4a,516
0x20,0x4b,484
0x20,0x4c,528
0x20,0x4d,528
0x20,0x4e,466
0x20,0x4f,462
0x20,0x50,484
0x20,0x51,516
0x20,0x52,488
0x20,0x53,506
0x20,0x54,540
0x20,0x55,532
0x20,0x56,484
0x20,0x57,526
0x20,0x58,518
0x20,0x59,498
0x20,0x5a,524
0x20,0x5b,500
0x20,0x5c,478
0x20,0x5d,490
0x20,0x5e,528
0x20,0x5f,566
0x20,0x60,584
0x20,0x61,532
0x20,0x62,506
0x20,0x63,520
0x20,0x64,540
0x20,0x65,556
0x20,0x66,492
0x20,0x67,492
0x20,0x68,476
0x20,0x69,490
0x20,0x6a,508
0x20,0x6b,534
0x20,0x6c,476
0x20,0x6d,490
0x20,0x6e,482
0x20,0x6f,504
0x20,0x70,516
0x20,0x71,538
0x20,0x72,502
0x20,0x73,472
0x20,0x74,480
0x20,0x75,482
0x20,0x76,492
0x20,0x77,494
0x20,0x78,494
0x20,0x79,490
0x20,0x7a,490
0x20,0x7b,492
0x20,0x7c,492
0x20,0x7d,470
0x20,0x7e,512
0x20,0x7f,498
0x20,0x80,468
0x20,0x81,494
0x20,0x82,488
0x20,0x83,518
0x20,0x84,492
0x20,0x85,498
0x20,0x86,502
0x20,0x87,500
0x20,0x88,508
0x20,0x89,526
0x20,0x8a,528
0x20,0x8b,508
0x20,0x8c,474
0x20,0x8d,512
0x20,0x8e,474
0x20,0x8f,536
0x20,0x90,472
0x20,0x91,494
0x20,0x92,508
0x20,0x93,540
0x20,0x94,484
0x20,0x95,490
0x20,0x96,492
0x20,0x97,470
0x20,0x98,564
0x20,0x99,494
0x20,0x9a,524
0x20,0x9b,488
0x20,0x9c,502
0x20,0x9d,474
0x20,0x9e,506
0x20,0x9f,554
0x20,0xa0,506
0x20,0xa1,482
0x20,0xa2,496
0x20,0xa3,458
0x20,0xa4,498
0x20,0xa5,550
0x20,0xa6,532
0x20,0xa7,556
0x20,0xa8,488
0x20,0xa9,468
0x20,0xaa,480
0x20,0xab,540
0x20,0xac,488
0x20,0xad,530
0x20,0xae,524
0x20,0xaf,502
0x20,0xb0,508
0x20,0xb1,498
0x20,0xb2,532
0x20,0xb3,532
0x20,0xb4,504
0x20,0xb5,474
0x20,0xb6,510
0x20,0xb7,498
0x20,0xb8,540
0x20,0xb9,514
0x20,0xba,548
0x20,0xbb,518
0x20,0xbc,590
0x20,0xbd,542
0x20,0xbe,546
0x20,0xbf,474
0x20,0xc0,488
0x20,0xc1,506
0x20,0xc2,506
0x20,0xc3,538
0x20,0xc4,530
0x20,0xc5,508
0x20,0xc6,526
0x20,0xc7,522
0x20,0xc8,544
0x20,0xc9,528
0x20,0xca,490
0x20,0xcb,518
0x20,0xcc,552
0x20,0xcd,512
0x20,0xce,496
0x20,0xcf,524
0x20,0xd0,562
0x20,0xd1,514
0x20,0xd2,532
0x20,0xd3,522
0x20,0xd4,516
0x20,0xd5,484
0x20,0xd6,532
0x20,0xd7,476
0x20,0xd8,500
0x20,0xd9,510
0x20,0xda,502
0x20,0xdb,504
0x20,0xdc,536
0x20,0xdd,536
0x20,0xde,524
0x20,0xdf,512
0x20,0xe0,502
0x20,0xe1,472
0x20,0xe2,522
0x20,0xe3,518
0x20,0xe4,538
0x20,0xe5,526
0x20,0xe6,530
0x20,0xe7,490
0x20,0xe8,458
0x20,0xe9,538
0x20,0xea,520
0x20,0xeb,480
0x20,0xec,508
0x20,0xed,500
0x20,0xee,494
0x20,0xef,486
0x20,0xf0,518
0x20,0xf1,548
0x20,0xf2,592
0x20,0xf3,540
0x20,0xf4,504
0x20,0xf5,550
0x20,0xf6,498
0x20,0xf7,510
0x20,0xf8,506
0x20,0xf9,600
0x20,0xfa,494
0x20,0xfb,470
0x20,0xfc,498
0x20,0xfd,524
0x20,0xfe,512
0x20,0xff,524
0x21,0x00,256
0x21,0x01,472
0x21,0x02,486
0x21,0x03,596
0x21,0x04,474
0x21,0x05,458
0x21,0x06,516
0x21,0x07,516
0x21,0x08,486
0x21,0x09,528
0x21,0x0a,482
0x21,0x0b,486
0x21,0x0c,506
0x21,0x0d,518
0x21,0x0e,522
0x21,0x0f,490
0x21,0x10,494
0x21,0x11,510
0x21,0x12,400
0x21,0x13,508
0x21,0x14,440
0x21,0x15,536
0x21,0x16,472
0x21,0x17,508
0x21,0x18,546
0x21,0x19,518
0x21,0x1a,516
0x21,0x1b,496
0x21,0x1c,520
0x21,0x1d,494
0x21,0x1e,500
0x21,0x1f,502
0x21,0x20,516
0x21,0x21,500
0x21,0x22,468
0x21,0x23,514
0x21,0x24,374
0x21,0x25,508
0x21,0x26,406
0x21,0x27,534
0x21,0x28,532
0x21,0x29,556
0x21,0x2a,498
0x21,0x2b,492
0x21,0x2c,518
0x21,0x2d,508
0x21,0x2e,534
0x21,0x2f,524
0x21,0x30,450
0x21,0x31,488
0x21,0x32,472
0x21,0x33,474
0x21,0x34,436
0x21,0x35,506
0x21,0x36,458
0x21,0x37,492
0x21,0x38,532
0x21,0x39,520
0x21,0x3a,522
0x21,0x3b,480
0x21,0x3c,482
0x21,0x3d,510
0x21,0x3e,492
0x21,0x3f,532
0x21,0x40,510
0x21,0x41,516
0x21,0x42,566
0x21,0x43,508
0x21,0x44,476
0x21,0x45,496
0x21,0x46,544
0x21,0x47,534
0x21,0x48,532
0x21,0x49,472
0x21,0x4a,486
0x21,0x4b,492
0x21,0x4c,494
0x21,0x4d,474
0x21,0x4e,544
0x21,0x4f,522
0x21,0x50,510
0x21,0x51,522
0x21,0x52,530
0x21,0x53,488
0x21,0x54,494
0x21,0x55,518
0x21,0x56,502
0x21,0x57,490
0x21,0x58,480
0x21,0x59,502
0x21,0x5a,498
0x21,0x5b,508
0x21,0x5c,532
0x21,0x5d,514
0x21,0x5e,506
0x21,0x5f,530
0x21,0x60,546
0x21,0x61,470
0x21,0x62,514
0x21,0x63,538
0x21,0x64,528
0x21,0x65,514
0x21,0x66,522
0x21,0x67,462
0x21,0x68,524
0x21,0x69,484
0x21,0x6a,520
0x21,0x6b,536
0x21,0x6c,494
0x21,0x6d,524
0x21,0x6e,500
0x21,0x6f,494
0x21,0x70,524
0x21,0x71,514
0x21,0x72,488
0x21,0x73,532
0x21,0x74,568
0x21,0x75,518
0x21,0x76,560
0x21,0x77,494
0x21,0x78,544
0x21,0x79,502
0x21,0x7a,508
0x21,0x7b,498
0x21,0x7c,520
0x21,0x7d,500
0x21,0x7e,510
0x21,0x7f,494
0x21,0x80,474
0x21,0x81,500
0x21,0x82,492
0x21,0x83,536
0x21,0x84,528
0x21,0x85,532
0x21,0x86,472
0x21,0x87,584
0x21,0x88,480
0x21,0x89,520
0x21,0x8a,514
0x21,0x8b,532
0x21,0x8c,520
0x21,0x8d,518
0x21,0x8e,522
0x21,0x8f,504
0x21,0x90,520
0x21,0x91,528
0x21,0x92,474
0x21,0x93,488
0x21,0x94,496
0x21,0x95,490
0x21,0x96,480
0x21,0x97,496
0x21,0x98,492
0x21,0x99,518
0x21,0x9a,516
0x21,0x9b,514
0x21,0x9c,486
0x21,0x9d,524
0x21,0x9e,522
0x21,0x9f,510
0x21,0xa0,508
0x21,0xa1,494
0x21,0xa2,544
0x21,0xa3,470
0x21,0xa4,510
0x21,0xa5,472
0x21,0xa6,522
0x21,0xa7,522
0x21,0xa8,534
0x21,0xa9,520
0x21,0xaa,496
0x21,0xab,520
0x21,0xac,526
0x21,0xad,532
0x21,0xae,486
0x21,0xaf,526
0x21,0xb0,538
0x21,0xb1,516
0x21,0xb2,490
0x21,0xb3,472
0x21,0xb4,558
0x21,0xb5,542
0x21,0xb6,508
0x21,0xb7,574
0x21,0xb8,486
0x21,0xb9,472
0x21,0xba,492
0x21,0xbb,510
0x21,0xbc,576
0x21,0xbd,496
0x21,0xbe,528
0x21,0xbf,526
0x21,0xc0,530
0x21,0xc1,566
0x21,0xc2,516
0x21,0xc3,506
0x21,0xc4,460
0x21,0xc5,546
0x21,0xc6,524
0x21,0xc7,534
0x21,0xc8,492
0x21,0xc9,494
0x21,0xca,500
0x21,0xcb,528
0x21,0xcc,502
0x21,0xcd,486
0x21,0xce,478
0x21,0xcf,478
0x21,0xd0,520
0x21,0xd1,522
0x21,0xd2,510
0x21,0xd3,508
0x21,0xd4,480
0x21,0xd5,500
0x21,0xd6,512
0x21,0xd7,560
0x21,0xd8,522
0x21,0xd9,568
0x21,0xda,502
0x21,0xdb,492
0x21,0xdc,568
0x21,0xdd,512
0x21,0xde,532
0x21,0xdf,518
0x21,0xe0,508
0x21,0xe1,512
0x21,0xe2,472
0x21,0xe3,504
0x21,0xe4,518
0x21,0xe5,530
0x21,0xe6,504
0x21,0xe7,472
0x21,0xe8,490
0x21,0xe9,490
0x21,0xea,512
0x21,0xeb,486
0x21,0xec,524
0x21,0xed,530
0x21,0xee,478
0x21,0xef,516
0x21,0xf0,534
0x21,0xf1,490
0x21,0xf2,516
0x21,0xf3,526
0x21,0xf4,512
0x21,0xf5,526
0x21,0xf6,480
0x21,0xf7,518
0x21,0xf8,496
0x21,0xf9,552
0x21,0xfa,494
0x21,0xfb,508
0x21,0xfc,520
0x21,0xfd,466
0x21,0xfe,520
0x21,0xff,528
0x22,0x00,256
0x22,0x01,490
0x22,0x02,552
0x22,0x03,490
0x22,0x04,586
0x22,0x05,518
0x22,0x06,554
0x22,0x07,550
0x22,0x08,496
0x22,0x09,492
0x22,0x0a,574
0x22,0x0b,490
0x22,0x0c,470
0x22,0x0d,526
0x22,0x0e,506
0x22,0x0f,560
0x22,0x10,502
0x22,0x11,502
0x22,0x12,404
0x22,0x13,488
0x22,0x14,508
0x22,0x15,502
0x22,0x16,556
0x22,0x17,512
0x22,0x18,510
0x22,0x19,524
0x22,0x1a,476
0x22,0x1b,490
0x22,0x1c,510
0x22,0x1d,528
0x22,0x1e,526
0x22,0x1f,494
0x22,0x20,524
0x22,0x21,512
0x22,0x22,520
0x22,0x23,544
0x22,0x24,412
0x22,0x25,486
0x22,0x26,528
0x22,0x27,524
0x22,0x28,500
0x22,0x29,494
0x22,0x2a,500
0x22,0x2b,510
0x22,0x2c,548
0x22,0x2d,528
0x22,0x2e,502
0x22,0x2f,496
0x22,0x30,404
0x22,0x31,488
0x22,0x32,498
0x22,0x33,566
0x22,0x34,468
0x22,0x35,526
0x22,0x36,476
0x22,0x37,508
0x22,0x38,516
0x22,0x39,504
0x22,0x3a,478
0x22,0x3b,498
0x22,0x3c,486
0x22,0x3d,524
0x22,0x3e,482
0x22,0x3f,498
0x22,0x40,536
0x22,0x41,512
0x22,0x42,512
0x22,0x43,502
0x22,0x44,554
0x22,0x45,560
0x22,0x46,536
0x22,0x47,518
0x22,0x48,528
0x22,0x49,540
0x22,0x4a,492
0x22,0x4b,504
0x22,0x4c,524
0x22,0x4d,506
0x22,0x4e,510
0x22,0x4f,608
0x22,0x50,488
0x22,0x51,444
0x22,0x52,496
0x22,0x53,530
0x22,0x54,512
0x22,0x55,554
0x22,0x56,534
0x22,0x57,500
0x22,0x58,490
0x22,0x59,570
0x22,0x5a,480
0x22,0x5b,478
0x22,0x5c,538
0x22,0x5d,488
0x22,0x5e,496
0x22,0x5f,494
0x22,0x60,530
0x22,0x61,564
0x22,0x62,580
0x22,0x63,520
0x22,0x64,548
0x22,0x65,534
0x22,0x66,544
0x22,0x67,496
0x22,0x68,488
0x22,0x69,536
0x22,0x6a,522
0x22,0x6b,512
0x22,0x6c,556
0x22,0x6d,496
0x22,0x6e,506
0x22,0x6f,514
0x22,0x70,512
0x22,0x71,508
0x22,0x72,498
0x22,0x73,494
0x22,0x74,498
0x22,0x75,488
0x22,0x76,502
0x22,0x77,520
0x22,0x78,476
0x22,0x79,494
0x22,0x7a,518
0x22,0x7b,482
0x22,0x7c,552
0x22,0x7d,544
0x22,0x7e,488
0x22,0x7f,488
0x22,0x80,534
0x22,0x81,536
0x22,0x82,496
0x22,0x83,520
0x22,0x84,542
0x22,0x85,536
0x22,0x86,534
0x22,0x87,512
0x22,0x88,484
0x22,0x89,502
0x22,0x8a,492
0x22,0x8b,570
0x22,0x8c,494
0x22,0x8d,512
0x22,0x8e,532
0x22,0x8f,590
0x22,0x90,558
0x22,0x91,550
0x22,0x92,508
0x22,0x93,536
0x22,0x94,452
0x22,0x95,480
0x22,0x96,548
0x22,0x97,544
0x22,0x98,514
0x22,0x99,592
0x22,0x9a,530
0x22,0x9b,496
0x22,0x9c,518
0x22,0x9d,510
0x22,0x9e,506
0x22,0x9f,494
0x22,0xa0,496
0x22,0xa1,504
0x22,0xa2,532
0x22,0xa3,522
0x22,0xa4,498
0x22,0xa5,512
0x22,0xa6,482
0x22,0xa7,518
0x22,0xa8,524
0x22,0xa9,518
0x22,0xaa,478
0x22,0xab,500
0x22,0xac,524
0x22,0xad,524
0x22,0xae,506
0x22,0xaf,496
0x22,0xb0,510
0x22,0xb1,558
0x22,0xb2,516
0x22,0xb3,490
0x22,0xb4,532
0x22,0xb5,496
0x22,0xb6,488
0x22,0xb7,532
0x22,0xb8,500
0x22,0xb9,504
0x22,0xba,506
0x22,0xbb,504
0x22,0xbc,534
0x22,0xbd,474
0x22,0xbe,500
0x22,0xbf,506
0x22,0xc0,488
0x22,0xc1,500
0x22,0xc2,490
0x22,0xc3,514
0x22,0xc4,534
0x22,0xc5,538
0x22,0xc6,504
0x22,0xc7,518
0x22,0xc8,482
0x22,0xc9,516
0x22,0xca,490
0x22,0xcb,480
0x22,0xcc,502
0x22,0xcd,494
0x22,0xce,526
0x22,0xcf,528
0x22,0xd0,518
0x22,0xd1,504
0x22,0xd2,536
0x22,0xd3,496
0x22,0xd4,548
0x22,0xd5,538
0x22,0xd6,498
0x22,0xd7,564
0x22,0xd8,470
0x22,0xd9,518
0x22,0xda,468
0x22,0xdb,526
0x22,0xdc,570
0x22,0xdd,498
0x22,0xde,478
0x22,0xdf,526
0x22,0xe0,508
0x22,0xe1,486
0x22,0xe2,558
0x22,0xe3,498
0x22,0xe4,526
0x22,0xe5,518
0x22,0xe6,484
0x22,0xe7,514
0x22,0xe8,496
0x22,0xe9,534
0x22,0xea,484
0x22,0xeb,506
0x22,0xec,542
0x22,0xed,534
0x22,0xee,500
0x22,0xef,478
0x22,0xf0,506
0x22,0xf1,486
0x22,0xf2,520
0x22,0xf3,522
0x22,0xf4,470
0x22,0xf5,528
0x22,0xf6,528
0x22,0xf7,526
0x22,0xf8,464
0x22,0xf9,484
0x22,0xfa,574
0x22,0xfb,506
0x22,0xfc,496
0x22,0xfd,546
0x22,0xfe,508
0x22,0xff,500
0x23,0x00,256
0x23,0x01,594
0x23,0x02,450
0x23,0x03,480
0x23,0x04,528
0x23,0x05,494
0x23,0x06,502
0x23,0x07,516
0x23,0x08,490
0x23,0x09,486
0x23,0x0a,502
0x23,0x0b,526
0x23,0x0c,496
0x23,0x0d,462
0x23,0x0e,552
0x23,0x0f,530
0x23,0x10,504
0x23,0x11,512
0x23,0x12,410
0x23,0x13,488
0x23,0x14,542
0x23,0x15,498
0x23,0x16,686
0x23,0x17,546
0x23,0x18,510
0x23,0x19,452
0x23,0x1a,488
0x23,0x1b,510
0x23,0x1c,534
0x23,0x1d,540
0x23,0x1e,464
0x23,0x1f,512
0x23,0x20,488
0x23,0x21,510
0x23,0x22,468
0x23,0x23,546
0x23,0x24,478
0x23,0x25,490
0x23,0x26,382
0x23,0x27,482
0x23,0x28,526
0x23,0x29,470
0x23,0x2a,554
0x23,0x2b,486
0x23,0x2c,466
0x23,0x2d,476
0x23,0x2e,516
0x23,0x2f,490
0x23,0x30,1246
0x23,0x31,580
0x23,0x32,542
0x23,0x33,540
0x23,0x34,448
0x23,0x35,572
0x23,0x36,470
0x23,0x37,500
0x23,0x38,554
0x23,0x39,502
0x23,0x3a,566
0x23,0x3b,502
0x23,0x3c,480
0x23,0x3d,444
0x23,0x3e,504
0x23,0x3f,510
0x23,0x40,546
0x23,0x41,506
0x23,0x42,538
0x23,0x43,492
0x23,0x44,572
0x23,0x45,530
0x23,0x46,474
0x23,0x47,488
0x23,0x48,506
0x23,0x49,524
0x23,0x4a,508
0x23,0x4b,512
0x23,0x4c,516
0x23,0x4d,472
0x23,0x4e,476
0x23,0x4f,588
0x23,0x50,512
0x23,0x51,504
0x23,0x52,548
0x23,0x53,488
0x23,0x54,516
0x23,0x55,504
0x23,0x56,508
0x23,0x57,502
0x23,0x58,546
0x23,0x59,486
0x23,0x5a,474
0x23,0x5b,436
0x23,0x5c,458
0x23,0x5d,500
0x23,0x5e,556
0x23,0x5f,508
0x23,0x60,530
0x23,0x61,514
0x23,0x62,478
0x23,0x63,496
0x23,0x64,510
0x23,0x65,490
0x23,0x66,520
0x23,0x67,482
0x23,0x68,520
0x23,0x69,520
0x23,0x6a,492
0x23,0x6b,558
0x23,0x6c,520
0x23,0x6d,478
0x23,0x6e,538
0x23,0x6f,504
0x23,0x70,508
0x23,0x71,526
0x23,0x72,482
0x23,0x73,476
0x23,0x74,506
0x23,0x75,488
0x23,0x76,506
0x23,0x77,504
0x23,0x78,552
0x23,0x79,476
0x23,0x7a,522
0x23,0x7b,524
0x23,0x7c,494
0x23,0x7d,560
0x23,0x7e,556
0x23,0x7f,522
0x23,0x80,528
0x23,0x81,490
0x23,0x82,508
0x23,0x83,520
0x23,0x84,476
0x23,0x85,554
0x23,0x86,514
0x23,0x87,502
0x23,0x88,448
0x23,0x89,520
0x23,0x8a,478
0x23,0x8b,498
0x23,0x8c,524
0x23,0x8d,532
0x23,0x8e,484
0x23,0x8f,538
0x23,0x90,522
0x23,0x91,476
0x23,0x92,576
0x23,0x93,524
0x23,0x94,530
0x23,0x95,534
0x23,0x96,502
0x23,0x97,492
0x23,0x98,530
0x23,0x99,490
0x23,0x9a,524
0x23,0x9b,494
0x23,0x9c,506
0x23,0x9d,510
0x23,0x9e,524
0x23,0x9f,506
0x23,0xa0,492
0x23,0xa1,502
0x23,0xa2,528
0x23,0xa3,542
0x23,0xa4,536
0x23,0xa5,496
0x23,0xa6,516
0x23,0xa7,506
0x23,0xa8,550
0x23,0xa9,508
0x23,0xaa,508
0x23,0xab,522
0x23,0xac,508
0x23,0xad,508
0x23,0xae,474
0x23,0xaf,532
0x23,0xb0,536
0x23,0xb1,474
0x23,0xb2,502
0x23,0xb3,494
0x23,0xb4,506
0x23,0xb5,508
0x23,0xb6,556
0x23,0xb7,480
0x23,0xb8,506
0x23,0xb9,488
0x23,0xba,536
0x23,0xbb,524
0x23,0xbc,484
0x23,0xbd,540
0x23,0xbe,480
0x23,0xbf,492
0x23,0xc0,518
0x23,0xc1,510
0x23,0xc2,564
0x23,0xc3,524
0x23,0xc4,462
0x23,0xc5,458
0x23,0xc6,488
0x23,0xc7,462
0x23,0xc8,508
0x23,0xc9,500
0x23,0xca,534
0x23,0xcb,568
0x23,0xcc,486
0x23,0xcd,536
0x23,0xce,496
0x23,0xcf,510
0x23,0xd0,484
0x23,0xd1,598
0x23,0xd2,476
0x23,0xd3,546
0x23,0xd4,456
0x23,0xd5,506
0x23,0xd6,500
0x23,0xd7,514
0x23,0xd8,494
0x23,0xd9,510
0x23,0xda,500
0x23,0xdb,530
0x23,0xdc,518
0x23,0xdd,506
0x23,0xde,484
0x23,0xdf,498
0x23,0xe0,520
0x23,0xe1,548
0x23,0xe2,502
0x23,0xe3,504
0x23,0xe4,544
0x23,0xe5,494
0x23,0xe6,492
0x23,0xe7,622
0x23,0xe8,492
0x23,0xe9,496
0x23,0xea,492
0x23,0xeb,520
0x23,0xec,516
0x23,0xed,524
0x23,0xee,540
0x23,0xef,500
0x23,0xf0,494
0x23,0xf1,534
0x23,0xf2,476
0x23,0xf3,538
0x23,0xf4,508
0x23,0xf5,494
0x23,0xf6,526
0x23,0xf7,514
0x23,0xf8,526
0x23,0xf9,500
0x23,0xfa,518
0x23,0xfb,518
0x23,0xfc,496
0x23,0xfd,496
0x23,0xfe,512
0x23,0xff,490
0x24,0x00,256
0x24,0x01,510
0x24,0x02,470
0x24,0x03,516
0x24,0x04,512
0x24,0x05,538
0x24,0x06,540
0x24,0x07,504
0x24,0x08,504
0x24,0x09,512
0x24,0x0a,498
0x24,0x0b,494
0x24,0x0c,488
0x24,0x0d,544
0x24,0x0e,502
0x24,0x0f,500
0x24,0x10,520
0x24,0x11,518
0x24,0x12,386
0x24,0x13,500
0x24,0x14,482
0x24,0x15,506
0x24,0x16,458
0x24,0x17,502
0x24,0x18,516
0x24,0x19,492
0x24,0x1a,494
0x24,0x1b,558
0x24,0x1c,546
0x24,0x1d,540
0x24,0x1e,542
0x24,0x1f,550
0x24,0x20,516
0x24,0x21,534
0x24,0x22,486
0x24,0x23,508
0x24,0x24,462
0x24,0x25,558
0x24,0x26,444
0x24,0x27,484
0x24,0x28,502
0x24,0x29,510
0x24,0x2a,478
0x24,0x2b,522
0x24,0x2c,506
0x24,0x2d,504
0x24,0x2e,516
0x24,0x2f,526
0x24,0x30,1310
0x24,0x31,544
0x24,0x32,496
0x24,0x33,498
0x24,0x34,464
0x24,0x35,488
0x24,0x36,458
0x24,0x37,500
0x24,0x38,498
0x24,0x39,484
0x24,0x3a,532
0x24,0x3b,522
0x24,0x3c,508
0x24,0x3d,564
0x24,0x3e,498
0x24,0x3f,514
0x24,0x40,484
0x24,0x41,524
0x24,0x42,520
0x24,0x43,516
0x24,0x44,518
0x24,0x45,456
0x24,0x46,526
0x24,0x47,502
0x24,0x48,498
0x24,0x49,546
0x24,0x4a,522
0x24,0x4b,528
0x24,0x4c,548
0x24,0x4d,474
0x24,0x4e,542
0x24,0x4f,514
0x24,0x50,542
0x24,0x51,494
0x24,0x52,496
0x24,0x53,544
0x24,0x54,510
0x24,0x55,562
0x24,0x56,494
0x24,0x57,516
0x24,0x58,520
0x24,0x59,534
0x24,0x5a,550
0x24,0x5b,510
0x24,0x5c,480
0x24,0x5d,500
0x24,0x5e,506
0x24,0x5f,462
0x24,0x60,506
0x24,0x61,544
0x24,0x62,498
0x24,0x63,496
0x24,0x64,470
0x24,0x65,508
0x24,0x66,526
0x24,0x67,572
0x24,0x68,498
0x24,0x69,466
0x24,0x6a,524
0x24,0x6b,560
0x24,0x6c,520
0x24,0x6d,480
0x24,0x6e,520
0x24,0x6f,542
0x24,0x70,474
0x24,0x71,474
0x24,0x72,504
0x24,0x73,512
0x24,0x74,546
0x24,0x75,554
0x24,0x76,478
0x24,0x77,516
0x24,0x78,528
0x24,0x79,506
0x24,0x7a,518
0x24,0x7b,536
0x24,0x7c,478
0x24,0x7d,494
0x24,0x7e,544
0x24,0x7f,512
0x24,0x80,504
0x24,0x81,492
0x24,0x82,524
0x24,0x83,516
0x24,0x84,492
0x24,0x85,526
0x24,0x86,480
0x24,0x87,558
0x24,0x88,518
0x24,0x89,508
0x24,0x8a,492
0x24,0x8b,464
0x24,0x8c,522
0x24,0x8d,514
0x24,0x8e,520
0x24,0x8f,554
0x24,0x90,484
0x24,0x91,442
0x24,0x92,468
0x24,0x93,496
0x24,0x94,522
0x24,0x95,510
0x24,0x96,546
0x24,0x97,534
0x24,0x98,500
0x24,0x99,522
0x24,0x9a,504
0x24,0x9b,538
0x24,0x9c,574
0x24,0x9d,514
0x24,0x9e,512
0x24,0x9f,512
0x24,0xa0,478
0x24,0xa1,480
0x24,0xa2,616
0x24,0xa3,508
0x24,0xa4,504
0x24,0xa5,540
0x24,0xa6,522
0x24,0xa7,508
0x24,0xa8,482
0x24,0xa9,538
0x24,0xaa,508
0x24,0xab,472
0x24,0xac,508
0x24,0xad,500
0x24,0xae,552
0x24,0xaf,510
0x24,0xb0,566
0x24,0xb1,526
0x24,0xb2,504
0x24,0xb3,550
0x24,0xb4,484
0x24,0xb5,470
0x24,0xb6,516
0x24,0xb7,506
0x24,0xb8,488
0x24,0xb9,522
0x24,0xba,554
0x24,0xbb,550
0x24,0xbc,470
0x24,0xbd,524
0x24,0xbe,492
0x24,0xbf,510
0x24,0xc0,502
0x24,0xc1,554
0x24,0xc2,514
0x24,0xc3,526
0x24,0xc4,530
0x24,0xc5,516
0x24,0xc6,544
0x24,0xc7,558
0x24,0xc8,564
0x24,0xc9,530
0x24,0xca,506
0x24,0xcb,538
0x24,0xcc,516
0x24,0xcd,518
0x24,0xce,498
0x24,0xcf,542
0x24,0xd0,508
0x24,0xd1,522
0x24,0xd2,534
0x24,0xd3,544
0x24,0xd4,530
0x24,0xd5,542
0x24,0xd6,504
0x24,0xd7,576
0x24,0xd8,506
0x24,0xd9,516
0x24,0xda,512
0x24,0xdb,538
0x24,0xdc,470
0x24,0xdd,526
0x24,0xde,480
0x24,0xdf,544
0x24,0xe0,490
0x24,0xe1,482
0x24,0xe2,526
0x24,0xe3,488
0x24,0xe4,472
0x24,0xe5,476
0x24,0xe6,532
0x24,0xe7,512
0x24,0xe8,476
0x24,0xe9,502
0x24,0xea,484
0x24,0xeb,514
0x24,0xec,508
0x24,0xed,540
0x24,0xee,526
0x24,0xef,514
0x24,0xf0,502
0x24,0xf1,464
0x24,0xf2,594
0x24,0xf3,508
0x24,0xf4,520
0x24,0xf5,522
0x24,0xf6,492
0x24,0xf7,548
0x24,0xf8,530
0x24,0xf9,548
0x24,0xfa,486
0x24,0xfb,478
0x24,0xfc,502
0x24,0xfd,526
0x24,0xfe,520
0x24,0xff,532
0x25,0x00,256
0x25,0x01,502
0x25,0x02,534
0x25,0x03,508
0x25,0x04,496
0x25,0x05,494
0x25,0x06,486
0x25,0x07,518
0x25,0x08,488
0x25,0x09,510
0x25,0x0a,462
0x25,0x0b,494
0x25,0x0c,500
0x25,0x0d,506
0x25,0x0e,496
0x25,0x0f,474
0x25,0x10,498
0x25,0x11,504
0x25,0x12,526
0x25,0x13,574
0x25,0x14,466
0x25,0x15,500
0x25,0x16,476
0x25,0x17,510
0x25,0x18,486
0x25,0x19,488
0x25,0x1a,520
0x25,0x1b,522
0x25,0x1c,490
0x25,0x1d,492
0x25,0x1e,468
0x25,0x1f,496
0x25,0x20,504
0x25,0x21,514
0x25,0x22,512
0x25,0x23,510
0x25,0x24,392
0x25,0x25,526
0x25,0x26,460
0x25,0x27,496
0x25,0x28,510
0x25,0x29,500
0x25,0x2a,530
0x25,0x2b,478
0x25,0x2c,484
0x25,0x2d,500
0x25,0x2e,484
0x25,0x2f,488
0x25,0x30,494
0x25,0x31,540
0x25,0x32,494
0x25,0x33,532
0x25,0x34,506
0x25,0x35,518
0x25,0x36,532
0x25,0x37,552
0x25,0x38,504
0x25,0x39,518
0x25,0x3a,538
0x25,0x3b,472
0x25,0x3c,534
0x25,0x3d,506
0x25,0x3e,488
0x25,0x3f,502
0x25,0x40,510
0x25,0x41,490
0x25,0x42,518
0x25,0x43,506
0x25,0x44,520
0x25,0x45,502
0x25,0x46,472
0x25,0x47,520
0x25,0x48,508
0x25,0x49,520
0x25,0x4a,536
0x25,0x4b,516
0x25,0x4c,512
0x25,0x4d,494
0x25,0x4e,452
0x25,0x4f,546
0x25,0x50,580
0x25,0x51,558
0x25,0x52,500
0x25,0x53,532
0x25,0x54,492
0x25,0x55,546
0x25,0x56,468
0x25,0x57,522
0x25,0x58,478
0x25,0x59,442
0x25,0x5a,522
0x25,0x5b,556
0x25,0x5c,490
0x25,0x5d,548
0x25,0x5e,508
0x25,0x5f,506
0x25,0x60,526
0x25,0x61,492
0x25,0x62,524
0x25,0x63,534
0x25,0x64,508
0x25,0x65,534
0x25,0x66,474
0x25,0x67,498
0x25,0x68,480
0x25,0x69,502
0x25,0x6a,520
0x25,0x6b,540
0x25,0x6c,482
0x25,0x6d,534
0x25,0x6e,522
0x25,0x6f,544
0x25,0x70,500
0x25,0x71,478
0x25,0x72,516
0x25,0x73,498
0x25,0x74,476
0x25,0x75,582
0x25,0x76,504
0x25,0x77,546
0x25,0x78,514
0x25,0x79,540
0x25,0x7a,514
0x25,0x7b,486
0x25,0x7c,500
0x25,0x7d,500
0x25,0x7e,546
0x25,0x7f,498
0x25,0x80,520
0x25,0x81,520
0x25,0x82,512
0x25,0x83,486
0x25,0x84,530
0x25,0x85,494
0x25,0x86,468
0x25,0x87,508
0x25,0x88,492
0x25,0x89,500
0x25,0x8a,508
0x25,0x8b,520
0x25,0x8c,476
0x25,0x8d,470
0x25,0x8e,540
0x25,0x8f,524
0x25,0x90,516
0x25,0x91,482
0x25,0x92,604
0x25,0x93,482
0x25,0x94,502
0x25,0x95,504
0x25,0x96,554
0x25,0x97,516
0x25,0x98,518
0x25,0x99,454
0x25,0x9a,538
0x25,0x9b,496
0x25,0x9c,492
0x25,0x9d,550
0x25,0x9e,522
0x25,0x9f,500
0x25,0xa0,514
0x25,0xa1,458
0x25,0xa2,486
0x25,0xa3,490
0x25,0xa4,484
0x25,0xa5,516
0x25,0xa6,502
0x25,0xa7,510
0x25,0xa8,524
0x25,0xa9,530
0x25,0xaa,466
0x25,0xab,478
0x25,0xac,474
0x25,0xad,510
0x25,0xae,514
0x25,0xaf,518
0x25,0xb0,478
0x25,0xb1,538
0x25,0xb2,518
0x25,0xb3,524
0x25,0xb4,500
0x25,0xb5,494
0x25,0xb6,544
0x25,0xb7,504
0x25,0xb8,472
0x25,0xb9,500
0x25,0xba,476
0x25,0xbb,534
0x25,0xbc,470
0x25,0xbd,466
0x25,0xbe,532
0x25,0xbf,464
0x25,0xc0,518
0x25,0xc1,494
0x25,0xc2,492
0x25,0xc3,502
0x25,0xc4,492
0x25,0xc5,560
0x25,0xc6,536
0x25,0xc7,528
0x25,0xc8,518
0x25,0xc9,514
0x25,0xca,530
0x25,0xcb,512
0x25,0xcc,536
0x25,0xcd,512
0x25,0xce,500
0x25,0xcf,538
0x25,0xd0,514
0x25,0xd1,504
0x25,0xd2,474
0x25,0xd3,524
0x25,0xd4,514
0x25,0xd5,456
0x25,0xd6,508
0x25,0xd7,530
0x25,0xd8,504
0x25,0xd9,524
0x25,0xda,566
0x25,0xdb,486
0x25,0xdc,570
0x25,0xdd,490
0x25,0xde,516
0x25,0xdf,516
0x25,0xe0,530
0x25,0xe1,484
0x25,0xe2,480
0x25,0xe3,514
0x25,0xe4,510
0x25,0xe5,498
0x25,0xe6,504
0x25,0xe7,492
0x25,0xe8,518
0x25,0xe9,468
0x25,0xea,502
0x25,0xeb,562
0x25,0xec,528
0x25,0xed,496
0x25,0xee,516
0x25,0xef,538
0x25,0xf0,526
0x25,0xf1,502
0x25,0xf2,530
0x25,0xf3,508
0x25,0xf4,496
0x25,0xf5,536
0x25,0xf6,518
0x25,0xf7,522
0x25,0xf8,540
0x25,0xf9,476
0x25,0xfa,482
0x25,0xfb,516
0x25,0xfc,490
0x25,0xfd,500
0x25,0xfe,514
0x25,0xff,508
0x26,0x00,256
0x26,0x01,516
0x26,0x02,498
0x26,0x03,506
0x26,0x04,450
0x26,0x05,540
0x26,0x06,510
0x26,0x07,516
0x26,0x08,504
0x26,0x09,524
0x26,0x0a,502
0x26,0x0b,470
0x26,0x0c,484
0x26,0x0d,534
0x26,0x0e,558
0x26,0x0f,504
0x26,0x10,472
0x26,0x11,522
0x26,0x12,518
0x26,0x13,502
0x26,0x14,494
0x26,0x15,500
0x26,0x16,524
0x26,0x17,504
0x26,0x18,520
0x26,0x19,458
0x26,0x1a,492
0x26,0x1b,516
0x26,0x1c,536
0x26,0x1d,476
0x26,0x1e,514
0x26,0x1f,506
0x26,0x20,510
0x26,0x21,554
0x26,0x22,490
0x26,0x23,528
0x26,0x24,644
0x26,0x25,470
0x26,0x26,516
0x26,0x27,492
0x26,0x28,574
0x26,0x29,530
0x26,0x2a,498
0x26,0x2b,528
0x26,0x2c,532
0x26,0x2d,496
0x26,0x2e,476
0x26,0x2f,484
0x26,0x30,434
0x26,0x31,506
0x26,0x32,588
0x26,0x33,476
0x26,0x34,494
0x26,0x35,510
0x26,0x36,498
0x26,0x37,524
0x26,0x38,482
0x26,0x39,516
0x26,0x3a,514
0x26,0x3b,562
0x26,0x3c,530
0x26,0x3d,520
0x26,0x3e,486
0x26,0x3f,480
0x26,0x40,502
0x26,0x41,516
0x26,0x42,494
0x26,0x43,502
0x26,0x44,506
0x26,0x45,492
0x26,0x46,522
0x26,0x47,500
0x26,0x48,510
0x26,0x49,492
0x26,0x4a,556
0x26,0x4b,494
0x26,0x4c,452
0x26,0x4d,516
0x26,0x4e,506
0x26,0x4f,516
0x26,0x50,482
0x26,0x51,478
0x26,0x52,498
0x26,0x53,466
0x26,0x54,518
0x26,0x55,516
0x26,0x56,510
0x26,0x57,514
0x26,0x58,508
0x26,0x59,536
0x26,0x5a,534
0x26,0x5b,534
0x26,0x5c,494
0x26,0x5d,448
0x26,0x5e,512
0x26,0x5f,492
0x26,0x60,500
0x26,0x61,494
0x26,0x62,480
0x26,0x63,490
0x26,0x64,524
0x26,0x65,548
0x26,0x66,564
0x26,0x67,530
0x26,0x68,500
0x26,0x69,558
0x26,0x6a,474
0x26,0x6b,480
0x26,0x6c,506
0x26,0x6d,504
0x26,0x6e,506
0x26,0x6f,526
0x26,0x70,476
0x26,0x71,518
0x26,0x72,528
0x26,0x73,512
0x26,0x74,518
0x26,0x75,526
0x26,0x76,514
0x26,0x77,492
0x26,0x78,528
0x26,0x79,502
0x26,0x7a,522
0x26,0x7b,582
0x26,0x7c,552
0x26,0x7d,496
0x26,0x7e,506
0x26,0x7f,540
0x26,0x80,550
0x26,0x81,494
0x26,0x82,490
0x26,0x83,508
0x26,0x84,488
0x26,0x85,490
0x26,0x86,474
0x26,0x87,506
0x26,0x88,508
0x26,0x89,510
0x26,0x8a,500
0x26,0x8b,486
0x26,0x8c,480
0x26,0x8d,512
0x26,0x8e,498
0x26,0x8f,546
0x26,0x90,532
0x26,0x91,518
0x26,0x92,474
0x26,0x93,552
0x26,0x94,508
0x26,0x95,534
0x26,0x96,512
0x26,0x97,528
0x26,0x98,530
0x26,0x99,494
0x26,0x9a,518
0x26,0x9b,534
0x26,0x9c,500
0x26,0x9d,536
0x26,0x9e,522
0x26,0x9f,490
0x26,0xa0,514
0x26,0xa1,494
0x26,0xa2,470
0x26,0xa3,504
0x26,0xa4,492
0x26,0xa5,494
0x26,0xa6,498
0x26,0xa7,544
0x26,0xa8,508
0x26,0xa9,518
0x26,0xaa,502
0x26,0xab,542
0x26,0xac,532
0x26,0xad,512
0x26,0xae,486
0x26,0xaf,516
0x26,0xb0,510
0x26,0xb1,514
0x26,0xb2,506
0x26,0xb3,492
0x26,0xb4,542
0x26,0xb5,476
0x26,0xb6,512
0x26,0xb7,504
0x26,0xb8,508
0x26,0xb9,474
0x26,0xba,500
0x26,0xbb,510
0x26,0xbc,474
0x26,0xbd,516
0x26,0xbe,518
0x26,0xbf,520
0x26,0xc0,510
0x26,0xc1,550
0x26,0xc2,508
0x26,0xc3,544
0x26,0xc4,506
0x26,0xc5,544
0x26,0xc6,528
0x26,0xc7,508
0x26,0xc8,474
0x26,0xc9,486
0x26,0xca,494
0x26,0xcb,568
0x26,0xcc,480
0x26,0xcd,534
0x26,0xce,534
0x26,0xcf,494
0x26,0xd0,494
0x26,0xd1,502
0x26,0xd2,478
0x26,0xd3,520
0x26,0xd4,570
0x26,0xd5,516
0x26,0xd6,540
0x26,0xd7,474
0x26,0xd8,514
0x26,0xd9,548
0x26,0xda,504
0x26,0xdb,510
0x26,0xdc,498
0x26,0xdd,446
0x26,0xde,514
0x26,0xdf,544
0x26,0xe0,544
0x26,0xe1,540
0x26,0xe2,514
0x26,0xe3,490
0x26,0xe4,494
0x26,0xe5,502
0x26,0xe6,464
0x26,0xe7,530
0x26,0xe8,486
0x26,0xe9,514
0x26,0xea,490
0x26,0xeb,522
0x26,0xec,512
0x26,0xed,510
0x26,0xee,518
0x26,0xef,528
0x26,0xf0,500
0x26,0xf1,478
0x26,0xf2,538
0x26,0xf3,480
0x26,0xf4,510
0x26,0xf5,514
0x26,0xf6,492
0x26,0xf7,494
0x26,0xf8,458
0x26,0xf9,476
0x26,0xfa,496
0x26,0xfb,510
0x26,0xfc,512
0x26,0xfd,512
0x26,0xfe,568
0x26,0xff,526
0x27,0x00,256
0x27,0x01,566
0x27,0x02,498
0x27,0x03,496
0x27,0x04,498
0x27,0x05,494
0x27,0x06,486
0x27,0x07,522
0x27,0x08,482
0x27,0x09,494
0x27,0x0a,492
0x27,0x0b,540
0x27,0x0c,500
0x27,0x0d,526
0x27,0x0e,520
0x27,0x0f,508
0x27,0x10,522
0x27,0x11,522
0x27,0x12,390
0x27,0x13,492
0x27,0x14,472
0x27,0x15,522
0x27,0x16,464
0x27,0x17,490
0x27,0x18,536
0x27,0x19,552
0x27,0x1a,572
0x27,0x1b,490
0x27,0x1c,520
0x27,0x1d,478
0x27,0x1e,516
0x27,0x1f,508
0x27,0x20,544
0x27,0x21,526
0x27,0x22,562
0x27,0x23,538
0x27,0x24,454
0x27,0x25,510
0x27,0x26,504
0x27,0x27,522
0x27,0x28,504
0x27,0x29,528
0x27,0x2a,520
0x27,0x2b,510
0x27,0x2c,512
0x27,0x2d,492
0x27,0x2e,520
0x27,0x2f,532
0x27,0x30,522
0x27,0x31,486
0x27,0x32,504
0x27,0x33,506
0x27,0x34,496
0x27,0x35,504
0x27,0x36,448
0x27,0x37,642
0x27,0x38,544
0x27,0x39,482
0x27,0x3a,534
0x27,0x3b,490
0x27,0x3c,542
0x27,0x3d,504
0x27,0x3e,524
0x27,0x3f,514
0x27,0x40,520
0x27,0x41,474
0x27,0x42,516
0x27,0x43,488
0x27,0x44,532
0x27,0x45,470
0x27,0x46,520
0x27,0x47,522
0x27,0x48,518
0x27,0x49,490
0x27,0x4a,500
0x27,0x4b,524
0x27,0x4c,544
0x27,0x4d,468
0x27,0x4e,558
0x27,0x4f,460
0x27,0x50,508
0x27,0x51,486
0x27,0x52,530
0x27,0x53,506
0x27,0x54,506
0x27,0x55,488
0x27,0x56,524
0x27,0x57,594
0x27,0x58,516
0x27,0x59,538
0x27,0x5a,524
0x27,0x5b,484
0x27,0x5c,528
0x27,0x5d,538
0x27,0x5e,518
0x27,0x5f,478
0x27,0x60,550
0x27,0x61,512
0x27,0x62,478
0x27,0x63,506
0x27,0x64,516
0x27,0x65,462
0x27,0x66,504
0x27,0x67,480
0x27,0x68,572
0x27,0x69,484
0x27,0x6a,536
0x27,0x6b,542
0x27,0x6c,522
0x27,0x6d,518
0x27,0x6e,506
0x27,0x6f,494
0x27,0x70,524
0x27,0x71,528
0x27,0x72,486
0x27,0x73,522
0x27,0x74,484
0x27,0x75,500
0x27,0x76,526
0x27,0x77,540
0x27,0x78,512
0x27,0x79,530
0x27,0x7a,504
0x27,0x7b,522
0x27,0x7c,576
0x27,0x7d,504
0x27,0x7e,464
0x27,0x7f,552
0x27,0x80,520
0x27,0x81,488
0x27,0x82,496
0x27,0x83,542
0x27,0x84,480
0x27,0x85,502
0x27,0x86,524
0x27,0x87,508
0x27,0x88,484
0x27,0x89,566
0x27,0x8a,516
0x27,0x8b,518
0x27,0x8c,486
0x27,0x8d,496
0x27,0x8e,490
0x27,0x8f,496
0x27,0x90,468
0x27,0x91,538
0x27,0x92,510
0x27,0x93,556
0x27,0x94,510
0x27,0x95,510
0x27,0x96,488
0x27,0x97,542
0x27,0x98,488
0x27,0x99,526
0x27,0x9a,484
0x27,0x9b,502
0x27,0x9c,530
0x27,0x9d,532
0x27,0x9e,518
0x27,0x9f,506
0x27,0xa0,546
0x27,0xa1,494
0x27,0xa2,534
0x27,0xa3,506
0x27,0xa4,530
0x27,0xa5,518
0x27,0xa6,494
0x27,0xa7,524
0x27,0xa8,504
0x27,0xa9,536
0x27,0xaa,516
0x27,0xab,534
0x27,0xac,524
0x27,0xad,526
0x27,0xae,502
0x27,0xaf,498
0x27,0xb0,470
0x27,0xb1,510
0x27,0xb2,470
0x27,0xb3,496
0x27,0xb4,468
0x27,0xb5,526
0x27,0xb6,492
0x27,0xb7,534
0x27,0xb8,516
0x27,0xb9,448
0x27,0xba,542
0x27,0xbb,496
0x27,0xbc,504
0x27,0xbd,492
0x27,0xbe,496
0x27,0xbf,490
0x27,0xc0,514
0x27,0xc1,490
0x27,0xc2,512
0x27,0xc3,532
0x27,0xc4,540
0x27,0xc5,536
0x27,0xc6,512
0x27,0xc7,492
0x27,0xc8,544
0x27,0xc9,544
0x27,0xca,524
0x27,0xcb,512
0x27,0xcc,520
0x27,0xcd,528
0x27,0xce,516
0x27,0xcf,518
0x27,0xd0,502
0x27,0xd1,536
0x27,0xd2,500
0x27,0xd3,492
0x27,0xd4,542
0x27,0xd5,526
0x27,0xd6,508
0x27,0xd7,520
0x27,0xd8,502
0x27,0xd9,516
0x27,0xda,516
0x27,0xdb,448
0x27,0xdc,558
0x27,0xdd,466
0x27,0xde,500
0x27,0xdf,470
0x27,0xe0,484
0x27,0xe1,484
0x27,0xe2,484
0x27,0xe3,550
0x27,0xe4,476
0x27,0xe5,524
0x27,0xe6,482
0x27,0xe7,554
0x27,0xe8,496
0x27,0xe9,532
0x27,0xea,472
0x27,0xeb,514
0x27,0xec,528
0x27,0xed,476
0x27,0xee,532
0x27,0xef,516
0x27,0xf0,474
0x27,0xf1,510
0x27,0xf2,492
0x27,0xf3,510
0x27,0xf4,540
0x27,0xf5,510
0x27,0xf6,492
0x27,0xf7,506
0x27,0xf8,522
0x27,0xf9,512
0x27,0xfa,480
0x27,0xfb,466
0x27,0xfc,512
0x27,0xfd,520
0x27,0xfe,476
0x27,0xff,492
0x28,0x00,256
0x28,0x01,476
0x28,0x02,530
0x28,0x03,512
0x28,0x04,480
0x28,0x05,536
0x28,0x06,484
0x28,0x07,508
0x28,0x08,482
0x28,0x09,488
0x28,0x0a,526
0x28,0x0b,520
0x28,0x0c,518
0x28,0x0d,474
0x28,0x0e,456
0x28,0x0f,474
0x28,0x10,488
0x28,0x11,548
0x28,0x12,394
0x28,0x13,556
0x28,0x14,538
0x28,0x15,468
0x28,0x16,498
0x28,0x17,540
0x28,0x18,482
0x28,0x19,470
0x28,0x1a,530
0x28,0x1b,524
0x28,0x1c,500
0x28,0x1d,508
0x28,0x1e,518
0x28,0x1f,520
0x28,0x20,510
0x28,0x21,494
0x28,0x22,506
0x28,0x23,554
0x28,0x24,688
0x28,0x25,512
0x28,0x26,516
0x28,0x27,636
0x28,0x28,534
0x28,0x29,482
0x28,0x2a,524
0x28,0x2b,492
0x28,0x2c,536
0x28,0x2d,584
0x28,0x2e,494
0x28,0x2f,492
0x28,0x30,400
0x28,0x31,602
0x28,0x32,576
0x28,0x33,524
0x28,0x34,464
0x28,0x35,504
0x28,0x36,456
0x28,0x37,530
0x28,0x38,552
0x28,0x39,538
0x28,0x3a,498
0x28,0x3b,476
0x28,0x3c,524
0x28,0x3d,512
0x28,0x3e,516
0x28,0x3f,530
0x28,0x40,470
0x28,0x41,492
0x28,0x42,532
0x28,0x43,472
0x28,0x44,564
0x28,0x45,542
0x28,0x46,504
0x28,0x47,524
0x28,0x48,494
0x28,0x49,502
0x28,0x4a,456
0x28,0x4b,464
0x28,0x4c,522
0x28,0x4d,500
0x28,0x4e,460
0x28,0x4f,508
0x28,0x50,508
0x28,0x51,524
0x28,0x52,502
0x28,0x53,490
0x28,0x54,460
0x28,0x55,528
0x28,0x56,518
0x28,0x57,498
0x28,0x58,506
0x28,0x59,514
0x28,0x5a,550
0x28,0x5b,524
0x28,0x5c,504
0x28,0x5d,502
0x28,0x5e,552
0x28,0x5f,494
0x28,0x60,522
0x28,0x61,482
0x28,0x62,552
0x28,0x63,550
0x28,0x64,516
0x28,0x65,502
0x28,0x66,510
0x28,0x67,538
0x28,0x68,624
0x28,0x69,546
0x28,0x6a,502
0x28,0x6b,494
0x28,0x6c,498
0x28,0x6d,524
0x28,0x6e,512
0x28,0x6f,504
0x28,0x70,502
0x28,0x71,530
0x28,0x72,492
0x28,0x73,546
0x28,0x74,480
0x28,0x75,516
0x28,0x76,478
0x28,0x77,496
0x28,0x78,490
0x28,0x79,514
0x28,0x7a,500
0x28,0x7b,552
0x28,0x7c,540
0x28,0x7d,524
0x28,0x7e,522
0x28,0x7f,480
0x28,0x80,476
0x28,0x81,480
0x28,0x82,512
0x28,0x83,512
0x28,0x84,528
0x28,0x85,520
0x28,0x86,486
0x28,0x87,506
0x28,0x88,512
0x28,0x89,530
0x28,0x8a,532
0x28,0x8b,514
0x28,0x8c,500
0x28,0x8d,554
0x28,0x8e,502
0x28,0x8f,460
0x28,0x90,498
0x28,0x91,540
0x28,0x92,608
0x28,0x93,526
0x28,0x94,486
0x28,0x95,490
0x28,0x96,482
0x28,0x97,506
0x28,0x98,516
0x28,0x99,496
0x28,0x9a,494
0x28,0x9b,526
0x28,0x9c,534
0x28,0x9d,480
0x28,0x9e,506
0x28,0x9f,474
0x28,0xa0,566
0x28,0xa1,496
0x28,0xa2,506
0x28,0xa3,454
0x28,0xa4,530
0x28,0xa5,490
0x28,0xa6,488
0x28,0xa7,502
0x28,0xa8,554
0x28,0xa9,512
0x28,0xaa,466
0x28,0xab,514
0x28,0xac,528
0x28,0xad,526
0x28,0xae,504
0x28,0xaf,498
0x28,0xb0,502
0x28,0xb1,534
0x28,0xb2,522
0x28,0xb3,526
0x28,0xb4,482
0x28,0xb5,552
0x28,0xb6,476
0x28,0xb7,530
0x28,0xb8,504
0x28,0xb9,520
0x28,0xba,498
0x28,0xbb,516
0x28,0xbc,552
0x28,0xbd,480
0x28,0xbe,522
0x28,0xbf,498
0x28,0xc0,502
0x28,0xc1,514
0x28,0xc2,502
0x28,0xc3,494
0x28,0xc4,486
0x28,0xc5,502
0x28,0xc6,522
0x28,0xc7,470
0x28,0xc8,544
0x28,0xc9,482
0x28,0xca,520
0x28,0xcb,504
0x28,0xcc,518
0x28,0xcd,460
0x28,0xce,508
0x28,0xcf,516
0x28,0xd0,486
0x28,0xd1,506
0x28,0xd2,520
0x28,0xd3,482
0x28,0xd4,538
0x28,0xd5,522
0x28,0xd6,560
0x28,0xd7,532
0x28,0xd8,514
0x28,0xd9,522
0x28,0xda,514
0x28,0xdb,492
0x28,0xdc,542
0x28,0xdd,522
0x28,0xde,528
0x28,0xdf,520
0x28,0xe0,516
0x28,0xe1,492
0x28,0xe2,510
0x28,0xe3,536
0x28,0xe4,510
0x28,0xe5,518
0x28,0xe6,486
0x28,0xe7,510
0x28,0xe8,464
0x28,0xe9,512
0x28,0xea,474
0x28,0xeb,482
0x28,0xec,456
0x28,0xed,492
0x28,0xee,530
0x28,0xef,548
0x28,0xf0,538
0x28,0xf1,518
0x28,0xf2,492
0x28,0xf3,464
0x28,0xf4,506
0x28,0xf5,492
0x28,0xf6,520
0x28,0xf7,492
0x28,0xf8,514
0x28,0xf9,490
0x28,0xfa,494
0x28,0xfb,512
0x28,0xfc,508
0x28,0xfd,520
0x28,0xfe,518
0x28,0xff,480
0x29,0x00,256
0x29,0x01,514
0x29,0x02,550
0x29,0x03,518
0x29,0x04,490
0x29,0x05,498
0x29,0x06,544
0x29,0x07,492
0x29,0x08,540
0x29,0x09,512
0x29,0x0a,478
0x29,0x0b,534
0x29,0x0c,512
0x29,0x0d,544
0x29,0x0e,526
0x29,0x0f,522
0x29,0x10,544
0x29,0x11,494
0x29,0x12,456
0x29,0x13,520
0x29,0x14,484
0x29,0x15,486
0x29,0x16,500
0x29,0x17,506
0x29,0x18,488
0x29,0x19,540
0x29,0x1a,562
0x29,0x1b,502
0x29,0x1c,504
0x29,0x1d,518
0x29,0x1e,496
0x29,0x1f,494
0x29,0x20,504
0x29,0x21,518
0x29,0x22,510
0x29,0x23,516
0x29,0x24,380
0x29,0x25,496
0x29,0x26,552
0x29,0x27,526
0x29,0x28,506
0x29,0x29,496
0x29,0x2a,496
0x29,0x2b,552
0x29,0x2c,512
0x29,0x2d,500
0x29,0x2e,470
0x29,0x2f,460
0x29,0x30,460
0x29,0x31,508
0x29,0x32,488
0x29,0x33,486
0x29,0x34,516
0x29,0x35,520
0x29,0x36,510
0x29,0x37,510
0x29,0x38,516
0x29,0x39,492
0x29,0x3a,522
0x29,0x3b,520
0x29,0x3c,520
0x29,0x3d,490
0x29,0x3e,576
0x29,0x3f,514
0x29,0x40,482
0x29,0x41,536
0x29,0x42,470
0x29,0x43,538
0x29,0x44,512
0x29,0x45,600
0x29,0x46,492
0x29,0x47,528
0x29,0x48,510
0x29,0x49,542
0x29,0x4a,494
0x29,0x4b,494
0x29,0x4c,578
0x29,0x4d,550
0x29,0x4e,556
0x29,0x4f,522
0x29,0x50,496
0x29,0x51,490
0x29,0x52,514
0x29,0x53,498
0x29,0x54,504
0x29,0x55,522
0x29,0x56,542
0x29,0x57,516
0x29,0x58,520
0x29,0x59,516
0x29,0x5a,524
0x29,0x5b,488
0x29,0x5c,548
0x29,0x5d,520
0x29,0x5e,506
0x29,0x5f,506
0x29,0x60,496
0x29,0x61,472
0x29,0x62,518
0x29,0x63,464
0x29,0x64,484
0x29,0x65,532
0x29,0x66,492
0x29,0x67,520
0x29,0x68,518
0x29,0x69,616
0x29,0x6a,472
0x29,0x6b,470
0x29,0x6c,548
0x29,0x6d,506
0x29,0x6e,486
0x29,0x6f,518
0x29,0x70,532
0x29,0x71,530
0x29,0x72,438
0x29,0x73,518
0x29,0x74,542
0x29,0x75,480
0x29,0x76,536
0x29,0x77,534
0x29,0x78,512
0x29,0x79,490
0x29,0x7a,550
0x29,0x7b,536
0x29,0x7c,510
0x29,0x7d,496
0x29,0x7e,480
0x29,0x7f,540
0x29,0x80,514
0x29,0x81,550
0x29,0x82,526
0x29,0x83,492
0x29,0x84,530
0x29,0x85,506
0x29,0x86,474
0x29,0x87,482
0x29,0x88,506
0x29,0x89,572
0x29,0x8a,502
0x29,0x8b,482
0x29,0x8c,524
0x29,0x8d,544
0x29,0x8e,518
0x29,0x8f,540
0x29,0x90,518
0x29,0x91,514
0x29,0x92,492
0x29,0x93,494
0x29,0x94,524
0x29,0x95,516
0x29,0x96,564
0x29,0x97,508
0x29,0x98,524
0x29,0x99,500
0x29,0x9a,516
0x29,0x9b,528
0x29,0x9c,492
0x29,0x9d,478
0x29,0x9e,516
0x29,0x9f,512
0x29,0xa0,530
0x29,0xa1,536
0x29,0xa2,536
0x29,0xa3,512
0x29,0xa4,522
0x29,0xa5,530
0x29,0xa6,540
0x29,0xa7,516
0x29,0xa8,520
0x29,0xa9,528
0x29,0xaa,476
0x29,0xab,538
0x29,0xac,574
0x29,0xad,500
0x29,0xae,494
0x29,0xaf,528
0x29,0xb0,484
0x29,0xb1,494
0x29,0xb2,508
0x29,0xb3,522
0x29,0xb4,578
0x29,0xb5,504
0x29,0xb6,476
0x29,0xb7,516
0x29,0xb8,500
0x29,0xb9,496
0x29,0xba,500
0x29,0xbb,540
0x29,0xbc,478
0x29,0xbd,498
0x29,0xbe,508
0x29,0xbf,484
0x29,0xc0,532
0x29,0xc1,504
0x29,0xc2,508
0x29,0xc3,506
0x29,0xc4,512
0x29,0xc5,520
0x29,0xc6,472
0x29,0xc7,534
0x29,0xc8,472
0x29,0xc9,480
0x29,0xca,532
0x29,0xcb,502
0x29,0xcc,494
0x29,0xcd,514
0x29,0xce,534
0x29,0xcf,502
0x29,0xd0,512
0x29,0xd1,510
0x29,0xd2,496
0x29,0xd3,504
0x29,0xd4,530
0x29,0xd5,542
0x29,0xd6,538
0x29,0xd7,522
0x29,0xd8,488
0x29,0xd9,520
0x29,0xda,512
0x29,0xdb,504
0x29,0xdc,548
0x29,0xdd,494
0x29,0xde,508
0x29,0xdf,478
0x29,0xe0,498
0x29,0xe1,540
0x29,0xe2,542
0x29,0xe3,500
0x29,0xe4,570
0x29,0xe5,572
0x29,0xe6,474
0x29,0xe7,534
0x29,0xe8,522
0x29,0xe9,516
0x29,0xea,496
0x29,0xeb,496
0x29,0xec,480
0x29,0xed,496
0x29,0xee,552
0x29,0xef,488
0x29,0xf0,520
0x29,0xf1,494
0x29,0xf2,490
0x29,0xf3,510
0x29,0xf4,542
0x29,0xf5,514
0x29,0xf6,532
0x29,0xf7,482
0x29,0xf8,498
0x29,0xf9,512
0x29,0xfa,502
0x29,0xfb,518
0x29,0xfc,566
0x29,0xfd,480
0x29,0xfe,536
0x29,0xff,488
0x2a,0x00,256
0x2a,0x01,482
0x2a,0x02,506
0x2a,0x03,490
0x2a,0x04,494
0x2a,0x05,538
0x2a,0x06,502
0x2a,0x07,532
0x2a,0x08,510
0x2a,0x09,546
0x2a,0x0a,528
0x2a,0x0b,474
0x2a,0x0c,496
0x2a,0x0d,498
0x2a,0x0e,522
0x2a,0x0f,502
0x2a,0x10,506
0x2a,0x11,518
0x2a,0x12,438
0x2a,0x13,520
0x2a,0x14,622
0x2a,0x15,484
0x2a,0x16,662
0x2a,0x17,514
0x2a,0x18,544
0x2a,0x19,514
0x2a,0x1a,556
0x2a,0x1b,494
0x2a,0x1c,486
0x2a,0x1d,540
0x2a,0x1e,534
0x2a,0x1f,530
0x2a,0x20,480
0x2a,0x21,522
0x2a,0x22,528
0x2a,0x23,540
0x2a,0x24,1248
0x2a,0x25,530
0x2a,0x26,426
0x2a,0x27,506
0x2a,0x28,516
0x2a,0x29,558
0x2a,0x2a,512
0x2a,0x2b,548
0x2a,0x2c,516
0x2a,0x2d,508
0x2a,0x2e,490
0x2a,0x2f,546
0x2a,0x30,524
0x2a,0x31,472
0x2a,0x32,564
0x2a,0x33,522
0x2a,0x34,480
0x2a,0x35,478
0x2a,0x36,518
0x2a,0x37,498
0x2a,0x38,498
0x2a,0x39,536
0x2a,0x3a,474
0x2a,0x3b,464
0x2a,0x3c,536
0x2a,0x3d,532
0x2a,0x3e,502
0x2a,0x3f,528
0x2a,0x40,506
0x2a,0x41,506
0x2a,0x42,498
0x2a,0x43,502
0x2a,0x44,464
0x2a,0x45,466
0x2a,0x46,508
0x2a,0x47,546
0x2a,0x48,572
0x2a,0x49,492
0x2a,0x4a,498
0x2a,0x4b,524
0x2a,0x4c,512
0x2a,0x4d,486
0x2a,0x4e,500
0x2a,0x4f,510
0x2a,0x50,508
0x2a,0x51,564
0x2a,0x52,506
0x2a,0x53,506
0x2a,0x54,508
0x2a,0x55,518
0x2a,0x56,492
0x2a,0x57,566
0x2a,0x58,526
0x2a,0x59,526
0x2a,0x5a,538
0x2a,0x5b,528
0x2a,0x5c,504
0x2a,0x5d,472
0x2a,0x5e,520
0x2a,0x5f,494
0x2a,0x60,556
0x2a,0x61,496
0x2a,0x62,476
0x2a,0x63,484
0x2a,0x64,544
0x2a,0x65,488
0x2a,0x66,532
0x2a,0x67,544
0x2a,0x68,508
0x2a,0x69,490
0x2a,0x6a,488
0x2a,0x6b,508
0x2a,0x6c,514
0x2a,0x6d,518
0x2a,0x6e,530
0x2a,0x6f,556
0x2a,0x70,544
0x2a,0x71,508
0x2a,0x72,498
0x2a,0x73,524
0x2a,0x74,488
0x2a,0x75,502
0x2a,0x76,532
0x2a,0x77,496
0x2a,0x78,508
0x2a,0x79,490
0x2a,0x7a,478
0x2a,0x7b,476
0x2a,0x7c,520
0x2a,0x7d,506
0x2a,0x7e,492
0x2a,0x7f,522
0x2a,0x80,502
0x2a,0x81,530
0x2a,0x82,526
0x2a,0x83,516
0x2a,0x84,560
0x2a,0x85,564
0x2a,0x86,514
0x2a,0x87,564
0x2a,0x88,494
0x2a,0x89,514
0x2a,0x8a,532
0x2a,0x8b,454
0x2a,0x8c,504
0x2a,0x8d,542
0x2a,0x8e,504
0x2a,0x8f,530
0x2a,0x90,528
0x2a,0x91,502
0x2a,0x92,476
0x2a,0x93,420
0x2a,0x94,540
0x2a,0x95,518
0x2a,0x96,502
0x2a,0x97,498
0x2a,0x98,480
0x2a,0x99,546
0x2a,0x9a,514
0x2a,0x9b,550
0x2a,0x9c,490
0x2a,0x9d,544
0x2a,0x9e,520
0x2a,0x9f,508
0x2a,0xa0,532
0x2a,0xa1,506
0x2a,0xa2,518
0x2a,0xa3,506
0x2a,0xa4,524
0x2a,0xa5,496
0x2a,0xa6,496
0x2a,0xa7,520
0x2a,0xa8,490
0x2a,0xa9,480
0x2a,0xaa,500
0x2a,0xab,524
0x2a,0xac,542
0x2a,0xad,544
0x2a,0xae,538
0x2a,0xaf,502
0x2a,0xb0,542
0x2a,0xb1,520
0x2a,0xb2,562
0x2a,0xb3,554
0x2a,0xb4,520
0x2a,0xb5,524
0x2a,0xb6,488
0x2a,0xb7,502
0x2a,0xb8,512
0x2a,0xb9,514
0x2a,0xba,482
0x2a,0xbb,506
0x2a,0xbc,510
0x2a,0xbd,490
0x2a,0xbe,550
0x2a,0xbf,520
0x2a,0xc0,524
0x2a,0xc1,578
0x2a,0xc2,504
0x2a,0xc3,482
0x2a,0xc4,468
0x2a,0xc5,504
0x2a,0xc6,496
0x2a,0xc7,514
0x2a,0xc8,472
0x2a,0xc9,564
0x2a,0xca,540
0x2a,0xcb,502
0x2a,0xcc,514
0x2a,0xcd,504
0x2a,0xce,480
0x2a,0xcf,490
0x2a,0xd0,528
0x2a,0xd1,514
0x2a,0xd2,502
0x2a,0xd3,496
0x2a,0xd4,522
0x2a,0xd5,498
0x2a,0xd6,530
0x2a,0xd7,528
0x2a,0xd8,582
0x2a,0xd9,518
0x2a,0xda,522
0x2a,0xdb,538
0x2a,0xdc,486
0x2a,0xdd,462
0x2a,0xde,532
0x2a,0xdf,486
0x2a,0xe0,508
0x2a,0xe1,524
0x2a,0xe2,522
0x2a,0xe3,538
0x2a,0xe4,524
0x2a,0xe5,536
0x2a,0xe6,482
0x2a,0xe7,486
0x2a,0xe8,538
0x2a,0xe9,528
0x2a,0xea,518
0x2a,0xeb,514
0x2a,0xec,480
0x2a,0xed,528
0x2a,0xee,506
0x2a,0xef,546
0x2a,0xf0,474
0x2a,0xf1,516
0x2a,0xf2,528
0x2a,0xf3,460
0x2a,0xf4,468
0x2a,0xf5,482
0x2a,0xf6,496
0x2a,0xf7,538
0x2a,0xf8,496
0x2a,0xf9,548
0x2a,0xfa,538
0x2a,0xfb,520
0x2a,0xfc,586
0x2a,0xfd,546
0x2a,0xfe,572
0x2a,0xff,554
0x2b,0x00,256
0x2b,0x01,530
0x2b,0x02,542
0x2b,0x03,510
0x2b,0x04,502
0x2b,0x05,484
0x2b,0x06,520
0x2b,0x07,490
0x2b,0x08,488
0x2b,0x09,554
0x2b,0x0a,504
0x2b,0x0b,552
0x2b,0x0c,492
0x2b,0x0d,522
0x2b,0x0e,504
0x2b,0x0f,506
0x2b,0x10,502
0x2b,0x11,514
0x2b,0x12,394
0x2b,0x13,548
0x2b,0x14,480
0x2b,0x15,508
0x2b,0x16,462
0x2b,0x17,464
0x2b,0x18,526
0x2b,0x19,498
0x2b,0x1a,526
0x2b,0x1b,478
0x2b,0x1c,538
0x2b,0x1d,490
0x2b,0x1e,538
0x2b,0x1f,498
0x2b,0x20,490
0x2b,0x21,514
0x2b,0x22,486
0x2b,0x23,476
0x2b,0x24,378
0x2b,0x25,510
0x2b,0x26,520
0x2b,0x27,490
0x2b,0x28,466
0x2b,0x29,514
0x2b,0x2a,510
0x2b,0x2b,494
0x2b,0x2c,484
0x2b,0x2d,500
0x2b,0x2e,526
0x2b,0x2f,486
0x2b,0x30,522
0x2b,0x31,528
0x2b,0x32,556
0x2b,0x33,524
0x2b,0x34,498
0x2b,0x35,512
0x2b,0x36,516
0x2b,0x37,504
0x2b,0x38,522
0x2b,0x39,534
0x2b,0x3a,480
0x2b,0x3b,514
0x2b,0x3c,524
0x2b,0x3d,518
0x2b,0x3e,478
0x2b,0x3f,520
0x2b,0x40,520
0x2b,0x41,492
0x2b,0x42,494
0x2b,0x43,488
0x2b,0x44,480
0x2b,0x45,548
0x2b,0x46,520
0x2b,0x47,468
0x2b,0x48,540
0x2b,0x49,528
0x2b,0x4a,522
0x2b,0x4b,466
0x2b,0x4c,498
0x2b,0x4d,576
0x2b,0x4e,500
0x2b,0x4f,444
0x2b,0x50,576
0x2b,0x51,500
0x2b,0x52,524
0x2b,0x53,504
0x2b,0x54,554
0x2b,0x55,506
0x2b,0x56,454
0x2b,0x57,524
0x2b,0x58,522
0x2b,0x59,494
0x2b,0x5a,556
0x2b,0x5b,524
0x2b,0x5c,480
0x2b,0x5d,480
0x2b,0x5e,510
0x2b,0x5f,542
0x2b,0x60,492
0x2b,0x61,542
0x2b,0x62,490
0x2b,0x63,508
0x2b,0x64,518
0x2b,0x65,472
0x2b,0x66,512
0x2b,0x67,510
0x2b,0x68,488
0x2b,0x69,532
0x2b,0x6a,572
0x2b,0x6b,538
0x2b,0x6c,516
0x2b,0x6d,544
0x2b,0x6e,544
0x2b,0x6f,506
0x2b,0x70,500
0x2b,0x71,508
0x2b,0x72,496
0x2b,0x73,492
0x2b,0x74,474
0x2b,0x75,496
0x2b,0x76,536
0x2b,0x77,540
0x2b,0x78,534
0x2b,0x79,550
0x2b,0x7a,490
0x2b,0x7b,516
0x2b,0x7c,488
0x2b,0x7d,516
0x2b,0x7e,498
0x2b,0x7f,506
0x2b,0x80,494
0x2b,0x81,518
0x2b,0x82,494
0x2b,0x83,508
0x2b,0x84,472
0x2b,0x85,500
0x2b,0x86,480
0x2b,0x87,502
0x2b,0x88,476
0x2b,0x89,480
0x2b,0x8a,508
0x2b,0x8b,522
0x2b,0x8c,528
0x2b,0x8d,486
0x2b,0x8e,510
0x2b,0x8f,518
0x2b,0x90,538
0x2b,0x91,502
0x2b,0x92,486
0x2b,0x93,476
0x2b,0x94,490
0x2b,0x95,532
0x2b,0x96,554
0x2b,0x97,512
0x2b,0x98,470
0x2b,0x99,534
0x2b,0x9a,524
0x2b,0x9b,538
0x2b,0x9c,478
0x2b,0x9d,506
0x2b,0x9e,512
0x2b,0x9f,538
0x2b,0xa0,508
0x2b,0xa1,564
0x2b,0xa2,492
0x2b,0xa3,508
0x2b,0xa4,486
0x2b,0xa5,572
0x2b,0xa6,438
0x2b,0xa7,540
0x2b,0xa8,496
0x2b,0xa9,500
0x2b,0xaa,514
0x2b,0xab,486
0x2b,0xac,490
0x2b,0xad,488
0x2b,0xae,492
0x2b,0xaf,492
0x2b,0xb0,508
0x2b,0xb1,498
0x2b,0xb2,468
0x2b,0xb3,484
0x2b,0xb4,498
0x2b,0xb5,520
0x2b,0xb6,522
0x2b,0xb7,488
0x2b,0xb8,494
0x2b,0xb9,524
0x2b,0xba,506
0x2b,0xbb,528
0x2b,0xbc,522
0x2b,0xbd,500
0x2b,0xbe,544
0x2b,0xbf,516
0x2b,0xc0,536
0x2b,0xc1,538
0x2b,0xc2,486
0x2b,0xc3,522
0x2b,0xc4,508
0x2b,0xc5,548
0x2b,0xc6,516
0x2b,0xc7,516
0x2b,0xc8,530
0x2b,0xc9,480
0x2b,0xca,520
0x2b,0xcb,496
0x2b,0xcc,512
0x2b,0xcd,476
0x2b,0xce,518
0x2b,0xcf,496
0x2b,0xd0,596
0x2b,0xd1,550
0x2b,0xd2,532
0x2b,0xd3,528
0x2b,0xd4,496
0x2b,0xd5,480
0x2b,0xd6,456
0x2b,0xd7,510
0x2b,0xd8,506
0x2b,0xd9,510
0x2b,0xda,532
0x2b,0xdb,520
0x2b,0xdc,492
0x2b,0xdd,470
0x2b,0xde,518
0x2b,0xdf,504
0x2b,0xe0,450
0x2b,0xe1,508
0x2b,0xe2,530
0x2b,0xe3,494
0x2b,0xe4,532
0x2b,0xe5,510
0x2b,0xe6,490
0x2b,0xe7,512
0x2b,0xe8,494
0x2b,0xe9,552
0x2b,0xea,486
0x2b,0xeb,540
0x2b,0xec,470
0x2b,0xed,464
0x2b,0xee,484
0x2b,0xef,506
0x2b,0xf0,460
0x2b,0xf1,506
0x2b,0xf2,526
0x2b,0xf3,500
0x2b,0xf4,510
0x2b,0xf5,504
0x2b,0xf6,496
0x2b,0xf7,482
0x2b,0xf8,480
0x2b,0xf9,494
0x2b,0xfa,526
0x2b,0xfb,490
0x2b,0xfc,510
0x2b,0xfd,482
0x2b,0xfe,484
0x2b,0xff,454
0x2c,0x00,256
0x2c,0x01,468
0x2c,0x02,494
0x2c,0x03,476
0x2c,0x04,502
0x2c,0x05,494
0x2c,0x06,562
0x2c,0x07,496
0x2c,0x08,514
0x2c,0x09,500
0x2c,0x0a,484
0x2c,0x0b,498
0x2c,0x0c,474
0x2c,0x0d,504
0x2c,0x0e,490
0x2c,0x0f,508
0x2c,0x10,536
0x2c,0x11,472
0x2c,0x12,386
0x2c,0x13,488
0x2c,0x14,514
0x2c,0x15,498
0x2c,0x16,456
0x2c,0x17,568
0x2c,0x18,504
0x2c,0x19,576
0x2c,0x1a,544
0x2c,0x1b,508
0x2c,0x1c,512
0x2c,0x1d,470
0x2c,0x1e,480
0x2c,0x1f,512
0x2c,0x20,480
0x2c,0x21,508
0x2c,0x22,506
0x2c,0x23,508
0x2c,0x24,450
0x2c,0x25,524
0x2c,0x26,414
0x2c,0x27,510
0x2c,0x28,494
0x2c,0x29,468
0x2c,0x2a,494
0x2c,0x2b,506
0x2c,0x2c,508
0x2c,0x2d,466
0x2c,0x2e,474
0x2c,0x2f,570
0x2c,0x30,376
0x2c,0x31,498
0x2c,0x32,460
0x2c,0x33,524
0x2c,0x34,464
0x2c,0x35,504
0x2c,0x36,522
0x2c,0x37,510
0x2c,0x38,490
0x2c,0x39,530
0x2c,0x3a,480
0x2c,0x3b,522
0x2c,0x3c,500
0x2c,0x3d,522
0x2c,0x3e,508
0x2c,0x3f,564
0x2c,0x40,504
0x2c,0x41,524
0x2c,0x42,490
0x2c,0x43,538
0x2c,0x44,488
0x2c,0x45,504
0x2c,0x46,546
0x2c,0x47,518
0x2c,0x48,488
0x2c,0x49,532
0x2c,0x4a,530
0x2c,0x4b,488
0x2c,0x4c,514
0x2c,0x4d,556
0x2c,0x4e,506
0x2c,0x4f,500
0x2c,0x50,494
0x2c,0x51,566
0x2c,0x52,546
0x2c,0x53,514
0x2c,0x54,492
0x2c,0x55,502
0x2c,0x56,562
0x2c,0x57,494
0x2c,0x58,518
0x2c,0x59,486
0x2c,0x5a,536
0x2c,0x5b,520
0x2c,0x5c,544
0x2c,0x5d,514
0x2c,0x5e,486
0x2c,0x5f,500
0x2c,0x60,576
0x2c,0x61,498
0x2c,0x62,518
0x2c,0x63,568
0x2c,0x64,494
0x2c,0x65,514
0x2c,0x66,476
0x2c,0x67,478
0x2c,0x68,498
0x2c,0x69,516
0x2c,0x6a,544
0x2c,0x6b,536
0x2c,0x6c,536
0x2c,0x6d,472
0x2c,0x6e,498
0x2c,0x6f,550
0x2c,0x70,502
0x2c,0x71,502
0x2c,0x72,496
0x2c,0x73,554
0x2c,0x74,522
0x2c,0x75,512
0x2c,0x76,512
0x2c,0x77,480
0x2c,0x78,508
0x2c,0x79,486
0x2c,0x7a,496
0x2c,0x7b,540
0x2c,0x7c,566
0x2c,0x7d,500
0x2c,0x7e,482
0x2c,0x7f,496
0x2c,0x80,494
0x2c,0x81,512
0x2c,0x82,502
0x2c,0x83,506
0x2c,0x84,492
0x2c,0x85,504
0x2c,0x86,558
0x2c,0x87,524
0x2c,0x88,514
0x2c,0x89,480
0x2c,0x8a,518
0x2c,0x8b,540
0x2c,0x8c,468
0x2c,0x8d,530
0x2c,0x8e,530
0x2c,0x8f,512
0x2c,0x90,510
0x2c,0x91,536
0x2c,0x92,522
0x2c,0x93,482
0x2c,0x94,486
0x2c,0x95,484
0x2c,0x96,478
0x2c,0x97,508
0x2c,0x98,490
0x2c,0x99,522
0x2c,0x9a,524
0x2c,0x9b,524
0x2c,0x9c,500
0x2c,0x9d,488
0x2c,0x9e,518
0x2c,0x9f,490
0x2c,0xa0,490
0x2c,0xa1,488
0x2c,0xa2,478
0x2c,0xa3,476
0x2c,0xa4,558
0x2c,0xa5,486
0x2c,0xa6,516
0x2c,0xa7,494
0x2c,0xa8,496
0x2c,0xa9,492
0x2c,0xaa,546
0x2c,0xab,506
0x2c,0xac,492
0x2c,0xad,544
0x2c,0xae,504
0x2c,0xaf,518
0x2c,0xb0,472
0x2c,0xb1,478
0x2c,0xb2,506
0x2c,0xb3,494
0x2c,0xb4,528
0x2c,0xb5,556
0x2c,0xb6,580
0x2c,0xb7,518
0x2c,0xb8,506
0x2c,0xb9,528
0x2c,0xba,504
0x2c,0xbb,504
0x2c,0xbc,564
0x2c,0xbd,496
0x2c,0xbe,526
0x2c,0xbf,496
0x2c,0xc0,482
0x2c,0xc1,510
0x2c,0xc2,480
0x2c,0xc3,532
0x2c,0xc4,538
0x2c,0xc5,546
0x2c,0xc6,506
0x2c,0xc7,524
0x2c,0xc8,532
0x2c,0xc9,462
0x2c,0xca,524
0x2c,0xcb,540
0x2c,0xcc,524
0x2c,0xcd,526
0x2c,0xce,516
0x2c,0xcf,506
0x2c,0xd0,532
0x2c,0xd1,482
0x2c,0xd2,522
0x2c,0xd3,474
0x2c,0xd4,532
0x2c,0xd5,532
0x2c,0xd6,502
0x2c,0xd7,514
0x2c,0xd8,500
0x2c,0xd9,494
0x2c,0xda,506
0x2c,0xdb,482
0x2c,0xdc,514
0x2c,0xdd,468
0x2c,0xde,544
0x2c,0xdf,518
0x2c,0xe0,510
0x2c,0xe1,502
0x2c,0xe2,534
0x2c,0xe3,530
0x2c,0xe4,486
0x2c,0xe5,524
0x2c,0xe6,474
0x2c,0xe7,492
0x2c,0xe8,502
0x2c,0xe9,480
0x2c,0xea,496
0x2c,0xeb,528
0x2c,0xec,516
0x2c,0xed,536
0x2c,0xee,496
0x2c,0xef,496
0x2c,0xf0,508
0x2c,0xf1,524
0x2c,0xf2,550
0x2c,0xf3,492
0x2c,0xf4,496
0x2c,0xf5,500
0x2c,0xf6,536
0x2c,0xf7,510
0x2c,0xf8,556
0x2c,0xf9,480
0x2c,0xfa,494
0x2c,0xfb,486
0x2c,0xfc,494
0x2c,0xfd,518
0x2c,0xfe,504
0x2c,0xff,544
0x2d,0x00,256
0x2d,0x01,458
0x2d,0x02,488
0x2d,0x03,514
0x2d,0x04,488
0x2d,0x05,526
0x2d,0x06,470
0x2d,0x07,556
0x2d,0x08,508
0x2d,0x09,522
0x2d,0x0a,470
0x2d,0x0b,480
0x2d,0x0c,524
0x2d,0x0d,520
0x2d,0x0e,516
0x2d,0x0f,518
0x2d,0x10,488
0x2d,0x11,562
0x2d,0x12,472
0x2d,0x13,484
0x2d,0x14,502
0x2d,0x15,516
0x2d,0x16,522
0x2d,0x17,508
0x2d,0x18,526
0x2d,0x19,480
0x2d,0x1a,490
0x2d,0x1b,484
0x2d,0x1c,514
0x2d,0x1d,502
0x2d,0x1e,488
0x2d,0x1f,518
0x2d,0x20,492
0x2d,0x21,520
0x2d,0x22,484
0x2d,0x23,512
0x2d,0x24,522
0x2d,0x25,514
0x2d,0x26,610
0x2d,0x27,510
0x2d,0x28,486
0x2d,0x29,514
0x2d,0x2a,516
0x2d,0x2b,522
0x2d,0x2c,480
0x2d,0x2d,468
0x2d,0x2e,562
0x2d,0x2f,532
0x2d,0x30,486
0x2d,0x31,466
0x2d,0x32,512
0x2d,0x33,500
0x2d,0x34,464
0x2d,0x35,538
0x2d,0x36,460
0x2d,0x37,518
0x2d,0x38,508
0x2d,0x39,518
0x2d,0x3a,456
0x2d,0x3b,542
0x2d,0x3c,516
0x2d,0x3d,518
0x2d,0x3e,506
0x2d,0x3f,522
0x2d,0x40,500
0x2d,0x41,504
0x2d,0x42,500
0x2d,0x43,490
0x2d,0x44,482
0x2d,0x45,470
0x2d,0x46,522
0x2d,0x47,514
0x2d,0x48,506
0x2d,0x49,502
0x2d,0x4a,524
0x2d,0x4b,496
0x2d,0x4c,460
0x2d,0x4d,492
0x2d,0x4e,482
0x2d,0x4f,516
0x2d,0x50,504
0x2d,0x51,512
0x2d,0x52,520
0x2d,0x53,528
0x2d,0x54,562
0x2d,0x55,510
0x2d,0x56,508
0x2d,0x57,536
0x2d,0x58,500
0x2d,0x59,536
0x2d,0x5a,520
0x2d,0x5b,482
0x2d,0x5c,556
0x2d,0x5d,512
0x2d,0x5e,494
0x2d,0x5f,524
0x2d,0x60,502
0x2d,0x61,498
0x2d,0x62,476
0x2d,0x63,500
0x2d,0x64,504
0x2d,0x65,492
0x2d,0x66,494
0x2d,0x67,512
0x2d,0x68,500
0x2d,0x69,534
0x2d,0x6a,496
0x2d,0x6b,514
0x2d,0x6c,490
0x2d,0x6d,526
0x2d,0x6e,508
0x2d,0x6f,544
0x2d,0x70,492
0x2d,0x71,508
0x2d,0x72,446
0x2d,0x73,542
0x2d,0x74,476
0x2d,0x75,524
0x2d,0x76,538
0x2d,0x77,502
0x2d,0x78,552
0x2d,0x79,510
0x2d,0x7a,506
0x2d,0x7b,512
0x2d,0x7c,452
0x2d,0x7d,500
0x2d,0x7e,548
0x2d,0x7f,494
0x2d,0x80,518
0x2d,0x81,490
0x2d,0x82,492
0x2d,0x83,534
0x2d,0x84,484
0x2d,0x85,488
0x2d,0x86,494
0x2d,0x87,534
0x2d,0x88,524
0x2d,0x89,508
0x2d,0x8a,540
0x2d,0x8b,506
0x2d,0x8c,534
0x2d,0x8d,514
0x2d,0x8e,510
0x2d,0x8f,494
0x2d,0x90,532
0x2d,0x91,486
0x2d,0x92,494
0x2d,0x93,458
0x2d,0x94,472
0x2d,0x95,492
0x2d,0x96,508
0x2d,0x97,538
0x2d,0x98,464
0x2d,0x99,478
0x2d,0x9a,486
0x2d,0x9b,498
0x2d,0x9c,540
0x2d,0x9d,510
0x2d,0x9e,524
0x2d,0x9f,512
0x2d,0xa0,462
0x2d,0xa1,512
0x2d,0xa2,484
0x2d,0xa3,486
0x2d,0xa4,500
0x2d,0xa5,498
0x2d,0xa6,492
0x2d,0xa7,480
0x2d,0xa8,516
0x2d,0xa9,530
0x2d,0xaa,534
0x2d,0xab,522
0x2d,0xac,520
0x2d,0xad,518
0x2d,0xae,478
0x2d,0xaf,484
0x2d,0xb0,486
0x2d,0xb1,532
0x2d,0xb2,494
0x2d,0xb3,536
0x2d,0xb4,488
0x2d,0xb5,452
0x2d,0xb6,500
0x2d,0xb7,466
0x2d,0xb8,480
0x2d,0xb9,542
0x2d,0xba,480
0x2d,0xbb,508
0x2d,0xbc,516
0x2d,0xbd,518
0x2d,0xbe,528
0x2d,0xbf,512
0x2d,0xc0,492
0x2d,0xc1,500
0x2d,0xc2,540
0x2d,0xc3,484
0x2d,0xc4,512
0x2d,0xc5,540
0x2d,0xc6,514
0x2d,0xc7,480
0x2d,0xc8,488
0x2d,0xc9,572
0x2d,0xca,526
0x2d,0xcb,520
0x2d,0xcc,522
0x2d,0xcd,532
0x2d,0xce,510
0x2d,0xcf,478
0x2d,0xd0,510
0x2d,0xd1,508
0x2d,0xd2,502
0x2d,0xd3,496
0x2d,0xd4,510
0x2d,0xd5,490
0x2d,0xd6,452
0x2d,0xd7,494
0x2d,0xd8,482
0x2d,0xd9,482
0x2d,0xda,534
0x2d,0xdb,538
0x2d,0xdc,484
0x2d,0xdd,470
0x2d,0xde,506
0x2d,0xdf,496
0x2d,0xe0,546
0x2d,0xe1,476
0x2d,0xe2,530
0x2d,0xe3,514
0x2d,0xe4,498
0x2d,0xe5,482
0x2d,0xe6,476
0x2d,0xe7,544
0x2d,0xe8,498
0x2d,0xe9,476
0x2d,0xea,510
0x2d,0xeb,508
0x2d,0xec,526
0x2d,0xed,458
0x2d,0xee,514
0x2d,0xef,504
0x2d,0xf0,526
0x2d,0xf1,524
0x2d,0xf2,564
0x2d,0xf3,518
0x2d,0xf4,504
0x2d,0xf5,520
0x2d,0xf6,530
0x2d,0xf7,486
0x2d,0xf8,502
0x2d,0xf9,520
0x2d,0xfa,514
0x2d,0xfb,508
0x2d,0xfc,530
0x2d,0xfd,504
0x2d,0xfe,492
0x2d,0xff,516
0x2e,0x00,256
0x2e,0x01,532
0x2e,0x02,456
0x2e,0x03,538
0x2e,0x04,550
0x2e,0x05,564
0x2e,0x06,534
0x2e,0x07,498
0x2e,0x08,504
0x2e,0x09,516
0x2e,0x0a,510
0x2e,0x0b,506
0x2e,0x0c,512
0x2e,0x0d,510
0x2e,0x0e,508
0x2e,0x0f,522
0x2e,0x10,522
0x2e,0x11,488
0x2e,0x12,464
0x2e,0x13,518
0x2e,0x14,464
0x2e,0x15,530
0x2e,0x16,526
0x2e,0x17,508
0x2e,0x18,562
0x2e,0x19,522
0x2e,0x1a,502
0x2e,0x1b,510
0x2e,0x1c,498
0x2e,0x1d,496
0x2e,0x1e,522
0x2e,0x1f,530
0x2e,0x20,472
0x2e,0x21,502
0x2e,0x22,542
0x2e,0x23,508
0x2e,0x24,478
0x2e,0x25,498
0x2e,0x26,460
0x2e,0x27,476
0x2e,0x28,502
0x2e,0x29,564
0x2e,0x2a,512
0x2e,0x2b,522
0x2e,0x2c,484
0x2e,0x2d,516
0x2e,0x2e,550
0x2e,0x2f,482
0x2e,0x30,766
0x2e,0x31,490
0x2e,0x32,536
0x2e,0x33,510
0x2e,0x34,476
0x2e,0x35,512
0x2e,0x36,572
0x2e,0x37,490
0x2e,0x38,486
0x2e,0x39,512
0x2e,0x3a,472
0x2e,0x3b,500
0x2e,0x3c,534
0x2e,0x3d,522
0x2e,0x3e,528
0x2e,0x3f,522
0x2e,0x40,508
0x2e,0x41,518
0x2e,0x42,496
0x2e,0x43,564
0x2e,0x44,436
0x2e,0x45,576
0x2e,0x46,498
0x2e,0x47,508
0x2e,0x48,502
0x2e,0x49,528
0x2e,0x4a,528
0x2e,0x4b,570
0x2e,0x4c,526
0x2e,0x4d,474
0x2e,0x4e,484
0x2e,0x4f,468
0x2e,0x50,538
0x2e,0x51,492
0x2e,0x52,516
0x2e,0x53,536
0x2e,0x54,506
0x2e,0x55,496
0x2e,0x56,542
0x2e,0x57,488
0x2e,0x58,584
0x2e,0x59,514
0x2e,0x5a,520
0x2e,0x5b,478
0x2e,0x5c,558
0x2e,0x5d,532
0x2e,0x5e,490
0x2e,0x5f,506
0x2e,0x60,500
0x2e,0x61,526
0x2e,0x62,530
0x2e,0x63,524
0x2e,0x64,494
0x2e,0x65,498
0x2e,0x66,554
0x2e,0x67,486
0x2e,0x68,566
0x2e,0x69,570
0x2e,0x6a,472
0x2e,0x6b,496
0x2e,0x6c,512
0x2e,0x6d,522
0x2e,0x6e,512
0x2e,0x6f,502
0x2e,0x70,500
0x2e,0x71,532
0x2e,0x72,488
0x2e,0x73,536
0x2e,0x74,534
0x2e,0x75,468
0x2e,0x76,502
0x2e,0x77,514
0x2e,0x78,490
0x2e,0x79,520
0x2e,0x7a,534
0x2e,0x7b,534
0x2e,0x7c,526
0x2e,0x7d,494
0x2e,0x7e,540
0x2e,0x7f,526
0x2e,0x80,564
0x2e,0x81,524
0x2e,0x82,488
0x2e,0x83,478
0x2e,0x84,526
0x2e,0x85,514
0x2e,0x86,538
0x2e,0x87,532
0x2e,0x88,504
0x2e,0x89,500
0x2e,0x8a,520
0x2e,0x8b,508
0x2e,0x8c,496
0x2e,0x8d,496
0x2e,0x8e,548
0x2e,0x8f,508
0x2e,0x90,508
0x2e,0x91,492
0x2e,0x92,506
0x2e,0x93,454
0x2e,0x94,500
0x2e,0x95,546
0x2e,0x96,522
0x2e,0x97,554
0x2e,0x98,516
0x2e,0x99,502
0x2e,0x9a,520
0x2e,0x9b,480
0x2e,0x9c,542
0x2e,0x9d,504
0x2e,0x9e,490
0x2e,0x9f,504
0x2e,0xa0,550
0x2e,0xa1,524
0x2e,0xa2,506
0x2e,0xa3,490
0x2e,0xa4,552
0x2e,0xa5,472
0x2e,0xa6,484
0x2e,0xa7,516
0x2e,0xa8,510
0x2e,0xa9,518
0x2e,0xaa,524
0x2e,0xab,488
0x2e,0xac,532
0x2e,0xad,486
0x2e,0xae,516
0x2e,0xaf,506
0x2e,0xb0,550
0x2e,0xb1,520
0x2e,0xb2,520
0x2e,0xb3,528
0x2e,0xb4,484
0x2e,0xb5,508
0x2e,0xb6,524
0x2e,0xb7,488
0x2e,0xb8,510
0x2e,0xb9,486
0x2e,0xba,512
0x2e,0xbb,508
0x2e,0xbc,472
0x2e,0xbd,488
0x2e,0xbe,492
0x2e,0xbf,548
0x2e,0xc0,554
0x2e,0xc1,502
0x2e,0xc2,504
0x2e,0xc3,512
0x2e,0xc4,482
0x2e,0xc5,560
0x2e,0xc6,476
0x2e,0xc7,520
0x2e,0xc8,470
0x2e,0xc9,540
0x2e,0xca,550
0x2e,0xcb,520
0x2e,0xcc,502
0x2e,0xcd,530
0x2e,0xce,474
0x2e,0xcf,492
0x2e,0xd0,488
0x2e,0xd1,544
0x2e,0xd2,554
0x2e,0xd3,530
0x2e,0xd4,486
0x2e,0xd5,532
0x2e,0xd6,500
0x2e,0xd7,480
0x2e,0xd8,522
0x2e,0xd9,566
0x2e,0xda,504
0x2e,0xdb,566
0x2e,0xdc,546
0x2e,0xdd,554
0x2e,0xde,506
0x2e,0xdf,478
0x2e,0xe0,480
0x2e,0xe1,532
0x2e,0xe2,444
0x2e,0xe3,530
0x2e,0xe4,526
0x2e,0xe5,520
0x2e,0xe6,536
0x2e,0xe7,480
0x2e,0xe8,512
0x2e,0xe9,482
0x2e,0xea,542
0x2e,0xeb,494
0x2e,0xec,524
0x2e,0xed,526
0x2e,0xee,488
0x2e,0xef,482
0x2e,0xf0,504
0x2e,0xf1,528
0x2e,0xf2,494
0x2e,0xf3,542
0x2e,0xf4,486
0x2e,0xf5,494
0x2e,0xf6,500
0x2e,0xf7,514
0x2e,0xf8,504
0x2e,0xf9,496
0x2e,0xfa,514
0x2e,0xfb,512
0x2e,0xfc,504
0x2e,0xfd,506
0x2e,0xfe,500
0x2e,0xff,552
0x2f,0x00,256
0x2f,0x01,482
0x2f,0x02,482
0x2f,0x03,478
0x2f,0x04,532
0x2f,0x05,522
0x2f,0x06,476
0x2f,0x07,590
0x2f,0x08,500
0x2f,0x09,496
0x2f,0x0a,510
0x2f,0x0b,464
0x2f,0x0c,530
0x2f,0x0d,504
0x2f,0x0e,526
0x2f,0x0f,518
0x2f,0x10,506
0x2f,0x11,516
0x2f,0x12,468
0x2f,0x13,550
0x2f,0x14,446
0x2f,0x15,538
0x2f,0x16,440
0x2f,0x17,490
0x2f,0x18,562
0x2f,0x19,536
0x2f,0x1a,474
0x2f,0x1b,530
0x2f,0x1c,510
0x2f,0x1d,474
0x2f,0x1e,470
0x2f,0x1f,514
0x2f,0x20,496
0x2f,0x21,488
0x2f,0x22,540
0x2f,0x23,520
0x2f,0x24,456
0x2f,0x25,508
0x2f,0x26,426
0x2f,0x27,524
0x2f,0x28,504
0x2f,0x29,556
0x2f,0x2a,480
0x2f,0x2b,472
0x2f,0x2c,486
0x2f,0x2d,508
0x2f,0x2e,558
0x2f,0x2f,486
0x2f,0x30,584
0x2f,0x31,516
0x2f,0x32,484
0x2f,0x33,484
0x2f,0x34,458
0x2f,0x35,538
0x2f,0x36,432
0x2f,0x37,514
0x2f,0x38,504
0x2f,0x39,572
0x2f,0x3a,486
0x2f,0x3b,498
0x2f,0x3c,552
0x2f,0x3d,524
0x2f,0x3e,482
0x2f,0x3f,486
0x2f,0x40,496
0x2f,0x41,534
0x2f,0x42,494
0x2f,0x43,560
0x2f,0x44,504
0x2f,0x45,448
0x2f,0x46,526
0x2f,0x47,524
0x2f,0x48,556
0x2f,0x49,542
0x2f,0x4a,524
0x2f,0x4b,536
0x2f,0x4c,510
0x2f,0x4d,506
0x2f,0x4e,582
0x2f,0x4f,538
0x2f,0x50,578
0x2f,0x51,506
0x2f,0x52,502
0x2f,0x53,512
0x2f,0x54,480
0x2f,0x55,480
0x2f,0x56,500
0x2f,0x57,528
0x2f,0x58,506
0x2f,0x59,500
0x2f,0x5a,518
0x2f,0x5b,500
0x2f,0x5c,542
0x2f,0x5d,484
0x2f,0x5e,512
0x2f,0x5f,470
0x2f,0x60,488
0x2f,0x61,502
0x2f,0x62,520
0x2f,0x63,500
0x2f,0x64,518
0x2f,0x65,516
0x2f,0x66,526
0x2f,0x67,480
0x2f,0x68,498
0x2f,0x69,506
0x2f,0x6a,520
0x2f,0x6b,496
0x2f,0x6c,500
0x2f,0x6d,468
0x2f,0x6e,498
0x2f,0x6f,530
0x2f,0x70,544
0x2f,0x71,488
0x2f,0x72,488
0x2f,0x73,520
0x2f,0x74,468
0x2f,0x75,544
0x2f,0x76,474
0x2f,0x77,518
0x2f,0x78,518
0x2f,0x79,476
0x2f,0x7a,488
0x2f,0x7b,498
0x2f,0x7c,500
0x2f,0x7d,470
0x2f,0x7e,528
0x2f,0x7f,488
0x2f,0x80,506
0x2f,0x81,494
0x2f,0x82,510
0x2f,0x83,476
0x2f,0x84,524
0x2f,0x85,502
0x2f,0x86,522
0x2f,0x87,502
0x2f,0x88,516
0x2f,0x89,542
0x2f,0x8a,532
0x2f,0x8b,552
0x2f,0x8c,570
0x2f,0x8d,484
0x2f,0x8e,490
0x2f,0x8f,542
0x2f,0x90,520
0x2f,0x91,518
0x2f,0x92,476
0x2f,0x93,528
0x2f,0x94,574
0x2f,0x95,500
0x2f,0x96,488
0x2f,0x97,458
0x2f,0x98,500
0x2f,0x99,552
0x2f,0x9a,508
0x2f,0x9b,538
0x2f,0x9c,490
0x2f,0x9d,502
0x2f,0x9e,518
0x2f,0x9f,490
0x2f,0xa0,496
0x2f,0xa1,520
0x2f,0xa2,508
0x2f,0xa3,564
0x2f,0xa4,488
0x2f,0xa5,500
0x2f,0xa6,474
0x2f,0xa7,506
0x2f,0xa8,502
0x2f,0xa9,480
0x2f,0xaa,546
0x2f,0xab,540
0x2f,0xac,522
0x2f,0xad,498
0x2f,0xae,484
0x2f,0xaf,504
0x2f,0xb0,522
0x2f,0xb1,510
0x2f,0xb2,506
0x2f,0xb3,498
0x2f,0xb4,582
0x2f,0xb5,496
0x2f,0xb6,482
0x2f,0xb7,508
0x2f,0xb8,502
0x2f,0xb9,504
0x2f,0xba,528
0x2f,0xbb,488
0x2f,0xbc,524
0x2f,0xbd,510
0x2f,0xbe,498
0x2f,0xbf,478
0x2f,0xc0,476
0x2f,0xc1,530
0x2f,0xc2,498
0x2f,0xc3,512
0x2f,0xc4,584
0x2f,0xc5,502
0x2f,0xc6,530
0x2f,0xc7,520
0x2f,0xc8,480
0x2f,0xc9,490
0x2f,0xca,494
0x2f,0xcb,498
0x2f,0xcc,484
0x2f,0xcd,544
0x2f,0xce,618
0x2f,0xcf,516
0x2f,0xd0,468
0x2f,0xd1,494
0x2f,0xd2,488
0x2f,0xd3,472
0x2f,0xd4,510
0x2f,0xd5,498
0x2f,0xd6,500
0x2f,0xd7,538
0x2f,0xd8,480
0x2f,0xd9,500
0x2f,0xda,514
0x2f,0xdb,498
0x2f,0xdc,530
0x2f,0xdd,538
0x2f,0xde,502
0x2f,0xdf,478
0x2f,0xe0,468
0x2f,0xe1,480
0x2f,0xe2,508
0x2f,0xe3,500
0x2f,0xe4,454
0x2f,0xe5,512
0x2f,0xe6,526
0x2f,0xe7,556
0x2f,0xe8,536
0x2f,0xe9,524
0x2f,0xea,482
0x2f,0xeb,488
0x2f,0xec,536
0x2f,0xed,472
0x2f,0xee,464
0x2f,0xef,476
0x2f,0xf0,498
0x2f,0xf1,498
0x2f,0xf2,532
0x2f,0xf3,602
0x2f,0xf4,478
0x2f,0xf5,510
0x2f,0xf6,478
0x2f,0xf7,504
0x2f,0xf8,532
0x2f,0xf9,484
0x2f,0xfa,508
0x2f,0xfb,480
0x2f,0xfc,486
0x2f,0xfd,508
0x2f,0xfe,506
0x2f,0xff,496
0x30,0x00,256
0x30,0x01,468
0x30,0x02,522
0x30,0x03,544
0x30,0x04,522
0x30,0x05,462
0x30,0x06,516
0x30,0x07,504
0x30,0x08,498
0x30,0x09,532
0x30,0x0a,524
0x30,0x0b,512
0x30,0x0c,540
0x30,0x0d,530
0x30,0x0e,488
0x30,0x0f,496
0x30,0x10,504
0x30,0x11,524
0x30,0x12,508
0x30,0x13,512
0x30,0x14,568
0x30,0x15,506
0x30,0x16,544
0x30,0x17,520
0x30,0x18,506
0x30,0x19,492
0x30,0x1a,530
0x30,0x1b,520
0x30,0x1c,550
0x30,0x1d,498
0x30,0x1e,524
0x30,0x1f,482
0x30,0x20,494
0x30,0x21,500
0x30,0x22,516
0x30,0x23,510
0x30,0x24,858
0x30,0x25,550
0x30,0x26,398
0x30,0x27,470
0x30,0x28,482
0x30,0x29,462
0x30,0x2a,520
0x30,0x2b,500
0x30,0x2c,480
0x30,0x2d,514
0x30,0x2e,476
0x30,0x2f,472
0x30,0x30,508
0x30,0x31,562
0x30,0x32,534
0x30,0x33,514
0x30,0x34,494
0x30,0x35,496
0x30,0x36,494
0x30,0x37,518
0x30,0x38,530
0x30,0x39,490
0x30,0x3a,512
0x30,0x3b,548
0x30,0x3c,482
0x30,0x3d,514
0x30,0x3e,526
0x30,0x3f,498
0x30,0x40,522
0x30,0x41,486
0x30,0x42,542
0x30,0x43,510
0x30,0x44,550
0x30,0x45,574
0x30,0x46,492
0x30,0x47,524
0x30,0x48,506
0x30,0x49,532
0x30,0x4a,512
0x30,0x4b,502
0x30,0x4c,490
0x30,0x4d,516
0x30,0x4e,546
0x30,0x4f,474
0x30,0x50,528
0x30,0x51,512
0x30,0x52,484
0x30,0x53,476
0x30,0x54,496
0x30,0x55,488
0x30,0x56,454
0x30,0x57,498
0x30,0x58,526
0x30,0x59,504
0x30,0x5a,540
0x30,0x5b,526
0x30,0x5c,488
0x30,0x5d,532
0x30,0x5e,496
0x30,0x5f,498
0x30,0x60,526
0x30,0x61,490
0x30,0x62,510
0x30,0x63,514
0x30,0x64,516
0x30,0x65,476
0x30,0x66,490
0x30,0x67,502
0x30,0x68,490
0x30,0x69,506
0x30,0x6a,474
0x30,0x6b,532
0x30,0x6c,534
0x30,0x6d,480
0x30,0x6e,480
0x30,0x6f,490
0x30,0x70,518
0x30,0x71,502
0x30,0x72,502
0x30,0x73,530
0x30,0x74,500
0x30,0x75,554
0x30,0x76,472
0x30,0x77,552
0x30,0x78,510
0x30,0x79,530
0x30,0x7a,484
0x30,0x7b,518
0x30,0x7c,486
0x30,0x7d,492
0x30,0x7e,536
0x30,0x7f,532
0x30,0x80,542
0x30,0x81,570
0x30,0x82,518
0x30,0x83,516
0x30,0x84,478
0x30,0x85,478
0x30,0x86,512
0x30,0x87,530
0x30,0x88,532
0x30,0x89,516
0x30,0x8a,498
0x30,0x8b,588
0x30,0x8c,526
0x30,0x8d,492
0x30,0x8e,460
0x30,0x8f,478
0x30,0x90,486
0x30,0x91,514
0x30,0x92,502
0x30,0x93,486
0x30,0x94,506
0x30,0x95,508
0x30,0x96,486
0x30,0x97,470
0x30,0x98,532
0x30,0x99,548
0x30,0x9a,508
0x30,0x9b,506
0x30,0x9c,496
0x30,0x9d,498
0x30,0x9e,504
0x30,0x9f,510
0x30,0xa0,508
0x30,0xa1,590
0x30,0xa2,562
0x30,0xa3,532
0x30,0xa4,484
0x30,0xa5,504
0x30,0xa6,526
0x30,0xa7,508
0x30,0xa8,548
0x30,0xa9,540
0x30,0xaa,492
0x30,0xab,524
0x30,0xac,560
0x30,0xad,490
0x30,0xae,506
0x30,0xaf,524
0x30,0xb0,514
0x30,0xb1,520
0x30,0xb2,476
0x30,0xb3,526
0x30,0xb4,484
0x30,0xb5,512
0x30,0xb6,462
0x30,0xb7,548
0x30,0xb8,526
0x30,0xb9,502
0x30,0xba,522
0x30,0xbb,496
0x30,0xbc,518
0x30,0xbd,546
0x30,0xbe,560
0x30,0xbf,522
0x30,0xc0,492
0x30,0xc1,496
0x30,0xc2,518
0x30,0xc3,550
0x30,0xc4,524
0x30,0xc5,504
0x30,0xc6,500
0x30,0xc7,486
0x30,0xc8,502
0x30,0xc9,498
0x30,0xca,494
0x30,0xcb,472
0x30,0xcc,540
0x30,0xcd,508
0x30,0xce,504
0x30,0xcf,572
0x30,0xd0,500
0x30,0xd1,492
0x30,0xd2,506
0x30,0xd3,538
0x30,0xd4,500
0x30,0xd5,488
0x30,0xd6,488
0x30,0xd7,486
0x30,0xd8,498
0x30,0xd9,516
0x30,0xda,504
0x30,0xdb,518
0x30,0xdc,488
0x30,0xdd,518
0x30,0xde,508
0x30,0xdf,528
0x30,0xe0,530
0x30,0xe1,524
0x30,0xe2,534
0x30,0xe3,508
0x30,0xe4,490
0x30,0xe5,526
0x30,0xe6,514
0x30,0xe7,512
0x30,0xe8,490
0x30,0xe9,526
0x30,0xea,500
0x30,0xeb,548
0x30,0xec,498
0x30,0xed,496
0x30,0xee,522
0x30,0xef,514
0x30,0xf0,492
0x30,0xf1,484
0x30,0xf2,518
0x30,0xf3,504
0x30,0xf4,492
0x30,0xf5,526
0x30,0xf6,524
0x30,0xf7,544
0x30,0xf8,526
0x30,0xf9,508
0x30,0xfa,510
0x30,0xfb,484
0x30,0xfc,506
0x30,0xfd,476
0x30,0xfe,546
0x30,0xff,522
0x31,0x00,256
0x31,0x01,598
0x31,0x02,546
0x31,0x03,492
0x31,0x04,564
0x31,0x05,516
0x31,0x06,478
0x31,0x07,500
0x31,0x08,562
0x31,0x09,498
0x31,0x0a,542
0x31,0x0b,554
0x31,0x0c,508
0x31,0x0d,532
0x31,0x0e,450
0x31,0x0f,508
0x31,0x10,532
0x31,0x11,528
0x31,0x12,414
0x31,0x13,520
0x31,0x14,528
0x31,0x15,484
0x31,0x16,550
0x31,0x17,520
0x31,0x18,510
0x31,0x19,498
0x31,0x1a,512
0x31,0x1b,532
0x31,0x1c,498
0x31,0x1d,484
0x31,0x1e,482
0x31,0x1f,514
0x31,0x20,568
0x31,0x21,494
0x31,0x22,720
0x31,0x23,526
0x31,0x24,526
0x31,0x25,512
0x31,0x26,562
0x31,0x27,498
0x31,0x28,474
0x31,0x29,578
0x31,0x2a,520
0x31,0x2b,526
0x31,0x2c,492
0x31,0x2d,506
0x31,0x2e,528
0x31,0x2f,482
0x31,0x30,516
0x31,0x31,524
0x31,0x32,512
0x31,0x33,514
0x31,0x34,474
0x31,0x35,482
0x31,0x36,468
0x31,0x37,528
0x31,0x38,496
0x31,0x39,528
0x31,0x3a,514
0x31,0x3b,506
0x31,0x3c,510
0x31,0x3d,498
0x31,0x3e,496
0x31,0x3f,492
0x31,0x40,494
0x31,0x41,530
0x31,0x42,492
0x31,0x43,518
0x31,0x44,530
0x31,0x45,540
0x31,0x46,494
0x31,0x47,508
0x31,0x48,530
0x31,0x49,492
0x31,0x4a,524
0x31,0x4b,508
0x31,0x4c,486
0x31,0x4d,580
0x31,0x4e,482
0x31,0x4f,534
0x31,0x50,490
0x31,0x51,538
0x31,0x52,508
0x31,0x53,482
0x31,0x54,526
0x31,0x55,558
0x31,0x56,490
0x31,0x57,542
0x31,0x58,530
0x31,0x59,526
0x31,0x5a,506
0x31,0x5b,486
0x31,0x5c,542
0x31,0x5d,520
0x31,0x5e,490
0x31,0x5f,506
0x31,0x60,490
0x31,0x61,504
0x31,0x62,504
0x31,0x63,522
0x31,0x64,482
0x31,0x65,540
0x31,0x66,504
0x31,0x67,504
0x31,0x68,522
0x31,0x69,544
0x31,0x6a,512
0x31,0x6b,550
0x31,0x6c,496
0x31,0x6d,502
0x31,0x6e,518
0x31,0x6f,504
0x31,0x70,504
0x31,0x71,534
0x31,0x72,508
0x31,0x73,514
0x31,0x74,552
0x31,0x75,500
0x31,0x76,552
0x31,0x77,546
0x31,0x78,514
0x31,0x79,478
0x31,0x7a,550
0x31,0x7b,550
0x31,0x7c,520
0x31,0x7d,524
0x31,0x7e,538
0x31,0x7f,498
0x31,0x80,478
0x31,0x81,478
0x31,0x82,498
0x31,0x83,492
0x31,0x84,536
0x31,0x85,524
0x31,0x86,518
0x31,0x87,546
0x31,0x88,536
0x31,0x89,492
0x31,0x8a,494
0x31,0x8b,498
0x31,0x8c,488
0x31,0x8d,494
0x31,0x8e,538
0x31,0x8f,548
0x31,0x90,506
0x31,0x91,530
0x31,0x92,604
0x31,0x93,500
0x31,0x94,494
0x31,0x95,544
0x31,0x96,540
0x31,0x97,512
0x31,0x98,502
0x31,0x99,532
0x31,0x9a,528
0x31,0x9b,486
0x31,0x9c,516
0x31,0x9d,502
0x31,0x9e,498
0x31,0x9f,492
0x31,0xa0,526
0x31,0xa1,528
0x31,0xa2,552
0x31,0xa3,520
0x31,0xa4,534
0x31,0xa5,496
0x31,0xa6,492
0x31,0xa7,466
0x31,0xa8,480
0x31,0xa9,510
0x31,0xaa,510
0x31,0xab,506
0x31,0xac,492
0x31,0xad,522
0x31,0xae,506
0x31,0xaf,506
0x31,0xb0,574
0x31,0xb1,498
0x31,0xb2,564
0x31,0xb3,476
0x31,0xb4,548
0x31,0xb5,508
0x31,0xb6,468
0x31,0xb7,468
0x31,0xb8,532
0x31,0xb9,520
0x31,0xba,564
0x31,0xbb,506
0x31,0xbc,532
0x31,0xbd,484
0x31,0xbe,512
0x31,0xbf,532
0x31,0xc0,498
0x31,0xc1,532
0x31,0xc2,528
0x31,0xc3,542
0x31,0xc4,500
0x31,0xc5,494
0x31,0xc6,480
0x31,0xc7,506
0x31,0xc8,476
0x31,0xc9,526
0x31,0xca,480
0x31,0xcb,546
0x31,0xcc,488
0x31,0xcd,514
0x31,0xce,502
0x31,0xcf,492
0x31,0xd0,500
0x31,0xd1,486
0x31,0xd2,500
0x31,0xd3,504
0x31,0xd4,464
0x31,0xd5,488
0x31,0xd6,468
0x31,0xd7,500
0x31,0xd8,498
0x31,0xd9,512
0x31,0xda,494
0x31,0xdb,544
0x31,0xdc,474
0x31,0xdd,512
0x31,0xde,550
0x31,0xdf,526
0x31,0xe0,472
0x31,0xe1,526
0x31,0xe2,508
0x31,0xe3,520
0x31,0xe4,532
0x31,0xe5,520
0x31,0xe6,516
0x31,0xe7,510
0x31,0xe8,476
0x31,0xe9,506
0x31,0xea,490
0x31,0xeb,546
0x31,0xec,500
0x31,0xed,536
0x31,0xee,524
0x31,0xef,526
0x31,0xf0,480
0x31,0xf1,508
0x31,0xf2,476
0x31,0xf3,494
0x31,0xf4,554
0x31,0xf5,508
0x31,0xf6,538
0x31,0xf7,546
0x31,0xf8,532
0x31,0xf9,506
0x31,0xfa,518
0x31,0xfb,536
0x31,0xfc,508
0x31,0xfd,584
0x31,0xfe,544
0x31,0xff,514
0x32,0x00,256
0x32,0x01,514
0x32,0x02,446
0x32,0x03,518
0x32,0x04,544
0x32,0x05,482
0x32,0x06,486
0x32,0x07,514
0x32,0x08,492
0x32,0x09,548
0x32,0x0a,470
0x32,0x0b,504
0x32,0x0c,512
0x32,0x0d,492
0x32,0x0e,504
0x32,0x0f,516
0x32,0x10,514
0x32,0x11,496
0x32,0x12,382
0x32,0x13,560
0x32,0x14,486
0x32,0x15,478
0x32,0x16,476
0x32,0x17,486
0x32,0x18,538
0x32,0x19,528
0x32,0x1a,486
0x32,0x1b,532
0x32,0x1c,516
0x32,0x1d,498
0x32,0x1e,526
0x32,0x1f,498
0x32,0x20,520
0x32,0x21,494
0x32,0x22,462
0x32,0x23,500
0x32,0x24,522
0x32,0x25,526
0x32,0x26,462
0x32,0x27,556
0x32,0x28,520
0x32,0x29,514
0x32,0x2a,562
0x32,0x2b,524
0x32,0x2c,504
0x32,0x2d,554
0x32,0x2e,474
0x32,0x2f,514
0x32,0x30,438
0x32,0x31,496
0x32,0x32,542
0x32,0x33,480
0x32,0x34,576
0x32,0x35,572
0x32,0x36,574
0x32,0x37,480
0x32,0x38,518
0x32,0x39,486
0x32,0x3a,512
0x32,0x3b,494
0x32,0x3c,528
0x32,0x3d,482
0x32,0x3e,522
0x32,0x3f,514
0x32,0x40,526
0x32,0x41,508
0x32,0x42,506
0x32,0x43,510
0x32,0x44,476
0x32,0x45,522
0x32,0x46,494
0x32,0x47,530
0x32,0x48,514
0x32,0x49,496
0x32,0x4a,518
0x32,0x4b,528
0x32,0x4c,470
0x32,0x4d,494
0x32,0x4e,478
0x32,0x4f,534
0x32,0x50,552
0x32,0x51,518
0x32,0x52,554
0x32,0x53,548
0x32,0x54,504
0x32,0x55,502
0x32,0x56,526
0x32,0x57,550
0x32,0x58,538
0x32,0x59,466
0x32,0x5a,500
0x32,0x5b,522
0x32,0x5c,576
0x32,0x5d,496
0x32,0x5e,512
0x32,0x5f,492
0x32,0x60,486
0x32,0x61,504
0x32,0x62,514
0x32,0x63,552
0x32,0x64,522
0x32,0x65,556
0x32,0x66,538
0x32,0x67,512
0x32,0x68,518
0x32,0x69,526
0x32,0x6a,546
0x32,0x6b,510
0x32,0x6c,494
0x32,0x6d,508
0x32,0x6e,516
0x32,0x6f,546
0x32,0x70,536
0x32,0x71,522
0x32,0x72,556
0x32,0x73,492
0x32,0x74,478
0x32,0x75,486
0x32,0x76,502
0x32,0x77,498
0x32,0x78,508
0x32,0x79,484
0x32,0x7a,524
0x32,0x7b,528
0x32,0x7c,502
0x32,0x7d,500
0x32,0x7e,516
0x32,0x7f,522
0x32,0x80,542
0x32,0x81,490
0x32,0x82,564
0x32,0x83,476
0x32,0x84,524
0x32,0x85,480
0x32,0x86,500
0x32,0x87,480
0x32,0x88,506
0x32,0x89,504
0x32,0x8a,528
0x32,0x8b,524
0x32,0x8c,506
0x32,0x8d,450
0x32,0x8e,472
0x32,0x8f,488
0x32,0x90,464
0x32,0x91,542
0x32,0x92,510
0x32,0x93,498
0x32,0x94,522
0x32,0x95,536
0x32,0x96,554
0x32,0x97,498
0x32,0x98,492
0x32,0x99,496
0x32,0x9a,510
0x32,0x9b,518
0x32,0x9c,500
0x32,0x9d,510
0x32,0x9e,500
0x32,0x9f,510
0x32,0xa0,508
0x32,0xa1,498
0x32,0xa2,508
0x32,0xa3,510
0x32,0xa4,500
0x32,0xa5,484
0x32,0xa6,508
0x32,0xa7,502
0x32,0xa8,478
0x32,0xa9,516
0x32,0xaa,514
0x32,0xab,500
0x32,0xac,516
0x32,0xad,514
0x32,0xae,502
0x32,0xaf,508
0x32,0xb0,486
0x32,0xb1,516
0x32,0xb2,496
0x32,0xb3,520
0x32,0xb4,532
0x32,0xb5,520
0x32,0xb6,528
0x32,0xb7,498
0x32,0xb8,522
0x32,0xb9,514
0x32,0xba,460
0x32,0xbb,524
0x32,0xbc,512
0x32,0xbd,544
0x32,0xbe,554
0x32,0xbf,514
0x32,0xc0,530
0x32,0xc1,520
0x32,0xc2,520
0x32,0xc3,482
0x32,0xc4,502
0x32,0xc5,502
0x32,0xc6,546
0x32,0xc7,530
0x32,0xc8,466
0x32,0xc9,508
0x32,0xca,508
0x32,0xcb,502
0x32,0xcc,530
0x32,0xcd,564
0x32,0xce,590
0x32,0xcf,568
0x32,0xd0,546
0x32,0xd1,510
0x32,0xd2,496
0x32,0xd3,504
0x32,0xd4,524
0x32,0xd5,478
0x32,0xd6,500
0x32,0xd7,434
0x32,0xd8,474
0x32,0xd9,466
0x32,0xda,518
0x32,0xdb,494
0x32,0xdc,480
0x32,0xdd,492
0x32,0xde,492
0x32,0xdf,488
0x32,0xe0,476
0x32,0xe1,486
0x32,0xe2,516
0x32,0xe3,494
0x32,0xe4,568
0x32,0xe5,474
0x32,0xe6,526
0x32,0xe7,482
0x32,0xe8,528
0x32,0xe9,538
0x32,0xea,524
0x32,0xeb,494
0x32,0xec,518
0x32,0xed,470
0x32,0xee,546
0x32,0xef,510
0x32,0xf0,510
0x32,0xf1,506
0x32,0xf2,504
0x32,0xf3,518
0x32,0xf4,496
0x32,0xf5,520
0x32,0xf6,516
0x32,0xf7,472
0x32,0xf8,514
0x32,0xf9,490
0x32,0xfa,552
0x32,0xfb,508
0x32,0xfc,492
0x32,0xfd,526
0x32,0xfe,502
0x32,0xff,506
0x33,0x00,256
0x33,0x01,490
0x33,0x02,460
0x33,0x03,512
0x33,0x04,524
0x33,0x05,522
0x33,0x06,504
0x33,0x07,498
0x33,0x08,494
0x33,0x09,510
0x33,0x0a,454
0x33,0x0b,514
0x33,0x0c,530
0x33,0x0d,530
0x33,0x0e,502
0x33,0x0f,532
0x33,0x10,518
0x33,0x11,492
0x33,0x12,444
0x33,0x13,508
0x33,0x14,538
0x33,0x15,498
0x33,0x16,448
0x33,0x17,508
0x33,0x18,484
0x33,0x19,558
0x33,0x1a,524
0x33,0x1b,508
0x33,0x1c,536
0x33,0x1d,466
0x33,0x1e,554
0x33,0x1f,526
0x33,0x20,524
0x33,0x21,526
0x33,0x22,598
0x33,0x23,530
0x33,0x24,660
0x33,0x25,506
0x33,0x26,458
0x33,0x27,460
0x33,0x28,512
0x33,0x29,540
0x33,0x2a,472
0x33,0x2b,538
0x33,0x2c,450
0x33,0x2d,506
0x33,0x2e,516
0x33,0x2f,546
0x33,0x30,524
0x33,0x31,476
0x33,0x32,464
0x33,0x33,468
0x33,0x34,498
0x33,0x35,536
0x33,0x36,498
0x33,0x37,502
0x33,0x38,494
0x33,0x39,514
0x33,0x3a,512
0x33,0x3b,522
0x33,0x3c,496
0x33,0x3d,530
0x33,0x3e,516
0x33,0x3f,534
0x33,0x40,474
0x33,0x41,498
0x33,0x42,510
0x33,0x43,536
0x33,0x44,510
0x33,0x45,488
0x33,0x46,512
0x33,0x47,508
0x33,0x48,508
0x33,0x49,482
0x33,0x4a,540
0x33,0x4b,482
0x33,0x4c,498
0x33,0x4d,456
0x33,0x4e,538
0x33,0x4f,476
0x33,0x50,530
0x33,0x51,540
0x33,0x52,502
0x33,0x53,528
0x33,0x54,480
0x33,0x55,538
0x33,0x56,522
0x33,0x57,516
0x33,0x58,492
0x33,0x59,472
0x33,0x5a,506
0x33,0x5b,492
0x33,0x5c,504
0x33,0x5d,520
0x33,0x5e,470
0x33,0x5f,518
0x33,0x60,516
0x33,0x61,512
0x33,0x62,548
0x33,0x63,488
0x33,0x64,508
0x33,0x65,518
0x33,0x66,482
0x33,0x67,538
0x33,0x68,488
0x33,0x69,480
0x33,0x6a,542
0x33,0x6b,502
0x33,0x6c,486
0x33,0x6d,504
0x33,0x6e,482
0x33,0x6f,494
0x33,0x70,508
0x33,0x71,500
0x33,0x72,496
0x33,0x73,508
0x33,0x74,476
0x33,0x75,482
0x33,0x76,498
0x33,0x77,478
0x33,0x78,530
0x33,0x79,504
0x33,0x7a,500
0x33,0x7b,510
0x33,0x7c,508
0x33,0x7d,538
0x33,0x7e,522
0x33,0x7f,544
0x33,0x80,510
0x33,0x81,514
0x33,0x82,476
0x33,0x83,506
0x33,0x84,528
0x33,0x85,488
0x33,0x86,510
0x33,0x87,480
0x33,0x88,504
0x33,0x89,502
0x33,0x8a,518
0x33,0x8b,530
0x33,0x8c,496
0x33,0x8d,498
0x33,0x8e,510
0x33,0x8f,482
0x33,0x90,486
0x33,0x91,540
0x33,0x92,532
0x33,0x93,550
0x33,0x94,524
0x33,0x95,528
0x33,0x96,530
0x33,0x97,524
0x33,0x98,556
0x33,0x99,448
0x33,0x9a,516
0x33,0x9b,532
0x33,0x9c,496
0x33,0x9d,490
0x33,0x9e,514
0x33,0x9f,484
0x33,0xa0,508
0x33,0xa1,530
0x33,0xa2,524
0x33,0xa3,484
0x33,0xa4,502
0x33,0xa5,508
0x33,0xa6,544
0x33,0xa7,554
0x33,0xa8,522
0x33,0xa9,506
0x33,0xaa,468
0x33,0xab,560
0x33,0xac,494
0x33,0xad,540
0x33,0xae,504
0x33,0xaf,536
0x33,0xb0,538
0x33,0xb1,500
0x33,0xb2,468
0x33,0xb3,532
0x33,0xb4,510
0x33,0xb5,472
0x33,0xb6,488
0x33,0xb7,534
0x33,0xb8,530
0x33,0xb9,530
0x33,0xba,490
0x33,0xbb,522
0x33,0xbc,526
0x33,0xbd,484
0x33,0xbe,522
0x33,0xbf,488
0x33,0xc0,500
0x33,0xc1,496
0x33,0xc2,516
0x33,0xc3,504
0x33,0xc4,566
0x33,0xc5,536
0x33,0xc6,524
0x33,0xc7,498
0x33,0xc8,532
0x33,0xc9,530
0x33,0xca,538
0x33,0xcb,520
0x33,0xcc,562
0x33,0xcd,488
0x33,0xce,512
0x33,0xcf,512
0x33,0xd0,528
0x33,0xd1,472
0x33,0xd2,518
0x33,0xd3,524
0x33,0xd4,516
0x33,0xd5,498
0x33,0xd6,480
0x33,0xd7,496
0x33,0xd8,510
0x33,0xd9,520
0x33,0xda,536
0x33,0xdb,516
0x33,0xdc,484
0x33,0xdd,478
0x33,0xde,498
0x33,0xdf,528
0x33,0xe0,498
0x33,0xe1,532
0x33,0xe2,492
0x33,0xe3,490
0x33,0xe4,492
0x33,0xe5,490
0x33,0xe6,502
0x33,0xe7,532
0x33,0xe8,552
0x33,0xe9,494
0x33,0xea,548
0x33,0xeb,532
0x33,0xec,536
0x33,0xed,484
0x33,0xee,510
0x33,0xef,520
0x33,0xf0,448
0x33,0xf1,520
0x33,0xf2,480
0x33,0xf3,488
0x33,0xf4,518
0x33,0xf5,490
0x33,0xf6,498
0x33,0xf7,526
0x33,0xf8,484
0x33,0xf9,502
0x33,0xfa,484
0x33,0xfb,482
0x33,0xfc,530
0x33,0xfd,528
0x33,0xfe,496
0x33,0xff,494
0x34,0x00,256
0x34,0x01,580
0x34,0x02,496
0x34,0x03,508
0x34,0x04,504
0x34,0x05,488
0x34,0x06,474
0x34,0x07,500
0x34,0x08,490
0x34,0x09,540
0x34,0x0a,564
0x34,0x0b,686
0x34,0x0c,510
0x34,0x0d,504
0x34,0x0e,468
0x34,0x0f,500
0x34,0x10,486
0x34,0x11,526
0x34,0x12,454
0x34,0x13,580
0x34,0x14,472
0x34,0x15,544
0x34,0x16,462
0x34,0x17,524
0x34,0x18,548
0x34,0x19,542
0x34,0x1a,460
0x34,0x1b,534
0x34,0x1c,516
0x34,0x1d,534
0x34,0x1e,568
0x34,0x1f,512
0x34,0x20,492
0x34,0x21,482
0x34,0x22,458
0x34,0x23,498
0x34,0x24,406
0x34,0x25,534
0x34,0x26,548
0x34,0x27,550
0x34,0x28,490
0x34,0x29,522
0x34,0x2a,520
0x34,0x2b,466
0x34,0x2c,524
0x34,0x2d,504
0x34,0x2e,572
0x34,0x2f,506
0x34,0x30,558
0x34,0x31,496
0x34,0x32,520
0x34,0x33,508
0x34,0x34,474
0x34,0x35,542
0x34,0x36,488
0x34,0x37,488
0x34,0x38,466
0x34,0x39,496
0x34,0x3a,524
0x34,0x3b,528
0x34,0x3c,520
0x34,0x3d,540
0x34,0x3e,502
0x34,0x3f,498
0x34,0x40,520
0x34,0x41,514
0x34,0x42,524
0x34,0x43,510
0x34,0x44,538
0x34,0x45,744
0x34,0x46,498
0x34,0x47,500
0x34,0x48,500
0x34,0x49,502
0x34,0x4a,506
0x34,0x4b,472
0x34,0x4c,522
0x34,0x4d,530
0x34,0x4e,698
0x34,0x4f,532
0x34,0x50,540
0x34,0x51,518
0x34,0x52,518
0x34,0x53,540
0x34,0x54,518
0x34,0x55,522
0x34,0x56,480
0x34,0x57,500
0x34,0x58,516
0x34,0x59,528
0x34,0x5a,576
0x34,0x5b,506
0x34,0x5c,506
0x34,0x5d,506
0x34,0x5e,520
0x34,0x5f,540
0x34,0x60,522
0x34,0x61,498
0x34,0x62,518
0x34,0x63,466
0x34,0x64,498
0x34,0x65,514
0x34,0x66,512
0x34,0x67,538
0x34,0x68,494
0x34,0x69,472
0x34,0x6a,526
0x34,0x6b,512
0x34,0x6c,484
0x34,0x6d,488
0x34,0x6e,498
0x34,0x6f,510
0x34,0x70,520
0x34,0x71,528
0x34,0x72,532
0x34,0x73,522
0x34,0x74,512
0x34,0x75,518
0x34,0x76,500
0x34,0x77,516
0x34,0x78,510
0x34,0x79,522
0x34,0x7a,524
0x34,0x7b,530
0x34,0x7c,480
0x34,0x7d,516
0x34,0x7e,582
0x34,0x7f,498
0x34,0x80,530
0x34,0x81,520
0x34,0x82,498
0x34,0x83,514
0x34,0x84,520
0x34,0x85,514
0x34,0x86,510
0x34,0x87,502
0x34,0x88,544
0x34,0x89,506
0x34,0x8a,524
0x34,0x8b,526
0x34,0x8c,554
0x34,0x8d,490
0x34,0x8e,506
0x34,0x8f,466
0x34,0x90,508
0x34,0x91,536
0x34,0x92,530
0x34,0x93,540
0x34,0x94,498
0x34,0x95,496
0x34,0x96,510
0x34,0x97,490
0x34,0x98,670
0x34,0x99,568
0x34,0x9a,490
0x34,0x9b,518
0x34,0x9c,498
0x34,0x9d,490
0x34,0x9e,526
0x34,0x9f,516
0x34,0xa0,510
0x34,0xa1,492
0x34,0xa2,496
0x34,0xa3,508
0x34,0xa4,496
0x34,0xa5,496
0x34,0xa6,524
0x34,0xa7,504
0x34,0xa8,514
0x34,0xa9,488
0x34,0xaa,522
0x34,0xab,510
0x34,0xac,510
0x34,0xad,496
0x34,0xae,494
0x34,0xaf,482
0x34,0xb0,476
0x34,0xb1,476
0x34,0xb2,482
0x34,0xb3,526
0x34,0xb4,474
0x34,0xb5,490
0x34,0xb6,480
0x34,0xb7,532
0x34,0xb8,492
0x34,0xb9,536
0x34,0xba,516
0x34,0xbb,502
0x34,0xbc,486
0x34,0xbd,464
0x34,0xbe,520
0x34,0xbf,474
0x34,0xc0,514
0x34,0xc1,468
0x34,0xc2,534
0x34,0xc3,504
0x34,0xc4,518
0x34,0xc5,476
0x34,0xc6,492
0x34,0xc7,474
0x34,0xc8,518
0x34,0xc9,472
0x34,0xca,506
0x34,0xcb,518
0x34,0xcc,482
0x34,0xcd,540
0x34,0xce,506
0x34,0xcf,590
0x34,0xd0,532
0x34,0xd1,516
0x34,0xd2,510
0x34,0xd3,484
0x34,0xd4,526
0x34,0xd5,484
0x34,0xd6,594
0x34,0xd7,560
0x34,0xd8,486
0x34,0xd9,494
0x34,0xda,496
0x34,0xdb,516
0x34,0xdc,572
0x34,0xdd,708
0x34,0xde,494
0x34,0xdf,500
0x34,0xe0,544
0x34,0xe1,510
0x34,0xe2,474
0x34,0xe3,484
0x34,0xe4,504
0x34,0xe5,468
0x34,0xe6,528
0x34,0xe7,496
0x34,0xe8,520
0x34,0xe9,556
0x34,0xea,498
0x34,0xeb,536
0x34,0xec,502
0x34,0xed,494
0x34,0xee,480
0x34,0xef,538
0x34,0xf0,518
0x34,0xf1,538
0x34,0xf2,484
0x34,0xf3,502
0x34,0xf4,570
0x34,0xf5,522
0x34,0xf6,524
0x34,0xf7,512
0x34,0xf8,500
0x34,0xf9,546
0x34,0xfa,508
0x34,0xfb,498
0x34,0xfc,452
0x34,0xfd,496
0x34,0xfe,502
0x34,0xff,466
0x35,0x00,256
0x35,0x01,564
0x35,0x02,532
0x35,0x03,488
0x35,0x04,484
0x35,0x05,532
0x35,0x06,504
0x35,0x07,530
0x35,0x08,500
0x35,0x09,500
0x35,0x0a,640
0x35,0x0b,576
0x35,0x0c,496
0x35,0x0d,518
0x35,0x0e,556
0x35,0x0f,464
0x35,0x10,462
0x35,0x11,538
0x35,0x12,402
0x35,0x13,520
0x35,0x14,480
0x35,0x15,514
0x35,0x16,486
0x35,0x17,508
0x35,0x18,528
0x35,0x19,546
0x35,0x1a,528
0x35,0x1b,548
0x35,0x1c,512
0x35,0x1d,518
0x35,0x1e,508
0x35,0x1f,494
0x35,0x20,494
0x35,0x21,474
0x35,0x22,560
0x35,0x23,516
0x35,0x24,416
0x35,0x25,510
0x35,0x26,554
0x35,0x27,484
0x35,0x28,502
0x35,0x29,506
0x35,0x2a,524
0x35,0x2b,528
0x35,0x2c,486
0x35,0x2d,518
0x35,0x2e,502
0x35,0x2f,498
0x35,0x30,410
0x35,0x31,536
0x35,0x32,548
0x35,0x33,508
0x35,0x34,466
0x35,0x35,502
0x35,0x36,474
0x35,0x37,506
0x35,0x38,510
0x35,0x39,522
0x35,0x3a,502
0x35,0x3b,520
0x35,0x3c,530
0x35,0x3d,506
0x35,0x3e,502
0x35,0x3f,528
0x35,0x40,498
0x35,0x41,518
0x35,0x42,538
0x35,0x43,496
0x35,0x44,632
0x35,0x45,508
0x35,0x46,496
0x35,0x47,478
0x35,0x48,500
0x35,0x49,520
0x35,0x4a,508
0x35,0x4b,494
0x35,0x4c,548
0x35,0x4d,502
0x35,0x4e,670
0x35,0x4f,640
0x35,0x50,538
0x35,0x51,484
0x35,0x52,500
0x35,0x53,514
0x35,0x54,512
0x35,0x55,512
0x35,0x56,502
0x35,0x57,562
0x35,0x58,508
0x35,0x59,500
0x35,0x5a,508
0x35,0x5b,530
0x35,0x5c,504
0x35,0x5d,542
0x35,0x5e,524
0x35,0x5f,514
0x35,0x60,514
0x35,0x61,534
0x35,0x62,490
0x35,0x63,532
0x35,0x64,516
0x35,0x65,478
0x35,0x66,482
0x35,0x67,476
0x35,0x68,496
0x35,0x69,532
0x35,0x6a,530
0x35,0x6b,486
0x35,0x6c,518
0x35,0x6d,522
0x35,0x6e,500
0x35,0x6f,500
0x35,0x70,506
0x35,0x71,532
0x35,0x72,502
0x35,0x73,500
0x35,0x74,512
0x35,0x75,484
0x35,0x76,462
0x35,0x77,480
0x35,0x78,548
0x35,0x79,516
0x35,0x7a,510
0x35,0x7b,498
0x35,0x7c,554
0x35,0x7d,482
0x35,0x7e,540
0x35,0x7f,540
0x35,0x80,524
0x35,0x81,530
0x35,0x82,514
0x35,0x83,524
0x35,0x84,474
0x35,0x85,498
0x35,0x86,518
0x35,0x87,524
0x35,0x88,516
0x35,0x89,514
0x35,0x8a,550
0x35,0x8b,524
0x35,0x8c,580
0x35,0x8d,502
0x35,0x8e,496
0x35,0x8f,542
0x35,0x90,492
0x35,0x91,554
0x35,0x92,538
0x35,0x93,598
0x35,0x94,492
0x35,0x95,506
0x35,0x96,496
0x35,0x97,530
0x35,0x98,560
0x35,0x99,642
0x35,0x9a,500
0x35,0x9b,476
0x35,0x9c,524
0x35,0x9d,504
0x35,0x9e,512
0x35,0x9f,506
0x35,0xa0,510
0x35,0xa1,536
0x35,0xa2,492
0x35,0xa3,550
0x35,0xa4,520
0x35,0xa5,520
0x35,0xa6,504
0x35,0xa7,516
0x35,0xa8,568
0x35,0xa9,514
0x35,0xaa,530
0x35,0xab,490
0x35,0xac,518
0x35,0xad,494
0x35,0xae,522
0x35,0xaf,504
0x35,0xb0,492
0x35,0xb1,524
0x35,0xb2,476
0x35,0xb3,518
0x35,0xb4,492
0x35,0xb5,504
0x35,0xb6,518
0x35,0xb7,520
0x35,0xb8,510
0x35,0xb9,498
0x35,0xba,506
0x35,0xbb,484
0x35,0xbc,508
0x35,0xbd,506
0x35,0xbe,480
0x35,0xbf,538
0x35,0xc0,558
0x35,0xc1,458
0x35,0xc2,516
0x35,0xc3,476
0x35,0xc4,494
0x35,0xc5,556
0x35,0xc6,492
0x35,0xc7,512
0x35,0xc8,526
0x35,0xc9,490
0x35,0xca,506
0x35,0xcb,484
0x35,0xcc,502
0x35,0xcd,542
0x35,0xce,516
0x35,0xcf,518
0x35,0xd0,516
0x35,0xd1,498
0x35,0xd2,512
0x35,0xd3,544
0x35,0xd4,500
0x35,0xd5,512
0x35,0xd6,518
0x35,0xd7,750
0x35,0xd8,530
0x35,0xd9,528
0x35,0xda,528
0x35,0xdb,488
0x35,0xdc,522
0x35,0xdd,574
0x35,0xde,486
0x35,0xdf,536
0x35,0xe0,478
0x35,0xe1,520
0x35,0xe2,524
0x35,0xe3,520
0x35,0xe4,518
0x35,0xe5,472
0x35,0xe6,526
0x35,0xe7,488
0x35,0xe8,504
0x35,0xe9,492
0x35,0xea,498
0x35,0xeb,522
0x35,0xec,510
0x35,0xed,492
0x35,0xee,518
0x35,0xef,494
0x35,0xf0,468
0x35,0xf1,514
0x35,0xf2,522
0x35,0xf3,532
0x35,0xf4,498
0x35,0xf5,522
0x35,0xf6,520
0x35,0xf7,522
0x35,0xf8,488
0x35,0xf9,530
0x35,0xfa,480
0x35,0xfb,530
0x35,0xfc,510
0x35,0xfd,486
0x35,0xfe,532
0x35,0xff,538
0x36,0x00,256
0x36,0x01,498
0x36,0x02,638
0x36,0x03,526
0x36,0x04,476
0x36,0x05,516
0x36,0x06,478
0x36,0x07,520
0x36,0x08,564
0x36,0x09,510
0x36,0x0a,526
0x36,0x0b,524
0x36,0x0c,514
0x36,0x0d,516
0x36,0x0e,500
0x36,0x0f,558
0x36,0x10,504
0x36,0x11,490
0x36,0x12,486
0x36,0x13,508
0x36,0x14,500
0x36,0x15,530
0x36,0x16,584
0x36,0x17,518
0x36,0x18,522
0x36,0x19,542
0x36,0x1a,482
0x36,0x1b,530
0x36,0x1c,512
0x36,0x1d,562
0x36,0x1e,484
0x36,0x1f,466
0x36,0x20,476
0x36,0x21,504
0x36,0x22,474
0x36,0x23,486
0x36,0x24,646
0x36,0x25,504
0x36,0x26,614
0x36,0x27,588
0x36,0x28,490
0x36,0x29,474
0x36,0x2a,526
0x36,0x2b,518
0x36,0x2c,558
0x36,0x2d,526
0x36,0x2e,570
0x36,0x2f,532
0x36,0x30,546
0x36,0x31,480
0x36,0x32,530
0x36,0x33,474
0x36,0x34,500
0x36,0x35,520
0x36,0x36,488
0x36,0x37,534
0x36,0x38,518
0x36,0x39,510
0x36,0x3a,508
0x36,0x3b,530
0x36,0x3c,524
0x36,0x3d,470
0x36,0x3e,530
0x36,0x3f,482
0x36,0x40,504
0x36,0x41,500
0x36,0x42,506
0x36,0x43,530
0x36,0x44,476
0x36,0x45,492
0x36,0x46,512
0x36,0x47,560
0x36,0x48,506
0x36,0x49,518
0x36,0x4a,504
0x36,0x4b,498
0x36,0x4c,514
0x36,0x4d,534
0x36,0x4e,500
0x36,0x4f,506
0x36,0x50,490
0x36,0x51,492
0x36,0x52,532
0x36,0x53,522
0x36,0x54,492
0x36,0x55,498
0x36,0x56,470
0x36,0x57,486
0x36,0x58,524
0x36,0x59,512
0x36,0x5a,508
0x36,0x5b,492
0x36,0x5c,484
0x36,0x5d,494
0x36,0x5e,516
0x36,0x5f,492
0x36,0x60,538
0x36,0x61,484
0x36,0x62,486
0x36,0x63,540
0x36,0x64,512
0x36,0x65,502
0x36,0x66,488
0x36,0x67,512
0x36,0x68,538
0x36,0x69,502
0x36,0x6a,538
0x36,0x6b,486
0x36,0x6c,488
0x36,0x6d,488
0x36,0x6e,512
0x36,0x6f,490
0x36,0x70,530
0x36,0x71,540
0x36,0x72,532
0x36,0x73,502
0x36,0x74,492
0x36,0x75,516
0x36,0x76,514
0x36,0x77,578
0x36,0x78,540
0x36,0x79,506
0x36,0x7a,496
0x36,0x7b,470
0x36,0x7c,518
0x36,0x7d,548
0x36,0x7e,488
0x36,0x7f,540
0x36,0x80,506
0x36,0x81,530
0x36,0x82,530
0x36,0x83,516
0x36,0x84,512
0x36,0x85,470
0x36,0x86,506
0x36,0x87,502
0x36,0x88,492
0x36,0x89,524
0x36,0x8a,476
0x36,0x8b,526
0x36,0x8c,462
0x36,0x8d,468
0x36,0x8e,526
0x36,0x8f,514
0x36,0x90,516
0x36,0x91,524
0x36,0x92,464
0x36,0x93,552
0x36,0x94,512
0x36,0x95,542
0x36,0x96,480
0x36,0x97,508
0x36,0x98,490
0x36,0x99,508
0x36,0x9a,536
0x36,0x9b,570
0x36,0x9c,526
0x36,0x9d,518
0x36,0x9e,520
0x36,0x9f,492
0x36,0xa0,518
0x36,0xa1,510
0x36,0xa2,534
0x36,0xa3,506
0x36,0xa4,536
0x36,0xa5,552
0x36,0xa6,554
0x36,0xa7,518
0x36,0xa8,484
0x36,0xa9,566
0x36,0xaa,520
0x36,0xab,552
0x36,0xac,514
0x36,0xad,484
0x36,0xae,502
0x36,0xaf,512
0x36,0xb0,496
0x36,0xb1,506
0x36,0xb2,512
0x36,0xb3,490
0x36,0xb4,498
0x36,0xb5,508
0x36,0xb6,468
0x36,0xb7,472
0x36,0xb8,498
0x36,0xb9,526
0x36,0xba,534
0x36,0xbb,502
0x36,0xbc,518
0x36,0xbd,508
0x36,0xbe,520
0x36,0xbf,474
0x36,0xc0,502
0x36,0xc1,532
0x36,0xc2,572
0x36,0xc3,498
0x36,0xc4,490
0x36,0xc5,528
0x36,0xc6,508
0x36,0xc7,502
0x36,0xc8,502
0x36,0xc9,516
0x36,0xca,494
0x36,0xcb,510
0x36,0xcc,500
0x36,0xcd,500
0x36,0xce,546
0x36,0xcf,500
0x36,0xd0,548
0x36,0xd1,490
0x36,0xd2,500
0x36,0xd3,504
0x36,0xd4,570
0x36,0xd5,522
0x36,0xd6,570
0x36,0xd7,544
0x36,0xd8,550
0x36,0xd9,518
0x36,0xda,538
0x36,0xdb,502
0x36,0xdc,502
0x36,0xdd,530
0x36,0xde,534
0x36,0xdf,514
0x36,0xe0,486
0x36,0xe1,496
0x36,0xe2,518
0x36,0xe3,516
0x36,0xe4,496
0x36,0xe5,522
0x36,0xe6,484
0x36,0xe7,522
0x36,0xe8,542
0x36,0xe9,510
0x36,0xea,530
0x36,0xeb,528
0x36,0xec,518
0x36,0xed,540
0x36,0xee,514
0x36,0xef,530
0x36,0xf0,494
0x36,0xf1,522
0x36,0xf2,492
0x36,0xf3,510
0x36,0xf4,516
0x36,0xf5,536
0x36,0xf6,504
0x36,0xf7,498
0x36,0xf8,506
0x36,0xf9,528
0x36,0xfa,522
0x36,0xfb,494
0x36,0xfc,504
0x36,0xfd,484
0x36,0xfe,488
0x36,0xff,500
0x37,0x00,256
0x37,0x01,500
0x37,0x02,412
0x37,0x03,468
0x37,0x04,474
0x37,0x05,492
0x37,0x06,474
0x37,0x07,496
0x37,0x08,484
0x37,0x09,474
0x37,0x0a,524
0x37,0x0b,540
0x37,0x0c,502
0x37,0x0d,508
0x37,0x0e,494
0x37,0x0f,514
0x37,0x10,508
0x37,0x11,512
0x37,0x12,406
0x37,0x13,492
0x37,0x14,482
0x37,0x15,474
0x37,0x16,432
0x37,0x17,474
0x37,0x18,516
0x37,0x19,530
0x37,0x1a,496
0x37,0x1b,522
0x37,0x1c,576
0x37,0x1d,514
0x37,0x1e,506
0x37,0x1f,524
0x37,0x20,492
0x37,0x21,494
0x37,0x22,440
0x37,0x23,506
0x37,0x24,588
0x37,0x25,526
0x37,0x26,388
0x37,0x27,488
0x37,0x28,516
0x37,0x29,482
0x37,0x2a,512
0x37,0x2b,504
0x37,0x2c,510
0x37,0x2d,514
0x37,0x2e,458
0x37,0x2f,504
0x37,0x30,630
0x37,0x31,504
0x37,0x32,484
0x37,0x33,508
0x37,0x34,460
0x37,0x35,504
0x37,0x36,488
0x37,0x37,528
0x37,0x38,496
0x37,0x39,514
0x37,0x3a,582
0x37,0x3b,528
0x37,0x3c,540
0x37,0x3d,492
0x37,0x3e,556
0x37,0x3f,510
0x37,0x40,516
0x37,0x41,516
0x37,0x42,506
0x37,0x43,496
0x37,0x44,520
0x37,0x45,474
0x37,0x46,532
0x37,0x47,508
0x37,0x48,482
0x37,0x49,462
0x37,0x4a,502
0x37,0x4b,514
0x37,0x4c,512
0x37,0x4d,510
0x37,0x4e,508
0x37,0x4f,496
0x37,0x50,504
0x37,0x51,498
0x37,0x52,504
0x37,0x53,524
0x37,0x54,504
0x37,0x55,530
0x37,0x56,506
0x37,0x57,522
0x37,0x58,590
0x37,0x59,498
0x37,0x5a,502
0x37,0x5b,506
0x37,0x5c,522
0x37,0x5d,524
0x37,0x5e,520
0x37,0x5f,476
0x37,0x60,456
0x37,0x61,522
0x37,0x62,498
0x37,0x63,502
0x37,0x64,494
0x37,0x65,498
0x37,0x66,480
0x37,0x67,504
0x37,0x68,566
0x37,0x69,524
0x37,0x6a,532
0x37,0x6b,534
0x37,0x6c,558
0x37,0x6d,498
0x37,0x6e,462
0x37,0x6f,532
0x37,0x70,502
0x37,0x71,520
0x37,0x72,510
0x37,0x73,490
0x37,0x74,542
0x37,0x75,542
0x37,0x76,474
0x37,0x77,548
0x37,0x78,526
0x37,0x79,492
0x37,0x7a,488
0x37,0x7b,502
0x37,0x7c,474
0x37,0x7d,518
0x37,0x7e,514
0x37,0x7f,514
0x37,0x80,528
0x37,0x81,494
0x37,0x82,544
0x37,0x83,498
0x37,0x84,494
0x37,0x85,488
0x37,0x86,506
0x37,0x87,574
0x37,0x88,544
0x37,0x89,488
0x37,0x8a,470
0x37,0x8b,532
0x37,0x8c,550
0x37,0x8d,520
0x37,0x8e,468
0x37,0x8f,572
0x37,0x90,496
0x37,0x91,456
0x37,0x92,486
0x37,0x93,482
0x37,0x94,506
0x37,0x95,504
0x37,0x96,510
0x37,0x97,566
0x37,0x98,476
0x37,0x99,504
0x37,0x9a,536
0x37,0x9b,494
0x37,0x9c,508
0x37,0x9d,508
0x37,0x9e,500
0x37,0x9f,500
0x37,0xa0,506
0x37,0xa1,532
0x37,0xa2,514
0x37,0xa3,552
0x37,0xa4,494
0x37,0xa5,462
0x37,0xa6,506
0x37,0xa7,498
0x37,0xa8,516
0x37,0xa9,516
0x37,0xaa,498
0x37,0xab,508
0x37,0xac,500
0x37,0xad,498
0x37,0xae,492
0x37,0xaf,484
0x37,0xb0,504
0x37,0xb1,500
0x37,0xb2,492
0x37,0xb3,542
0x37,0xb4,500
0x37,0xb5,520
0x37,0xb6,502
0x37,0xb7,498
0x37,0xb8,550
0x37,0xb9,540
0x37,0xba,510
0x37,0xbb,478
0x37,0xbc,532
0x37,0xbd,512
0x37,0xbe,504
0x37,0xbf,494
0x37,0xc0,516
0x37,0xc1,492
0x37,0xc2,492
0x37,0xc3,520
0x37,0xc4,524
0x37,0xc5,516
0x37,0xc6,526
0x37,0xc7,514
0x37,0xc8,516
0x37,0xc9,542
0x37,0xca,486
0x37,0xcb,498
0x37,0xcc,496
0x37,0xcd,498
0x37,0xce,502
0x37,0xcf,496
0x37,0xd0,508
0x37,0xd1,508
0x37,0xd2,534
0x37,0xd3,510
0x37,0xd4,518
0x37,0xd5,460
0x37,0xd6,562
0x37,0xd7,470
0x37,0xd8,500
0x37,0xd9,476
0x37,0xda,490
0x37,0xdb,524
0x37,0xdc,570
0x37,0xdd,500
0x37,0xde,502
0x37,0xdf,526
0x37,0xe0,544
0x37,0xe1,546
0x37,0xe2,508
0x37,0xe3,538
0x37,0xe4,442
0x37,0xe5,500
0x37,0xe6,524
0x37,0xe7,538
0x37,0xe8,488
0x37,0xe9,544
0x37,0xea,520
0x37,0xeb,528
0x37,0xec,496
0x37,0xed,544
0x37,0xee,502
0x37,0xef,540
0x37,0xf0,504
0x37,0xf1,496
0x37,0xf2,540
0x37,0xf3,532
0x37,0xf4,494
0x37,0xf5,518
0x37,0xf6,486
0x37,0xf7,522
0x37,0xf8,526
0x37,0xf9,500
0x37,0xfa,508
0x37,0xfb,510
0x37,0xfc,516
0x37,0xfd,464
0x37,0xfe,476
0x37,0xff,464
0x38,0x00,256
0x38,0x01,492
0x38,0x02,442
0x38,0x03,458
0x38,0x04,470
0x38,0x05,544
0x38,0x06,542
0x38,0x07,522
0x38,0x08,524
0x38,0x09,440
0x38,0x0a,518
0x38,0x0b,508
0x38,0x0c,510
0x38,0x0d,514
0x38,0x0e,530
0x38,0x0f,500
0x38,0x10,532
0x38,0x11,480
0x38,0x12,500
0x38,0x13,530
0x38,0x14,490
0x38,0x15,492
0x38,0x16,486
0x38,0x17,518
0x38,0x18,502
0x38,0x19,534
0x38,0x1a,512
0x38,0x1b,520
0x38,0x1c,520
0x38,0x1d,536
0x38,0x1e,516
0x38,0x1f,522
0x38,0x20,514
0x38,0x21,474
0x38,0x22,442
0x38,0x23,548
0x38,0x24,520
0x38,0x25,522
0x38,0x26,456
0x38,0x27,484
0x38,0x28,494
0x38,0x29,496
0x38,0x2a,474
0x38,0x2b,472
0x38,0x2c,494
0x38,0x2d,554
0x38,0x2e,560
0x38,0x2f,484
0x38,0x30,402
0x38,0x31,530
0x38,0x32,484
0x38,0x33,522
0x38,0x34,506
0x38,0x35,496
0x38,0x36,490
0x38,0x37,472
0x38,0x38,534
0x38,0x39,506
0x38,0x3a,526
0x38,0x3b,486
0x38,0x3c,488
0x38,0x3d,528
0x38,0x3e,528
0x38,0x3f,534
0x38,0x40,494
0x38,0x41,502
0x38,0x42,506
0x38,0x43,528
0x38,0x44,514
0x38,0x45,454
0x38,0x46,518
0x38,0x47,476
0x38,0x48,500
0x38,0x49,536
0x38,0x4a,514
0x38,0x4b,526
0x38,0x4c,506
0x38,0x4d,514
0x38,0x4e,482
0x38,0x4f,482
0x38,0x50,528
0x38,0x51,510
0x38,0x52,496
0x38,0x53,522
0x38,0x54,518
0x38,0x55,540
0x38,0x56,558
0x38,0x57,490
0x38,0x58,526
0x38,0x59,492
0x38,0x5a,506
0x38,0x5b,484
0x38,0x5c,508
0x38,0x5d,488
0x38,0x5e,524
0x38,0x5f,514
0x38,0x60,518
0x38,0x61,500
0x38,0x62,474
0x38,0x63,486
0x38,0x64,502
0x38,0x65,504
0x38,0x66,492
0x38,0x67,502
0x38,0x68,506
0x38,0x69,516
0x38,0x6a,504
0x38,0x6b,508
0x38,0x6c,494
0x38,0x6d,530
0x38,0x6e,490
0x38,0x6f,566
0x38,0x70,518
0x38,0x71,508
0x38,0x72,514
0x38,0x73,500
0x38,0x74,496
0x38,0x75,496
0x38,0x76,512
0x38,0x77,508
0x38,0x78,524
0x38,0x79,546
0x38,0x7a,548
0x38,0x7b,482
0x38,0x7c,486
0x38,0x7d,490
0x38,0x7e,510
0x38,0x7f,518
0x38,0x80,522
0x38,0x81,520
0x38,0x82,604
0x38,0x83,494
0x38,0x84,516
0x38,0x85,508
0x38,0x86,528
0x38,0x87,512
0x38,0x88,506
0x38,0x89,530
0x38,0x8a,502
0x38,0x8b,512
0x38,0x8c,528
0x38,0x8d,504
0x38,0x8e,552
0x38,0x8f,516
0x38,0x90,486
0x38,0x91,470
0x38,0x92,472
0x38,0x93,490
0x38,0x94,532
0x38,0x95,530
0x38,0x96,540
0x38,0x97,508
0x38,0x98,524
0x38,0x99,498
0x38,0x9a,480
0x38,0x9b,506
0x38,0x9c,508
0x38,0x9d,520
0x38,0x9e,538
0x38,0x9f,486
0x38,0xa0,504
0x38,0xa1,506
0x38,0xa2,480
0x38,0xa3,484
0x38,0xa4,544
0x38,0xa5,504
0x38,0xa6,510
0x38,0xa7,526
0x38,0xa8,518
0x38,0xa9,490
0x38,0xaa,514
0x38,0xab,482
0x38,0xac,496
0x38,0xad,528
0x38,0xae,520
0x38,0xaf,518
0x38,0xb0,514
0x38,0xb1,490
0x38,0xb2,522
0x38,0xb3,494
0x38,0xb4,516
0x38,0xb5,506
0x38,0xb6,534
0x38,0xb7,494
0x38,0xb8,536
0x38,0xb9,516
0x38,0xba,508
0x38,0xbb,504
0x38,0xbc,490
0x38,0xbd,520
0x38,0xbe,500
0x38,0xbf,460
0x38,0xc0,480
0x38,0xc1,478
0x38,0xc2,528
0x38,0xc3,546
0x38,0xc4,552
0x38,0xc5,486
0x38,0xc6,500
0x38,0xc7,510
0x38,0xc8,508
0x38,0xc9,602
0x38,0xca,558
0x38,0xcb,550
0x38,0xcc,514
0x38,0xcd,502
0x38,0xce,590
0x38,0xcf,550
0x38,0xd0,518
0x38,0xd1,538
0x38,0xd2,492
0x38,0xd3,456
0x38,0xd4,492
0x38,0xd5,524
0x38,0xd6,586
0x38,0xd7,514
0x38,0xd8,516
0x38,0xd9,470
0x38,0xda,516
0x38,0xdb,500
0x38,0xdc,464
0x38,0xdd,508
0x38,0xde,474
0x38,0xdf,522
0x38,0xe0,484
0x38,0xe1,546
0x38,0xe2,480
0x38,0xe3,506
0x38,0xe4,528
0x38,0xe5,488
0x38,0xe6,484
0x38,0xe7,490
0x38,0xe8,558
0x38,0xe9,482
0x38,0xea,538
0x38,0xeb,486
0x38,0xec,518
0x38,0xed,478
0x38,0xee,496
0x38,0xef,546
0x38,0xf0,486
0x38,0xf1,518
0x38,0xf2,550
0x38,0xf3,572
0x38,0xf4,490
0x38,0xf5,492
0x38,0xf6,482
0x38,0xf7,548
0x38,0xf8,560
0x38,0xf9,522
0x38,0xfa,504
0x38,0xfb,500
0x38,0xfc,522
0x38,0xfd,510
0x38,0xfe,502
0x38,0xff,504
0x39,0x00,256
0x39,0x01,494
0x39,0x02,478
0x39,0x03,528
0x39,0x04,510
0x39,0x05,532
0x39,0x06,546
0x39,0x07,504
0x39,0x08,486
0x39,0x09,510
0x39,0x0a,490
0x39,0x0b,526
0x39,0x0c,510
0x39,0x0d,472
0x39,0x0e,506
0x39,0x0f,520
0x39,0x10,514
0x39,0x11,528
0x39,0x12,530
0x39,0x13,456
0x39,0x14,508
0x39,0x15,516
0x39,0x16,502
0x39,0x17,556
0x39,0x18,492
0x39,0x19,494
0x39,0x1a,508
0x39,0x1b,502
0x39,0x1c,486
0x39,0x1d,482
0x39,0x1e,524
0x39,0x1f,496
0x39,0x20,500
0x39,0x21,512
0x39,0x22,468
0x39,0x23,512
0x39,0x24,386
0x39,0x25,518
0x39,0x26,532
0x39,0x27,502
0x39,0x28,494
0x39,0x29,530
0x39,0x2a,502
0x39,0x2b,516
0x39,0x2c,512
0x39,0x2d,504
0x39,0x2e,468
0x39,0x2f,514
0x39,0x30,536
0x39,0x31,522
0x39,0x32,566
0x39,0x33,550
0x39,0x34,576
0x39,0x35,498
0x39,0x36,562
0x39,0x37,502
0x39,0x38,524
0x39,0x39,490
0x39,0x3a,524
0x39,0x3b,472
0x39,0x3c,546
0x39,0x3d,504
0x39,0x3e,524
0x39,0x3f,530
0x39,0x40,494
0x39,0x41,508
0x39,0x42,530
0x39,0x43,528
0x39,0x44,492
0x39,0x45,504
0x39,0x46,556
0x39,0x47,492
0x39,0x48,506
0x39,0x49,506
0x39,0x4a,530
0x39,0x4b,542
0x39,0x4c,514
0x39,0x4d,498
0x39,0x4e,482
0x39,0x4f,476
0x39,0x50,580
0x39,0x51,484
0x39,0x52,478
0x39,0x53,548
0x39,0x54,540
0x39,0x55,552
0x39,0x56,498
0x39,0x57,524
0x39,0x58,472
0x39,0x59,486
0x39,0x5a,468
0x39,0x5b,490
0x39,0x5c,468
0x39,0x5d,486
0x39,0x5e,554
0x39,0x5f,482
0x39,0x60,494
0x39,0x61,476
0x39,0x62,538
0x39,0x63,500
0x39,0x64,540
0x39,0x65,496
0x39,0x66,524
0x39,0x67,500
0x39,0x68,538
0x39,0x69,580
0x39,0x6a,508
0x39,0x6b,522
0x39,0x6c,502
0x39,0x6d,496
0x39,0x6e,556
0x39,0x6f,512
0x39,0x70,486
0x39,0x71,500
0x39,0x72,526
0x39,0x73,536
0x39,0x74,486
0x39,0x75,506
0x39,0x76,496
0x39,0x77,512
0x39,0x78,514
0x39,0x79,530
0x39,0x7a,538
0x39,0x7b,560
0x39,0x7c,496
0x39,0x7d,486
0x39,0x7e,518
0x39,0x7f,526
0x39,0x80,488
0x39,0x81,538
0x39,0x82,492
0x39,0x83,548
0x39,0x84,470
0x39,0x85,508
0x39,0x86,538
0x39,0x87,484
0x39,0x88,496
0x39,0x89,518
0x39,0x8a,524
0x39,0x8b,502
0x39,0x8c,516
0x39,0x8d,486
0x39,0x8e,508
0x39,0x8f,504
0x39,0x90,530
0x39,0x91,524
0x39,0x92,452
0x39,0x93,546
0x39,0x94,546
0x39,0x95,534
0x39,0x96,566
0x39,0x97,516
0x39,0x98,510
0x39,0x99,490
0x39,0x9a,450
0x39,0x9b,536
0x39,0x9c,514
0x39,0x9d,468
0x39,0x9e,496
0x39,0x9f,540
0x39,0xa0,524
0x39,0xa1,484
0x39,0xa2,488
0x39,0xa3,538
0x39,0xa4,558
0x39,0xa5,560
0x39,0xa6,594
0x39,0xa7,544
0x39,0xa8,510
0x39,0xa9,522
0x39,0xaa,500
0x39,0xab,488
0x39,0xac,488
0x39,0xad,532
0x39,0xae,534
0x39,0xaf,514
0x39,0xb0,498
0x39,0xb1,522
0x39,0xb2,488
0x39,0xb3,492
0x39,0xb4,538
0x39,0xb5,506
0x39,0xb6,500
0x39,0xb7,484
0x39,0xb8,490
0x39,0xb9,498
0x39,0xba,498
0x39,0xbb,532
0x39,0xbc,478
0x39,0xbd,470
0x39,0xbe,502
0x39,0xbf,494
0x39,0xc0,482
0x39,0xc1,478
0x39,0xc2,498
0x39,0xc3,464
0x39,0xc4,530
0x39,0xc5,518
0x39,0xc6,480
0x39,0xc7,556
0x39,0xc8,500
0x39,0xc9,512
0x39,0xca,498
0x39,0xcb,518
0x39,0xcc,498
0x39,0xcd,508
0x39,0xce,516
0x39,0xcf,482
0x39,0xd0,508
0x39,0xd1,542
0x39,0xd2,486
0x39,0xd3,588
0x39,0xd4,496
0x39,0xd5,506
0x39,0xd6,470
0x39,0xd7,512
0x39,0xd8,552
0x39,0xd9,500
0x39,0xda,548
0x39,0xdb,522
0x39,0xdc,432
0x39,0xdd,496
0x39,0xde,542
0x39,0xdf,498
0x39,0xe0,534
0x39,0xe1,542
0x39,0xe2,546
0x39,0xe3,498
0x39,0xe4,480
0x39,0xe5,508
0x39,0xe6,474
0x39,0xe7,484
0x39,0xe8,504
0x39,0xe9,476
0x39,0xea,516
0x39,0xeb,510
0x39,0xec,506
0x39,0xed,458
0x39,0xee,498
0x39,0xef,512
0x39,0xf0,578
0x39,0xf1,538
0x39,0xf2,526
0x39,0xf3,494
0x39,0xf4,532
0x39,0xf5,500
0x39,0xf6,508
0x39,0xf7,534
0x39,0xf8,510
0x39,0xf9,506
0x39,0xfa,516
0x39,0xfb,496
0x39,0xfc,504
0x39,0xfd,512
0x39,0xfe,540
0x39,0xff,486
0x3a,0x00,256
0x3a,0x01,474
0x3a,0x02,452
0x3a,0x03,520
0x3a,0x04,576
0x3a,0x05,544
0x3a,0x06,542
0x3a,0x07,534
0x3a,0x08,506
0x3a,0x09,496
0x3a,0x0a,480
0x3a,0x0b,472
0x3a,0x0c,524
0x3a,0x0d,510
0x3a,0x0e,530
0x3a,0x0f,540
0x3a,0x10,482
0x3a,0x11,506
0x3a,0x12,448
0x3a,0x13,514
0x3a,0x14,492
0x3a,0x15,500
0x3a,0x16,534
0x3a,0x17,488
0x3a,0x18,508
0x3a,0x19,492
0x3a,0x1a,492
0x3a,0x1b,492
0x3a,0x1c,474
0x3a,0x1d,492
0x3a,0x1e,492
0x3a,0x1f,494
0x3a,0x20,614
0x3a,0x21,534
0x3a,0x22,526
0x3a,0x23,530
0x3a,0x24,482
0x3a,0x25,480
0x3a,0x26,392
0x3a,0x27,518
0x3a,0x28,522
0x3a,0x29,518
0x3a,0x2a,542
0x3a,0x2b,480
0x3a,0x2c,466
0x3a,0x2d,482
0x3a,0x2e,456
0x3a,0x2f,476
0x3a,0x30,592
0x3a,0x31,504
0x3a,0x32,456
0x3a,0x33,502
0x3a,0x34,506
0x3a,0x35,518
0x3a,0x36,522
0x3a,0x37,490
0x3a,0x38,546
0x3a,0x39,492
0x3a,0x3a,504
0x3a,0x3b,524
0x3a,0x3c,510
0x3a,0x3d,502
0x3a,0x3e,534
0x3a,0x3f,476
0x3a,0x40,560
0x3a,0x41,468
0x3a,0x42,536
0x3a,0x43,478
0x3a,0x44,528
0x3a,0x45,532
0x3a,0x46,500
0x3a,0x47,508
0x3a,0x48,516
0x3a,0x49,516
0x3a,0x4a,498
0x3a,0x4b,506
0x3a,0x4c,520
0x3a,0x4d,484
0x3a,0x4e,500
0x3a,0x4f,502
0x3a,0x50,500
0x3a,0x51,460
0x3a,0x52,486
0x3a,0x53,540
0x3a,0x54,510
0x3a,0x55,496
0x3a,0x56,540
0x3a,0x57,512
0x3a,0x58,496
0x3a,0x59,510
0x3a,0x5a,458
0x3a,0x5b,542
0x3a,0x5c,520
0x3a,0x5d,514
0x3a,0x5e,468
0x3a,0x5f,534
0x3a,0x60,486
0x3a,0x61,516
0x3a,0x62,492
0x3a,0x63,468
0x3a,0x64,490
0x3a,0x65,502
0x3a,0x66,528
0x3a,0x67,510
0x3a,0x68,478
0x3a,0x69,494
0x3a,0x6a,494
0x3a,0x6b,454
0x3a,0x6c,528
0x3a,0x6d,494
0x3a,0x6e,528
0x3a,0x6f,468
0x3a,0x70,522
0x3a,0x71,538
0x3a,0x72,488
0x3a,0x73,516
0x3a,0x74,550
0x3a,0x75,492
0x3a,0x76,504
0x3a,0x77,514
0x3a,0x78,476
0x3a,0x79,514
0x3a,0x7a,486
0x3a,0x7b,520
0x3a,0x7c,486
0x3a,0x7d,510
0x3a,0x7e,512
0x3a,0x7f,476
0x3a,0x80,478
0x3a,0x81,512
0x3a,0x82,496
0x3a,0x83,476
0x3a,0x84,530
0x3a,0x85,498
0x3a,0x86,538
0x3a,0x87,512
0x3a,0x88,496
0x3a,0x89,478
0x3a,0x8a,492
0x3a,0x8b,510
0x3a,0x8c,484
0x3a,0x8d,520
0x3a,0x8e,492
0x3a,0x8f,492
0x3a,0x90,566
0x3a,0x91,502
0x3a,0x92,486
0x3a,0x93,480
0x3a,0x94,490
0x3a,0x95,498
0x3a,0x96,504
0x3a,0x97,520
0x3a,0x98,508
0x3a,0x99,526
0x3a,0x9a,490
0x3a,0x9b,528
0x3a,0x9c,498
0x3a,0x9d,524
0x3a,0x9e,500
0x3a,0x9f,532
0x3a,0xa0,482
0x3a,0xa1,476
0x3a,0xa2,552
0x3a,0xa3,494
0x3a,0xa4,502
0x3a,0xa5,468
0x3a,0xa6,512
0x3a,0xa7,506
0x3a,0xa8,516
0x3a,0xa9,510
0x3a,0xaa,506
0x3a,0xab,494
0x3a,0xac,506
0x3a,0xad,470
0x3a,0xae,488
0x3a,0xaf,536
0x3a,0xb0,470
0x3a,0xb1,498
0x3a,0xb2,504
0x3a,0xb3,528
0x3a,0xb4,510
0x3a,0xb5,510
0x3a,0xb6,472
0x3a,0xb7,518
0x3a,0xb8,522
0x3a,0xb9,542
0x3a,0xba,488
0x3a,0xbb,518
0x3a,0xbc,482
0x3a,0xbd,566
0x3a,0xbe,500
0x3a,0xbf,514
0x3a,0xc0,514
0x3a,0xc1,494
0x3a,0xc2,492
0x3a,0xc3,518
0x3a,0xc4,488
0x3a,0xc5,522
0x3a,0xc6,534
0x3a,0xc7,514
0x3a,0xc8,458
0x3a,0xc9,476
0x3a,0xca,498
0x3a,0xcb,520
0x3a,0xcc,520
0x3a,0xcd,490
0x3a,0xce,516
0x3a,0xcf,520
0x3a,0xd0,524
0x3a,0xd1,484
0x3a,0xd2,500
0x3a,0xd3,542
0x3a,0xd4,480
0x3a,0xd5,500
0x3a,0xd6,456
0x3a,0xd7,494
0x3a,0xd8,536
0x3a,0xd9,534
0x3a,0xda,498
0x3a,0xdb,500
0x3a,0xdc,512
0x3a,0xdd,484
0x3a,0xde,488
0x3a,0xdf,518
0x3a,0xe0,476
0x3a,0xe1,520
0x3a,0xe2,480
0x3a,0xe3,520
0x3a,0xe4,542
0x3a,0xe5,518
0x3a,0xe6,520
0x3a,0xe7,514
0x3a,0xe8,488
0x3a,0xe9,504
0x3a,0xea,512
0x3a,0xeb,532
0x3a,0xec,500
0x3a,0xed,490
0x3a,0xee,542
0x3a,0xef,484
0x3a,0xf0,506
0x3a,0xf1,522
0x3a,0xf2,572
0x3a,0xf3,550
0x3a,0xf4,488
0x3a,0xf5,570
0x3a,0xf6,592
0x3a,0xf7,522
0x3a,0xf8,482
0x3a,0xf9,526
0x3a,0xfa,480
0x3a,0xfb,510
0x3a,0xfc,502
0x3a,0xfd,536
0x3a,0xfe,450
0x3a,0xff,494
0x3b,0x00,256
0x3b,0x01,482
0x3b,0x02,506
0x3b,0x03,490
0x3b,0x04,494
0x3b,0x05,538
0x3b,0x06,502
0x3b,0x07,532
0x3b,0x08,510
0x3b,0x09,546
0x3b,0x0a,528
0x3b,0x0b,474
0x3b,0x0c,496
0x3b,0x0d,498
0x3b,0x0e,522
0x3b,0x0f,502
0x3b,0x10,506
0x3b,0x11,518
0x3b,0x12,438
0x3b,0x13,520
0x3b,0x14,622
0x3b,0x15,484
0x3b,0x16,662
0x3b,0x17,514
0x3b,0x18,544
0x3b,0x19,514
0x3b,0x1a,556
0x3b,0x1b,494
0x3b,0x1c,486
0x3b,0x1d,540
0x3b,0x1e,534
0x3b,0x1f,530
0x3b,0x20,480
0x3b,0x21,522
0x3b,0x22,528
0x3b,0x23,540
0x3b,0x24,1248
0x3b,0x25,530
0x3b,0x26,426
0x3b,0x27,506
0x3b,0x28,516
0x3b,0x29,558
0x3b,0x2a,512
0x3b,0x2b,548
0x3b,0x2c,516
0x3b,0x2d,508
0x3b,0x2e,490
0x3b,0x2f,546
0x3b,0x30,524
0x3b,0x31,472
0x3b,0x32,564
0x3b,0x33,522
0x3b,0x34,480
0x3b,0x35,478
0x3b,0x36,518
0x3b,0x37,498
0x3b,0x38,498
0x3b,0x39,536
0x3b,0x3a,474
0x3b,0x3b,464
0x3b,0x3c,536
0x3b,0x3d,532
0x3b,0x3e,502
0x3b,0x3f,528
0x3b,0x40,506
0x3b,0x41,506
0x3b,0x42,498
0x3b,0x43,502
0x3b,0x44,464
0x3b,0x45,466
0x3b,0x46,508
0x3b,0x47,546
0x3b,0x48,572
0x3b,0x49,492
0x3b,0x4a,498
0x3b,0x4b,524
0x3b,0x4c,512
0x3b,0x4d,486
0x3b,0x4e,500
0x3b,0x4f,510
0x3b,0x50,508
0x3b,0x51,564
0x3b,0x52,506
0x3b,0x53,506
0x3b,0x54,508
0x3b,0x55,518
0x3b,0x56,492
0x3b,0x57,566
0x3b,0x58,526
0x3b,0x59,526
0x3b,0x5a,538
0x3b,0x5b,528
0x3b,0x5c,504
0x3b,0x5d,472
0x3b,0x5e,520
0x3b,0x5f,494
0x3b,0x60,556
0x3b,0x61,496
0x3b,0x62,476
0x3b,0x63,484
0x3b,0x64,544
0x3b,0x65,488
0x3b,0x66,532
0x3b,0x67,544
0x3b,0x68,508
0x3b,0x69,490
0x3b,0x6a,488
0x3b,0x6b,508
0x3b,0x6c,514
0x3b,0x6d,518
0x3b,0x6e,530
0x3b,0x6f,556
0x3b,0x70,544
0x3b,0x71,508
0x3b,0x72,498
0x3b,0x73,524
0x3b,0x74,488
0x3b,0x75,502
0x3b,0x76,532
0x3b,0x77,496
0x3b,0x78,508
0x3b,0x79,490
0x3b,0x7a,478
0x3b,0x7b,476
0x3b,0x7c,520
0x3b,0x7d,506
0x3b,0x7e,492
0x3b,0x7f,522
0x3b,0x80,502
0x3b,0x81,530
0x3b,0x82,526
0x3b,0x83,516
0x3b,0x84,560
0x3b,0x85,564
0x3b,0x86,514
0x3b,0x87,564
0x3b,0x88,494
0x3b,0x89,514
0x3b,0x8a,532
0x3b,0x8b,454
0x3b,0x8c,504
0x3b,0x8d,542
0x3b,0x8e,504
0x3b,0x8f,530
0x3b,0x90,528
0x3b,0x91,502
0x3b,0x92,476
0x3b,0x93,420
0x3b,0x94,540
0x3b,0x95,518
0x3b,0x96,502
0x3b,0x97,498
0x3b,0x98,480
0x3b,0x99,546
0x3b,0x9a,514
0x3b,0x9b,550
0x3b,0x9c,490
0x3b,0x9d,544
0x3b,0x9e,520
0x3b,0x9f,508
0x3b,0xa0,532
0x3b,0xa1,506
0x3b,0xa2,518
0x3b,0xa3,506
0x3b,0xa4,524
0x3b,0xa5,496
0x3b,0xa6,496
0x3b,0xa7,520
0x3b,0xa8,490
0x3b,0xa9,480
0x3b,0xaa,500
0x3b,0xab,524
0x3b,0xac,542
0x3b,0xad,544
0x3b,0xae,538
0x3b,0xaf,502
0x3b,0xb0,542
0x3b,0xb1,520
0x3b,0xb2,562
0x3b,0xb3,554
0x3b,0xb4,520
0x3b,0xb5,524
0x3b,0xb6,488
0x3b,0xb7,502
0x3b,0xb8,512
0x3b,0xb9,514
0x3b,0xba,482
0x3b,0xbb,506
0x3b,0xbc,510
0x3b,0xbd,490
0x3b,0xbe,550
0x3b,0xbf,520
0x3b,0xc0,524
0x3b,0xc1,578
0x3b,0xc2,504
0x3b,0xc3,482
0x3b,0xc4,468
0x3b,0xc5,504
0x3b,0xc6,496
0x3b,0xc7,514
0x3b,0xc8,472
0x3b,0xc9,564
0x3b,0xca,540
0x3b,0xcb,502
0x3b,0xcc,514
0x3b,0xcd,504
0x3b,0xce,480
0x3b,0xcf,490
0x3b,0xd0,528
0x3b,0xd1,514
0x3b,0xd2,502
0x3b,0xd3,496
0x3b,0xd4,522
0x3b,0xd5,498
0x3b,0xd6,530
0x3b,0xd7,528
0x3b,0xd8,582
0x3b,0xd9,518
0x3b,0xda,522
0x3b,0xdb,538
0x3b,0xdc,486
0x3b,0xdd,462
0x3b,0xde,532
0x3b,0xdf,486
0x3b,0xe0,508
0x3b,0xe1,524
0x3b,0xe2,522
0x3b,0xe3,538
0x3b,0xe4,524
0x3b,0xe5,536
0x3b,0xe6,482
0x3b,0xe7,486
0x3b,0xe8,538
0x3b,0xe9,528
0x3b,0xea,518
0x3b,0xeb,514
0x3b,0xec,480
0x3b,0xed,528
0x3b,0xee,506
0x3b,0xef,546
0x3b,0xf0,474
0x3b,0xf1,516
0x3b,0xf2,528
0x3b,0xf3,460
0x3b,0xf4,468
0x3b,0xf5,482
0x3b,0xf6,496
0x3b,0xf7,538
0x3b,0xf8,496
0x3b,0xf9,548
0x3b,0xfa,538
0x3b,0xfb,520
0x3b,0xfc,586
0x3b,0xfd,546
0x3b,0xfe,572
0x3b,0xff,554
0x3c,0x00,256
0x3c,0x01,532
0x3c,0x02,452
0x3c,0x03,498
0x3c,0x04,512
0x3c,0x05,530
0x3c,0x06,574
0x3c,0x07,530
0x3c,0x08,448
0x3c,0x09,496
0x3c,0x0a,504
0x3c,0x0b,476
0x3c,0x0c,540
0x3c,0x0d,524
0x3c,0x0e,484
0x3c,0x0f,494
0x3c,0x10,518
0x3c,0x11,508
0x3c,0x12,536
0x3c,0x13,528
0x3c,0x14,504
0x3c,0x15,494
0x3c,0x16,492
0x3c,0x17,508
0x3c,0x18,508
0x3c,0x19,524
0x3c,0x1a,544
0x3c,0x1b,490
0x3c,0x1c,494
0x3c,0x1d,542
0x3c,0x1e,544
0x3c,0x1f,490
0x3c,0x20,500
0x3c,0x21,506
0x3c,0x22,492
0x3c,0x23,554
0x3c,0x24,378
0x3c,0x25,498
0x3c,0x26,402
0x3c,0x27,502
0x3c,0x28,500
0x3c,0x29,548
0x3c,0x2a,538
0x3c,0x2b,496
0x3c,0x2c,500
0x3c,0x2d,508
0x3c,0x2e,500
0x3c,0x2f,502
0x3c,0x30,466
0x3c,0x31,518
0x3c,0x32,484
0x3c,0x33,482
0x3c,0x34,496
0x3c,0x35,494
0x3c,0x36,478
0x3c,0x37,490
0x3c,0x38,454
0x3c,0x39,454
0x3c,0x3a,492
0x3c,0x3b,532
0x3c,0x3c,488
0x3c,0x3d,530
0x3c,0x3e,512
0x3c,0x3f,488
0x3c,0x40,532
0x3c,0x41,518
0x3c,0x42,504
0x3c,0x43,478
0x3c,0x44,506
0x3c,0x45,480
0x3c,0x46,496
0x3c,0x47,508
0x3c,0x48,512
0x3c,0x49,492
0x3c,0x4a,502
0x3c,0x4b,498
0x3c,0x4c,438
0x3c,0x4d,536
0x3c,0x4e,488
0x3c,0x4f,570
0x3c,0x50,464
0x3c,0x51,546
0x3c,0x52,498
0x3c,0x53,502
0x3c,0x54,486
0x3c,0x55,492
0x3c,0x56,496
0x3c,0x57,498
0x3c,0x58,510
0x3c,0x59,508
0x3c,0x5a,518
0x3c,0x5b,502
0x3c,0x5c,488
0x3c,0x5d,476
0x3c,0x5e,514
0x3c,0x5f,486
0x3c,0x60,536
0x3c,0x61,504
0x3c,0x62,520
0x3c,0x63,500
0x3c,0x64,532
0x3c,0x65,490
0x3c,0x66,504
0x3c,0x67,560
0x3c,0x68,498
0x3c,0x69,532
0x3c,0x6a,496
0x3c,0x6b,604
0x3c,0x6c,512
0x3c,0x6d,498
0x3c,0x6e,480
0x3c,0x6f,528
0x3c,0x70,526
0x3c,0x71,510
0x3c,0x72,540
0x3c,0x73,448
0x3c,0x74,496
0x3c,0x75,544
0x3c,0x76,476
0x3c,0x77,496
0x3c,0x78,482
0x3c,0x79,496
0x3c,0x7a,456
0x3c,0x7b,486
0x3c,0x7c,498
0x3c,0x7d,480
0x3c,0x7e,520
0x3c,0x7f,534
0x3c,0x80,508
0x3c,0x81,464
0x3c,0x82,492
0x3c,0x83,494
0x3c,0x84,512
0x3c,0x85,524
0x3c,0x86,530
0x3c,0x87,504
0x3c,0x88,522
0x3c,0x89,492
0x3c,0x8a,508
0x3c,0x8b,492
0x3c,0x8c,500
0x3c,0x8d,500
0x3c,0x8e,526
0x3c,0x8f,516
0x3c,0x90,492
0x3c,0x91,522
0x3c,0x92,566
0x3c,0x93,490
0x3c,0x94,506
0x3c,0x95,508
0x3c,0x96,516
0x3c,0x97,546
0x3c,0x98,506
0x3c,0x99,546
0x3c,0x9a,492
0x3c,0x9b,504
0x3c,0x9c,466
0x3c,0x9d,514
0x3c,0x9e,524
0x3c,0x9f,484
0x3c,0xa0,494
0x3c,0xa1,522
0x3c,0xa2,506
0x3c,0xa3,500
0x3c,0xa4,528
0x3c,0xa5,520
0x3c,0xa6,496
0x3c,0xa7,470
0x3c,0xa8,548
0x3c,0xa9,504
0x3c,0xaa,500
0x3c,0xab,488
0x3c,0xac,478
0x3c,0xad,508
0x3c,0xae,506
0x3c,0xaf,512
0x3c,0xb0,502
0x3c,0xb1,556
0x3c,0xb2,540
0x3c,0xb3,504
0x3c,0xb4,484
0x3c,0xb5,492
0x3c,0xb6,610
0x3c,0xb7,496
0x3c,0xb8,528
0x3c,0xb9,514
0x3c,0xba,518
0x3c,0xbb,496
0x3c,0xbc,512
0x3c,0xbd,528
0x3c,0xbe,522
0x3c,0xbf,502
0x3c,0xc0,542
0x3c,0xc1,506
0x3c,0xc2,506
0x3c,0xc3,560
0x3c,0xc4,502
0x3c,0xc5,494
0x3c,0xc6,488
0x3c,0xc7,488
0x3c,0xc8,542
0x3c,0xc9,508
0x3c,0xca,492
0x3c,0xcb,454
0x3c,0xcc,540
0x3c,0xcd,486
0x3c,0xce,492
0x3c,0xcf,486
0x3c,0xd0,530
0x3c,0xd1,508
0x3c,0xd2,494
0x3c,0xd3,502
0x3c,0xd4,498
0x3c,0xd5,502
0x3c,0xd6,528
0x3c,0xd7,532
0x3c,0xd8,498
0x3c,0xd9,536
0x3c,0xda,504
0x3c,0xdb,520
0x3c,0xdc,536
0x3c,0xdd,484
0x3c,0xde,510
0x3c,0xdf,518
0x3c,0xe0,584
0x3c,0xe1,502
0x3c,0xe2,510
0x3c,0xe3,486
0x3c,0xe4,504
0x3c,0xe5,460
0x3c,0xe6,508
0x3c,0xe7,520
0x3c,0xe8,526
0x3c,0xe9,526
0x3c,0xea,492
0x3c,0xeb,496
0x3c,0xec,522
0x3c,0xed,514
0x3c,0xee,516
0x3c,0xef,478
0x3c,0xf0,498
0x3c,0xf1,494
0x3c,0xf2,476
0x3c,0xf3,498
0x3c,0xf4,484
0x3c,0xf5,496
0x3c,0xf6,498
0x3c,0xf7,534
0x3c,0xf8,506
0x3c,0xf9,528
0x3c,0xfa,522
0x3c,0xfb,558
0x3c,0xfc,506
0x3c,0xfd,520
0x3c,0xfe,522
0x3c,0xff,544
0x3d,0x00,256
0x3d,0x01,552
0x3d,0x02,434
0x3d,0x03,498
0x3d,0x04,496
0x3d,0x05,502
0x3d,0x06,488
0x3d,0x07,522
0x3d,0x08,486
0x3d,0x09,510
0x3d,0x0a,522
0x3d,0x0b,554
0x3d,0x0c,478
0x3d,0x0d,504
0x3d,0x0e,502
0x3d,0x0f,532
0x3d,0x10,476
0x3d,0x11,520
0x3d,0x12,462
0x3d,0x13,506
0x3d,0x14,498
0x3d,0x15,502
0x3d,0x16,456
0x3d,0x17,526
0x3d,0x18,488
0x3d,0x19,530
0x3d,0x1a,470
0x3d,0x1b,518
0x3d,0x1c,518
0x3d,0x1d,522
0x3d,0x1e,510
0x3d,0x1f,514
0x3d,0x20,536
0x3d,0x21,494
0x3d,0x22,440
0x3d,0x23,536
0x3d,0x24,472
0x3d,0x25,566
0x3d,0x26,470
0x3d,0x27,496
0x3d,0x28,540
0x3d,0x29,510
0x3d,0x2a,496
0x3d,0x2b,492
0x3d,0x2c,482
0x3d,0x2d,534
0x3d,0x2e,508
0x3d,0x2f,534
0x3d,0x30,586
0x3d,0x31,536
0x3d,0x32,466
0x3d,0x33,504
0x3d,0x34,442
0x3d,0x35,504
0x3d,0x36,444
0x3d,0x37,490
0x3d,0x38,512
0x3d,0x39,464
0x3d,0x3a,512
0x3d,0x3b,508
0x3d,0x3c,480
0x3d,0x3d,496
0x3d,0x3e,486
0x3d,0x3f,520
0x3d,0x40,492
0x3d,0x41,526
0x3d,0x42,488
0x3d,0x43,500
0x3d,0x44,510
0x3d,0x45,540
0x3d,0x46,486
0x3d,0x47,490
0x3d,0x48,470
0x3d,0x49,514
0x3d,0x4a,516
0x3d,0x4b,494
0x3d,0x4c,516
0x3d,0x4d,486
0x3d,0x4e,498
0x3d,0x4f,494
0x3d,0x50,510
0x3d,0x51,472
0x3d,0x52,492
0x3d,0x53,490
0x3d,0x54,498
0x3d,0x55,576
0x3d,0x56,570
0x3d,0x57,504
0x3d,0x58,488
0x3d,0x59,508
0x3d,0x5a,546
0x3d,0x5b,538
0x3d,0x5c,486
0x3d,0x5d,568
0x3d,0x5e,492
0x3d,0x5f,512
0x3d,0x60,516
0x3d,0x61,516
0x3d,0x62,528
0x3d,0x63,506
0x3d,0x64,474
0x3d,0x65,530
0x3d,0x66,570
0x3d,0x67,504
0x3d,0x68,532
0x3d,0x69,496
0x3d,0x6a,494
0x3d,0x6b,490
0x3d,0x6c,498
0x3d,0x6d,506
0x3d,0x6e,506
0x3d,0x6f,508
0x3d,0x70,538
0x3d,0x71,534
0x3d,0x72,524
0x3d,0x73,504
0x3d,0x74,494
0x3d,0x75,546
0x3d,0x76,494
0x3d,0x77,542
0x3d,0x78,488
0x3d,0x79,518
0x3d,0x7a,476
0x3d,0x7b,492
0x3d,0x7c,520
0x3d,0x7d,500
0x3d,0x7e,508
0x3d,0x7f,504
0x3d,0x80,594
0x3d,0x81,536
0x3d,0x82,466
0x3d,0x83,502
0x3d,0x84,482
0x3d,0x85,490
0x3d,0x86,520
0x3d,0x87,496
0x3d,0x88,524
0x3d,0x89,500
0x3d,0x8a,564
0x3d,0x8b,510
0x3d,0x8c,484
0x3d,0x8d,514
0x3d,0x8e,536
0x3d,0x8f,492
0x3d,0x90,514
0x3d,0x91,476
0x3d,0x92,522
0x3d,0x93,482
0x3d,0x94,482
0x3d,0x95,512
0x3d,0x96,508
0x3d,0x97,504
0x3d,0x98,562
0x3d,0x99,486
0x3d,0x9a,498
0x3d,0x9b,496
0x3d,0x9c,488
0x3d,0x9d,548
0x3d,0x9e,468
0x3d,0x9f,508
0x3d,0xa0,492
0x3d,0xa1,524
0x3d,0xa2,512
0x3d,0xa3,498
0x3d,0xa4,538
0x3d,0xa5,510
0x3d,0xa6,500
0x3d,0xa7,534
0x3d,0xa8,498
0x3d,0xa9,554
0x3d,0xaa,486
0x3d,0xab,524
0x3d,0xac,530
0x3d,0xad,502
0x3d,0xae,554
0x3d,0xaf,502
0x3d,0xb0,500
0x3d,0xb1,480
0x3d,0xb2,494
0x3d,0xb3,516
0x3d,0xb4,508
0x3d,0xb5,504
0x3d,0xb6,532
0x3d,0xb7,538
0x3d,0xb8,516
0x3d,0xb9,498
0x3d,0xba,518
0x3d,0xbb,480
0x3d,0xbc,460
0x3d,0xbd,512
0x3d,0xbe,484
0x3d,0xbf,542
0x3d,0xc0,550
0x3d,0xc1,486
0x3d,0xc2,492
0x3d,0xc3,512
0x3d,0xc4,544
0x3d,0xc5,508
0x3d,0xc6,488
0x3d,0xc7,542
0x3d,0xc8,562
0x3d,0xc9,482
0x3d,0xca,516
0x3d,0xcb,508
0x3d,0xcc,530
0x3d,0xcd,506
0x3d,0xce,536
0x3d,0xcf,512
0x3d,0xd0,494
0x3d,0xd1,556
0x3d,0xd2,532
0x3d,0xd3,490
0x3d,0xd4,480
0x3d,0xd5,526
0x3d,0xd6,478
0x3d,0xd7,476
0x3d,0xd8,512
0x3d,0xd9,502
0x3d,0xda,522
0x3d,0xdb,490
0x3d,0xdc,542
0x3d,0xdd,544
0x3d,0xde,496
0x3d,0xdf,524
0x3d,0xe0,510
0x3d,0xe1,544
0x3d,0xe2,496
0x3d,0xe3,558
0x3d,0xe4,496
0x3d,0xe5,486
0x3d,0xe6,492
0x3d,0xe7,514
0x3d,0xe8,486
0x3d,0xe9,562
0x3d,0xea,552
0x3d,0xeb,504
0x3d,0xec,548
0x3d,0xed,544
0x3d,0xee,530
0x3d,0xef,538
0x3d,0xf0,500
0x3d,0xf1,508
0x3d,0xf2,486
0x3d,0xf3,508
0x3d,0xf4,528
0x3d,0xf5,512
0x3d,0xf6,476
0x3d,0xf7,528
0x3d,0xf8,516
0x3d,0xf9,512
0x3d,0xfa,508
0x3d,0xfb,504
0x3d,0xfc,558
0x3d,0xfd,510
0x3d,0xfe,544
0x3d,0xff,506
0x3e,0x00,256
0x3e,0x01,934
0x3e,0x02,476
0x3e,0x03,522
0x3e,0x04,476
0x3e,0x05,520
0x3e,0x06,520
0x3e,0x07,516
0x3e,0x08,468
0x3e,0x09,550
0x3e,0x0a,530
0x3e,0x0b,600
0x3e,0x0c,550
0x3e,0x0d,552
0x3e,0x0e,490
0x3e,0x0f,504
0x3e,0x10,496
0x3e,0x11,516
0x3e,0x12,504
0x3e,0x13,490
0x3e,0x14,472
0x3e,0x15,566
0x3e,0x16,510
0x3e,0x17,540
0x3e,0x18,500
0x3e,0x19,516
0x3e,0x1a,512
0x3e,0x1b,548
0x3e,0x1c,486
0x3e,0x1d,502
0x3e,0x1e,518
0x3e,0x1f,520
0x3e,0x20,548
0x3e,0x21,490
0x3e,0x22,494
0x3e,0x23,502
0x3e,0x24,436
0x3e,0x25,572
0x3e,0x26,414
0x3e,0x27,576
0x3e,0x28,526
0x3e,0x29,510
0x3e,0x2a,512
0x3e,0x2b,514
0x3e,0x2c,530
0x3e,0x2d,504
0x3e,0x2e,584
0x3e,0x2f,494
0x3e,0x30,504
0x3e,0x31,490
0x3e,0x32,538
0x3e,0x33,524
0x3e,0x34,494
0x3e,0x35,530
0x3e,0x36,480
0x3e,0x37,506
0x3e,0x38,534
0x3e,0x39,538
0x3e,0x3a,530
0x3e,0x3b,514
0x3e,0x3c,474
0x3e,0x3d,544
0x3e,0x3e,534
0x3e,0x3f,500
0x3e,0x40,498
0x3e,0x41,510
0x3e,0x42,554
0x3e,0x43,522
0x3e,0x44,520
0x3e,0x45,572
0x3e,0x46,510
0x3e,0x47,482
0x3e,0x48,528
0x3e,0x49,490
0x3e,0x4a,530
0x3e,0x4b,510
0x3e,0x4c,516
0x3e,0x4d,490
0x3e,0x4e,508
0x3e,0x4f,554
0x3e,0x50,472
0x3e,0x51,550
0x3e,0x52,538
0x3e,0x53,548
0x3e,0x54,484
0x3e,0x55,484
0x3e,0x56,492
0x3e,0x57,496
0x3e,0x58,516
0x3e,0x59,518
0x3e,0x5a,512
0x3e,0x5b,490
0x3e,0x5c,534
0x3e,0x5d,502
0x3e,0x5e,488
0x3e,0x5f,516
0x3e,0x60,520
0x3e,0x61,516
0x3e,0x62,512
0x3e,0x63,506
0x3e,0x64,504
0x3e,0x65,572
0x3e,0x66,470
0x3e,0x67,526
0x3e,0x68,496
0x3e,0x69,508
0x3e,0x6a,502
0x3e,0x6b,506
0x3e,0x6c,532
0x3e,0x6d,510
0x3e,0x6e,532
0x3e,0x6f,504
0x3e,0x70,508
0x3e,0x71,510
0x3e,0x72,504
0x3e,0x73,524
0x3e,0x74,530
0x3e,0x75,524
0x3e,0x76,554
0x3e,0x77,498
0x3e,0x78,518
0x3e,0x79,540
0x3e,0x7a,514
0x3e,0x7b,534
0x3e,0x7c,536
0x3e,0x7d,474
0x3e,0x7e,526
0x3e,0x7f,576
0x3e,0x80,508
0x3e,0x81,492
0x3e,0x82,540
0x3e,0x83,546
0x3e,0x84,520
0x3e,0x85,556
0x3e,0x86,528
0x3e,0x87,510
0x3e,0x88,482
0x3e,0x89,490
0x3e,0x8a,470
0x3e,0x8b,504
0x3e,0x8c,476
0x3e,0x8d,492
0x3e,0x8e,520
0x3e,0x8f,488
0x3e,0x90,456
0x3e,0x91,518
0x3e,0x92,486
0x3e,0x93,682
0x3e,0x94,508
0x3e,0x95,522
0x3e,0x96,524
0x3e,0x97,570
0x3e,0x98,528
0x3e,0x99,544
0x3e,0x9a,508
0x3e,0x9b,492
0x3e,0x9c,478
0x3e,0x9d,512
0x3e,0x9e,500
0x3e,0x9f,494
0x3e,0xa0,494
0x3e,0xa1,546
0x3e,0xa2,518
0x3e,0xa3,550
0x3e,0xa4,502
0x3e,0xa5,558
0x3e,0xa6,512
0x3e,0xa7,540
0x3e,0xa8,504
0x3e,0xa9,490
0x3e,0xaa,508
0x3e,0xab,496
0x3e,0xac,482
0x3e,0xad,504
0x3e,0xae,532
0x3e,0xaf,516
0x3e,0xb0,506
0x3e,0xb1,502
0x3e,0xb2,524
0x3e,0xb3,506
0x3e,0xb4,514
0x3e,0xb5,564
0x3e,0xb6,480
0x3e,0xb7,490
0x3e,0xb8,492
0x3e,0xb9,496
0x3e,0xba,486
0x3e,0xbb,534
0x3e,0xbc,502
0x3e,0xbd,494
0x3e,0xbe,502
0x3e,0xbf,524
0x3e,0xc0,546
0x3e,0xc1,528
0x3e,0xc2,544
0x3e,0xc3,526
0x3e,0xc4,504
0x3e,0xc5,496
0x3e,0xc6,520
0x3e,0xc7,470
0x3e,0xc8,474
0x3e,0xc9,512
0x3e,0xca,504
0x3e,0xcb,492
0x3e,0xcc,530
0x3e,0xcd,474
0x3e,0xce,496
0x3e,0xcf,468
0x3e,0xd0,480
0x3e,0xd1,522
0x3e,0xd2,514
0x3e,0xd3,502
0x3e,0xd4,510
0x3e,0xd5,520
0x3e,0xd6,534
0x3e,0xd7,516
0x3e,0xd8,494
0x3e,0xd9,500
0x3e,0xda,538
0x3e,0xdb,468
0x3e,0xdc,500
0x3e,0xdd,472
0x3e,0xde,526
0x3e,0xdf,484
0x3e,0xe0,506
0x3e,0xe1,522
0x3e,0xe2,520
0x3e,0xe3,500
0x3e,0xe4,526
0x3e,0xe5,550
0x3e,0xe6,576
0x3e,0xe7,490
0x3e,0xe8,522
0x3e,0xe9,514
0x3e,0xea,472
0x3e,0xeb,486
0x3e,0xec,514
0x3e,0xed,550
0x3e,0xee,534
0x3e,0xef,528
0x3e,0xf0,506
0x3e,0xf1,496
0x3e,0xf2,492
0x3e,0xf3,560
0x3e,0xf4,516
0x3e,0xf5,506
0x3e,0xf6,474
0x3e,0xf7,480
0x3e,0xf8,504
0x3e,0xf9,486
0x3e,0xfa,528
0x3e,0xfb,502
0x3e,0xfc,504
0x3e,0xfd,486
0x3e,0xfe,502
0x3e,0xff,472
0x3f,0x00,256
0x3f,0x01,494
0x3f,0x02,488
0x3f,0x03,534
0x3f,0x04,490
0x3f,0x05,466
0x3f,0x06,498
0x3f,0x07,494
0x3f,0x08,472
0x3f,0x09,508
0x3f,0x0a,526
0x3f,0x0b,648
0x3f,0x0c,528
0x3f,0x0d,552
0x3f,0x0e,500
0x3f,0x0f,486
0x3f,0x10,492
0x3f,0x11,498
0x3f,0x12,522
0x3f,0x13,536
0x3f,0x14,476
0x3f,0x15,566
0x3f,0x16,488
0x3f,0x17,528
0x3f,0x18,512
0x3f,0x19,522
0x3f,0x1a,538
0x3f,0x1b,502
0x3f,0x1c,510
0x3f,0x1d,510
0x3f,0x1e,526
0x3f,0x1f,476
0x3f,0x20,490
0x3f,0x21,496
0x3f,0x22,528
0x3f,0x23,464
0x3f,0x24,434
0x3f,0x25,518
0x3f,0x26,446
0x3f,0x27,526
0x3f,0x28,518
0x3f,0x29,476
0x3f,0x2a,474
0x3f,0x2b,530
0x3f,0x2c,538
0x3f,0x2d,526
0x3f,0x2e,508
0x3f,0x2f,446
0x3f,0x30,452
0x3f,0x31,502
0x3f,0x32,478
0x3f,0x33,518
0x3f,0x34,472
0x3f,0x35,534
0x3f,0x36,470
0x3f,0x37,528
0x3f,0x38,494
0x3f,0x39,506
0x3f,0x3a,604
0x3f,0x3b,492
0x3f,0x3c,468
0x3f,0x3d,552
0x3f,0x3e,508
0x3f,0x3f,504
0x3f,0x40,466
0x3f,0x41,518
0x3f,0x42,496
0x3f,0x43,498
0x3f,0x44,530
0x3f,0x45,530
0x3f,0x46,510
0x3f,0x47,544
0x3f,0x48,536
0x3f,0x49,502
0x3f,0x4a,516
0x3f,0x4b,516
0x3f,0x4c,526
0x3f,0x4d,462
0x3f,0x4e,518
0x3f,0x4f,518
0x3f,0x50,522
0x3f,0x51,530
0x3f,0x52,486
0x3f,0x53,534
0x3f,0x54,466
0x3f,0x55,498
0x3f,0x56,506
0x3f,0x57,502
0x3f,0x58,470
0x3f,0x59,486
0x3f,0x5a,530
0x3f,0x5b,472
0x3f,0x5c,500
0x3f,0x5d,480
0x3f,0x5e,520
0x3f,0x5f,516
0x3f,0x60,532
0x3f,0x61,518
0x3f,0x62,488
0x3f,0x63,516
0x3f,0x64,496
0x3f,0x65,484
0x3f,0x66,518
0x3f,0x67,490
0x3f,0x68,542
0x3f,0x69,492
0x3f,0x6a,518
0x3f,0x6b,568
0x3f,0x6c,496
0x3f,0x6d,474
0x3f,0x6e,554
0x3f,0x6f,476
0x3f,0x70,520
0x3f,0x71,496
0x3f,0x72,520
0x3f,0x73,504
0x3f,0x74,572
0x3f,0x75,526
0x3f,0x76,468
0x3f,0x77,516
0x3f,0x78,502
0x3f,0x79,538
0x3f,0x7a,480
0x3f,0x7b,530
0x3f,0x7c,502
0x3f,0x7d,488
0x3f,0x7e,480
0x3f,0x7f,498
0x3f,0x80,518
0x3f,0x81,558
0x3f,0x82,530
0x3f,0x83,484
0x3f,0x84,506
0x3f,0x85,524
0x3f,0x86,484
0x3f,0x87,518
0x3f,0x88,474
0x3f,0x89,508
0x3f,0x8a,492
0x3f,0x8b,516
0x3f,0x8c,460
0x3f,0x8d,562
0x3f,0x8e,502
0x3f,0x8f,512
0x3f,0x90,498
0x3f,0x91,492
0x3f,0x92,522
0x3f,0x93,582
0x3f,0x94,516
0x3f,0x95,576
0x3f,0x96,486
0x3f,0x97,504
0x3f,0x98,788
0x3f,0x99,532
0x3f,0x9a,520
0x3f,0x9b,520
0x3f,0x9c,488
0x3f,0x9d,492
0x3f,0x9e,478
0x3f,0x9f,562
0x3f,0xa0,558
0x3f,0xa1,458
0x3f,0xa2,514
0x3f,0xa3,522
0x3f,0xa4,528
0x3f,0xa5,490
0x3f,0xa6,518
0x3f,0xa7,546
0x3f,0xa8,466
0x3f,0xa9,456
0x3f,0xaa,524
0x3f,0xab,492
0x3f,0xac,548
0x3f,0xad,524
0x3f,0xae,578
0x3f,0xaf,488
0x3f,0xb0,514
0x3f,0xb1,466
0x3f,0xb2,536
0x3f,0xb3,504
0x3f,0xb4,460
0x3f,0xb5,522
0x3f,0xb6,530
0x3f,0xb7,494
0x3f,0xb8,484
0x3f,0xb9,530
0x3f,0xba,502
0x3f,0xbb,442
0x3f,0xbc,480
0x3f,0xbd,542
0x3f,0xbe,532
0x3f,0xbf,488
0x3f,0xc0,476
0x3f,0xc1,512
0x3f,0xc2,550
0x3f,0xc3,516
0x3f,0xc4,572
0x3f,0xc5,508
0x3f,0xc6,526
0x3f,0xc7,526
0x3f,0xc8,552
0x3f,0xc9,550
0x3f,0xca,492
0x3f,0xcb,500
0x3f,0xcc,512
0x3f,0xcd,508
0x3f,0xce,500
0x3f,0xcf,536
0x3f,0xd0,516
0x3f,0xd1,534
0x3f,0xd2,520
0x3f,0xd3,512
0x3f,0xd4,520
0x3f,0xd5,478
0x3f,0xd6,810
0x3f,0xd7,498
0x3f,0xd8,474
0x3f,0xd9,538
0x3f,0xda,540
0x3f,0xdb,534
0x3f,0xdc,612
0x3f,0xdd,776
0x3f,0xde,502
0x3f,0xdf,504
0x3f,0xe0,582
0x3f,0xe1,514
0x3f,0xe2,530
0x3f,0xe3,468
0x3f,0xe4,526
0x3f,0xe5,488
0x3f,0xe6,496
0x3f,0xe7,510
0x3f,0xe8,532
0x3f,0xe9,518
0x3f,0xea,514
0x3f,0xeb,518
0x3f,0xec,496
0x3f,0xed,460
0x3f,0xee,514
0x3f,0xef,520
0x3f,0xf0,504
0x3f,0xf1,508
0x3f,0xf2,498
0x3f,0xf3,536
0x3f,0xf4,524
0x3f,0xf5,524
0x3f,0xf6,510
0x3f,0xf7,510
0x3f,0xf8,476
0x3f,0xf9,510
0x3f,0xfa,516
0x3f,0xfb,490
0x3f,0xfc,510
0x3f,0xfd,518
0x3f,0xfe,502
0x3f,0xff,494
0x40,0x00,256
0x40,0x01,506
0x40,0x02,502
0x40,0x03,494
0x40,0x04,484
0x40,0x05,496
0x40,0x06,486
0x40,0x07,548
0x40,0x08,528
0x40,0x09,510
0x40,0x0a,478
0x40,0x0b,506
0x40,0x0c,530
0x40,0x0d,514
0x40,0x0e,516
0x40,0x0f,570
0x40,0x10,518
0x40,0x11,544
0x40,0x12,530
0x40,0x13,462
0x40,0x14,488
0x40,0x15,530
0x40,0x16,532
0x40,0x17,512
0x40,0x18,484
0x40,0x19,498
0x40,0x1a,526
0x40,0x1b,494
0x40,0x1c,474
0x40,0x1d,492
0x40,0x1e,504
0x40,0x1f,498
0x40,0x20,488
0x40,0x21,534
0x40,0x22,480
0x40,0x23,458
0x40,0x24,432
0x40,0x25,522
0x40,0x26,494
0x40,0x27,448
0x40,0x28,512
0x40,0x29,502
0x40,0x2a,476
0x40,0x2b,510
0x40,0x2c,488
0x40,0x2d,528
0x40,0x2e,492
0x40,0x2f,532
0x40,0x30,576
0x40,0x31,478
0x40,0x32,536
0x40,0x33,520
0x40,0x34,544
0x40,0x35,514
0x40,0x36,478
0x40,0x37,518
0x40,0x38,526
0x40,0x39,496
0x40,0x3a,478
0x40,0x3b,478
0x40,0x3c,508
0x40,0x3d,528
0x40,0x3e,530
0x40,0x3f,508
0x40,0x40,474
0x40,0x41,500
0x40,0x42,508
0x40,0x43,520
0x40,0x44,542
0x40,0x45,472
0x40,0x46,470
0x40,0x47,518
0x40,0x48,470
0x40,0x49,514
0x40,0x4a,496
0x40,0x4b,494
0x40,0x4c,496
0x40,0x4d,540
0x40,0x4e,482
0x40,0x4f,520
0x40,0x50,450
0x40,0x51,498
0x40,0x52,556
0x40,0x53,538
0x40,0x54,508
0x40,0x55,482
0x40,0x56,486
0x40,0x57,516
0x40,0x58,488
0x40,0x59,492
0x40,0x5a,486
0x40,0x5b,498
0x40,0x5c,484
0x40,0x5d,456
0x40,0x5e,522
0x40,0x5f,474
0x40,0x60,524
0x40,0x61,512
0x40,0x62,522
0x40,0x63,502
0x40,0x64,526
0x40,0x65,506
0x40,0x66,456
0x40,0x67,476
0x40,0x68,452
0x40,0x69,494
0x40,0x6a,456
0x40,0x6b,508
0x40,0x6c,502
0x40,0x6d,554
0x40,0x6e,512
0x40,0x6f,506
0x40,0x70,498
0x40,0x71,484
0x40,0x72,524
0x40,0x73,500
0x40,0x74,510
0x40,0x75,454
0x40,0x76,510
0x40,0x77,502
0x40,0x78,522
0x40,0x79,486
0x40,0x7a,496
0x40,0x7b,506
0x40,0x7c,478
0x40,0x7d,512
0x40,0x7e,482
0x40,0x7f,496
0x40,0x80,488
0x40,0x81,510
0x40,0x82,510
0x40,0x83,496
0x40,0x84,554
0x40,0x85,476
0x40,0x86,528
0x40,0x87,494
0x40,0x88,486
0x40,0x89,508
0x40,0x8a,514
0x40,0x8b,476
0x40,0x8c,506
0x40,0x8d,504
0x40,0x8e,480
0x40,0x8f,526
0x40,0x90,494
0x40,0x91,562
0x40,0x92,582
0x40,0x93,456
0x40,0x94,484
0x40,0x95,522
0x40,0x96,504
0x40,0x97,480
0x40,0x98,500
0x40,0x99,506
0x40,0x9a,480
0x40,0x9b,538
0x40,0x9c,522
0x40,0x9d,522
0x40,0x9e,516
0x40,0x9f,486
0x40,0xa0,534
0x40,0xa1,508
0x40,0xa2,494
0x40,0xa3,484
0x40,0xa4,550
0x40,0xa5,544
0x40,0xa6,510
0x40,0xa7,490
0x40,0xa8,488
0x40,0xa9,484
0x40,0xaa,510
0x40,0xab,528
0x40,0xac,542
0x40,0xad,498
0x40,0xae,478
0x40,0xaf,538
0x40,0xb0,506
0x40,0xb1,456
0x40,0xb2,486
0x40,0xb3,480
0x40,0xb4,488
0x40,0xb5,528
0x40,0xb6,496
0x40,0xb7,514
0x40,0xb8,490
0x40,0xb9,550
0x40,0xba,482
0x40,0xbb,554
0x40,0xbc,492
0x40,0xbd,488
0x40,0xbe,520
0x40,0xbf,528
0x40,0xc0,504
0x40,0xc1,518
0x40,0xc2,506
0x40,0xc3,558
0x40,0xc4,472
0x40,0xc5,520
0x40,0xc6,512
0x40,0xc7,508
0x40,0xc8,480
0x40,0xc9,488
0x40,0xca,496
0x40,0xcb,498
0x40,0xcc,538
0x40,0xcd,524
0x40,0xce,496
0x40,0xcf,472
0x40,0xd0,488
0x40,0xd1,488
0x40,0xd2,468
0x40,0xd3,532
0x40,0xd4,510
0x40,0xd5,508
0x40,0xd6,504
0x40,0xd7,488
0x40,0xd8,532
0x40,0xd9,498
0x40,0xda,536
0x40,0xdb,496
0x40,0xdc,542
0x40,0xdd,510
0x40,0xde,532
0x40,0xdf,528
0x40,0xe0,538
0x40,0xe1,530
0x40,0xe2,510
0x40,0xe3,540
0x40,0xe4,510
0x40,0xe5,504
0x40,0xe6,470
0x40,0xe7,578
0x40,0xe8,580
0x40,0xe9,524
0x40,0xea,484
0x40,0xeb,536
0x40,0xec,506
0x40,0xed,504
0x40,0xee,516
0x40,0xef,520
0x40,0xf0,512
0x40,0xf1,562
0x40,0xf2,530
0x40,0xf3,546
0x40,0xf4,526
0x40,0xf5,540
0x40,0xf6,468
0x40,0xf7,518
0x40,0xf8,486
0x40,0xf9,498
0x40,0xfa,496
0x40,0xfb,560
0x40,0xfc,482
0x40,0xfd,468
0x40,0xfe,510
0x40,0xff,530
0x41,0x00,256
0x41,0x01,530
0x41,0x02,560
0x41,0x03,500
0x41,0x04,516
0x41,0x05,530
0x41,0x06,494
0x41,0x07,522
0x41,0x08,480
0x41,0x09,510
0x41,0x0a,510
0x41,0x0b,462
0x41,0x0c,528
0x41,0x0d,522
0x41,0x0e,520
0x41,0x0f,534
0x41,0x10,460
0x41,0x11,554
0x41,0x12,456
0x41,0x13,484
0x41,0x14,550
0x41,0x15,510
0x41,0x16,510
0x41,0x17,506
0x41,0x18,482
0x41,0x19,492
0x41,0x1a,502
0x41,0x1b,486
0x41,0x1c,522
0x41,0x1d,542
0x41,0x1e,496
0x41,0x1f,478
0x41,0x20,486
0x41,0x21,510
0x41,0x22,500
0x41,0x23,532
0x41,0x24,576
0x41,0x25,474
0x41,0x26,640
0x41,0x27,492
0x41,0x28,600
0x41,0x29,528
0x41,0x2a,546
0x41,0x2b,510
0x41,0x2c,516
0x41,0x2d,564
0x41,0x2e,564
0x41,0x2f,532
0x41,0x30,452
0x41,0x31,520
0x41,0x32,504
0x41,0x33,468
0x41,0x34,488
0x41,0x35,492
0x41,0x36,506
0x41,0x37,474
0x41,0x38,492
0x41,0x39,534
0x41,0x3a,524
0x41,0x3b,532
0x41,0x3c,544
0x41,0x3d,500
0x41,0x3e,478
0x41,0x3f,536
0x41,0x40,528
0x41,0x41,500
0x41,0x42,494
0x41,0x43,528
0x41,0x44,510
0x41,0x45,508
0x41,0x46,494
0x41,0x47,522
0x41,0x48,518
0x41,0x49,502
0x41,0x4a,496
0x41,0x4b,522
0x41,0x4c,536
0x41,0x4d,512
0x41,0x4e,522
0x41,0x4f,506
0x41,0x50,544
0x41,0x51,528
0x41,0x52,510
0x41,0x53,532
0x41,0x54,496
0x41,0x55,470
0x41,0x56,514
0x41,0x57,492
0x41,0x58,498
0x41,0x59,546
0x41,0x5a,512
0x41,0x5b,526
0x41,0x5c,512
0x41,0x5d,482
0x41,0x5e,546
0x41,0x5f,494
0x41,0x60,494
0x41,0x61,518
0x41,0x62,532
0x41,0x63,468
0x41,0x64,498
0x41,0x65,536
0x41,0x66,512
0x41,0x67,536
0x41,0x68,506
0x41,0x69,496
0x41,0x6a,476
0x41,0x6b,522
0x41,0x6c,576
0x41,0x6d,568
0x41,0x6e,466
0x41,0x6f,514
0x41,0x70,504
0x41,0x71,500
0x41,0x72,504
0x41,0x73,516
0x41,0x74,540
0x41,0x75,528
0x41,0x76,504
0x41,0x77,512
0x41,0x78,522
0x41,0x79,538
0x41,0x7a,496
0x41,0x7b,474
0x41,0x7c,522
0x41,0x7d,610
0x41,0x7e,532
0x41,0x7f,582
0x41,0x80,490
0x41,0x81,464
0x41,0x82,494
0x41,0x83,546
0x41,0x84,530
0x41,0x85,490
0x41,0x86,524
0x41,0x87,586
0x41,0x88,520
0x41,0x89,472
0x41,0x8a,466
0x41,0x8b,462
0x41,0x8c,538
0x41,0x8d,550
0x41,0x8e,518
0x41,0x8f,518
0x41,0x90,488
0x41,0x91,506
0x41,0x92,522
0x41,0x93,482
0x41,0x94,526
0x41,0x95,470
0x41,0x96,522
0x41,0x97,516
0x41,0x98,522
0x41,0x99,496
0x41,0x9a,534
0x41,0x9b,516
0x41,0x9c,534
0x41,0x9d,506
0x41,0x9e,468
0x41,0x9f,532
0x41,0xa0,476
0x41,0xa1,496
0x41,0xa2,468
0x41,0xa3,504
0x41,0xa4,500
0x41,0xa5,484
0x41,0xa6,472
0x41,0xa7,466
0x41,0xa8,520
0x41,0xa9,596
0x41,0xaa,532
0x41,0xab,520
0x41,0xac,486
0x41,0xad,494
0x41,0xae,514
0x41,0xaf,466
0x41,0xb0,554
0x41,0xb1,488
0x41,0xb2,472
0x41,0xb3,520
0x41,0xb4,480
0x41,0xb5,554
0x41,0xb6,556
0x41,0xb7,476
0x41,0xb8,536
0x41,0xb9,524
0x41,0xba,520
0x41,0xbb,532
0x41,0xbc,570
0x41,0xbd,536
0x41,0xbe,486
0x41,0xbf,508
0x41,0xc0,492
0x41,0xc1,566
0x41,0xc2,510
0x41,0xc3,530
0x41,0xc4,506
0x41,0xc5,510
0x41,0xc6,500
0x41,0xc7,508
0x41,0xc8,480
0x41,0xc9,508
0x41,0xca,518
0x41,0xcb,548
0x41,0xcc,502
0x41,0xcd,534
0x41,0xce,546
0x41,0xcf,512
0x41,0xd0,492
0x41,0xd1,512
0x41,0xd2,480
0x41,0xd3,516
0x41,0xd4,512
0x41,0xd5,512
0x41,0xd6,448
0x41,0xd7,526
0x41,0xd8,568
0x41,0xd9,504
0x41,0xda,482
0x41,0xdb,518
0x41,0xdc,472
0x41,0xdd,464
0x41,0xde,480
0x41,0xdf,552
0x41,0xe0,512
0x41,0xe1,536
0x41,0xe2,480
0x41,0xe3,470
0x41,0xe4,472
0x41,0xe5,498
0x41,0xe6,492
0x41,0xe7,606
0x41,0xe8,480
0x41,0xe9,472
0x41,0xea,500
0x41,0xeb,484
0x41,0xec,492
0x41,0xed,502
0x41,0xee,538
0x41,0xef,510
0x41,0xf0,506
0x41,0xf1,498
0x41,0xf2,524
0x41,0xf3,504
0x41,0xf4,538
0x41,0xf5,530
0x41,0xf6,554
0x41,0xf7,548
0x41,0xf8,520
0x41,0xf9,496
0x41,0xfa,490
0x41,0xfb,470
0x41,0xfc,532
0x41,0xfd,514
0x41,0xfe,566
0x41,0xff,548
0x42,0x00,256
0x42,0x01,518
0x42,0x02,466
0x42,0x03,518
0x42,0x04,498
0x42,0x05,522
0x42,0x06,498
0x42,0x07,524
0x42,0x08,520
0x42,0x09,524
0x42,0x0a,490
0x42,0x0b,536
0x42,0x0c,532
0x42,0x0d,522
0x42,0x0e,528
0x42,0x0f,514
0x42,0x10,492
0x42,0x11,488
0x42,0x12,414
0x42,0x13,538
0x42,0x14,566
0x42,0x15,490
0x42,0x16,522
0x42,0x17,496
0x42,0x18,496
0x42,0x19,472
0x42,0x1a,484
0x42,0x1b,506
0x42,0x1c,522
0x42,0x1d,508
0x42,0x1e,488
0x42,0x1f,522
0x42,0x20,496
0x42,0x21,544
0x42,0x22,472
0x42,0x23,486
0x42,0x24,376
0x42,0x25,480
0x42,0x26,472
0x42,0x27,506
0x42,0x28,458
0x42,0x29,488
0x42,0x2a,520
0x42,0x2b,472
0x42,0x2c,484
0x42,0x2d,556
0x42,0x2e,512
0x42,0x2f,506
0x42,0x30,368
0x42,0x31,480
0x42,0x32,558
0x42,0x33,548
0x42,0x34,490
0x42,0x35,492
0x42,0x36,464
0x42,0x37,516
0x42,0x38,482
0x42,0x39,518
0x42,0x3a,568
0x42,0x3b,522
0x42,0x3c,554
0x42,0x3d,506
0x42,0x3e,486
0x42,0x3f,554
0x42,0x40,510
0x42,0x41,522
0x42,0x42,458
0x42,0x43,514
0x42,0x44,520
0x42,0x45,526
0x42,0x46,488
0x42,0x47,498
0x42,0x48,518
0x42,0x49,492
0x42,0x4a,524
0x42,0x4b,488
0x42,0x4c,530
0x42,0x4d,498
0x42,0x4e,486
0x42,0x4f,504
0x42,0x50,494
0x42,0x51,500
0x42,0x52,520
0x42,0x53,538
0x42,0x54,508
0x42,0x55,510
0x42,0x56,508
0x42,0x57,526
0x42,0x58,512
0x42,0x59,502
0x42,0x5a,520
0x42,0x5b,500
0x42,0x5c,536
0x42,0x5d,486
0x42,0x5e,510
0x42,0x5f,498
0x42,0x60,524
0x42,0x61,450
0x42,0x62,516
0x42,0x63,500
0x42,0x64,520
0x42,0x65,554
0x42,0x66,510
0x42,0x67,530
0x42,0x68,514
0x42,0x69,510
0x42,0x6a,500
0x42,0x6b,564
0x42,0x6c,524
0x42,0x6d,516
0x42,0x6e,466
0x42,0x6f,532
0x42,0x70,486
0x42,0x71,496
0x42,0x72,530
0x42,0x73,524
0x42,0x74,514
0x42,0x75,518
0x42,0x76,510
0x42,0x77,512
0x42,0x78,474
0x42,0x79,530
0x42,0x7a,504
0x42,0x7b,506
0x42,0x7c,522
0x42,0x7d,496
0x42,0x7e,510
0x42,0x7f,530
0x42,0x80,522
0x42,0x81,546
0x42,0x82,508
0x42,0x83,476
0x42,0x84,484
0x42,0x85,516
0x42,0x86,484
0x42,0x87,510
0x42,0x88,504
0x42,0x89,484
0x42,0x8a,504
0x42,0x8b,484
0x42,0x8c,502
0x42,0x8d,506
0x42,0x8e,552
0x42,0x8f,514
0x42,0x90,472
0x42,0x91,504
0x42,0x92,554
0x42,0x93,532
0x42,0x94,488
0x42,0x95,490
0x42,0x96,506
0x42,0x97,528
0x42,0x98,464
0x42,0x99,488
0x42,0x9a,466
0x42,0x9b,498
0x42,0x9c,542
0x42,0x9d,506
0x42,0x9e,492
0x42,0x9f,526
0x42,0xa0,486
0x42,0xa1,532
0x42,0xa2,444
0x42,0xa3,576
0x42,0xa4,522
0x42,0xa5,518
0x42,0xa6,544
0x42,0xa7,522
0x42,0xa8,528
0x42,0xa9,526
0x42,0xaa,492
0x42,0xab,490
0x42,0xac,526
0x42,0xad,516
0x42,0xae,516
0x42,0xaf,486
0x42,0xb0,542
0x42,0xb1,530
0x42,0xb2,480
0x42,0xb3,504
0x42,0xb4,552
0x42,0xb5,472
0x42,0xb6,512
0x42,0xb7,508
0x42,0xb8,530
0x42,0xb9,538
0x42,0xba,462
0x42,0xbb,570
0x42,0xbc,472
0x42,0xbd,520
0x42,0xbe,526
0x42,0xbf,498
0x42,0xc0,548
0x42,0xc1,478
0x42,0xc2,508
0x42,0xc3,562
0x42,0xc4,484
0x42,0xc5,518
0x42,0xc6,496
0x42,0xc7,510
0x42,0xc8,498
0x42,0xc9,502
0x42,0xca,538
0x42,0xcb,496
0x42,0xcc,430
0x42,0xcd,540
0x42,0xce,492
0x42,0xcf,574
0x42,0xd0,530
0x42,0xd1,538
0x42,0xd2,510
0x42,0xd3,538
0x42,0xd4,482
0x42,0xd5,508
0x42,0xd6,494
0x42,0xd7,492
0x42,0xd8,492
0x42,0xd9,502
0x42,0xda,510
0x42,0xdb,494
0x42,0xdc,490
0x42,0xdd,478
0x42,0xde,474
0x42,0xdf,504
0x42,0xe0,512
0x42,0xe1,510
0x42,0xe2,546
0x42,0xe3,496
0x42,0xe4,478
0x42,0xe5,502
0x42,0xe6,580
0x42,0xe7,494
0x42,0xe8,478
0x42,0xe9,492
0x42,0xea,524
0x42,0xeb,524
0x42,0xec,530
0x42,0xed,564
0x42,0xee,494
0x42,0xef,508
0x42,0xf0,500
0x42,0xf1,492
0x42,0xf2,500
0x42,0xf3,538
0x42,0xf4,500
0x42,0xf5,510
0x42,0xf6,552
0x42,0xf7,520
0x42,0xf8,530
0x42,0xf9,542
0x42,0xfa,526
0x42,0xfb,520
0x42,0xfc,544
0x42,0xfd,490
0x42,0xfe,480
0x42,0xff,542
0x43,0x00,256
0x43,0x01,474
0x43,0x02,516
0x43,0x03,538
0x43,0x04,506
0x43,0x05,526
0x43,0x06,482
0x43,0x07,510
0x43,0x08,560
0x43,0x09,470
0x43,0x0a,510
0x43,0x0b,568
0x43,0x0c,512
0x43,0x0d,518
0x43,0x0e,510
0x43,0x0f,470
0x43,0x10,448
0x43,0x11,518
0x43,0x12,446
0x43,0x13,488
0x43,0x14,526
0x43,0x15,532
0x43,0x16,498
0x43,0x17,496
0x43,0x18,488
0x43,0x19,484
0x43,0x1a,516
0x43,0x1b,484
0x43,0x1c,504
0x43,0x1d,524
0x43,0x1e,516
0x43,0x1f,542
0x43,0x20,540
0x43,0x21,530
0x43,0x22,514
0x43,0x23,500
0x43,0x24,496
0x43,0x25,560
0x43,0x26,552
0x43,0x27,496
0x43,0x28,530
0x43,0x29,518
0x43,0x2a,468
0x43,0x2b,502
0x43,0x2c,512
0x43,0x2d,520
0x43,0x2e,534
0x43,0x2f,540
0x43,0x30,432
0x43,0x31,544
0x43,0x32,490
0x43,0x33,546
0x43,0x34,494
0x43,0x35,510
0x43,0x36,470
0x43,0x37,506
0x43,0x38,528
0x43,0x39,506
0x43,0x3a,482
0x43,0x3b,522
0x43,0x3c,518
0x43,0x3d,532
0x43,0x3e,524
0x43,0x3f,486
0x43,0x40,542
0x43,0x41,468
0x43,0x42,550
0x43,0x43,528
0x43,0x44,498
0x43,0x45,542
0x43,0x46,500
0x43,0x47,504
0x43,0x48,510
0x43,0x49,522
0x43,0x4a,472
0x43,0x4b,530
0x43,0x4c,496
0x43,0x4d,536
0x43,0x4e,560
0x43,0x4f,498
0x43,0x50,490
0x43,0x51,518
0x43,0x52,514
0x43,0x53,508
0x43,0x54,458
0x43,0x55,530
0x43,0x56,528
0x43,0x57,530
0x43,0x58,488
0x43,0x59,492
0x43,0x5a,474
0x43,0x5b,484
0x43,0x5c,488
0x43,0x5d,506
0x43,0x5e,504
0x43,0x5f,496
0x43,0x60,464
0x43,0x61,502
0x43,0x62,524
0x43,0x63,492
0x43,0x64,510
0x43,0x65,522
0x43,0x66,522
0x43,0x67,508
0x43,0x68,570
0x43,0x69,528
0x43,0x6a,488
0x43,0x6b,494
0x43,0x6c,516
0x43,0x6d,500
0x43,0x6e,512
0x43,0x6f,492
0x43,0x70,496
0x43,0x71,514
0x43,0x72,502
0x43,0x73,508
0x43,0x74,494
0x43,0x75,512
0x43,0x76,532
0x43,0x77,530
0x43,0x78,532
0x43,0x79,504
0x43,0x7a,492
0x43,0x7b,482
0x43,0x7c,522
0x43,0x7d,516
0x43,0x7e,502
0x43,0x7f,552
0x43,0x80,484
0x43,0x81,474
0x43,0x82,506
0x43,0x83,500
0x43,0x84,486
0x43,0x85,510
0x43,0x86,492
0x43,0x87,494
0x43,0x88,500
0x43,0x89,496
0x43,0x8a,500
0x43,0x8b,486
0x43,0x8c,500
0x43,0x8d,526
0x43,0x8e,468
0x43,0x8f,496
0x43,0x90,506
0x43,0x91,588
0x43,0x92,530
0x43,0x93,478
0x43,0x94,506
0x43,0x95,506
0x43,0x96,510
0x43,0x97,554
0x43,0x98,562
0x43,0x99,518
0x43,0x9a,492
0x43,0x9b,518
0x43,0x9c,494
0x43,0x9d,512
0x43,0x9e,520
0x43,0x9f,542
0x43,0xa0,502
0x43,0xa1,546
0x43,0xa2,464
0x43,0xa3,498
0x43,0xa4,534
0x43,0xa5,508
0x43,0xa6,492
0x43,0xa7,532
0x43,0xa8,484
0x43,0xa9,492
0x43,0xaa,528
0x43,0xab,496
0x43,0xac,502
0x43,0xad,500
0x43,0xae,484
0x43,0xaf,528
0x43,0xb0,536
0x43,0xb1,502
0x43,0xb2,504
0x43,0xb3,526
0x43,0xb4,510
0x43,0xb5,472
0x43,0xb6,494
0x43,0xb7,574
0x43,0xb8,488
0x43,0xb9,528
0x43,0xba,508
0x43,0xbb,460
0x43,0xbc,546
0x43,0xbd,530
0x43,0xbe,514
0x43,0xbf,508
0x43,0xc0,504
0x43,0xc1,510
0x43,0xc2,520
0x43,0xc3,464
0x43,0xc4,500
0x43,0xc5,512
0x43,0xc6,542
0x43,0xc7,490
0x43,0xc8,516
0x43,0xc9,480
0x43,0xca,468
0x43,0xcb,506
0x43,0xcc,532
0x43,0xcd,530
0x43,0xce,486
0x43,0xcf,484
0x43,0xd0,512
0x43,0xd1,514
0x43,0xd2,520
0x43,0xd3,482
0x43,0xd4,550
0x43,0xd5,496
0x43,0xd6,502
0x43,0xd7,594
0x43,0xd8,466
0x43,0xd9,524
0x43,0xda,514
0x43,0xdb,494
0x43,0xdc,510
0x43,0xdd,492
0x43,0xde,528
0x43,0xdf,516
0x43,0xe0,522
0x43,0xe1,514
0x43,0xe2,522
0x43,0xe3,486
0x43,0xe4,492
0x43,0xe5,512
0x43,0xe6,514
0x43,0xe7,508
0x43,0xe8,528
0x43,0xe9,476
0x43,0xea,502
0x43,0xeb,496
0x43,0xec,500
0x43,0xed,496
0x43,0xee,506
0x43,0xef,544
0x43,0xf0,532
0x43,0xf1,494
0x43,0xf2,488
0x43,0xf3,496
0x43,0xf4,488
0x43,0xf5,502
0x43,0xf6,498
0x43,0xf7,520
0x43,0xf8,512
0x43,0xf9,514
0x43,0xfa,530
0x43,0xfb,546
0x43,0xfc,520
0x43,0xfd,522
0x43,0xfe,530
0x43,0xff,508
0x44,0x00,256
0x44,0x01,474
0x44,0x02,480
0x44,0x03,488
0x44,0x04,478
0x44,0x05,504
0x44,0x06,502
0x44,0x07,518
0x44,0x08,508
0x44,0x09,536
0x44,0x0a,544
0x44,0x0b,526
0x44,0x0c,488
0x44,0x0d,508
0x44,0x0e,480
0x44,0x0f,474
0x44,0x10,478
0x44,0x11,484
0x44,0x12,444
0x44,0x13,514
0x44,0x14,676
0x44,0x15,522
0x44,0x16,504
0x44,0x17,490
0x44,0x18,528
0x44,0x19,506
0x44,0x1a,550
0x44,0x1b,502
0x44,0x1c,518
0x44,0x1d,512
0x44,0x1e,530
0x44,0x1f,514
0x44,0x20,492
0x44,0x21,524
0x44,0x22,462
0x44,0x23,528
0x44,0x24,398
0x44,0x25,502
0x44,0x26,396
0x44,0x27,562
0x44,0x28,488
0x44,0x29,472
0x44,0x2a,538
0x44,0x2b,512
0x44,0x2c,512
0x44,0x2d,544
0x44,0x2e,490
0x44,0x2f,508
0x44,0x30,444
0x44,0x31,504
0x44,0x32,496
0x44,0x33,516
0x44,0x34,468
0x44,0x35,472
0x44,0x36,494
0x44,0x37,518
0x44,0x38,502
0x44,0x39,506
0x44,0x3a,530
0x44,0x3b,494
0x44,0x3c,506
0x44,0x3d,530
0x44,0x3e,506
0x44,0x3f,490
0x44,0x40,486
0x44,0x41,520
0x44,0x42,538
0x44,0x43,520
0x44,0x44,576
0x44,0x45,472
0x44,0x46,476
0x44,0x47,500
0x44,0x48,528
0x44,0x49,504
0x44,0x4a,520
0x44,0x4b,490
0x44,0x4c,474
0x44,0x4d,518
0x44,0x4e,542
0x44,0x4f,574
0x44,0x50,516
0x44,0x51,506
0x44,0x52,524
0x44,0x53,494
0x44,0x54,514
0x44,0x55,524
0x44,0x56,540
0x44,0x57,514
0x44,0x58,498
0x44,0x59,480
0x44,0x5a,450
0x44,0x5b,494
0x44,0x5c,516
0x44,0x5d,492
0x44,0x5e,520
0x44,0x5f,496
0x44,0x60,454
0x44,0x61,502
0x44,0x62,492
0x44,0x63,506
0x44,0x64,518
0x44,0x65,506
0x44,0x66,496
0x44,0x67,496
0x44,0x68,518
0x44,0x69,482
0x44,0x6a,490
0x44,0x6b,482
0x44,0x6c,518
0x44,0x6d,482
0x44,0x6e,558
0x44,0x6f,534
0x44,0x70,502
0x44,0x71,490
0x44,0x72,548
0x44,0x73,522
0x44,0x74,502
0x44,0x75,518
0x44,0x76,500
0x44,0x77,502
0x44,0x78,544
0x44,0x79,528
0x44,0x7a,474
0x44,0x7b,544
0x44,0x7c,504
0x44,0x7d,486
0x44,0x7e,538
0x44,0x7f,528
0x44,0x80,508
0x44,0x81,484
0x44,0x82,490
0x44,0x83,482
0x44,0x84,528
0x44,0x85,518
0x44,0x86,466
0x44,0x87,488
0x44,0x88,564
0x44,0x89,516
0x44,0x8a,486
0x44,0x8b,564
0x44,0x8c,522
0x44,0x8d,484
0x44,0x8e,500
0x44,0x8f,522
0x44,0x90,526
0x44,0x91,490
0x44,0x92,542
0x44,0x93,528
0x44,0x94,506
0x44,0x95,488
0x44,0x96,532
0x44,0x97,494
0x44,0x98,534
0x44,0x99,544
0x44,0x9a,492
0x44,0x9b,514
0x44,0x9c,520
0x44,0x9d,572
0x44,0x9e,542
0x44,0x9f,506
0x44,0xa0,522
0x44,0xa1,512
0x44,0xa2,482
0x44,0xa3,480
0x44,0xa4,550
0x44,0xa5,540
0x44,0xa6,502
0x44,0xa7,482
0x44,0xa8,476
0x44,0xa9,454
0x44,0xaa,480
0x44,0xab,484
0x44,0xac,470
0x44,0xad,506
0x44,0xae,562
0x44,0xaf,510
0x44,0xb0,496
0x44,0xb1,514
0x44,0xb2,504
0x44,0xb3,506
0x44,0xb4,460
0x44,0xb5,492
0x44,0xb6,536
0x44,0xb7,466
0x44,0xb8,510
0x44,0xb9,506
0x44,0xba,512
0x44,0xbb,540
0x44,0xbc,534
0x44,0xbd,496
0x44,0xbe,490
0x44,0xbf,512
0x44,0xc0,516
0x44,0xc1,520
0x44,0xc2,524
0x44,0xc3,506
0x44,0xc4,508
0x44,0xc5,496
0x44,0xc6,526
0x44,0xc7,528
0x44,0xc8,580
0x44,0xc9,526
0x44,0xca,508
0x44,0xcb,498
0x44,0xcc,546
0x44,0xcd,532
0x44,0xce,514
0x44,0xcf,478
0x44,0xd0,496
0x44,0xd1,496
0x44,0xd2,514
0x44,0xd3,510
0x44,0xd4,492
0x44,0xd5,560
0x44,0xd6,590
0x44,0xd7,640
0x44,0xd8,482
0x44,0xd9,496
0x44,0xda,470
0x44,0xdb,486
0x44,0xdc,608
0x44,0xdd,516
0x44,0xde,452
0x44,0xdf,468
0x44,0xe0,494
0x44,0xe1,468
0x44,0xe2,482
0x44,0xe3,484
0x44,0xe4,522
0x44,0xe5,524
0x44,0xe6,496
0x44,0xe7,480
0x44,0xe8,520
0x44,0xe9,506
0x44,0xea,490
0x44,0xeb,520
0x44,0xec,518
0x44,0xed,516
0x44,0xee,494
0x44,0xef,528
0x44,0xf0,502
0x44,0xf1,526
0x44,0xf2,526
0x44,0xf3,476
0x44,0xf4,524
0x44,0xf5,456
0x44,0xf6,484
0x44,0xf7,502
0x44,0xf8,552
0x44,0xf9,540
0x44,0xfa,496
0x44,0xfb,526
0x44,0xfc,494
0x44,0xfd,496
0x44,0xfe,514
0x44,0xff,532
0x45,0x00,256
0x45,0x01,456
0x45,0x02,510
0x45,0x03,554
0x45,0x04,510
0x45,0x05,506
0x45,0x06,460
0x45,0x07,500
0x45,0x08,486
0x45,0x09,482
0x45,0x0a,518
0x45,0x0b,508
0x45,0x0c,480
0x45,0x0d,528
0x45,0x0e,562
0x45,0x0f,496
0x45,0x10,508
0x45,0x11,526
0x45,0x12,402
0x45,0x13,466
0x45,0x14,460
0x45,0x15,504
0x45,0x16,490
0x45,0x17,552
0x45,0x18,474
0x45,0x19,502
0x45,0x1a,506
0x45,0x1b,482
0x45,0x1c,516
0x45,0x1d,496
0x45,0x1e,498
0x45,0x1f,474
0x45,0x20,488
0x45,0x21,518
0x45,0x22,452
0x45,0x23,526
0x45,0x24,454
0x45,0x25,494
0x45,0x26,466
0x45,0x27,514
0x45,0x28,536
0x45,0x29,528
0x45,0x2a,472
0x45,0x2b,490
0x45,0x2c,502
0x45,0x2d,498
0x45,0x2e,534
0x45,0x2f,482
0x45,0x30,556
0x45,0x31,522
0x45,0x32,530
0x45,0x33,528
0x45,0x34,480
0x45,0x35,528
0x45,0x36,464
0x45,0x37,506
0x45,0x38,496
0x45,0x39,506
0x45,0x3a,500
0x45,0x3b,540
0x45,0x3c,498
0x45,0x3d,504
0x45,0x3e,474
0x45,0x3f,472
0x45,0x40,498
0x45,0x41,508
0x45,0x42,496
0x45,0x43,516
0x45,0x44,520
0x45,0x45,574
0x45,0x46,482
0x45,0x47,540
0x45,0x48,558
0x45,0x49,504
0x45,0x4a,500
0x45,0x4b,510
0x45,0x4c,442
0x45,0x4d,470
0x45,0x4e,524
0x45,0x4f,540
0x45,0x50,520
0x45,0x51,514
0x45,0x52,518
0x45,0x53,478
0x45,0x54,484
0x45,0x55,508
0x45,0x56,494
0x45,0x57,494
0x45,0x58,494
0x45,0x59,552
0x45,0x5a,556
0x45,0x5b,520
0x45,0x5c,526
0x45,0x5d,542
0x45,0x5e,488
0x45,0x5f,496
0x45,0x60,516
0x45,0x61,484
0x45,0x62,486
0x45,0x63,508
0x45,0x64,498
0x45,0x65,502
0x45,0x66,478
0x45,0x67,492
0x45,0x68,444
0x45,0x69,482
0x45,0x6a,512
0x45,0x6b,514
0x45,0x6c,532
0x45,0x6d,498
0x45,0x6e,514
0x45,0x6f,524
0x45,0x70,528
0x45,0x71,486
0x45,0x72,512
0x45,0x73,522
0x45,0x74,520
0x45,0x75,522
0x45,0x76,534
0x45,0x77,532
0x45,0x78,504
0x45,0x79,486
0x45,0x7a,494
0x45,0x7b,518
0x45,0x7c,540
0x45,0x7d,522
0x45,0x7e,560
0x45,0x7f,504
0x45,0x80,534
0x45,0x81,526
0x45,0x82,502
0x45,0x83,498
0x45,0x84,486
0x45,0x85,526
0x45,0x86,556
0x45,0x87,484
0x45,0x88,474
0x45,0x89,528
0x45,0x8a,510
0x45,0x8b,496
0x45,0x8c,510
0x45,0x8d,482
0x45,0x8e,504
0x45,0x8f,472
0x45,0x90,502
0x45,0x91,522
0x45,0x92,544
0x45,0x93,452
0x45,0x94,494
0x45,0x95,480
0x45,0x96,514
0x45,0x97,524
0x45,0x98,564
0x45,0x99,562
0x45,0x9a,508
0x45,0x9b,532
0x45,0x9c,484
0x45,0x9d,538
0x45,0x9e,516
0x45,0x9f,512
0x45,0xa0,530
0x45,0xa1,526
0x45,0xa2,490
0x45,0xa3,512
0x45,0xa4,490
0x45,0xa5,508
0x45,0xa6,492
0x45,0xa7,486
0x45,0xa8,490
0x45,0xa9,502
0x45,0xaa,506
0x45,0xab,492
0x45,0xac,468
0x45,0xad,534
0x45,0xae,512
0x45,0xaf,518
0x45,0xb0,474
0x45,0xb1,558
0x45,0xb2,482
0x45,0xb3,510
0x45,0xb4,464
0x45,0xb5,490
0x45,0xb6,470
0x45,0xb7,494
0x45,0xb8,486
0x45,0xb9,522
0x45,0xba,480
0x45,0xbb,476
0x45,0xbc,538
0x45,0xbd,488
0x45,0xbe,462
0x45,0xbf,526
0x45,0xc0,476
0x45,0xc1,484
0x45,0xc2,566
0x45,0xc3,492
0x45,0xc4,514
0x45,0xc5,520
0x45,0xc6,524
0x45,0xc7,490
0x45,0xc8,528
0x45,0xc9,508
0x45,0xca,550
0x45,0xcb,512
0x45,0xcc,518
0x45,0xcd,486
0x45,0xce,488
0x45,0xcf,502
0x45,0xd0,504
0x45,0xd1,534
0x45,0xd2,500
0x45,0xd3,512
0x45,0xd4,532
0x45,0xd5,514
0x45,0xd6,568
0x45,0xd7,550
0x45,0xd8,494
0x45,0xd9,502
0x45,0xda,490
0x45,0xdb,496
0x45,0xdc,616
0x45,0xdd,580
0x45,0xde,504
0x45,0xdf,540
0x45,0xe0,490
0x45,0xe1,550
0x45,0xe2,522
0x45,0xe3,510
0x45,0xe4,516
0x45,0xe5,518
0x45,0xe6,480
0x45,0xe7,506
0x45,0xe8,522
0x45,0xe9,482
0x45,0xea,512
0x45,0xeb,478
0x45,0xec,468
0x45,0xed,488
0x45,0xee,490
0x45,0xef,494
0x45,0xf0,504
0x45,0xf1,472
0x45,0xf2,488
0x45,0xf3,496
0x45,0xf4,504
0x45,0xf5,512
0x45,0xf6,478
0x45,0xf7,490
0x45,0xf8,510
0x45,0xf9,560
0x45,0xfa,504
0x45,0xfb,466
0x45,0xfc,522
0x45,0xfd,498
0x45,0xfe,518
0x45,0xff,514
0x46,0x00,256
0x46,0x01,458
0x46,0x02,486
0x46,0x03,522
0x46,0x04,628
0x46,0x05,524
0x46,0x06,504
0x46,0x07,502
0x46,0x08,468
0x46,0x09,504
0x46,0x0a,532
0x46,0x0b,496
0x46,0x0c,474
0x46,0x0d,484
0x46,0x0e,548
0x46,0x0f,490
0x46,0x10,552
0x46,0x11,490
0x46,0x12,390
0x46,0x13,494
0x46,0x14,488
0x46,0x15,570
0x46,0x16,514
0x46,0x17,490
0x46,0x18,516
0x46,0x19,496
0x46,0x1a,490
0x46,0x1b,496
0x46,0x1c,526
0x46,0x1d,524
0x46,0x1e,522
0x46,0x1f,506
0x46,0x20,564
0x46,0x21,524
0x46,0x22,748
0x46,0x23,512
0x46,0x24,500
0x46,0x25,510
0x46,0x26,510
0x46,0x27,508
0x46,0x28,494
0x46,0x29,480
0x46,0x2a,542
0x46,0x2b,520
0x46,0x2c,480
0x46,0x2d,508
0x46,0x2e,538
0x46,0x2f,502
0x46,0x30,416
0x46,0x31,512
0x46,0x32,514
0x46,0x33,510
0x46,0x34,460
0x46,0x35,510
0x46,0x36,486
0x46,0x37,512
0x46,0x38,568
0x46,0x39,496
0x46,0x3a,476
0x46,0x3b,478
0x46,0x3c,460
0x46,0x3d,494
0x46,0x3e,476
0x46,0x3f,516
0x46,0x40,522
0x46,0x41,508
0x46,0x42,488
0x46,0x43,518
0x46,0x44,504
0x46,0x45,508
0x46,0x46,512
0x46,0x47,498
0x46,0x48,504
0x46,0x49,514
0x46,0x4a,578
0x46,0x4b,488
0x46,0x4c,524
0x46,0x4d,540
0x46,0x4e,452
0x46,0x4f,506
0x46,0x50,494
0x46,0x51,518
0x46,0x52,528
0x46,0x53,478
0x46,0x54,492
0x46,0x55,502
0x46,0x56,492
0x46,0x57,528
0x46,0x58,488
0x46,0x59,546
0x46,0x5a,546
0x46,0x5b,538
0x46,0x5c,484
0x46,0x5d,502
0x46,0x5e,502
0x46,0x5f,516
0x46,0x60,504
0x46,0x61,500
0x46,0x62,576
0x46,0x63,514
0x46,0x64,506
0x46,0x65,556
0x46,0x66,532
0x46,0x67,462
0x46,0x68,498
0x46,0x69,504
0x46,0x6a,498
0x46,0x6b,506
0x46,0x6c,566
0x46,0x6d,504
0x46,0x6e,540
0x46,0x6f,502
0x46,0x70,488
0x46,0x71,522
0x46,0x72,534
0x46,0x73,514
0x46,0x74,532
0x46,0x75,498
0x46,0x76,474
0x46,0x77,512
0x46,0x78,492
0x46,0x79,500
0x46,0x7a,500
0x46,0x7b,506
0x46,0x7c,494
0x46,0x7d,520
0x46,0x7e,516
0x46,0x7f,514
0x46,0x80,558
0x46,0x81,520
0x46,0x82,472
0x46,0x83,516
0x46,0x84,500
0x46,0x85,524
0x46,0x86,482
0x46,0x87,534
0x46,0x88,508
0x46,0x89,478
0x46,0x8a,494
0x46,0x8b,536
0x46,0x8c,502
0x46,0x8d,488
0x46,0x8e,518
0x46,0x8f,542
0x46,0x90,502
0x46,0x91,474
0x46,0x92,522
0x46,0x93,490
0x46,0x94,508
0x46,0x95,538
0x46,0x96,482
0x46,0x97,512
0x46,0x98,536
0x46,0x99,522
0x46,0x9a,482
0x46,0x9b,472
0x46,0x9c,508
0x46,0x9d,500
0x46,0x9e,484
0x46,0x9f,524
0x46,0xa0,512
0x46,0xa1,516
0x46,0xa2,490
0x46,0xa3,490
0x46,0xa4,472
0x46,0xa5,490
0x46,0xa6,504
0x46,0xa7,536
0x46,0xa8,542
0x46,0xa9,478
0x46,0xaa,522
0x46,0xab,486
0x46,0xac,506
0x46,0xad,500
0x46,0xae,466
0x46,0xaf,506
0x46,0xb0,498
0x46,0xb1,510
0x46,0xb2,522
0x46,0xb3,484
0x46,0xb4,552
0x46,0xb5,482
0x46,0xb6,542
0x46,0xb7,536
0x46,0xb8,516
0x46,0xb9,514
0x46,0xba,492
0x46,0xbb,520
0x46,0xbc,478
0x46,0xbd,548
0x46,0xbe,528
0x46,0xbf,494
0x46,0xc0,538
0x46,0xc1,510
0x46,0xc2,488
0x46,0xc3,516
0x46,0xc4,482
0x46,0xc5,500
0x46,0xc6,544
0x46,0xc7,516
0x46,0xc8,550
0x46,0xc9,568
0x46,0xca,508
0x46,0xcb,512
0x46,0xcc,566
0x46,0xcd,518
0x46,0xce,484
0x46,0xcf,512
0x46,0xd0,510
0x46,0xd1,464
0x46,0xd2,532
0x46,0xd3,598
0x46,0xd4,528
0x46,0xd5,502
0x46,0xd6,482
0x46,0xd7,500
0x46,0xd8,522
0x46,0xd9,500
0x46,0xda,512
0x46,0xdb,562
0x46,0xdc,452
0x46,0xdd,528
0x46,0xde,484
0x46,0xdf,578
0x46,0xe0,498
0x46,0xe1,530
0x46,0xe2,476
0x46,0xe3,574
0x46,0xe4,506
0x46,0xe5,506
0x46,0xe6,462
0x46,0xe7,492
0x46,0xe8,534
0x46,0xe9,500
0x46,0xea,536
0x46,0xeb,472
0x46,0xec,538
0x46,0xed,524
0x46,0xee,480
0x46,0xef,484
0x46,0xf0,472
0x46,0xf1,494
0x46,0xf2,502
0x46,0xf3,506
0x46,0xf4,546
0x46,0xf5,534
0x46,0xf6,538
0x46,0xf7,494
0x46,0xf8,530
0x46,0xf9,484
0x46,0xfa,526
0x46,0xfb,500
0x46,0xfc,496
0x46,0xfd,548
0x46,0xfe,538
0x46,0xff,476
0x47,0x00,256
0x47,0x01,492
0x47,0x02,516
0x47,0x03,490
0x47,0x04,510
0x47,0x05,494
0x47,0x06,520
0x47,0x07,534
0x47,0x08,494
0x47,0x09,528
0x47,0x0a,462
0x47,0x0b,456
0x47,0x0c,546
0x47,0x0d,548
0x47,0x0e,504
0x47,0x0f,532
0x47,0x10,512
0x47,0x11,508
0x47,0x12,440
0x47,0x13,552
0x47,0x14,472
0x47,0x15,526
0x47,0x16,506
0x47,0x17,522
0x47,0x18,500
0x47,0x19,542
0x47,0x1a,516
0x47,0x1b,518
0x47,0x1c,506
0x47,0x1d,558
0x47,0x1e,482
0x47,0x1f,496
0x47,0x20,540
0x47,0x21,538
0x47,0x22,548
0x47,0x23,506
0x47,0x24,452
0x47,0x25,486
0x47,0x26,610
0x47,0x27,560
0x47,0x28,530
0x47,0x29,564
0x47,0x2a,514
0x47,0x2b,518
0x47,0x2c,490
0x47,0x2d,518
0x47,0x2e,502
0x47,0x2f,510
0x47,0x30,492
0x47,0x31,522
0x47,0x32,494
0x47,0x33,548
0x47,0x34,520
0x47,0x35,516
0x47,0x36,504
0x47,0x37,554
0x47,0x38,536
0x47,0x39,540
0x47,0x3a,500
0x47,0x3b,496
0x47,0x3c,576
0x47,0x3d,550
0x47,0x3e,508
0x47,0x3f,546
0x47,0x40,510
0x47,0x41,512
0x47,0x42,548
0x47,0x43,514
0x47,0x44,472
0x47,0x45,488
0x47,0x46,526
0x47,0x47,522
0x47,0x48,500
0x47,0x49,530
0x47,0x4a,508
0x47,0x4b,504
0x47,0x4c,510
0x47,0x4d,504
0x47,0x4e,498
0x47,0x4f,472
0x47,0x50,470
0x47,0x51,514
0x47,0x52,494
0x47,0x53,534
0x47,0x54,488
0x47,0x55,498
0x47,0x56,536
0x47,0x57,504
0x47,0x58,496
0x47,0x59,534
0x47,0x5a,540
0x47,0x5b,508
0x47,0x5c,518
0x47,0x5d,496
0x47,0x5e,484
0x47,0x5f,522
0x47,0x60,498
0x47,0x61,464
0x47,0x62,490
0x47,0x63,474
0x47,0x64,482
0x47,0x65,510
0x47,0x66,502
0x47,0x67,540
0x47,0x68,482
0x47,0x69,528
0x47,0x6a,546
0x47,0x6b,498
0x47,0x6c,506
0x47,0x6d,490
0x47,0x6e,570
0x47,0x6f,498
0x47,0x70,488
0x47,0x71,518
0x47,0x72,498
0x47,0x73,518
0x47,0x74,550
0x47,0x75,524
0x47,0x76,512
0x47,0x77,524
0x47,0x78,496
0x47,0x79,506
0x47,0x7a,474
0x47,0x7b,534
0x47,0x7c,498
0x47,0x7d,536
0x47,0x7e,568
0x47,0x7f,498
0x47,0x80,502
0x47,0x81,544
0x47,0x82,472
0x47,0x83,514
0x47,0x84,498
0x47,0x85,522
0x47,0x86,512
0x47,0x87,550
0x47,0x88,524
0x47,0x89,494
0x47,0x8a,512
0x47,0x8b,522
0x47,0x8c,502
0x47,0x8d,516
0x47,0x8e,496
0x47,0x8f,506
0x47,0x90,508
0x47,0x91,518
0x47,0x92,512
0x47,0x93,484
0x47,0x94,488
0x47,0x95,528
0x47,0x96,548
0x47,0x97,494
0x47,0x98,456
0x47,0x99,474
0x47,0x9a,512
0x47,0x9b,478
0x47,0x9c,506
0x47,0x9d,494
0x47,0x9e,506
0x47,0x9f,534
0x47,0xa0,484
0x47,0xa1,516
0x47,0xa2,546
0x47,0xa3,502
0x47,0xa4,500
0x47,0xa5,528
0x47,0xa6,494
0x47,0xa7,530
0x47,0xa8,494
0x47,0xa9,540
0x47,0xaa,528
0x47,0xab,504
0x47,0xac,500
0x47,0xad,524
0x47,0xae,486
0x47,0xaf,512
0x47,0xb0,482
0x47,0xb1,554
0x47,0xb2,516
0x47,0xb3,576
0x47,0xb4,518
0x47,0xb5,496
0x47,0xb6,508
0x47,0xb7,518
0x47,0xb8,526
0x47,0xb9,494
0x47,0xba,486
0x47,0xbb,504
0x47,0xbc,476
0x47,0xbd,600
0x47,0xbe,510
0x47,0xbf,490
0x47,0xc0,502
0x47,0xc1,528
0x47,0xc2,470
0x47,0xc3,490
0x47,0xc4,478
0x47,0xc5,500
0x47,0xc6,516
0x47,0xc7,508
0x47,0xc8,540
0x47,0xc9,488
0x47,0xca,520
0x47,0xcb,514
0x47,0xcc,520
0x47,0xcd,512
0x47,0xce,532
0x47,0xcf,576
0x47,0xd0,526
0x47,0xd1,502
0x47,0xd2,492
0x47,0xd3,490
0x47,0xd4,484
0x47,0xd5,480
0x47,0xd6,436
0x47,0xd7,496
0x47,0xd8,550
0x47,0xd9,552
0x47,0xda,506
0x47,0xdb,512
0x47,0xdc,514
0x47,0xdd,464
0x47,0xde,526
0x47,0xdf,494
0x47,0xe0,544
0x47,0xe1,524
0x47,0xe2,482
0x47,0xe3,522
0x47,0xe4,474
0x47,0xe5,504
0x47,0xe6,510
0x47,0xe7,504
0x47,0xe8,496
0x47,0xe9,502
0x47,0xea,466
0x47,0xeb,536
0x47,0xec,484
0x47,0xed,502
0x47,0xee,480
0x47,0xef,490
0x47,0xf0,494
0x47,0xf1,494
0x47,0xf2,520
0x47,0xf3,516
0x47,0xf4,538
0x47,0xf5,492
0x47,0xf6,526
0x47,0xf7,544
0x47,0xf8,486
0x47,0xf9,512
0x47,0xfa,470
0x47,0xfb,482
0x47,0xfc,518
0x47,0xfd,486
0x47,0xfe,576
0x47,0xff,528
0x48,0x00,256
0x48,0x01,554
0x48,0x02,486
0x48,0x03,500
0x48,0x04,472
0x48,0x05,520
0x48,0x06,476
0x48,0x07,498
0x48,0x08,496
0x48,0x09,556
0x48,0x0a,522
0x48,0x0b,506
0x48,0x0c,470
0x48,0x0d,482
0x48,0x0e,536
0x48,0x0f,526
0x48,0x10,486
0x48,0x11,522
0x48,0x12,394
0x48,0x13,454
0x48,0x14,524
0x48,0x15,502
0x48,0x16,504
0x48,0x17,508
0x48,0x18,502
0x48,0x19,542
0x48,0x1a,488
0x48,0x1b,516
0x48,0x1c,490
0x48,0x1d,514
0x48,0x1e,508
0x48,0x1f,532
0x48,0x20,490
0x48,0x21,500
0x48,0x22,564
0x48,0x23,514
0x48,0x24,548
0x48,0x25,488
0x48,0x26,400
0x48,0x27,526
0x48,0x28,492
0x48,0x29,524
0x48,0x2a,518
0x48,0x2b,496
0x48,0x2c,494
0x48,0x2d,502
0x48,0x2e,530
0x48,0x2f,528
0x48,0x30,422
0x48,0x31,458
0x48,0x32,546
0x48,0x33,496
0x48,0x34,460
0x48,0x35,484
0x48,0x36,460
0x48,0x37,510
0x48,0x38,500
0x48,0x39,520
0x48,0x3a,472
0x48,0x3b,494
0x48,0x3c,520
0x48,0x3d,484
0x48,0x3e,510
0x48,0x3f,520
0x48,0x40,518
0x48,0x41,496
0x48,0x42,524
0x48,0x43,500
0x48,0x44,482
0x48,0x45,520
0x48,0x46,488
0x48,0x47,504
0x48,0x48,518
0x48,0x49,486
0x48,0x4a,482
0x48,0x4b,502
0x48,0x4c,484
0x48,0x4d,488
0x48,0x4e,498
0x48,0x4f,544
0x48,0x50,506
0x48,0x51,470
0x48,0x52,500
0x48,0x53,514
0x48,0x54,502
0x48,0x55,508
0x48,0x56,516
0x48,0x57,522
0x48,0x58,520
0x48,0x59,498
0x48,0x5a,486
0x48,0x5b,518
0x48,0x5c,470
0x48,0x5d,532
0x48,0x5e,530
0x48,0x5f,496
0x48,0x60,540
0x48,0x61,494
0x48,0x62,488
0x48,0x63,492
0x48,0x64,524
0x48,0x65,504
0x48,0x66,524
0x48,0x67,532
0x48,0x68,518
0x48,0x69,468
0x48,0x6a,544
0x48,0x6b,528
0x48,0x6c,524
0x48,0x6d,524
0x48,0x6e,482
0x48,0x6f,474
0x48,0x70,486
0x48,0x71,512
0x48,0x72,494
0x48,0x73,512
0x48,0x74,492
0x48,0x75,566
0x48,0x76,492
0x48,0x77,514
0x48,0x78,522
0x48,0x79,486
0x48,0x7a,516
0x48,0x7b,510
0x48,0x7c,460
0x48,0x7d,558
0x48,0x7e,516
0x48,0x7f,472
0x48,0x80,514
0x48,0x81,478
0x48,0x82,530
0x48,0x83,506
0x48,0x84,540
0x48,0x85,516
0x48,0x86,512
0x48,0x87,516
0x48,0x88,488
0x48,0x89,506
0x48,0x8a,484
0x48,0x8b,496
0x48,0x8c,512
0x48,0x8d,486
0x48,0x8e,528
0x48,0x8f,516
0x48,0x90,524
0x48,0x91,534
0x48,0x92,504
0x48,0x93,468
0x48,0x94,538
0x48,0x95,512
0x48,0x96,484
0x48,0x97,496
0x48,0x98,514
0x48,0x99,486
0x48,0x9a,498
0x48,0x9b,516
0x48,0x9c,516
0x48,0x9d,530
0x48,0x9e,502
0x48,0x9f,500
0x48,0xa0,502
0x48,0xa1,488
0x48,0xa2,524
0x48,0xa3,526
0x48,0xa4,516
0x48,0xa5,468
0x48,0xa6,494
0x48,0xa7,508
0x48,0xa8,528
0x48,0xa9,522
0x48,0xaa,522
0x48,0xab,496
0x48,0xac,506
0x48,0xad,502
0x48,0xae,484
0x48,0xaf,502
0x48,0xb0,502
0x48,0xb1,502
0x48,0xb2,484
0x48,0xb3,486
0x48,0xb4,480
0x48,0xb5,532
0x48,0xb6,528
0x48,0xb7,588
0x48,0xb8,530
0x48,0xb9,494
0x48,0xba,522
0x48,0xbb,540
0x48,0xbc,492
0x48,0xbd,544
0x48,0xbe,508
0x48,0xbf,452
0x48,0xc0,526
0x48,0xc1,490
0x48,0xc2,512
0x48,0xc3,558
0x48,0xc4,496
0x48,0xc5,496
0x48,0xc6,502
0x48,0xc7,510
0x48,0xc8,514
0x48,0xc9,536
0x48,0xca,482
0x48,0xcb,506
0x48,0xcc,518
0x48,0xcd,500
0x48,0xce,518
0x48,0xcf,516
0x48,0xd0,472
0x48,0xd1,510
0x48,0xd2,522
0x48,0xd3,474
0x48,0xd4,494
0x48,0xd5,496
0x48,0xd6,544
0x48,0xd7,534
0x48,0xd8,532
0x48,0xd9,514
0x48,0xda,566
0x48,0xdb,518
0x48,0xdc,532
0x48,0xdd,544
0x48,0xde,496
0x48,0xdf,516
0x48,0xe0,524
0x48,0xe1,484
0x48,0xe2,502
0x48,0xe3,480
0x48,0xe4,458
0x48,0xe5,504
0x48,0xe6,542
0x48,0xe7,542
0x48,0xe8,508
0x48,0xe9,482
0x48,0xea,492
0x48,0xeb,498
0x48,0xec,526
0x48,0xed,500
0x48,0xee,502
0x48,0xef,500
0x48,0xf0,508
0x48,0xf1,496
0x48,0xf2,496
0x48,0xf3,572
0x48,0xf4,490
0x48,0xf5,498
0x48,0xf6,488
0x48,0xf7,496
0x48,0xf8,502
0x48,0xf9,532
0x48,0xfa,484
0x48,0xfb,516
0x48,0xfc,490
0x48,0xfd,488
0x48,0xfe,484
0x48,0xff,536
0x49,0x00,256
0x49,0x01,456
0x49,0x02,482
0x49,0x03,502
0x49,0x04,536
0x49,0x05,490
0x49,0x06,586
0x49,0x07,490
0x49,0x08,520
0x49,0x09,476
0x49,0x0a,506
0x49,0x0b,504
0x49,0x0c,524
0x49,0x0d,492
0x49,0x0e,514
0x49,0x0f,506
0x49,0x10,520
0x49,0x11,500
0x49,0x12,448
0x49,0x13,492
0x49,0x14,546
0x49,0x15,528
0x49,0x16,478
0x49,0x17,496
0x49,0x18,532
0x49,0x19,524
0x49,0x1a,520
0x49,0x1b,542
0x49,0x1c,492
0x49,0x1d,450
0x49,0x1e,488
0x49,0x1f,548
0x49,0x20,486
0x49,0x21,484
0x49,0x22,486
0x49,0x23,514
0x49,0x24,622
0x49,0x25,538
0x49,0x26,430
0x49,0x27,540
0x49,0x28,522
0x49,0x29,480
0x49,0x2a,502
0x49,0x2b,502
0x49,0x2c,526
0x49,0x2d,538
0x49,0x2e,498
0x49,0x2f,524
0x49,0x30,470
0x49,0x31,474
0x49,0x32,470
0x49,0x33,516
0x49,0x34,496
0x49,0x35,536
0x49,0x36,506
0x49,0x37,484
0x49,0x38,542
0x49,0x39,548
0x49,0x3a,540
0x49,0x3b,468
0x49,0x3c,498
0x49,0x3d,454
0x49,0x3e,552
0x49,0x3f,548
0x49,0x40,466
0x49,0x41,514
0x49,0x42,528
0x49,0x43,516
0x49,0x44,520
0x49,0x45,482
0x49,0x46,544
0x49,0x47,502
0x49,0x48,550
0x49,0x49,514
0x49,0x4a,542
0x49,0x4b,466
0x49,0x4c,488
0x49,0x4d,498
0x49,0x4e,548
0x49,0x4f,514
0x49,0x50,482
0x49,0x51,520
0x49,0x52,506
0x49,0x53,506
0x49,0x54,524
0x49,0x55,516
0x49,0x56,524
0x49,0x57,560
0x49,0x58,466
0x49,0x59,500
0x49,0x5a,524
0x49,0x5b,512
0x49,0x5c,520
0x49,0x5d,500
0x49,0x5e,492
0x49,0x5f,514
0x49,0x60,506
0x49,0x61,554
0x49,0x62,488
0x49,0x63,520
0x49,0x64,488
0x49,0x65,526
0x49,0x66,530
0x49,0x67,510
0x49,0x68,516
0x49,0x69,538
0x49,0x6a,484
0x49,0x6b,524
0x49,0x6c,534
0x49,0x6d,498
0x49,0x6e,502
0x49,0x6f,492
0x49,0x70,494
0x49,0x71,462
0x49,0x72,536
0x49,0x73,540
0x49,0x74,478
0x49,0x75,524
0x49,0x76,526
0x49,0x77,460
0x49,0x78,506
0x49,0x79,482
0x49,0x7a,510
0x49,0x7b,514
0x49,0x7c,530
0x49,0x7d,458
0x49,0x7e,492
0x49,0x7f,498
0x49,0x80,500
0x49,0x81,572
0x49,0x82,500
0x49,0x83,560
0x49,0x84,494
0x49,0x85,532
0x49,0x86,512
0x49,0x87,472
0x49,0x88,498
0x49,0x89,542
0x49,0x8a,494
0x49,0x8b,536
0x49,0x8c,454
0x49,0x8d,534
0x49,0x8e,540
0x49,0x8f,514
0x49,0x90,490
0x49,0x91,474
0x49,0x92,504
0x49,0x93,506
0x49,0x94,538
0x49,0x95,470
0x49,0x96,502
0x49,0x97,482
0x49,0x98,488
0x49,0x99,478
0x49,0x9a,544
0x49,0x9b,544
0x49,0x9c,518
0x49,0x9d,524
0x49,0x9e,516
0x49,0x9f,482
0x49,0xa0,496
0x49,0xa1,482
0x49,0xa2,452
0x49,0xa3,476
0x49,0xa4,502
0x49,0xa5,506
0x49,0xa6,542
0x49,0xa7,488
0x49,0xa8,484
0x49,0xa9,530
0x49,0xaa,498
0x49,0xab,474
0x49,0xac,512
0x49,0xad,492
0x49,0xae,528
0x49,0xaf,504
0x49,0xb0,522
0x49,0xb1,514
0x49,0xb2,500
0x49,0xb3,486
0x49,0xb4,520
0x49,0xb5,522
0x49,0xb6,582
0x49,0xb7,620
0x49,0xb8,494
0x49,0xb9,482
0x49,0xba,474
0x49,0xbb,512
0x49,0xbc,524
0x49,0xbd,534
0x49,0xbe,474
0x49,0xbf,524
0x49,0xc0,532
0x49,0xc1,534
0x49,0xc2,534
0x49,0xc3,506
0x49,0xc4,520
0x49,0xc5,518
0x49,0xc6,516
0x49,0xc7,512
0x49,0xc8,512
0x49,0xc9,530
0x49,0xca,480
0x49,0xcb,458
0x49,0xcc,524
0x49,0xcd,534
0x49,0xce,478
0x49,0xcf,516
0x49,0xd0,498
0x49,0xd1,478
0x49,0xd2,508
0x49,0xd3,534
0x49,0xd4,498
0x49,0xd5,504
0x49,0xd6,480
0x49,0xd7,512
0x49,0xd8,514
0x49,0xd9,508
0x49,0xda,502
0x49,0xdb,496
0x49,0xdc,510
0x49,0xdd,558
0x49,0xde,510
0x49,0xdf,506
0x49,0xe0,496
0x49,0xe1,534
0x49,0xe2,500
0x49,0xe3,496
0x49,0xe4,462
0x49,0xe5,524
0x49,0xe6,498
0x49,0xe7,548
0x49,0xe8,508
0x49,0xe9,482
0x49,0xea,570
0x49,0xeb,490
0x49,0xec,480
0x49,0xed,504
0x49,0xee,514
0x49,0xef,474
0x49,0xf0,532
0x49,0xf1,544
0x49,0xf2,534
0x49,0xf3,540
0x49,0xf4,522
0x49,0xf5,500
0x49,0xf6,522
0x49,0xf7,506
0x49,0xf8,502
0x49,0xf9,500
0x49,0xfa,490
0x49,0xfb,538
0x49,0xfc,460
0x49,0xfd,502
0x49,0xfe,486
0x49,0xff,514
0x4a,0x00,256
0x4a,0x01,498
0x4a,0x02,638
0x4a,0x03,526
0x4a,0x04,476
0x4a,0x05,516
0x4a,0x06,478
0x4a,0x07,520
0x4a,0x08,564
0x4a,0x09,510
0x4a,0x0a,526
0x4a,0x0b,524
0x4a,0x0c,514
0x4a,0x0d,516
0x4a,0x0e,500
0x4a,0x0f,558
0x4a,0x10,504
0x4a,0x11,490
0x4a,0x12,486
0x4a,0x13,508
0x4a,0x14,500
0x4a,0x15,530
0x4a,0x16,584
0x4a,0x17,518
0x4a,0x18,522
0x4a,0x19,542
0x4a,0x1a,482
0x4a,0x1b,530
0x4a,0x1c,512
0x4a,0x1d,562
0x4a,0x1e,484
0x4a,0x1f,466
0x4a,0x20,476
0x4a,0x21,504
0x4a,0x22,474
0x4a,0x23,486
0x4a,0x24,646
0x4a,0x25,504
0x4a,0x26,614
0x4a,0x27,588
0x4a,0x28,490
0x4a,0x29,474
0x4a,0x2a,526
0x4a,0x2b,518
0x4a,0x2c,558
0x4a,0x2d,526
0x4a,0x2e,570
0x4a,0x2f,532
0x4a,0x30,546
0x4a,0x31,480
0x4a,0x32,530
0x4a,0x33,474
0x4a,0x34,500
0x4a,0x35,520
0x4a,0x36,488
0x4a,0x37,534
0x4a,0x38,518
0x4a,0x39,510
0x4a,0x3a,508
0x4a,0x3b,530
0x4a,0x3c,524
0x4a,0x3d,470
0x4a,0x3e,530
0x4a,0x3f,482
0x4a,0x40,504
0x4a,0x41,500
0x4a,0x42,506
0x4a,0x43,530
0x4a,0x44,476
0x4a,0x45,492
0x4a,0x46,512
0x4a,0x47,560
0x4a,0x48,506
0x4a,0x49,518
0x4a,0x4a,504
0x4a,0x4b,498
0x4a,0x4c,514
0x4a,0x4d,534
0x4a,0x4e,500
0x4a,0x4f,506
0x4a,0x50,490
0x4a,0x51,492
0x4a,0x52,532
0x4a,0x53,522
0x4a,0x54,492
0x4a,0x55,498
0x4a,0x56,470
0x4a,0x57,486
0x4a,0x58,524
0x4a,0x59,512
0x4a,0x5a,508
0x4a,0x5b,492
0x4a,0x5c,484
0x4a,0x5d,494
0x4a,0x5e,516
0x4a,0x5f,492
0x4a,0x60,538
0x4a,0x61,484
0x4a,0x62,486
0x4a,0x63,540
0x4a,0x64,512
0x4a,0x65,502
0x4a,0x66,488
0x4a,0x67,512
0x4a,0x68,538
0x4a,0x69,502
0x4a,0x6a,538
0x4a,0x6b,486
0x4a,0x6c,488
0x4a,0x6d,488
0x4a,0x6e,512
0x4a,0x6f,490
0x4a,0x70,530
0x4a,0x71,540
0x4a,0x72,532
0x4a,0x73,502
0x4a,0x74,492
0x4a,0x75,516
0x4a,0x76,514
0x4a,0x77,578
0x4a,0x78,540
0x4a,0x79,506
0x4a,0x7a,496
0x4a,0x7b,470
0x4a,0x7c,518
0x4a,0x7d,548
0x4a,0x7e,488
0x4a,0x7f,540
0x4a,0x80,506
0x4a,0x81,530
0x4a,0x82,530
0x4a,0x83,516
0x4a,0x84,512
0x4a,0x85,470
0x4a,0x86,506
0x4a,0x87,502
0x4a,0x88,492
0x4a,0x89,524
0x4a,0x8a,476
0x4a,0x8b,526
0x4a,0x8c,462
0x4a,0x8d,468
0x4a,0x8e,526
0x4a,0x8f,514
0x4a,0x90,516
0x4a,0x91,524
0x4a,0x92,464
0x4a,0x93,552
0x4a,0x94,512
0x4a,0x95,542
0x4a,0x96,480
0x4a,0x97,508
0x4a,0x98,490
0x4a,0x99,508
0x4a,0x9a,536
0x4a,0x9b,570
0x4a,0x9c,526
0x4a,0x9d,518
0x4a,0x9e,520
0x4a,0x9f,492
0x4a,0xa0,518
0x4a,0xa1,510
0x4a,0xa2,534
0x4a,0xa3,506
0x4a,0xa4,536
0x4a,0xa5,552
0x4a,0xa6,554
0x4a,0xa7,518
0x4a,0xa8,484
0x4a,0xa9,566
0x4a,0xaa,520
0x4a,0xab,552
0x4a,0xac,514
0x4a,0xad,484
0x4a,0xae,502
0x4a,0xaf,512
0x4a,0xb0,496
0x4a,0xb1,506
0x4a,0xb2,512
0x4a,0xb3,490
0x4a,0xb4,498
0x4a,0xb5,508
0x4a,0xb6,468
0x4a,0xb7,472
0x4a,0xb8,498
0x4a,0xb9,526
0x4a,0xba,534
0x4a,0xbb,502
0x4a,0xbc,518
0x4a,0xbd,508
0x4a,0xbe,520
0x4a,0xbf,474
0x4a,0xc0,502
0x4a,0xc1,532
0x4a,0xc2,572
0x4a,0xc3,498
0x4a,0xc4,490
0x4a,0xc5,528
0x4a,0xc6,508
0x4a,0xc7,502
0x4a,0xc8,502
0x4a,0xc9,516
0x4a,0xca,494
0x4a,0xcb,510
0x4a,0xcc,500
0x4a,0xcd,500
0x4a,0xce,546
0x4a,0xcf,500
0x4a,0xd0,548
0x4a,0xd1,490
0x4a,0xd2,500
0x4a,0xd3,504
0x4a,0xd4,570
0x4a,0xd5,522
0x4a,0xd6,570
0x4a,0xd7,544
0x4a,0xd8,550
0x4a,0xd9,518
0x4a,0xda,538
0x4a,0xdb,502
0x4a,0xdc,502
0x4a,0xdd,530
0x4a,0xde,534
0x4a,0xdf,514
0x4a,0xe0,486
0x4a,0xe1,496
0x4a,0xe2,518
0x4a,0xe3,516
0x4a,0xe4,496
0x4a,0xe5,522
0x4a,0xe6,484
0x4a,0xe7,522
0x4a,0xe8,542
0x4a,0xe9,510
0x4a,0xea,530
0x4a,0xeb,528
0x4a,0xec,518
0x4a,0xed,540
0x4a,0xee,514
0x4a,0xef,530
0x4a,0xf0,494
0x4a,0xf1,522
0x4a,0xf2,492
0x4a,0xf3,510
0x4a,0xf4,516
0x4a,0xf5,536
0x4a,0xf6,504
0x4a,0xf7,498
0x4a,0xf8,506
0x4a,0xf9,528
0x4a,0xfa,522
0x4a,0xfb,494
0x4a,0xfc,504
0x4a,0xfd,484
0x4a,0xfe,488
0x4a,0xff,500
0x4b,0x00,256
0x4b,0x01,520
0x4b,0x02,598
0x4b,0x03,490
0x4b,0x04,596
0x4b,0x05,524
0x4b,0x06,526
0x4b,0x07,544
0x4b,0x08,532
0x4b,0x09,538
0x4b,0x0a,482
0x4b,0x0b,530
0x4b,0x0c,542
0x4b,0x0d,538
0x4b,0x0e,554
0x4b,0x0f,474
0x4b,0x10,522
0x4b,0x11,518
0x4b,0x12,392
0x4b,0x13,474
0x4b,0x14,560
0x4b,0x15,526
0x4b,0x16,538
0x4b,0x17,524
0x4b,0x18,552
0x4b,0x19,492
0x4b,0x1a,482
0x4b,0x1b,518
0x4b,0x1c,486
0x4b,0x1d,520
0x4b,0x1e,560
0x4b,0x1f,524
0x4b,0x20,550
0x4b,0x21,542
0x4b,0x22,556
0x4b,0x23,506
0x4b,0x24,890
0x4b,0x25,518
0x4b,0x26,376
0x4b,0x27,494
0x4b,0x28,552
0x4b,0x29,564
0x4b,0x2a,500
0x4b,0x2b,512
0x4b,0x2c,524
0x4b,0x2d,486
0x4b,0x2e,504
0x4b,0x2f,492
0x4b,0x30,538
0x4b,0x31,470
0x4b,0x32,494
0x4b,0x33,518
0x4b,0x34,462
0x4b,0x35,482
0x4b,0x36,632
0x4b,0x37,570
0x4b,0x38,506
0x4b,0x39,506
0x4b,0x3a,504
0x4b,0x3b,536
0x4b,0x3c,530
0x4b,0x3d,492
0x4b,0x3e,506
0x4b,0x3f,540
0x4b,0x40,518
0x4b,0x41,508
0x4b,0x42,528
0x4b,0x43,498
0x4b,0x44,470
0x4b,0x45,480
0x4b,0x46,532
0x4b,0x47,470
0x4b,0x48,512
0x4b,0x49,540
0x4b,0x4a,504
0x4b,0x4b,472
0x4b,0x4c,528
0x4b,0x4d,538
0x4b,0x4e,518
0x4b,0x4f,474
0x4b,0x50,548
0x4b,0x51,582
0x4b,0x52,516
0x4b,0x53,480
0x4b,0x54,506
0x4b,0x55,494
0x4b,0x56,518
0x4b,0x57,496
0x4b,0x58,498
0x4b,0x59,524
0x4b,0x5a,522
0x4b,0x5b,516
0x4b,0x5c,536
0x4b,0x5d,526
0x4b,0x5e,512
0x4b,0x5f,534
0x4b,0x60,560
0x4b,0x61,488
0x4b,0x62,502
0x4b,0x63,528
0x4b,0x64,490
0x4b,0x65,526
0x4b,0x66,504
0x4b,0x67,556
0x4b,0x68,504
0x4b,0x69,500
0x4b,0x6a,518
0x4b,0x6b,520
0x4b,0x6c,576
0x4b,0x6d,456
0x4b,0x6e,572
0x4b,0x6f,556
0x4b,0x70,480
0x4b,0x71,500
0x4b,0x72,550
0x4b,0x73,528
0x4b,0x74,524
0x4b,0x75,508
0x4b,0x76,524
0x4b,0x77,522
0x4b,0x78,524
0x4b,0x79,536
0x4b,0x7a,458
0x4b,0x7b,484
0x4b,0x7c,518
0x4b,0x7d,488
0x4b,0x7e,488
0x4b,0x7f,550
0x4b,0x80,464
0x4b,0x81,494
0x4b,0x82,510
0x4b,0x83,528
0x4b,0x84,518
0x4b,0x85,516
0x4b,0x86,514
0x4b,0x87,506
0x4b,0x88,504
0x4b,0x89,482
0x4b,0x8a,476
0x4b,0x8b,510
0x4b,0x8c,514
0x4b,0x8d,542
0x4b,0x8e,568
0x4b,0x8f,460
0x4b,0x90,554
0x4b,0x91,506
0x4b,0x92,540
0x4b,0x93,540
0x4b,0x94,526
0x4b,0x95,566
0x4b,0x96,480
0x4b,0x97,484
0x4b,0x98,508
0x4b,0x99,508
0x4b,0x9a,578
0x4b,0x9b,492
0x4b,0x9c,470
0x4b,0x9d,480
0x4b,0x9e,518
0x4b,0x9f,554
0x4b,0xa0,516
0x4b,0xa1,526
0x4b,0xa2,466
0x4b,0xa3,482
0x4b,0xa4,490
0x4b,0xa5,508
0x4b,0xa6,512
0x4b,0xa7,528
0x4b,0xa8,498
0x4b,0xa9,474
0x4b,0xaa,528
0x4b,0xab,512
0x4b,0xac,466
0x4b,0xad,476
0x4b,0xae,518
0x4b,0xaf,500
0x4b,0xb0,530
0x4b,0xb1,534
0x4b,0xb2,548
0x4b,0xb3,508
0x4b,0xb4,530
0x4b,0xb5,476
0x4b,0xb6,528
0x4b,0xb7,478
0x4b,0xb8,578
0x4b,0xb9,540
0x4b,0xba,498
0x4b,0xbb,526
0x4b,0xbc,522
0x4b,0xbd,494
0x4b,0xbe,534
0x4b,0xbf,496
0x4b,0xc0,482
0x4b,0xc1,554
0x4b,0xc2,538
0x4b,0xc3,470
0x4b,0xc4,492
0x4b,0xc5,526
0x4b,0xc6,506
0x4b,0xc7,508
0x4b,0xc8,508
0x4b,0xc9,498
0x4b,0xca,502
0x4b,0xcb,504
0x4b,0xcc,486
0x4b,0xcd,508
0x4b,0xce,480
0x4b,0xcf,538
0x4b,0xd0,518
0x4b,0xd1,528
0x4b,0xd2,494
0x4b,0xd3,552
0x4b,0xd4,526
0x4b,0xd5,514
0x4b,0xd6,542
0x4b,0xd7,502
0x4b,0xd8,504
0x4b,0xd9,554
0x4b,0xda,492
0x4b,0xdb,556
0x4b,0xdc,500
0x4b,0xdd,468
0x4b,0xde,538
0x4b,0xdf,530
0x4b,0xe0,542
0x4b,0xe1,554
0x4b,0xe2,488
0x4b,0xe3,464
0x4b,0xe4,558
0x4b,0xe5,502
0x4b,0xe6,504
0x4b,0xe7,548
0x4b,0xe8,520
0x4b,0xe9,482
0x4b,0xea,568
0x4b,0xeb,548
0x4b,0xec,504
0x4b,0xed,524
0x4b,0xee,486
0x4b,0xef,512
0x4b,0xf0,488
0x4b,0xf1,480
0x4b,0xf2,554
0x4b,0xf3,508
0x4b,0xf4,512
0x4b,0xf5,494
0x4b,0xf6,558
0x4b,0xf7,510
0x4b,0xf8,516
0x4b,0xf9,530
0x4b,0xfa,496
0x4b,0xfb,490
0x4b,0xfc,536
0x4b,0xfd,526
0x4b,0xfe,508
0x4b,0xff,478
0x4c,0x00,256
0x4c,0x01,466
0x4c,0x02,506
0x4c,0x03,494
0x4c,0x04,498
0x4c,0x05,498
0x4c,0x06,540
0x4c,0x07,490
0x4c,0x08,556
0x4c,0x09,518
0x4c,0x0a,540
0x4c,0x0b,506
0x4c,0x0c,536
0x4c,0x0d,534
0x4c,0x0e,496
0x4c,0x0f,552
0x4c,0x10,524
0x4c,0x11,478
0x4c,0x12,418
0x4c,0x13,508
0x4c,0x14,548
0x4c,0x15,536
0x4c,0x16,514
0x4c,0x17,508
0x4c,0x18,526
0x4c,0x19,492
0x4c,0x1a,552
0x4c,0x1b,524
0x4c,0x1c,508
0x4c,0x1d,508
0x4c,0x1e,512
0x4c,0x1f,536
0x4c,0x20,504
0x4c,0x21,498
0x4c,0x22,472
0x4c,0x23,512
0x4c,0x24,600
0x4c,0x25,532
0x4c,0x26,482
0x4c,0x27,516
0x4c,0x28,520
0x4c,0x29,562
0x4c,0x2a,508
0x4c,0x2b,518
0x4c,0x2c,534
0x4c,0x2d,500
0x4c,0x2e,542
0x4c,0x2f,548
0x4c,0x30,464
0x4c,0x31,538
0x4c,0x32,472
0x4c,0x33,496
0x4c,0x34,484
0x4c,0x35,508
0x4c,0x36,594
0x4c,0x37,502
0x4c,0x38,526
0x4c,0x39,534
0x4c,0x3a,500
0x4c,0x3b,470
0x4c,0x3c,516
0x4c,0x3d,482
0x4c,0x3e,458
0x4c,0x3f,492
0x4c,0x40,508
0x4c,0x41,506
0x4c,0x42,504
0x4c,0x43,502
0x4c,0x44,490
0x4c,0x45,500
0x4c,0x46,490
0x4c,0x47,504
0x4c,0x48,526
0x4c,0x49,494
0x4c,0x4a,522
0x4c,0x4b,526
0x4c,0x4c,532
0x4c,0x4d,528
0x4c,0x4e,522
0x4c,0x4f,492
0x4c,0x50,528
0x4c,0x51,510
0x4c,0x52,522
0x4c,0x53,508
0x4c,0x54,506
0x4c,0x55,504
0x4c,0x56,502
0x4c,0x57,514
0x4c,0x58,536
0x4c,0x59,480
0x4c,0x5a,502
0x4c,0x5b,532
0x4c,0x5c,510
0x4c,0x5d,526
0x4c,0x5e,502
0x4c,0x5f,508
0x4c,0x60,538
0x4c,0x61,478
0x4c,0x62,506
0x4c,0x63,526
0x4c,0x64,478
0x4c,0x65,526
0x4c,0x66,528
0x4c,0x67,586
0x4c,0x68,530
0x4c,0x69,506
0x4c,0x6a,542
0x4c,0x6b,476
0x4c,0x6c,474
0x4c,0x6d,514
0x4c,0x6e,512
0x4c,0x6f,460
0x4c,0x70,514
0x4c,0x71,500
0x4c,0x72,508
0x4c,0x73,510
0x4c,0x74,530
0x4c,0x75,512
0x4c,0x76,482
0x4c,0x77,542
0x4c,0x78,534
0x4c,0x79,510
0x4c,0x7a,492
0x4c,0x7b,478
0x4c,0x7c,512
0x4c,0x7d,510
0x4c,0x7e,484
0x4c,0x7f,516
0x4c,0x80,554
0x4c,0x81,556
0x4c,0x82,512
0x4c,0x83,502
0x4c,0x84,520
0x4c,0x85,534
0x4c,0x86,558
0x4c,0x87,516
0x4c,0x88,508
0x4c,0x89,486
0x4c,0x8a,540
0x4c,0x8b,512
0x4c,0x8c,500
0x4c,0x8d,480
0x4c,0x8e,516
0x4c,0x8f,522
0x4c,0x90,550
0x4c,0x91,478
0x4c,0x92,504
0x4c,0x93,468
0x4c,0x94,534
0x4c,0x95,486
0x4c,0x96,498
0x4c,0x97,506
0x4c,0x98,478
0x4c,0x99,490
0x4c,0x9a,510
0x4c,0x9b,512
0x4c,0x9c,474
0x4c,0x9d,548
0x4c,0x9e,502
0x4c,0x9f,520
0x4c,0xa0,498
0x4c,0xa1,512
0x4c,0xa2,536
0x4c,0xa3,530
0x4c,0xa4,546
0x4c,0xa5,532
0x4c,0xa6,532
0x4c,0xa7,476
0x4c,0xa8,496
0x4c,0xa9,490
0x4c,0xaa,502
0x4c,0xab,518
0x4c,0xac,534
0x4c,0xad,542
0x4c,0xae,500
0x4c,0xaf,524
0x4c,0xb0,478
0x4c,0xb1,474
0x4c,0xb2,514
0x4c,0xb3,474
0x4c,0xb4,476
0x4c,0xb5,522
0x4c,0xb6,496
0x4c,0xb7,530
0x4c,0xb8,494
0x4c,0xb9,552
0x4c,0xba,488
0x4c,0xbb,530
0x4c,0xbc,472
0x4c,0xbd,524
0x4c,0xbe,520
0x4c,0xbf,516
0x4c,0xc0,500
0x4c,0xc1,530
0x4c,0xc2,484
0x4c,0xc3,492
0x4c,0xc4,578
0x4c,0xc5,488
0x4c,0xc6,526
0x4c,0xc7,474
0x4c,0xc8,480
0x4c,0xc9,478
0x4c,0xca,464
0x4c,0xcb,508
0x4c,0xcc,548
0x4c,0xcd,532
0x4c,0xce,496
0x4c,0xcf,492
0x4c,0xd0,502
0x4c,0xd1,536
0x4c,0xd2,524
0x4c,0xd3,500
0x4c,0xd4,554
0x4c,0xd5,490
0x4c,0xd6,498
0x4c,0xd7,620
0x4c,0xd8,514
0x4c,0xd9,484
0x4c,0xda,510
0x4c,0xdb,514
0x4c,0xdc,484
0x4c,0xdd,492
0x4c,0xde,492
0x4c,0xdf,488
0x4c,0xe0,532
0x4c,0xe1,490
0x4c,0xe2,486
0x4c,0xe3,482
0x4c,0xe4,500
0x4c,0xe5,504
0x4c,0xe6,552
0x4c,0xe7,470
0x4c,0xe8,498
0x4c,0xe9,492
0x4c,0xea,560
0x4c,0xeb,488
0x4c,0xec,504
0x4c,0xed,516
0x4c,0xee,464
0x4c,0xef,500
0x4c,0xf0,496
0x4c,0xf1,482
0x4c,0xf2,566
0x4c,0xf3,508
0x4c,0xf4,504
0x4c,0xf5,526
0x4c,0xf6,482
0x4c,0xf7,492
0x4c,0xf8,482
0x4c,0xf9,524
0x4c,0xfa,488
0x4c,0xfb,524
0x4c,0xfc,528
0x4c,0xfd,522
0x4c,0xfe,512
0x4c,0xff,480
0x4d,0x00,256
0x4d,0x01,486
0x4d,0x02,464
0x4d,0x03,524
0x4d,0x04,490
0x4d,0x05,522
0x4d,0x06,500
0x4d,0x07,526
0x4d,0x08,522
0x4d,0x09,482
0x4d,0x0a,544
0x4d,0x0b,500
0x4d,0x0c,510
0x4d,0x0d,502
0x4d,0x0e,532
0x4d,0x0f,490
0x4d,0x10,498
0x4d,0x11,536
0x4d,0x12,530
0x4d,0x13,476
0x4d,0x14,468
0x4d,0x15,482
0x4d,0x16,560
0x4d,0x17,512
0x4d,0x18,522
0x4d,0x19,532
0x4d,0x1a,474
0x4d,0x1b,488
0x4d,0x1c,516
0x4d,0x1d,514
0x4d,0x1e,490
0x4d,0x1f,532
0x4d,0x20,460
0x4d,0x21,500
0x4d,0x22,504
0x4d,0x23,516
0x4d,0x24,460
0x4d,0x25,526
0x4d,0x26,472
0x4d,0x27,552
0x4d,0x28,486
0x4d,0x29,492
0x4d,0x2a,512
0x4d,0x2b,542
0x4d,0x2c,572
0x4d,0x2d,516
0x4d,0x2e,484
0x4d,0x2f,506
0x4d,0x30,438
0x4d,0x31,544
0x4d,0x32,526
0x4d,0x33,492
0x4d,0x34,492
0x4d,0x35,496
0x4d,0x36,534
0x4d,0x37,514
0x4d,0x38,502
0x4d,0x39,554
0x4d,0x3a,500
0x4d,0x3b,476
0x4d,0x3c,504
0x4d,0x3d,502
0x4d,0x3e,486
0x4d,0x3f,506
0x4d,0x40,500
0x4d,0x41,500
0x4d,0x42,528
0x4d,0x43,544
0x4d,0x44,514
0x4d,0x45,604
0x4d,0x46,506
0x4d,0x47,482
0x4d,0x48,508
0x4d,0x49,484
0x4d,0x4a,466
0x4d,0x4b,504
0x4d,0x4c,538
0x4d,0x4d,512
0x4d,0x4e,472
0x4d,0x4f,502
0x4d,0x50,534
0x4d,0x51,502
0x4d,0x52,492
0x4d,0x53,474
0x4d,0x54,538
0x4d,0x55,522
0x4d,0x56,526
0x4d,0x57,510
0x4d,0x58,530
0x4d,0x59,510
0x4d,0x5a,502
0x4d,0x5b,500
0x4d,0x5c,502
0x4d,0x5d,500
0x4d,0x5e,550
0x4d,0x5f,504
0x4d,0x60,534
0x4d,0x61,530
0x4d,0x62,542
0x4d,0x63,536
0x4d,0x64,478
0x4d,0x65,498
0x4d,0x66,508
0x4d,0x67,502
0x4d,0x68,522
0x4d,0x69,566
0x4d,0x6a,486
0x4d,0x6b,496
0x4d,0x6c,494
0x4d,0x6d,506
0x4d,0x6e,510
0x4d,0x6f,480
0x4d,0x70,530
0x4d,0x71,526
0x4d,0x72,490
0x4d,0x73,528
0x4d,0x74,562
0x4d,0x75,526
0x4d,0x76,492
0x4d,0x77,464
0x4d,0x78,504
0x4d,0x79,494
0x4d,0x7a,544
0x4d,0x7b,500
0x4d,0x7c,530
0x4d,0x7d,500
0x4d,0x7e,508
0x4d,0x7f,520
0x4d,0x80,502
0x4d,0x81,518
0x4d,0x82,510
0x4d,0x83,490
0x4d,0x84,494
0x4d,0x85,474
0x4d,0x86,540
0x4d,0x87,506
0x4d,0x88,510
0x4d,0x89,500
0x4d,0x8a,504
0x4d,0x8b,476
0x4d,0x8c,520
0x4d,0x8d,522
0x4d,0x8e,480
0x4d,0x8f,486
0x4d,0x90,496
0x4d,0x91,510
0x4d,0x92,564
0x4d,0x93,510
0x4d,0x94,486
0x4d,0x95,524
0x4d,0x96,498
0x4d,0x97,486
0x4d,0x98,526
0x4d,0x99,512
0x4d,0x9a,488
0x4d,0x9b,498
0x4d,0x9c,528
0x4d,0x9d,506
0x4d,0x9e,504
0x4d,0x9f,546
0x4d,0xa0,522
0x4d,0xa1,478
0x4d,0xa2,490
0x4d,0xa3,528
0x4d,0xa4,518
0x4d,0xa5,490
0x4d,0xa6,492
0x4d,0xa7,498
0x4d,0xa8,518
0x4d,0xa9,504
0x4d,0xaa,470
0x4d,0xab,542
0x4d,0xac,498
0x4d,0xad,540
0x4d,0xae,496
0x4d,0xaf,518
0x4d,0xb0,520
0x4d,0xb1,504
0x4d,0xb2,502
0x4d,0xb3,540
0x4d,0xb4,530
0x4d,0xb5,538
0x4d,0xb6,476
0x4d,0xb7,492
0x4d,0xb8,498
0x4d,0xb9,512
0x4d,0xba,530
0x4d,0xbb,538
0x4d,0xbc,524
0x4d,0xbd,520
0x4d,0xbe,562
0x4d,0xbf,480
0x4d,0xc0,506
0x4d,0xc1,512
0x4d,0xc2,490
0x4d,0xc3,482
0x4d,0xc4,480
0x4d,0xc5,486
0x4d,0xc6,522
0x4d,0xc7,496
0x4d,0xc8,520
0x4d,0xc9,510
0x4d,0xca,482
0x4d,0xcb,504
0x4d,0xcc,498
0x4d,0xcd,524
0x4d,0xce,512
0x4d,0xcf,496
0x4d,0xd0,512
0x4d,0xd1,514
0x4d,0xd2,522
0x4d,0xd3,500
0x4d,0xd4,508
0x4d,0xd5,510
0x4d,0xd6,468
0x4d,0xd7,464
0x4d,0xd8,514
0x4d,0xd9,484
0x4d,0xda,512
0x4d,0xdb,504
0x4d,0xdc,536
0x4d,0xdd,476
0x4d,0xde,504
0x4d,0xdf,504
0x4d,0xe0,518
0x4d,0xe1,512
0x4d,0xe2,474
0x4d,0xe3,498
0x4d,0xe4,500
0x4d,0xe5,498
0x4d,0xe6,468
0x4d,0xe7,522
0x4d,0xe8,492
0x4d,0xe9,494
0x4d,0xea,484
0x4d,0xeb,510
0x4d,0xec,484
0x4d,0xed,536
0x4d,0xee,486
0x4d,0xef,520
0x4d,0xf0,498
0x4d,0xf1,518
0x4d,0xf2,506
0x4d,0xf3,536
0x4d,0xf4,514
0x4d,0xf5,490
0x4d,0xf6,504
0x4d,0xf7,504
0x4d,0xf8,512
0x4d,0xf9,524
0x4d,0xfa,516
0x4d,0xfb,502
0x4d,0xfc,506
0x4d,0xfd,530
0x4d,0xfe,526
0x4d,0xff,496
0x4e,0x00,256
0x4e,0x01,648
0x4e,0x02,494
0x4e,0x03,574
0x4e,0x04,498
0x4e,0x05,558
0x4e,0x06,504
0x4e,0x07,478
0x4e,0x08,538
0x4e,0x09,462
0x4e,0x0a,512
0x4e,0x0b,534
0x4e,0x0c,532
0x4e,0x0d,498
0x4e,0x0e,494
0x4e,0x0f,514
0x4e,0x10,464
0x4e,0x11,522
0x4e,0x12,400
0x4e,0x13,522
0x4e,0x14,440
0x4e,0x15,500
0x4e,0x16,446
0x4e,0x17,508
0x4e,0x18,528
0x4e,0x19,510
0x4e,0x1a,482
0x4e,0x1b,502
0x4e,0x1c,482
0x4e,0x1d,498
0x4e,0x1e,524
0x4e,0x1f,490
0x4e,0x20,610
0x4e,0x21,488
0x4e,0x22,484
0x4e,0x23,504
0x4e,0x24,366
0x4e,0x25,570
0x4e,0x26,410
0x4e,0x27,486
0x4e,0x28,518
0x4e,0x29,470
0x4e,0x2a,526
0x4e,0x2b,496
0x4e,0x2c,482
0x4e,0x2d,490
0x4e,0x2e,502
0x4e,0x2f,540
0x4e,0x30,608
0x4e,0x31,514
0x4e,0x32,494
0x4e,0x33,512
0x4e,0x34,494
0x4e,0x35,494
0x4e,0x36,506
0x4e,0x37,484
0x4e,0x38,522
0x4e,0x39,516
0x4e,0x3a,486
0x4e,0x3b,486
0x4e,0x3c,538
0x4e,0x3d,536
0x4e,0x3e,498
0x4e,0x3f,514
0x4e,0x40,490
0x4e,0x41,486
0x4e,0x42,530
0x4e,0x43,510
0x4e,0x44,518
0x4e,0x45,538
0x4e,0x46,502
0x4e,0x47,466
0x4e,0x48,544
0x4e,0x49,558
0x4e,0x4a,504
0x4e,0x4b,508
0x4e,0x4c,560
0x4e,0x4d,536
0x4e,0x4e,524
0x4e,0x4f,518
0x4e,0x50,530
0x4e,0x51,518
0x4e,0x52,522
0x4e,0x53,478
0x4e,0x54,504
0x4e,0x55,466
0x4e,0x56,532
0x4e,0x57,542
0x4e,0x58,464
0x4e,0x59,476
0x4e,0x5a,520
0x4e,0x5b,536
0x4e,0x5c,552
0x4e,0x5d,508
0x4e,0x5e,538
0x4e,0x5f,532
0x4e,0x60,544
0x4e,0x61,514
0x4e,0x62,510
0x4e,0x63,534
0x4e,0x64,462
0x4e,0x65,504
0x4e,0x66,504
0x4e,0x67,542
0x4e,0x68,508
0x4e,0x69,558
0x4e,0x6a,536
0x4e,0x6b,574
0x4e,0x6c,486
0x4e,0x6d,526
0x4e,0x6e,570
0x4e,0x6f,514
0x4e,0x70,538
0x4e,0x71,474
0x4e,0x72,528
0x4e,0x73,524
0x4e,0x74,492
0x4e,0x75,530
0x4e,0x76,498
0x4e,0x77,524
0x4e,0x78,520
0x4e,0x79,524
0x4e,0x7a,514
0x4e,0x7b,506
0x4e,0x7c,476
0x4e,0x7d,484
0x4e,0x7e,492
0x4e,0x7f,494
0x4e,0x80,534
0x4e,0x81,530
0x4e,0x82,500
0x4e,0x83,490
0x4e,0x84,504
0x4e,0x85,560
0x4e,0x86,540
0x4e,0x87,484
0x4e,0x88,520
0x4e,0x89,502
0x4e,0x8a,510
0x4e,0x8b,508
0x4e,0x8c,546
0x4e,0x8d,516
0x4e,0x8e,474
0x4e,0x8f,494
0x4e,0x90,494
0x4e,0x91,550
0x4e,0x92,500
0x4e,0x93,504
0x4e,0x94,532
0x4e,0x95,508
0x4e,0x96,480
0x4e,0x97,500
0x4e,0x98,540
0x4e,0x99,522
0x4e,0x9a,498
0x4e,0x9b,538
0x4e,0x9c,502
0x4e,0x9d,494
0x4e,0x9e,478
0x4e,0x9f,510
0x4e,0xa0,464
0x4e,0xa1,526
0x4e,0xa2,502
0x4e,0xa3,496
0x4e,0xa4,496
0x4e,0xa5,566
0x4e,0xa6,504
0x4e,0xa7,512
0x4e,0xa8,526
0x4e,0xa9,522
0x4e,0xaa,500
0x4e,0xab,528
0x4e,0xac,510
0x4e,0xad,486
0x4e,0xae,528
0x4e,0xaf,520
0x4e,0xb0,486
0x4e,0xb1,502
0x4e,0xb2,520
0x4e,0xb3,540
0x4e,0xb4,494
0x4e,0xb5,490
0x4e,0xb6,554
0x4e,0xb7,494
0x4e,0xb8,494
0x4e,0xb9,530
0x4e,0xba,506
0x4e,0xbb,518
0x4e,0xbc,512
0x4e,0xbd,498
0x4e,0xbe,510
0x4e,0xbf,508
0x4e,0xc0,524
0x4e,0xc1,494
0x4e,0xc2,534
0x4e,0xc3,502
0x4e,0xc4,528
0x4e,0xc5,548
0x4e,0xc6,528
0x4e,0xc7,520
0x4e,0xc8,506
0x4e,0xc9,512
0x4e,0xca,468
0x4e,0xcb,494
0x4e,0xcc,490
0x4e,0xcd,476
0x4e,0xce,546
0x4e,0xcf,494
0x4e,0xd0,514
0x4e,0xd1,502
0x4e,0xd2,476
0x4e,0xd3,488
0x4e,0xd4,508
0x4e,0xd5,502
0x4e,0xd6,492
0x4e,0xd7,548
0x4e,0xd8,554
0x4e,0xd9,490
0x4e,0xda,562
0x4e,0xdb,496
0x4e,0xdc,476
0x4e,0xdd,516
0x4e,0xde,524
0x4e,0xdf,512
0x4e,0xe0,488
0x4e,0xe1,508
0x4e,0xe2,496
0x4e,0xe3,510
0x4e,0xe4,520
0x4e,0xe5,516
0x4e,0xe6,592
0x4e,0xe7,518
0x4e,0xe8,526
0x4e,0xe9,500
0x4e,0xea,508
0x4e,0xeb,498
0x4e,0xec,526
0x4e,0xed,520
0x4e,0xee,524
0x4e,0xef,544
0x4e,0xf0,542
0x4e,0xf1,478
0x4e,0xf2,482
0x4e,0xf3,512
0x4e,0xf4,474
0x4e,0xf5,520
0x4e,0xf6,516
0x4e,0xf7,496
0x4e,0xf8,452
0x4e,0xf9,536
0x4e,0xfa,480
0x4e,0xfb,504
0x4e,0xfc,494
0x4e,0xfd,474
0x4e,0xfe,528
0x4e,0xff,468
0x4f,0x00,256
0x4f,0x01,570
0x4f,0x02,468
0x4f,0x03,522
0x4f,0x04,550
0x4f,0x05,530
0x4f,0x06,552
0x4f,0x07,532
0x4f,0x08,516
0x4f,0x09,514
0x4f,0x0a,548
0x4f,0x0b,530
0x4f,0x0c,510
0x4f,0x0d,502
0x4f,0x0e,510
0x4f,0x0f,524
0x4f,0x10,526
0x4f,0x11,488
0x4f,0x12,406
0x4f,0x13,464
0x4f,0x14,562
0x4f,0x15,498
0x4f,0x16,482
0x4f,0x17,560
0x4f,0x18,504
0x4f,0x19,494
0x4f,0x1a,570
0x4f,0x1b,522
0x4f,0x1c,492
0x4f,0x1d,518
0x4f,0x1e,486
0x4f,0x1f,506
0x4f,0x20,518
0x4f,0x21,506
0x4f,0x22,692
0x4f,0x23,490
0x4f,0x24,632
0x4f,0x25,516
0x4f,0x26,506
0x4f,0x27,504
0x4f,0x28,482
0x4f,0x29,528
0x4f,0x2a,510
0x4f,0x2b,568
0x4f,0x2c,520
0x4f,0x2d,472
0x4f,0x2e,480
0x4f,0x2f,544
0x4f,0x30,396
0x4f,0x31,482
0x4f,0x32,504
0x4f,0x33,486
0x4f,0x34,484
0x4f,0x35,500
0x4f,0x36,540
0x4f,0x37,484
0x4f,0x38,544
0x4f,0x39,522
0x4f,0x3a,496
0x4f,0x3b,558
0x4f,0x3c,506
0x4f,0x3d,594
0x4f,0x3e,552
0x4f,0x3f,500
0x4f,0x40,536
0x4f,0x41,480
0x4f,0x42,494
0x4f,0x43,482
0x4f,0x44,546
0x4f,0x45,574
0x4f,0x46,564
0x4f,0x47,508
0x4f,0x48,480
0x4f,0x49,510
0x4f,0x4a,504
0x4f,0x4b,554
0x4f,0x4c,494
0x4f,0x4d,522
0x4f,0x4e,526
0x4f,0x4f,496
0x4f,0x50,530
0x4f,0x51,508
0x4f,0x52,472
0x4f,0x53,538
0x4f,0x54,548
0x4f,0x55,504
0x4f,0x56,524
0x4f,0x57,500
0x4f,0x58,540
0x4f,0x59,538
0x4f,0x5a,516
0x4f,0x5b,476
0x4f,0x5c,498
0x4f,0x5d,492
0x4f,0x5e,526
0x4f,0x5f,514
0x4f,0x60,544
0x4f,0x61,596
0x4f,0x62,512
0x4f,0x63,522
0x4f,0x64,536
0x4f,0x65,508
0x4f,0x66,544
0x4f,0x67,494
0x4f,0x68,494
0x4f,0x69,492
0x4f,0x6a,578
0x4f,0x6b,520
0x4f,0x6c,522
0x4f,0x6d,520
0x4f,0x6e,510
0x4f,0x6f,528
0x4f,0x70,498
0x4f,0x71,538
0x4f,0x72,478
0x4f,0x73,470
0x4f,0x74,516
0x4f,0x75,514
0x4f,0x76,560
0x4f,0x77,522
0x4f,0x78,508
0x4f,0x79,520
0x4f,0x7a,532
0x4f,0x7b,494
0x4f,0x7c,534
0x4f,0x7d,504
0x4f,0x7e,508
0x4f,0x7f,516
0x4f,0x80,506
0x4f,0x81,522
0x4f,0x82,548
0x4f,0x83,516
0x4f,0x84,548
0x4f,0x85,472
0x4f,0x86,548
0x4f,0x87,516
0x4f,0x88,512
0x4f,0x89,490
0x4f,0x8a,512
0x4f,0x8b,544
0x4f,0x8c,534
0x4f,0x8d,552
0x4f,0x8e,518
0x4f,0x8f,496
0x4f,0x90,528
0x4f,0x91,474
0x4f,0x92,460
0x4f,0x93,506
0x4f,0x94,532
0x4f,0x95,550
0x4f,0x96,552
0x4f,0x97,520
0x4f,0x98,526
0x4f,0x99,510
0x4f,0x9a,506
0x4f,0x9b,462
0x4f,0x9c,490
0x4f,0x9d,522
0x4f,0x9e,462
0x4f,0x9f,532
0x4f,0xa0,556
0x4f,0xa1,526
0x4f,0xa2,570
0x4f,0xa3,508
0x4f,0xa4,504
0x4f,0xa5,502
0x4f,0xa6,482
0x4f,0xa7,504
0x4f,0xa8,544
0x4f,0xa9,490
0x4f,0xaa,516
0x4f,0xab,552
0x4f,0xac,498
0x4f,0xad,490
0x4f,0xae,520
0x4f,0xaf,478
0x4f,0xb0,506
0x4f,0xb1,516
0x4f,0xb2,492
0x4f,0xb3,526
0x4f,0xb4,494
0x4f,0xb5,476
0x4f,0xb6,512
0x4f,0xb7,534
0x4f,0xb8,518
0x4f,0xb9,558
0x4f,0xba,520
0x4f,0xbb,564
0x4f,0xbc,510
0x4f,0xbd,516
0x4f,0xbe,552
0x4f,0xbf,494
0x4f,0xc0,526
0x4f,0xc1,502
0x4f,0xc2,524
0x4f,0xc3,548
0x4f,0xc4,518
0x4f,0xc5,520
0x4f,0xc6,548
0x4f,0xc7,480
0x4f,0xc8,518
0x4f,0xc9,502
0x4f,0xca,504
0x4f,0xcb,514
0x4f,0xcc,504
0x4f,0xcd,538
0x4f,0xce,520
0x4f,0xcf,502
0x4f,0xd0,506
0x4f,0xd1,522
0x4f,0xd2,536
0x4f,0xd3,518
0x4f,0xd4,548
0x4f,0xd5,490
0x4f,0xd6,510
0x4f,0xd7,478
0x4f,0xd8,518
0x4f,0xd9,522
0x4f,0xda,548
0x4f,0xdb,522
0x4f,0xdc,508
0x4f,0xdd,564
0x4f,0xde,570
0x4f,0xdf,512
0x4f,0xe0,486
0x4f,0xe1,520
0x4f,0xe2,510
0x4f,0xe3,490
0x4f,0xe4,528
0x4f,0xe5,506
0x4f,0xe6,540
0x4f,0xe7,488
0x4f,0xe8,498
0x4f,0xe9,520
0x4f,0xea,498
0x4f,0xeb,512
0x4f,0xec,460
0x4f,0xed,564
0x4f,0xee,486
0x4f,0xef,518
0x4f,0xf0,524
0x4f,0xf1,504
0x4f,0xf2,526
0x4f,0xf3,478
0x4f,0xf4,530
0x4f,0xf5,490
0x4f,0xf6,550
0x4f,0xf7,522
0x4f,0xf8,528
0x4f,0xf9,552
0x4f,0xfa,500
0x4f,0xfb,498
0x4f,0xfc,512
0x4f,0xfd,556
0x4f,0xfe,514
0x4f,0xff,516
0x50,0x00,256
0x50,0x01,648
0x50,0x02,494
0x50,0x03,574
0x50,0x04,498
0x50,0x05,558
0x50,0x06,504
0x50,0x07,478
0x50,0x08,538
0x50,0x09,462
0x50,0x0a,512
0x50,0x0b,534
0x50,0x0c,532
0x50,0x0d,498
0x50,0x0e,494
0x50,0x0f,514
0x50,0x10,464
0x50,0x11,522
0x50,0x12,400
0x50,0x13,522
0x50,0x14,440
0x50,0x15,500
0x50,0x16,446
0x50,0x17,508
0x50,0x18,528
0x50,0x19,510
0x50,0x1a,482
0x50,0x1b,502
0x50,0x1c,482
0x50,0x1d,498
0x50,0x1e,524
0x50,0x1f,490
0x50,0x20,610
0x50,0x21,488
0x50,0x22,484
0x50,0x23,504
0x50,0x24,366
0x50,0x25,570
0x50,0x26,410
0x50,0x27,486
0x50,0x28,518
0x50,0x29,470
0x50,0x2a,526
0x50,0x2b,496
0x50,0x2c,482
0x50,0x2d,490
0x50,0x2e,502
0x50,0x2f,540
0x50,0x30,608
0x50,0x31,514
0x50,0x32,494
0x50,0x33,512
0x50,0x34,494
0x50,0x35,494
0x50,0x36,506
0x50,0x37,484
0x50,0x38,522
0x50,0x39,516
0x50,0x3a,486
0x50,0x3b,486
0x50,0x3c,538
0x50,0x3d,536
0x50,0x3e,498
0x50,0x3f,514
0x50,0x40,490
0x50,0x41,486
0x50,0x42,530
0x50,0x43,510
0x50,0x44,518
0x50,0x45,538
0x50,0x46,502
0x50,0x47,466
0x50,0x48,544
0x50,0x49,558
0x50,0x4a,504
0x50,0x4b,508
0x50,0x4c,560
0x50,0x4d,536
0x50,0x4e,524
0x50,0x4f,518
0x50,0x50,530
0x50,0x51,518
0x50,0x52,522
0x50,0x53,478
0x50,0x54,504
0x50,0x55,466
0x50,0x56,532
0x50,0x57,542
0x50,0x58,464
0x50,0x59,476
0x50,0x5a,520
0x50,0x5b,536
0x50,0x5c,552
0x50,0x5d,508
0x50,0x5e,538
0x50,0x5f,532
0x50,0x60,544
0x50,0x61,514
0x50,0x62,510
0x50,0x63,534
0x50,0x64,462
0x50,0x65,504
0x50,0x66,504
0x50,0x67,542
0x50,0x68,508
0x50,0x69,558
0x50,0x6a,536
0x50,0x6b,574
0x50,0x6c,486
0x50,0x6d,526
0x50,0x6e,570
0x50,0x6f,514
0x50,0x70,538
0x50,0x71,474
0x50,0x72,528
0x50,0x73,524
0x50,0x74,492
0x50,0x75,530
0x50,0x76,498
0x50,0x77,524
0x50,0x78,520
0x50,0x79,524
0x50,0x7a,514
0x50,0x7b,506
0x50,0x7c,476
0x50,0x7d,484
0x50,0x7e,492
0x50,0x7f,494
0x50,0x80,534
0x50,0x81,530
0x50,0x82,500
0x50,0x83,490
0x50,0x84,504
0x50,0x85,560
0x50,0x86,540
0x50,0x87,484
0x50,0x88,520
0x50,0x89,502
0x50,0x8a,510
0x50,0x8b,508
0x50,0x8c,546
0x50,0x8d,516
0x50,0x8e,474
0x50,0x8f,494
0x50,0x90,494
0x50,0x91,550
0x50,0x92,500
0x50,0x93,504
0x50,0x94,532
0x50,0x95,508
0x50,0x96,480
0x50,0x97,500
0x50,0x98,540
0x50,0x99,522
0x50,0x9a,498
0x50,0x9b,538
0x50,0x9c,502
0x50,0x9d,494
0x50,0x9e,478
0x50,0x9f,510
0x50,0xa0,464
0x50,0xa1,526
0x50,0xa2,502
0x50,0xa3,496
0x50,0xa4,496
0x50,0xa5,566
0x50,0xa6,504
0x50,0xa7,512
0x50,0xa8,526
0x50,0xa9,522
0x50,0xaa,500
0x50,0xab,528
0x50,0xac,510
0x50,0xad,486
0x50,0xae,528
0x50,0xaf,520
0x50,0xb0,486
0x50,0xb1,502
0x50,0xb2,520
0x50,0xb3,540
0x50,0xb4,494
0x50,0xb5,490
0x50,0xb6,554
0x50,0xb7,494
0x50,0xb8,494
0x50,0xb9,530
0x50,0xba,506
0x50,0xbb,518
0x50,0xbc,512
0x50,0xbd,498
0x50,0xbe,510
0x50,0xbf,508
0x50,0xc0,524
0x50,0xc1,494
0x50,0xc2,534
0x50,0xc3,502
0x50,0xc4,528
0x50,0xc5,548
0x50,0xc6,528
0x50,0xc7,520
0x50,0xc8,506
0x50,0xc9,512
0x50,0xca,468
0x50,0xcb,494
0x50,0xcc,490
0x50,0xcd,476
0x50,0xce,546
0x50,0xcf,494
0x50,0xd0,514
0x50,0xd1,502
0x50,0xd2,476
0x50,0xd3,488
0x50,0xd4,508
0x50,0xd5,502
0x50,0xd6,492
0x50,0xd7,548
0x50,0xd8,554
0x50,0xd9,490
0x50,0xda,562
0x50,0xdb,496
0x50,0xdc,476
0x50,0xdd,516
0x50,0xde,524
0x50,0xdf,512
0x50,0xe0,488
0x50,0xe1,508
0x50,0xe2,496
0x50,0xe3,510
0x50,0xe4,520
0x50,0xe5,516
0x50,0xe6,592
0x50,0xe7,518
0x50,0xe8,526
0x50,0xe9,500
0x50,0xea,508
0x50,0xeb,498
0x50,0xec,526
0x50,0xed,520
0x50,0xee,524
0x50,0xef,544
0x50,0xf0,542
0x50,0xf1,478
0x50,0xf2,482
0x50,0xf3,512
0x50,0xf4,474
0x50,0xf5,520
0x50,0xf6,516
0x50,0xf7,496
0x50,0xf8,452
0x50,0xf9,536
0x50,0xfa,480
0x50,0xfb,504
0x50,0xfc,494
0x50,0xfd,474
0x50,0xfe,528
0x50,0xff,468
0x51,0x00,256
0x51,0x01,500
0x51,0x02,474
0x51,0x03,490
0x51,0x04,490
0x51,0x05,516
0x51,0x06,572
0x51,0x07,504
0x51,0x08,524
0x51,0x09,504
0x51,0x0a,506
0x51,0x0b,486
0x51,0x0c,510
0x51,0x0d,500
0x51,0x0e,534
0x51,0x0f,502
0x51,0x10,508
0x51,0x11,474
0x51,0x12,406
0x51,0x13,502
0x51,0x14,456
0x51,0x15,488
0x51,0x16,578
0x51,0x17,496
0x51,0x18,520
0x51,0x19,536
0x51,0x1a,480
0x51,0x1b,528
0x51,0x1c,528
0x51,0x1d,496
0x51,0x1e,500
0x51,0x1f,520
0x51,0x20,516
0x51,0x21,510
0x51,0x22,450
0x51,0x23,494
0x51,0x24,384
0x51,0x25,508
0x51,0x26,446
0x51,0x27,482
0x51,0x28,536
0x51,0x29,522
0x51,0x2a,508
0x51,0x2b,494
0x51,0x2c,514
0x51,0x2d,550
0x51,0x2e,516
0x51,0x2f,524
0x51,0x30,410
0x51,0x31,612
0x51,0x32,510
0x51,0x33,562
0x51,0x34,462
0x51,0x35,482
0x51,0x36,478
0x51,0x37,528
0x51,0x38,486
0x51,0x39,496
0x51,0x3a,574
0x51,0x3b,522
0x51,0x3c,490
0x51,0x3d,530
0x51,0x3e,502
0x51,0x3f,494
0x51,0x40,512
0x51,0x41,504
0x51,0x42,512
0x51,0x43,494
0x51,0x44,550
0x51,0x45,514
0x51,0x46,488
0x51,0x47,494
0x51,0x48,544
0x51,0x49,496
0x51,0x4a,536
0x51,0x4b,478
0x51,0x4c,486
0x51,0x4d,540
0x51,0x4e,512
0x51,0x4f,506
0x51,0x50,552
0x51,0x51,476
0x51,0x52,492
0x51,0x53,522
0x51,0x54,518
0x51,0x55,518
0x51,0x56,514
0x51,0x57,526
0x51,0x58,526
0x51,0x59,522
0x51,0x5a,494
0x51,0x5b,500
0x51,0x5c,518
0x51,0x5d,542
0x51,0x5e,456
0x51,0x5f,492
0x51,0x60,522
0x51,0x61,490
0x51,0x62,540
0x51,0x63,522
0x51,0x64,502
0x51,0x65,492
0x51,0x66,508
0x51,0x67,508
0x51,0x68,520
0x51,0x69,496
0x51,0x6a,516
0x51,0x6b,492
0x51,0x6c,504
0x51,0x6d,484
0x51,0x6e,484
0x51,0x6f,522
0x51,0x70,516
0x51,0x71,518
0x51,0x72,538
0x51,0x73,482
0x51,0x74,530
0x51,0x75,528
0x51,0x76,570
0x51,0x77,510
0x51,0x78,498
0x51,0x79,476
0x51,0x7a,490
0x51,0x7b,506
0x51,0x7c,492
0x51,0x7d,506
0x51,0x7e,494
0x51,0x7f,520
0x51,0x80,510
0x51,0x81,468
0x51,0x82,482
0x51,0x83,488
0x51,0x84,518
0x51,0x85,500
0x51,0x86,536
0x51,0x87,512
0x51,0x88,516
0x51,0x89,490
0x51,0x8a,524
0x51,0x8b,476
0x51,0x8c,472
0x51,0x8d,530
0x51,0x8e,482
0x51,0x8f,546
0x51,0x90,488
0x51,0x91,578
0x51,0x92,604
0x51,0x93,522
0x51,0x94,506
0x51,0x95,458
0x51,0x96,494
0x51,0x97,520
0x51,0x98,524
0x51,0x99,524
0x51,0x9a,538
0x51,0x9b,492
0x51,0x9c,500
0x51,0x9d,488
0x51,0x9e,520
0x51,0x9f,538
0x51,0xa0,478
0x51,0xa1,560
0x51,0xa2,580
0x51,0xa3,544
0x51,0xa4,500
0x51,0xa5,474
0x51,0xa6,506
0x51,0xa7,468
0x51,0xa8,486
0x51,0xa9,536
0x51,0xaa,514
0x51,0xab,524
0x51,0xac,534
0x51,0xad,514
0x51,0xae,576
0x51,0xaf,498
0x51,0xb0,498
0x51,0xb1,516
0x51,0xb2,514
0x51,0xb3,482
0x51,0xb4,494
0x51,0xb5,490
0x51,0xb6,498
0x51,0xb7,480
0x51,0xb8,532
0x51,0xb9,552
0x51,0xba,504
0x51,0xbb,462
0x51,0xbc,476
0x51,0xbd,494
0x51,0xbe,516
0x51,0xbf,510
0x51,0xc0,514
0x51,0xc1,496
0x51,0xc2,542
0x51,0xc3,524
0x51,0xc4,526
0x51,0xc5,524
0x51,0xc6,552
0x51,0xc7,530
0x51,0xc8,506
0x51,0xc9,464
0x51,0xca,520
0x51,0xcb,542
0x51,0xcc,544
0x51,0xcd,494
0x51,0xce,502
0x51,0xcf,504
0x51,0xd0,510
0x51,0xd1,546
0x51,0xd2,514
0x51,0xd3,486
0x51,0xd4,476
0x51,0xd5,500
0x51,0xd6,524
0x51,0xd7,498
0x51,0xd8,514
0x51,0xd9,516
0x51,0xda,494
0x51,0xdb,518
0x51,0xdc,532
0x51,0xdd,548
0x51,0xde,546
0x51,0xdf,538
0x51,0xe0,468
0x51,0xe1,544
0x51,0xe2,534
0x51,0xe3,496
0x51,0xe4,520
0x51,0xe5,548
0x51,0xe6,514
0x51,0xe7,496
0x51,0xe8,522
0x51,0xe9,520
0x51,0xea,558
0x51,0xeb,566
0x51,0xec,528
0x51,0xed,500
0x51,0xee,502
0x51,0xef,500
0x51,0xf0,492
0x51,0xf1,448
0x51,0xf2,466
0x51,0xf3,506
0x51,0xf4,482
0x51,0xf5,506
0x51,0xf6,500
0x51,0xf7,484
0x51,0xf8,514
0x51,0xf9,516
0x51,0xfa,522
0x51,0xfb,474
0x51,0xfc,468
0x51,0xfd,532
0x51,0xfe,510
0x51,0xff,512
0x52,0x00,256
0x52,0x01,590
0x52,0x02,492
0x52,0x03,504
0x52,0x04,482
0x52,0x05,526
0x52,0x06,522
0x52,0x07,484
0x52,0x08,510
0x52,0x09,502
0x52,0x0a,508
0x52,0x0b,520
0x52,0x0c,498
0x52,0x0d,474
0x52,0x0e,512
0x52,0x0f,496
0x52,0x10,506
0x52,0x11,480
0x52,0x12,522
0x52,0x13,490
0x52,0x14,498
0x52,0x15,524
0x52,0x16,494
0x52,0x17,492
0x52,0x18,532
0x52,0x19,468
0x52,0x1a,574
0x52,0x1b,520
0x52,0x1c,516
0x52,0x1d,548
0x52,0x1e,488
0x52,0x1f,544
0x52,0x20,496
0x52,0x21,482
0x52,0x22,516
0x52,0x23,534
0x52,0x24,466
0x52,0x25,484
0x52,0x26,482
0x52,0x27,512
0x52,0x28,494
0x52,0x29,510
0x52,0x2a,488
0x52,0x2b,552
0x52,0x2c,480
0x52,0x2d,566
0x52,0x2e,542
0x52,0x2f,502
0x52,0x30,456
0x52,0x31,496
0x52,0x32,476
0x52,0x33,540
0x52,0x34,492
0x52,0x35,516
0x52,0x36,536
0x52,0x37,524
0x52,0x38,494
0x52,0x39,522
0x52,0x3a,528
0x52,0x3b,590
0x52,0x3c,500
0x52,0x3d,476
0x52,0x3e,494
0x52,0x3f,502
0x52,0x40,518
0x52,0x41,494
0x52,0x42,500
0x52,0x43,518
0x52,0x44,502
0x52,0x45,532
0x52,0x46,502
0x52,0x47,548
0x52,0x48,522
0x52,0x49,470
0x52,0x4a,508
0x52,0x4b,538
0x52,0x4c,500
0x52,0x4d,538
0x52,0x4e,554
0x52,0x4f,518
0x52,0x50,524
0x52,0x51,532
0x52,0x52,508
0x52,0x53,494
0x52,0x54,480
0x52,0x55,488
0x52,0x56,494
0x52,0x57,546
0x52,0x58,530
0x52,0x59,478
0x52,0x5a,506
0x52,0x5b,570
0x52,0x5c,514
0x52,0x5d,520
0x52,0x5e,558
0x52,0x5f,538
0x52,0x60,502
0x52,0x61,504
0x52,0x62,496
0x52,0x63,496
0x52,0x64,488
0x52,0x65,506
0x52,0x66,512
0x52,0x67,532
0x52,0x68,522
0x52,0x69,486
0x52,0x6a,496
0x52,0x6b,504
0x52,0x6c,494
0x52,0x6d,534
0x52,0x6e,498
0x52,0x6f,526
0x52,0x70,534
0x52,0x71,518
0x52,0x72,478
0x52,0x73,518
0x52,0x74,538
0x52,0x75,556
0x52,0x76,468
0x52,0x77,518
0x52,0x78,532
0x52,0x79,530
0x52,0x7a,498
0x52,0x7b,502
0x52,0x7c,534
0x52,0x7d,558
0x52,0x7e,500
0x52,0x7f,474
0x52,0x80,516
0x52,0x81,516
0x52,0x82,480
0x52,0x83,494
0x52,0x84,540
0x52,0x85,480
0x52,0x86,532
0x52,0x87,510
0x52,0x88,506
0x52,0x89,516
0x52,0x8a,542
0x52,0x8b,544
0x52,0x8c,504
0x52,0x8d,518
0x52,0x8e,516
0x52,0x8f,478
0x52,0x90,546
0x52,0x91,480
0x52,0x92,500
0x52,0x93,564
0x52,0x94,482
0x52,0x95,458
0x52,0x96,454
0x52,0x97,536
0x52,0x98,510
0x52,0x99,486
0x52,0x9a,492
0x52,0x9b,510
0x52,0x9c,496
0x52,0x9d,536
0x52,0x9e,522
0x52,0x9f,544
0x52,0xa0,522
0x52,0xa1,508
0x52,0xa2,486
0x52,0xa3,486
0x52,0xa4,510
0x52,0xa5,490
0x52,0xa6,524
0x52,0xa7,508
0x52,0xa8,486
0x52,0xa9,514
0x52,0xaa,472
0x52,0xab,504
0x52,0xac,488
0x52,0xad,464
0x52,0xae,538
0x52,0xaf,538
0x52,0xb0,500
0x52,0xb1,512
0x52,0xb2,470
0x52,0xb3,500
0x52,0xb4,496
0x52,0xb5,484
0x52,0xb6,474
0x52,0xb7,568
0x52,0xb8,498
0x52,0xb9,524
0x52,0xba,518
0x52,0xbb,548
0x52,0xbc,486
0x52,0xbd,544
0x52,0xbe,524
0x52,0xbf,504
0x52,0xc0,516
0x52,0xc1,502
0x52,0xc2,522
0x52,0xc3,490
0x52,0xc4,518
0x52,0xc5,512
0x52,0xc6,510
0x52,0xc7,502
0x52,0xc8,514
0x52,0xc9,544
0x52,0xca,492
0x52,0xcb,498
0x52,0xcc,516
0x52,0xcd,484
0x52,0xce,558
0x52,0xcf,484
0x52,0xd0,512
0x52,0xd1,510
0x52,0xd2,506
0x52,0xd3,472
0x52,0xd4,510
0x52,0xd5,506
0x52,0xd6,510
0x52,0xd7,524
0x52,0xd8,464
0x52,0xd9,506
0x52,0xda,484
0x52,0xdb,508
0x52,0xdc,500
0x52,0xdd,548
0x52,0xde,494
0x52,0xdf,530
0x52,0xe0,516
0x52,0xe1,516
0x52,0xe2,464
0x52,0xe3,464
0x52,0xe4,542
0x52,0xe5,478
0x52,0xe6,514
0x52,0xe7,526
0x52,0xe8,528
0x52,0xe9,522
0x52,0xea,450
0x52,0xeb,488
0x52,0xec,532
0x52,0xed,512
0x52,0xee,506
0x52,0xef,490
0x52,0xf0,502
0x52,0xf1,516
0x52,0xf2,522
0x52,0xf3,494
0x52,0xf4,522
0x52,0xf5,500
0x52,0xf6,510
0x52,0xf7,512
0x52,0xf8,528
0x52,0xf9,546
0x52,0xfa,484
0x52,0xfb,492
0x52,0xfc,520
0x52,0xfd,502
0x52,0xfe,532
0x52,0xff,518
0x53,0x00,256
0x53,0x01,504
0x53,0x02,446
0x53,0x03,548
0x53,0x04,512
0x53,0x05,488
0x53,0x06,534
0x53,0x07,520
0x53,0x08,558
0x53,0x09,536
0x53,0x0a,524
0x53,0x0b,518
0x53,0x0c,484
0x53,0x0d,506
0x53,0x0e,470
0x53,0x0f,510
0x53,0x10,484
0x53,0x11,492
0x53,0x12,390
0x53,0x13,506
0x53,0x14,516
0x53,0x15,506
0x53,0x16,530
0x53,0x17,514
0x53,0x18,490
0x53,0x19,476
0x53,0x1a,504
0x53,0x1b,502
0x53,0x1c,502
0x53,0x1d,540
0x53,0x1e,484
0x53,0x1f,522
0x53,0x20,492
0x53,0x21,494
0x53,0x22,506
0x53,0x23,482
0x53,0x24,522
0x53,0x25,474
0x53,0x26,374
0x53,0x27,534
0x53,0x28,514
0x53,0x29,506
0x53,0x2a,500
0x53,0x2b,482
0x53,0x2c,534
0x53,0x2d,552
0x53,0x2e,480
0x53,0x2f,514
0x53,0x30,618
0x53,0x31,494
0x53,0x32,520
0x53,0x33,534
0x53,0x34,446
0x53,0x35,478
0x53,0x36,512
0x53,0x37,504
0x53,0x38,544
0x53,0x39,522
0x53,0x3a,486
0x53,0x3b,484
0x53,0x3c,484
0x53,0x3d,482
0x53,0x3e,528
0x53,0x3f,500
0x53,0x40,532
0x53,0x41,514
0x53,0x42,508
0x53,0x43,496
0x53,0x44,550
0x53,0x45,496
0x53,0x46,540
0x53,0x47,530
0x53,0x48,528
0x53,0x49,506
0x53,0x4a,496
0x53,0x4b,502
0x53,0x4c,532
0x53,0x4d,526
0x53,0x4e,468
0x53,0x4f,514
0x53,0x50,512
0x53,0x51,518
0x53,0x52,488
0x53,0x53,516
0x53,0x54,484
0x53,0x55,494
0x53,0x56,498
0x53,0x57,500
0x53,0x58,530
0x53,0x59,542
0x53,0x5a,502
0x53,0x5b,534
0x53,0x5c,482
0x53,0x5d,530
0x53,0x5e,514
0x53,0x5f,492
0x53,0x60,490
0x53,0x61,472
0x53,0x62,470
0x53,0x63,518
0x53,0x64,534
0x53,0x65,480
0x53,0x66,514
0x53,0x67,512
0x53,0x68,562
0x53,0x69,526
0x53,0x6a,484
0x53,0x6b,492
0x53,0x6c,496
0x53,0x6d,502
0x53,0x6e,478
0x53,0x6f,472
0x53,0x70,498
0x53,0x71,516
0x53,0x72,502
0x53,0x73,500
0x53,0x74,518
0x53,0x75,492
0x53,0x76,520
0x53,0x77,514
0x53,0x78,522
0x53,0x79,530
0x53,0x7a,484
0x53,0x7b,524
0x53,0x7c,488
0x53,0x7d,524
0x53,0x7e,468
0x53,0x7f,498
0x53,0x80,536
0x53,0x81,492
0x53,0x82,536
0x53,0x83,500
0x53,0x84,518
0x53,0x85,476
0x53,0x86,480
0x53,0x87,506
0x53,0x88,498
0x53,0x89,488
0x53,0x8a,494
0x53,0x8b,546
0x53,0x8c,520
0x53,0x8d,494
0x53,0x8e,472
0x53,0x8f,556
0x53,0x90,520
0x53,0x91,538
0x53,0x92,548
0x53,0x93,482
0x53,0x94,504
0x53,0x95,516
0x53,0x96,502
0x53,0x97,504
0x53,0x98,470
0x53,0x99,518
0x53,0x9a,580
0x53,0x9b,524
0x53,0x9c,530
0x53,0x9d,522
0x53,0x9e,530
0x53,0x9f,524
0x53,0xa0,526
0x53,0xa1,530
0x53,0xa2,510
0x53,0xa3,492
0x53,0xa4,530
0x53,0xa5,474
0x53,0xa6,496
0x53,0xa7,496
0x53,0xa8,498
0x53,0xa9,476
0x53,0xaa,508
0x53,0xab,488
0x53,0xac,502
0x53,0xad,500
0x53,0xae,524
0x53,0xaf,506
0x53,0xb0,510
0x53,0xb1,494
0x53,0xb2,556
0x53,0xb3,520
0x53,0xb4,498
0x53,0xb5,554
0x53,0xb6,532
0x53,0xb7,508
0x53,0xb8,520
0x53,0xb9,472
0x53,0xba,534
0x53,0xbb,498
0x53,0xbc,494
0x53,0xbd,484
0x53,0xbe,502
0x53,0xbf,566
0x53,0xc0,504
0x53,0xc1,518
0x53,0xc2,520
0x53,0xc3,510
0x53,0xc4,510
0x53,0xc5,540
0x53,0xc6,472
0x53,0xc7,502
0x53,0xc8,524
0x53,0xc9,494
0x53,0xca,570
0x53,0xcb,502
0x53,0xcc,486
0x53,0xcd,498
0x53,0xce,478
0x53,0xcf,510
0x53,0xd0,462
0x53,0xd1,506
0x53,0xd2,484
0x53,0xd3,522
0x53,0xd4,514
0x53,0xd5,514
0x53,0xd6,554
0x53,0xd7,510
0x53,0xd8,476
0x53,0xd9,516
0x53,0xda,512
0x53,0xdb,496
0x53,0xdc,488
0x53,0xdd,558
0x53,0xde,520
0x53,0xdf,526
0x53,0xe0,468
0x53,0xe1,524
0x53,0xe2,508
0x53,0xe3,494
0x53,0xe4,538
0x53,0xe5,516
0x53,0xe6,536
0x53,0xe7,500
0x53,0xe8,516
0x53,0xe9,500
0x53,0xea,488
0x53,0xeb,506
0x53,0xec,482
0x53,0xed,512
0x53,0xee,570
0x53,0xef,528
0x53,0xf0,488
0x53,0xf1,542
0x53,0xf2,494
0x53,0xf3,430
0x53,0xf4,512
0x53,0xf5,496
0x53,0xf6,528
0x53,0xf7,470
0x53,0xf8,484
0x53,0xf9,504
0x53,0xfa,500
0x53,0xfb,482
0x53,0xfc,516
0x53,0xfd,482
0x53,0xfe,498
0x53,0xff,460
0x54,0x00,256
0x54,0x01,570
0x54,0x02,496
0x54,0x03,498
0x54,0x04,552
0x54,0x05,506
0x54,0x06,530
0x54,0x07,522
0x54,0x08,526
0x54,0x09,522
0x54,0x0a,544
0x54,0x0b,504
0x54,0x0c,476
0x54,0x0d,540
0x54,0x0e,480
0x54,0x0f,518
0x54,0x10,506
0x54,0x11,532
0x54,0x12,506
0x54,0x13,536
0x54,0x14,512
0x54,0x15,496
0x54,0x16,506
0x54,0x17,528
0x54,0x18,516
0x54,0x19,514
0x54,0x1a,478
0x54,0x1b,518
0x54,0x1c,568
0x54,0x1d,506
0x54,0x1e,512
0x54,0x1f,504
0x54,0x20,514
0x54,0x21,514
0x54,0x22,478
0x54,0x23,512
0x54,0x24,622
0x54,0x25,608
0x54,0x26,404
0x54,0x27,524
0x54,0x28,516
0x54,0x29,498
0x54,0x2a,468
0x54,0x2b,544
0x54,0x2c,506
0x54,0x2d,546
0x54,0x2e,512
0x54,0x2f,488
0x54,0x30,434
0x54,0x31,528
0x54,0x32,550
0x54,0x33,536
0x54,0x34,590
0x54,0x35,518
0x54,0x36,568
0x54,0x37,516
0x54,0x38,500
0x54,0x39,482
0x54,0x3a,522
0x54,0x3b,496
0x54,0x3c,486
0x54,0x3d,522
0x54,0x3e,508
0x54,0x3f,512
0x54,0x40,530
0x54,0x41,524
0x54,0x42,488
0x54,0x43,504
0x54,0x44,516
0x54,0x45,544
0x54,0x46,536
0x54,0x47,506
0x54,0x48,478
0x54,0x49,546
0x54,0x4a,482
0x54,0x4b,502
0x54,0x4c,518
0x54,0x4d,534
0x54,0x4e,492
0x54,0x4f,468
0x54,0x50,468
0x54,0x51,506
0x54,0x52,562
0x54,0x53,544
0x54,0x54,526
0x54,0x55,516
0x54,0x56,484
0x54,0x57,472
0x54,0x58,568
0x54,0x59,502
0x54,0x5a,536
0x54,0x5b,506
0x54,0x5c,494
0x54,0x5d,512
0x54,0x5e,490
0x54,0x5f,496
0x54,0x60,500
0x54,0x61,506
0x54,0x62,532
0x54,0x63,518
0x54,0x64,496
0x54,0x65,498
0x54,0x66,530
0x54,0x67,480
0x54,0x68,500
0x54,0x69,530
0x54,0x6a,498
0x54,0x6b,478
0x54,0x6c,540
0x54,0x6d,512
0x54,0x6e,526
0x54,0x6f,508
0x54,0x70,534
0x54,0x71,502
0x54,0x72,508
0x54,0x73,496
0x54,0x74,532
0x54,0x75,484
0x54,0x76,534
0x54,0x77,514
0x54,0x78,502
0x54,0x79,518
0x54,0x7a,524
0x54,0x7b,502
0x54,0x7c,498
0x54,0x7d,542
0x54,0x7e,488
0x54,0x7f,498
0x54,0x80,486
0x54,0x81,496
0x54,0x82,486
0x54,0x83,492
0x54,0x84,504
0x54,0x85,514
0x54,0x86,522
0x54,0x87,528
0x54,0x88,502
0x54,0x89,486
0x54,0x8a,516
0x54,0x8b,502
0x54,0x8c,516
0x54,0x8d,498
0x54,0x8e,502
0x54,0x8f,518
0x54,0x90,496
0x54,0x91,540
0x54,0x92,502
0x54,0x93,512
0x54,0x94,506
0x54,0x95,524
0x54,0x96,538
0x54,0x97,478
0x54,0x98,508
0x54,0x99,488
0x54,0x9a,520
0x54,0x9b,526
0x54,0x9c,484
0x54,0x9d,558
0x54,0x9e,530
0x54,0x9f,520
0x54,0xa0,564
0x54,0xa1,506
0x54,0xa2,490
0x54,0xa3,522
0x54,0xa4,512
0x54,0xa5,508
0x54,0xa6,514
0x54,0xa7,562
0x54,0xa8,498
0x54,0xa9,496
0x54,0xaa,516
0x54,0xab,526
0x54,0xac,518
0x54,0xad,532
0x54,0xae,514
0x54,0xaf,524
0x54,0xb0,460
0x54,0xb1,500
0x54,0xb2,494
0x54,0xb3,540
0x54,0xb4,530
0x54,0xb5,530
0x54,0xb6,528
0x54,0xb7,508
0x54,0xb8,466
0x54,0xb9,540
0x54,0xba,488
0x54,0xbb,476
0x54,0xbc,528
0x54,0xbd,520
0x54,0xbe,552
0x54,0xbf,516
0x54,0xc0,526
0x54,0xc1,500
0x54,0xc2,528
0x54,0xc3,488
0x54,0xc4,490
0x54,0xc5,496
0x54,0xc6,522
0x54,0xc7,548
0x54,0xc8,502
0x54,0xc9,528
0x54,0xca,508
0x54,0xcb,548
0x54,0xcc,502
0x54,0xcd,480
0x54,0xce,478
0x54,0xcf,468
0x54,0xd0,524
0x54,0xd1,528
0x54,0xd2,518
0x54,0xd3,560
0x54,0xd4,478
0x54,0xd5,524
0x54,0xd6,492
0x54,0xd7,518
0x54,0xd8,536
0x54,0xd9,520
0x54,0xda,494
0x54,0xdb,524
0x54,0xdc,508
0x54,0xdd,506
0x54,0xde,514
0x54,0xdf,502
0x54,0xe0,552
0x54,0xe1,514
0x54,0xe2,512
0x54,0xe3,470
0x54,0xe4,520
0x54,0xe5,538
0x54,0xe6,460
0x54,0xe7,516
0x54,0xe8,516
0x54,0xe9,524
0x54,0xea,576
0x54,0xeb,512
0x54,0xec,508
0x54,0xed,488
0x54,0xee,542
0x54,0xef,532
0x54,0xf0,516
0x54,0xf1,538
0x54,0xf2,510
0x54,0xf3,532
0x54,0xf4,500
0x54,0xf5,472
0x54,0xf6,510
0x54,0xf7,534
0x54,0xf8,540
0x54,0xf9,480
0x54,0xfa,492
0x54,0xfb,532
0x54,0xfc,478
0x54,0xfd,522
0x54,0xfe,514
0x54,0xff,522
0x55,0x00,256
0x55,0x01,486
0x55,0x02,476
0x55,0x03,488
0x55,0x04,522
0x55,0x05,542
0x55,0x06,488
0x55,0x07,506
0x55,0x08,546
0x55,0x09,548
0x55,0x0a,466
0x55,0x0b,512
0x55,0x0c,504
0x55,0x0d,484
0x55,0x0e,508
0x55,0x0f,486
0x55,0x10,514
0x55,0x11,498
0x55,0x12,492
0x55,0x13,514
0x55,0x14,500
0x55,0x15,548
0x55,0x16,746
0x55,0x17,544
0x55,0x18,484
0x55,0x19,520
0x55,0x1a,504
0x55,0x1b,494
0x55,0x1c,526
0x55,0x1d,586
0x55,0x1e,454
0x55,0x1f,444
0x55,0x20,480
0x55,0x21,536
0x55,0x22,442
0x55,0x23,492
0x55,0x24,560
0x55,0x25,542
0x55,0x26,398
0x55,0x27,506
0x55,0x28,470
0x55,0x29,538
0x55,0x2a,534
0x55,0x2b,530
0x55,0x2c,550
0x55,0x2d,500
0x55,0x2e,504
0x55,0x2f,508
0x55,0x30,452
0x55,0x31,502
0x55,0x32,614
0x55,0x33,532
0x55,0x34,474
0x55,0x35,524
0x55,0x36,478
0x55,0x37,512
0x55,0x38,498
0x55,0x39,554
0x55,0x3a,534
0x55,0x3b,524
0x55,0x3c,490
0x55,0x3d,544
0x55,0x3e,516
0x55,0x3f,500
0x55,0x40,506
0x55,0x41,538
0x55,0x42,504
0x55,0x43,486
0x55,0x44,530
0x55,0x45,438
0x55,0x46,500
0x55,0x47,520
0x55,0x48,526
0x55,0x49,492
0x55,0x4a,486
0x55,0x4b,540
0x55,0x4c,532
0x55,0x4d,552
0x55,0x4e,508
0x55,0x4f,514
0x55,0x50,502
0x55,0x51,518
0x55,0x52,518
0x55,0x53,458
0x55,0x54,538
0x55,0x55,554
0x55,0x56,514
0x55,0x57,516
0x55,0x58,492
0x55,0x59,492
0x55,0x5a,500
0x55,0x5b,472
0x55,0x5c,570
0x55,0x5d,528
0x55,0x5e,490
0x55,0x5f,524
0x55,0x60,502
0x55,0x61,518
0x55,0x62,512
0x55,0x63,514
0x55,0x64,578
0x55,0x65,500
0x55,0x66,478
0x55,0x67,508
0x55,0x68,522
0x55,0x69,518
0x55,0x6a,524
0x55,0x6b,458
0x55,0x6c,454
0x55,0x6d,518
0x55,0x6e,476
0x55,0x6f,500
0x55,0x70,540
0x55,0x71,580
0x55,0x72,554
0x55,0x73,524
0x55,0x74,570
0x55,0x75,546
0x55,0x76,526
0x55,0x77,490
0x55,0x78,492
0x55,0x79,534
0x55,0x7a,516
0x55,0x7b,486
0x55,0x7c,532
0x55,0x7d,532
0x55,0x7e,482
0x55,0x7f,554
0x55,0x80,496
0x55,0x81,480
0x55,0x82,544
0x55,0x83,528
0x55,0x84,544
0x55,0x85,548
0x55,0x86,572
0x55,0x87,488
0x55,0x88,502
0x55,0x89,490
0x55,0x8a,562
0x55,0x8b,512
0x55,0x8c,494
0x55,0x8d,566
0x55,0x8e,506
0x55,0x8f,466
0x55,0x90,528
0x55,0x91,544
0x55,0x92,512
0x55,0x93,530
0x55,0x94,580
0x55,0x95,506
0x55,0x96,544
0x55,0x97,520
0x55,0x98,528
0x55,0x99,500
0x55,0x9a,508
0x55,0x9b,510
0x55,0x9c,536
0x55,0x9d,498
0x55,0x9e,504
0x55,0x9f,514
0x55,0xa0,528
0x55,0xa1,512
0x55,0xa2,524
0x55,0xa3,534
0x55,0xa4,510
0x55,0xa5,514
0x55,0xa6,512
0x55,0xa7,544
0x55,0xa8,456
0x55,0xa9,550
0x55,0xaa,524
0x55,0xab,540
0x55,0xac,468
0x55,0xad,494
0x55,0xae,512
0x55,0xaf,494
0x55,0xb0,590
0x55,0xb1,538
0x55,0xb2,506
0x55,0xb3,514
0x55,0xb4,496
0x55,0xb5,568
0x55,0xb6,516
0x55,0xb7,492
0x55,0xb8,570
0x55,0xb9,524
0x55,0xba,518
0x55,0xbb,526
0x55,0xbc,474
0x55,0xbd,470
0x55,0xbe,508
0x55,0xbf,510
0x55,0xc0,490
0x55,0xc1,534
0x55,0xc2,524
0x55,0xc3,506
0x55,0xc4,518
0x55,0xc5,496
0x55,0xc6,552
0x55,0xc7,510
0x55,0xc8,516
0x55,0xc9,522
0x55,0xca,480
0x55,0xcb,512
0x55,0xcc,570
0x55,0xcd,552
0x55,0xce,480
0x55,0xcf,558
0x55,0xd0,534
0x55,0xd1,526
0x55,0xd2,474
0x55,0xd3,494
0x55,0xd4,554
0x55,0xd5,502
0x55,0xd6,592
0x55,0xd7,504
0x55,0xd8,536
0x55,0xd9,518
0x55,0xda,510
0x55,0xdb,502
0x55,0xdc,492
0x55,0xdd,492
0x55,0xde,490
0x55,0xdf,516
0x55,0xe0,494
0x55,0xe1,544
0x55,0xe2,518
0x55,0xe3,568
0x55,0xe4,528
0x55,0xe5,554
0x55,0xe6,564
0x55,0xe7,490
0x55,0xe8,506
0x55,0xe9,532
0x55,0xea,530
0x55,0xeb,492
0x55,0xec,546
0x55,0xed,556
0x55,0xee,530
0x55,0xef,562
0x55,0xf0,506
0x55,0xf1,494
0x55,0xf2,482
0x55,0xf3,498
0x55,0xf4,478
0x55,0xf5,510
0x55,0xf6,530
0x55,0xf7,528
0x55,0xf8,516
0x55,0xf9,506
0x55,0xfa,546
0x55,0xfb,490
0x55,0xfc,510
0x55,0xfd,530
0x55,0xfe,486
0x55,0xff,500
0x56,0x00,256
0x56,0x01,624
0x56,0x02,454
0x56,0x03,464
0x56,0x04,504
0x56,0x05,520
0x56,0x06,490
0x56,0x07,484
0x56,0x08,554
0x56,0x09,480
0x56,0x0a,530
0x56,0x0b,472
0x56,0x0c,502
0x56,0x0d,490
0x56,0x0e,524
0x56,0x0f,460
0x56,0x10,536
0x56,0x11,510
0x56,0x12,444
0x56,0x13,532
0x56,0x14,514
0x56,0x15,478
0x56,0x16,522
0x56,0x17,484
0x56,0x18,516
0x56,0x19,496
0x56,0x1a,488
0x56,0x1b,518
0x56,0x1c,524
0x56,0x1d,524
0x56,0x1e,530
0x56,0x1f,504
0x56,0x20,548
0x56,0x21,520
0x56,0x22,484
0x56,0x23,492
0x56,0x24,594
0x56,0x25,536
0x56,0x26,394
0x56,0x27,526
0x56,0x28,534
0x56,0x29,520
0x56,0x2a,526
0x56,0x2b,512
0x56,0x2c,516
0x56,0x2d,476
0x56,0x2e,484
0x56,0x2f,514
0x56,0x30,388
0x56,0x31,462
0x56,0x32,520
0x56,0x33,500
0x56,0x34,516
0x56,0x35,498
0x56,0x36,440
0x56,0x37,478
0x56,0x38,542
0x56,0x39,502
0x56,0x3a,494
0x56,0x3b,488
0x56,0x3c,486
0x56,0x3d,532
0x56,0x3e,540
0x56,0x3f,500
0x56,0x40,498
0x56,0x41,510
0x56,0x42,560
0x56,0x43,504
0x56,0x44,508
0x56,0x45,572
0x56,0x46,502
0x56,0x47,490
0x56,0x48,560
0x56,0x49,522
0x56,0x4a,586
0x56,0x4b,480
0x56,0x4c,548
0x56,0x4d,528
0x56,0x4e,536
0x56,0x4f,492
0x56,0x50,500
0x56,0x51,556
0x56,0x52,504
0x56,0x53,488
0x56,0x54,482
0x56,0x55,506
0x56,0x56,502
0x56,0x57,498
0x56,0x58,504
0x56,0x59,490
0x56,0x5a,554
0x56,0x5b,470
0x56,0x5c,520
0x56,0x5d,520
0x56,0x5e,532
0x56,0x5f,486
0x56,0x60,516
0x56,0x61,532
0x56,0x62,500
0x56,0x63,512
0x56,0x64,494
0x56,0x65,520
0x56,0x66,514
0x56,0x67,488
0x56,0x68,520
0x56,0x69,492
0x56,0x6a,480
0x56,0x6b,472
0x56,0x6c,496
0x56,0x6d,508
0x56,0x6e,512
0x56,0x6f,486
0x56,0x70,458
0x56,0x71,510
0x56,0x72,510
0x56,0x73,518
0x56,0x74,478
0x56,0x75,490
0x56,0x76,568
0x56,0x77,496
0x56,0x78,494
0x56,0x79,512
0x56,0x7a,492
0x56,0x7b,528
0x56,0x7c,508
0x56,0x7d,514
0x56,0x7e,500
0x56,0x7f,498
0x56,0x80,484
0x56,0x81,516
0x56,0x82,540
0x56,0x83,540
0x56,0x84,498
0x56,0x85,516
0x56,0x86,466
0x56,0x87,492
0x56,0x88,516
0x56,0x89,544
0x56,0x8a,506
0x56,0x8b,540
0x56,0x8c,500
0x56,0x8d,508
0x56,0x8e,508
0x56,0x8f,464
0x56,0x90,466
0x56,0x91,536
0x56,0x92,458
0x56,0x93,548
0x56,0x94,500
0x56,0x95,492
0x56,0x96,494
0x56,0x97,532
0x56,0x98,464
0x56,0x99,502
0x56,0x9a,562
0x56,0x9b,510
0x56,0x9c,466
0x56,0x9d,514
0x56,0x9e,494
0x56,0x9f,522
0x56,0xa0,528
0x56,0xa1,508
0x56,0xa2,500
0x56,0xa3,472
0x56,0xa4,498
0x56,0xa5,538
0x56,0xa6,532
0x56,0xa7,524
0x56,0xa8,516
0x56,0xa9,488
0x56,0xaa,526
0x56,0xab,462
0x56,0xac,528
0x56,0xad,500
0x56,0xae,518
0x56,0xaf,496
0x56,0xb0,444
0x56,0xb1,496
0x56,0xb2,504
0x56,0xb3,490
0x56,0xb4,476
0x56,0xb5,514
0x56,0xb6,558
0x56,0xb7,556
0x56,0xb8,492
0x56,0xb9,482
0x56,0xba,514
0x56,0xbb,486
0x56,0xbc,500
0x56,0xbd,514
0x56,0xbe,462
0x56,0xbf,490
0x56,0xc0,492
0x56,0xc1,472
0x56,0xc2,532
0x56,0xc3,492
0x56,0xc4,500
0x56,0xc5,540
0x56,0xc6,520
0x56,0xc7,486
0x56,0xc8,504
0x56,0xc9,528
0x56,0xca,478
0x56,0xcb,514
0x56,0xcc,480
0x56,0xcd,470
0x56,0xce,508
0x56,0xcf,480
0x56,0xd0,536
0x56,0xd1,554
0x56,0xd2,498
0x56,0xd3,506
0x56,0xd4,578
0x56,0xd5,532
0x56,0xd6,508
0x56,0xd7,458
0x56,0xd8,524
0x56,0xd9,518
0x56,0xda,522
0x56,0xdb,520
0x56,0xdc,484
0x56,0xdd,524
0x56,0xde,478
0x56,0xdf,478
0x56,0xe0,524
0x56,0xe1,486
0x56,0xe2,468
0x56,0xe3,508
0x56,0xe4,530
0x56,0xe5,496
0x56,0xe6,518
0x56,0xe7,542
0x56,0xe8,536
0x56,0xe9,464
0x56,0xea,520
0x56,0xeb,508
0x56,0xec,514
0x56,0xed,504
0x56,0xee,510
0x56,0xef,498
0x56,0xf0,522
0x56,0xf1,554
0x56,0xf2,514
0x56,0xf3,520
0x56,0xf4,536
0x56,0xf5,520
0x56,0xf6,512
0x56,0xf7,486
0x56,0xf8,530
0x56,0xf9,536
0x56,0xfa,494
0x56,0xfb,542
0x56,0xfc,500
0x56,0xfd,486
0x56,0xfe,534
0x56,0xff,530
0x57,0x00,256
0x57,0x01,484
0x57,0x02,514
0x57,0x03,528
0x57,0x04,508
0x57,0x05,490
0x57,0x06,490
0x57,0x07,522
0x57,0x08,566
0x57,0x09,488
0x57,0x0a,524
0x57,0x0b,514
0x57,0x0c,512
0x57,0x0d,510
0x57,0x0e,512
0x57,0x0f,492
0x57,0x10,510
0x57,0x11,524
0x57,0x12,472
0x57,0x13,494
0x57,0x14,588
0x57,0x15,486
0x57,0x16,468
0x57,0x17,526
0x57,0x18,528
0x57,0x19,510
0x57,0x1a,510
0x57,0x1b,488
0x57,0x1c,466
0x57,0x1d,580
0x57,0x1e,560
0x57,0x1f,500
0x57,0x20,488
0x57,0x21,480
0x57,0x22,540
0x57,0x23,478
0x57,0x24,828
0x57,0x25,450
0x57,0x26,596
0x57,0x27,526
0x57,0x28,478
0x57,0x29,474
0x57,0x2a,504
0x57,0x2b,482
0x57,0x2c,548
0x57,0x2d,514
0x57,0x2e,488
0x57,0x2f,488
0x57,0x30,388
0x57,0x31,448
0x57,0x32,566
0x57,0x33,508
0x57,0x34,502
0x57,0x35,480
0x57,0x36,462
0x57,0x37,486
0x57,0x38,550
0x57,0x39,528
0x57,0x3a,562
0x57,0x3b,510
0x57,0x3c,474
0x57,0x3d,536
0x57,0x3e,526
0x57,0x3f,510
0x57,0x40,458
0x57,0x41,486
0x57,0x42,518
0x57,0x43,480
0x57,0x44,516
0x57,0x45,478
0x57,0x46,522
0x57,0x47,500
0x57,0x48,494
0x57,0x49,494
0x57,0x4a,514
0x57,0x4b,476
0x57,0x4c,568
0x57,0x4d,536
0x57,0x4e,510
0x57,0x4f,472
0x57,0x50,520
0x57,0x51,516
0x57,0x52,480
0x57,0x53,516
0x57,0x54,526
0x57,0x55,498
0x57,0x56,506
0x57,0x57,518
0x57,0x58,500
0x57,0x59,504
0x57,0x5a,568
0x57,0x5b,482
0x57,0x5c,462
0x57,0x5d,492
0x57,0x5e,516
0x57,0x5f,540
0x57,0x60,546
0x57,0x61,556
0x57,0x62,526
0x57,0x63,550
0x57,0x64,500
0x57,0x65,498
0x57,0x66,492
0x57,0x67,504
0x57,0x68,550
0x57,0x69,584
0x57,0x6a,538
0x57,0x6b,522
0x57,0x6c,502
0x57,0x6d,500
0x57,0x6e,512
0x57,0x6f,500
0x57,0x70,516
0x57,0x71,524
0x57,0x72,514
0x57,0x73,488
0x57,0x74,556
0x57,0x75,498
0x57,0x76,580
0x57,0x77,504
0x57,0x78,500
0x57,0x79,534
0x57,0x7a,516
0x57,0x7b,540
0x57,0x7c,496
0x57,0x7d,552
0x57,0x7e,532
0x57,0x7f,494
0x57,0x80,500
0x57,0x81,486
0x57,0x82,506
0x57,0x83,550
0x57,0x84,490
0x57,0x85,502
0x57,0x86,548
0x57,0x87,522
0x57,0x88,532
0x57,0x89,552
0x57,0x8a,502
0x57,0x8b,480
0x57,0x8c,554
0x57,0x8d,508
0x57,0x8e,494
0x57,0x8f,518
0x57,0x90,540
0x57,0x91,532
0x57,0x92,464
0x57,0x93,510
0x57,0x94,508
0x57,0x95,498
0x57,0x96,488
0x57,0x97,496
0x57,0x98,500
0x57,0x99,534
0x57,0x9a,508
0x57,0x9b,520
0x57,0x9c,528
0x57,0x9d,490
0x57,0x9e,514
0x57,0x9f,488
0x57,0xa0,518
0x57,0xa1,542
0x57,0xa2,512
0x57,0xa3,512
0x57,0xa4,532
0x57,0xa5,554
0x57,0xa6,556
0x57,0xa7,528
0x57,0xa8,472
0x57,0xa9,484
0x57,0xaa,536
0x57,0xab,504
0x57,0xac,506
0x57,0xad,516
0x57,0xae,502
0x57,0xaf,482
0x57,0xb0,490
0x57,0xb1,500
0x57,0xb2,514
0x57,0xb3,478
0x57,0xb4,648
0x57,0xb5,570
0x57,0xb6,458
0x57,0xb7,524
0x57,0xb8,486
0x57,0xb9,514
0x57,0xba,538
0x57,0xbb,510
0x57,0xbc,538
0x57,0xbd,510
0x57,0xbe,484
0x57,0xbf,508
0x57,0xc0,530
0x57,0xc1,516
0x57,0xc2,484
0x57,0xc3,512
0x57,0xc4,496
0x57,0xc5,496
0x57,0xc6,502
0x57,0xc7,498
0x57,0xc8,520
0x57,0xc9,504
0x57,0xca,506
0x57,0xcb,538
0x57,0xcc,478
0x57,0xcd,500
0x57,0xce,504
0x57,0xcf,538
0x57,0xd0,500
0x57,0xd1,470
0x57,0xd2,470
0x57,0xd3,522
0x57,0xd4,520
0x57,0xd5,548
0x57,0xd6,488
0x57,0xd7,536
0x57,0xd8,506
0x57,0xd9,494
0x57,0xda,496
0x57,0xdb,496
0x57,0xdc,490
0x57,0xdd,522
0x57,0xde,532
0x57,0xdf,540
0x57,0xe0,542
0x57,0xe1,524
0x57,0xe2,556
0x57,0xe3,524
0x57,0xe4,528
0x57,0xe5,522
0x57,0xe6,494
0x57,0xe7,504
0x57,0xe8,526
0x57,0xe9,508
0x57,0xea,522
0x57,0xeb,488
0x57,0xec,512
0x57,0xed,496
0x57,0xee,542
0x57,0xef,506
0x57,0xf0,518
0x57,0xf1,508
0x57,0xf2,492
0x57,0xf3,548
0x57,0xf4,490
0x57,0xf5,506
0x57,0xf6,538
0x57,0xf7,480
0x57,0xf8,516
0x57,0xf9,536
0x57,0xfa,542
0x57,0xfb,504
0x57,0xfc,488
0x57,0xfd,538
0x57,0xfe,514
0x57,0xff,504
0x58,0x00,256
0x58,0x01,474
0x58,0x02,480
0x58,0x03,488
0x58,0x04,478
0x58,0x05,504
0x58,0x06,502
0x58,0x07,518
0x58,0x08,508
0x58,0x09,536
0x58,0x0a,544
0x58,0x0b,526
0x58,0x0c,488
0x58,0x0d,508
0x58,0x0e,480
0x58,0x0f,474
0x58,0x10,478
0x58,0x11,484
0x58,0x12,444
0x58,0x13,514
0x58,0x14,676
0x58,0x15,522
0x58,0x16,504
0x58,0x17,490
0x58,0x18,528
0x58,0x19,506
0x58,0x1a,550
0x58,0x1b,502
0x58,0x1c,518
0x58,0x1d,512
0x58,0x1e,530
0x58,0x1f,514
0x58,0x20,492
0x58,0x21,524
0x58,0x22,462
0x58,0x23,528
0x58,0x24,398
0x58,0x25,502
0x58,0x26,396
0x58,0x27,562
0x58,0x28,488
0x58,0x29,472
0x58,0x2a,538
0x58,0x2b,512
0x58,0x2c,512
0x58,0x2d,544
0x58,0x2e,490
0x58,0x2f,508
0x58,0x30,444
0x58,0x31,504
0x58,0x32,496
0x58,0x33,516
0x58,0x34,468
0x58,0x35,472
0x58,0x36,494
0x58,0x37,518
0x58,0x38,502
0x58,0x39,506
0x58,0x3a,530
0x58,0x3b,494
0x58,0x3c,506
0x58,0x3d,530
0x58,0x3e,506
0x58,0x3f,490
0x58,0x40,486
0x58,0x41,520
0x58,0x42,538
0x58,0x43,520
0x58,0x44,576
0x58,0x45,472
0x58,0x46,476
0x58,0x47,500
0x58,0x48,528
0x58,0x49,504
0x58,0x4a,520
0x58,0x4b,490
0x58,0x4c,474
0x58,0x4d,518
0x58,0x4e,542
0x58,0x4f,574
0x58,0x50,516
0x58,0x51,506
0x58,0x52,524
0x58,0x53,494
0x58,0x54,514
0x58,0x55,524
0x58,0x56,540
0x58,0x57,514
0x58,0x58,498
0x58,0x59,480
0x58,0x5a,450
0x58,0x5b,494
0x58,0x5c,516
0x58,0x5d,492
0x58,0x5e,520
0x58,0x5f,496
0x58,0x60,454
0x58,0x61,502
0x58,0x62,492
0x58,0x63,506
0x58,0x64,518
0x58,0x65,506
0x58,0x66,496
0x58,0x67,496
0x58,0x68,518
0x58,0x69,482
0x58,0x6a,490
0x58,0x6b,482
0x58,0x6c,518
0x58,0x6d,482
0x58,0x6e,558
0x58,0x6f,534
0x58,0x70,502
0x58,0x71,490
0x58,0x72,548
0x58,0x73,522
0x58,0x74,502
0x58,0x75,518
0x58,0x76,500
0x58,0x77,502
0x58,0x78,544
0x58,0x79,528
0x58,0x7a,474
0x58,0x7b,544
0x58,0x7c,504
0x58,0x7d,486
0x58,0x7e,538
0x58,0x7f,528
0x58,0x80,508
0x58,0x81,484
0x58,0x82,490
0x58,0x83,482
0x58,0x84,528
0x58,0x85,518
0x58,0x86,466
0x58,0x87,488
0x58,0x88,564
0x58,0x89,516
0x58,0x8a,486
0x58,0x8b,564
0x58,0x8c,522
0x58,0x8d,484
0x58,0x8e,500
0x58,0x8f,522
0x58,0x90,526
0x58,0x91,490
0x58,0x92,542
0x58,0x93,528
0x58,0x94,506
0x58,0x95,488
0x58,0x96,532
0x58,0x97,494
0x58,0x98,534
0x58,0x99,544
0x58,0x9a,492
0x58,0x9b,514
0x58,0x9c,520
0x58,0x9d,572
0x58,0x9e,542
0x58,0x9f,506
0x58,0xa0,522
0x58,0xa1,512
0x58,0xa2,482
0x58,0xa3,480
0x58,0xa4,550
0x58,0xa5,540
0x58,0xa6,502
0x58,0xa7,482
0x58,0xa8,476
0x58,0xa9,454
0x58,0xaa,480
0x58,0xab,484
0x58,0xac,470
0x58,0xad,506
0x58,0xae,562
0x58,0xaf,510
0x58,0xb0,496
0x58,0xb1,514
0x58,0xb2,504
0x58,0xb3,506
0x58,0xb4,460
0x58,0xb5,492
0x58,0xb6,536
0x58,0xb7,466
0x58,0xb8,510
0x58,0xb9,506
0x58,0xba,512
0x58,0xbb,540
0x58,0xbc,534
0x58,0xbd,496
0x58,0xbe,490
0x58,0xbf,512
0x58,0xc0,516
0x58,0xc1,520
0x58,0xc2,524
0x58,0xc3,506
0x58,0xc4,508
0x58,0xc5,496
0x58,0xc6,526
0x58,0xc7,528
0x58,0xc8,580
0x58,0xc9,526
0x58,0xca,508
0x58,0xcb,498
0x58,0xcc,546
0x58,0xcd,532
0x58,0xce,514
0x58,0xcf,478
0x58,0xd0,496
0x58,0xd1,496
0x58,0xd2,514
0x58,0xd3,510
0x58,0xd4,492
0x58,0xd5,560
0x58,0xd6,590
0x58,0xd7,640
0x58,0xd8,482
0x58,0xd9,496
0x58,0xda,470
0x58,0xdb,486
0x58,0xdc,608
0x58,0xdd,516
0x58,0xde,452
0x58,0xdf,468
0x58,0xe0,494
0x58,0xe1,468
0x58,0xe2,482
0x58,0xe3,484
0x58,0xe4,522
0x58,0xe5,524
0x58,0xe6,496
0x58,0xe7,480
0x58,0xe8,520
0x58,0xe9,506
0x58,0xea,490
0x58,0xeb,520
0x58,0xec,518
0x58,0xed,516
0x58,0xee,494
0x58,0xef,528
0x58,0xf0,502
0x58,0xf1,526
0x58,0xf2,526
0x58,0xf3,476
0x58,0xf4,524
0x58,0xf5,456
0x58,0xf6,484
0x58,0xf7,502
0x58,0xf8,552
0x58,0xf9,540
0x58,0xfa,496
0x58,0xfb,526
0x58,0xfc,494
0x58,0xfd,496
0x58,0xfe,514
0x58,0xff,532
0x59,0x00,256
0x59,0x01,532
0x59,0x02,450
0x59,0x03,496
0x59,0x04,484
0x59,0x05,484
0x59,0x06,468
0x59,0x07,534
0x59,0x08,472
0x59,0x09,476
0x59,0x0a,544
0x59,0x0b,518
0x59,0x0c,512
0x59,0x0d,526
0x59,0x0e,460
0x59,0x0f,482
0x59,0x10,484
0x59,0x11,484
0x59,0x12,528
0x59,0x13,478
0x59,0x14,458
0x59,0x15,502
0x59,0x16,494
0x59,0x17,506
0x59,0x18,480
0x59,0x19,508
0x59,0x1a,542
0x59,0x1b,482
0x59,0x1c,504
0x59,0x1d,496
0x59,0x1e,502
0x59,0x1f,516
0x59,0x20,512
0x59,0x21,518
0x59,0x22,504
0x59,0x23,528
0x59,0x24,410
0x59,0x25,592
0x59,0x26,378
0x59,0x27,528
0x59,0x28,484
0x59,0x29,534
0x59,0x2a,480
0x59,0x2b,486
0x59,0x2c,470
0x59,0x2d,508
0x59,0x2e,530
0x59,0x2f,588
0x59,0x30,434
0x59,0x31,468
0x59,0x32,484
0x59,0x33,516
0x59,0x34,476
0x59,0x35,456
0x59,0x36,440
0x59,0x37,536
0x59,0x38,506
0x59,0x39,518
0x59,0x3a,486
0x59,0x3b,506
0x59,0x3c,472
0x59,0x3d,478
0x59,0x3e,492
0x59,0x3f,522
0x59,0x40,514
0x59,0x41,480
0x59,0x42,468
0x59,0x43,494
0x59,0x44,514
0x59,0x45,542
0x59,0x46,502
0x59,0x47,524
0x59,0x48,490
0x59,0x49,480
0x59,0x4a,504
0x59,0x4b,526
0x59,0x4c,508
0x59,0x4d,520
0x59,0x4e,508
0x59,0x4f,582
0x59,0x50,472
0x59,0x51,518
0x59,0x52,498
0x59,0x53,544
0x59,0x54,548
0x59,0x55,478
0x59,0x56,498
0x59,0x57,506
0x59,0x58,478
0x59,0x59,500
0x59,0x5a,492
0x59,0x5b,492
0x59,0x5c,538
0x59,0x5d,542
0x59,0x5e,514
0x59,0x5f,512
0x59,0x60,494
0x59,0x61,566
0x59,0x62,546
0x59,0x63,486
0x59,0x64,504
0x59,0x65,524
0x59,0x66,470
0x59,0x67,520
0x59,0x68,498
0x59,0x69,496
0x59,0x6a,558
0x59,0x6b,488
0x59,0x6c,490
0x59,0x6d,468
0x59,0x6e,488
0x59,0x6f,490
0x59,0x70,490
0x59,0x71,480
0x59,0x72,494
0x59,0x73,496
0x59,0x74,492
0x59,0x75,488
0x59,0x76,498
0x59,0x77,490
0x59,0x78,512
0x59,0x79,496
0x59,0x7a,502
0x59,0x7b,470
0x59,0x7c,534
0x59,0x7d,498
0x59,0x7e,510
0x59,0x7f,524
0x59,0x80,506
0x59,0x81,480
0x59,0x82,518
0x59,0x83,482
0x59,0x84,528
0x59,0x85,548
0x59,0x86,524
0x59,0x87,524
0x59,0x88,484
0x59,0x89,488
0x59,0x8a,488
0x59,0x8b,538
0x59,0x8c,528
0x59,0x8d,514
0x59,0x8e,528
0x59,0x8f,518
0x59,0x90,496
0x59,0x91,524
0x59,0x92,610
0x59,0x93,456
0x59,0x94,472
0x59,0x95,488
0x59,0x96,466
0x59,0x97,504
0x59,0x98,566
0x59,0x99,518
0x59,0x9a,512
0x59,0x9b,504
0x59,0x9c,504
0x59,0x9d,534
0x59,0x9e,492
0x59,0x9f,460
0x59,0xa0,492
0x59,0xa1,522
0x59,0xa2,474
0x59,0xa3,480
0x59,0xa4,524
0x59,0xa5,508
0x59,0xa6,514
0x59,0xa7,504
0x59,0xa8,484
0x59,0xa9,506
0x59,0xaa,466
0x59,0xab,514
0x59,0xac,492
0x59,0xad,508
0x59,0xae,490
0x59,0xaf,498
0x59,0xb0,508
0x59,0xb1,484
0x59,0xb2,516
0x59,0xb3,476
0x59,0xb4,458
0x59,0xb5,486
0x59,0xb6,530
0x59,0xb7,536
0x59,0xb8,472
0x59,0xb9,508
0x59,0xba,494
0x59,0xbb,456
0x59,0xbc,512
0x59,0xbd,480
0x59,0xbe,526
0x59,0xbf,528
0x59,0xc0,482
0x59,0xc1,490
0x59,0xc2,512
0x59,0xc3,544
0x59,0xc4,508
0x59,0xc5,512
0x59,0xc6,520
0x59,0xc7,482
0x59,0xc8,538
0x59,0xc9,488
0x59,0xca,516
0x59,0xcb,530
0x59,0xcc,504
0x59,0xcd,526
0x59,0xce,538
0x59,0xcf,512
0x59,0xd0,514
0x59,0xd1,472
0x59,0xd2,536
0x59,0xd3,496
0x59,0xd4,470
0x59,0xd5,502
0x59,0xd6,574
0x59,0xd7,520
0x59,0xd8,524
0x59,0xd9,534
0x59,0xda,508
0x59,0xdb,530
0x59,0xdc,584
0x59,0xdd,544
0x59,0xde,502
0x59,0xdf,496
0x59,0xe0,534
0x59,0xe1,508
0x59,0xe2,498
0x59,0xe3,518
0x59,0xe4,508
0x59,0xe5,484
0x59,0xe6,514
0x59,0xe7,484
0x59,0xe8,474
0x59,0xe9,498
0x59,0xea,492
0x59,0xeb,506
0x59,0xec,470
0x59,0xed,522
0x59,0xee,506
0x59,0xef,472
0x59,0xf0,472
0x59,0xf1,496
0x59,0xf2,548
0x59,0xf3,562
0x59,0xf4,498
0x59,0xf5,494
0x59,0xf6,536
0x59,0xf7,472
0x59,0xf8,538
0x59,0xf9,484
0x59,0xfa,510
0x59,0xfb,488
0x59,0xfc,492
0x59,0xfd,468
0x59,0xfe,488
0x59,0xff,490
0x5a,0x00,256
0x5a,0x01,486
0x5a,0x02,512
0x5a,0x03,532
0x5a,0x04,546
0x5a,0x05,528
0x5a,0x06,500
0x5a,0x07,524
0x5a,0x08,542
0x5a,0x09,512
0x5a,0x0a,482
0x5a,0x0b,476
0x5a,0x0c,528
0x5a,0x0d,534
0x5a,0x0e,510
0x5a,0x0f,496
0x5a,0x10,514
0x5a,0x11,510
0x5a,0x12,456
0x5a,0x13,488
0x5a,0x14,538
0x5a,0x15,514
0x5a,0x16,486
0x5a,0x17,546
0x5a,0x18,480
0x5a,0x19,504
0x5a,0x1a,510
0x5a,0x1b,538
0x5a,0x1c,534
0x5a,0x1d,478
0x5a,0x1e,500
0x5a,0x1f,474
0x5a,0x20,576
0x5a,0x21,532
0x5a,0x22,462
0x5a,0x23,502
0x5a,0x24,430
0x5a,0x25,516
0x5a,0x26,536
0x5a,0x27,482
0x5a,0x28,474
0x5a,0x29,506
0x5a,0x2a,532
0x5a,0x2b,510
0x5a,0x2c,492
0x5a,0x2d,512
0x5a,0x2e,474
0x5a,0x2f,528
0x5a,0x30,554
0x5a,0x31,530
0x5a,0x32,498
0x5a,0x33,572
0x5a,0x34,528
0x5a,0x35,496
0x5a,0x36,542
0x5a,0x37,490
0x5a,0x38,506
0x5a,0x39,508
0x5a,0x3a,500
0x5a,0x3b,476
0x5a,0x3c,524
0x5a,0x3d,520
0x5a,0x3e,504
0x5a,0x3f,440
0x5a,0x40,530
0x5a,0x41,514
0x5a,0x42,490
0x5a,0x43,484
0x5a,0x44,474
0x5a,0x45,490
0x5a,0x46,520
0x5a,0x47,588
0x5a,0x48,464
0x5a,0x49,514
0x5a,0x4a,470
0x5a,0x4b,536
0x5a,0x4c,512
0x5a,0x4d,518
0x5a,0x4e,552
0x5a,0x4f,504
0x5a,0x50,472
0x5a,0x51,504
0x5a,0x52,506
0x5a,0x53,494
0x5a,0x54,536
0x5a,0x55,488
0x5a,0x56,524
0x5a,0x57,490
0x5a,0x58,504
0x5a,0x59,496
0x5a,0x5a,512
0x5a,0x5b,518
0x5a,0x5c,498
0x5a,0x5d,494
0x5a,0x5e,520
0x5a,0x5f,510
0x5a,0x60,496
0x5a,0x61,516
0x5a,0x62,478
0x5a,0x63,486
0x5a,0x64,530
0x5a,0x65,506
0x5a,0x66,474
0x5a,0x67,502
0x5a,0x68,474
0x5a,0x69,496
0x5a,0x6a,492
0x5a,0x6b,452
0x5a,0x6c,520
0x5a,0x6d,490
0x5a,0x6e,478
0x5a,0x6f,482
0x5a,0x70,520
0x5a,0x71,550
0x5a,0x72,510
0x5a,0x73,476
0x5a,0x74,504
0x5a,0x75,506
0x5a,0x76,506
0x5a,0x77,514
0x5a,0x78,486
0x5a,0x79,512
0x5a,0x7a,530
0x5a,0x7b,526
0x5a,0x7c,520
0x5a,0x7d,524
0x5a,0x7e,474
0x5a,0x7f,524
0x5a,0x80,450
0x5a,0x81,480
0x5a,0x82,498
0x5a,0x83,496
0x5a,0x84,510
0x5a,0x85,466
0x5a,0x86,484
0x5a,0x87,546
0x5a,0x88,502
0x5a,0x89,510
0x5a,0x8a,510
0x5a,0x8b,502
0x5a,0x8c,492
0x5a,0x8d,544
0x5a,0x8e,540
0x5a,0x8f,544
0x5a,0x90,518
0x5a,0x91,522
0x5a,0x92,454
0x5a,0x93,522
0x5a,0x94,526
0x5a,0x95,510
0x5a,0x96,476
0x5a,0x97,544
0x5a,0x98,538
0x5a,0x99,528
0x5a,0x9a,508
0x5a,0x9b,484
0x5a,0x9c,522
0x5a,0x9d,520
0x5a,0x9e,518
0x5a,0x9f,488
0x5a,0xa0,530
0x5a,0xa1,562
0x5a,0xa2,554
0x5a,0xa3,524
0x5a,0xa4,496
0x5a,0xa5,502
0x5a,0xa6,526
0x5a,0xa7,496
0x5a,0xa8,510
0x5a,0xa9,532
0x5a,0xaa,492
0x5a,0xab,528
0x5a,0xac,496
0x5a,0xad,544
0x5a,0xae,484
0x5a,0xaf,494
0x5a,0xb0,472
0x5a,0xb1,498
0x5a,0xb2,466
0x5a,0xb3,510
0x5a,0xb4,528
0x5a,0xb5,534
0x5a,0xb6,488
0x5a,0xb7,474
0x5a,0xb8,526
0x5a,0xb9,484
0x5a,0xba,474
0x5a,0xbb,484
0x5a,0xbc,490
0x5a,0xbd,522
0x5a,0xbe,512
0x5a,0xbf,500
0x5a,0xc0,482
0x5a,0xc1,516
0x5a,0xc2,482
0x5a,0xc3,506
0x5a,0xc4,512
0x5a,0xc5,516
0x5a,0xc6,532
0x5a,0xc7,494
0x5a,0xc8,496
0x5a,0xc9,482
0x5a,0xca,508
0x5a,0xcb,514
0x5a,0xcc,478
0x5a,0xcd,480
0x5a,0xce,512
0x5a,0xcf,492
0x5a,0xd0,550
0x5a,0xd1,476
0x5a,0xd2,512
0x5a,0xd3,482
0x5a,0xd4,520
0x5a,0xd5,524
0x5a,0xd6,548
0x5a,0xd7,496
0x5a,0xd8,518
0x5a,0xd9,542
0x5a,0xda,492
0x5a,0xdb,516
0x5a,0xdc,522
0x5a,0xdd,480
0x5a,0xde,536
0x5a,0xdf,514
0x5a,0xe0,516
0x5a,0xe1,510
0x5a,0xe2,532
0x5a,0xe3,518
0x5a,0xe4,524
0x5a,0xe5,502
0x5a,0xe6,546
0x5a,0xe7,494
0x5a,0xe8,510
0x5a,0xe9,478
0x5a,0xea,472
0x5a,0xeb,528
0x5a,0xec,540
0x5a,0xed,514
0x5a,0xee,526
0x5a,0xef,546
0x5a,0xf0,576
0x5a,0xf1,528
0x5a,0xf2,514
0x5a,0xf3,478
0x5a,0xf4,484
0x5a,0xf5,512
0x5a,0xf6,516
0x5a,0xf7,504
0x5a,0xf8,498
0x5a,0xf9,490
0x5a,0xfa,554
0x5a,0xfb,492
0x5a,0xfc,482
0x5a,0xfd,508
0x5a,0xfe,494
0x5a,0xff,490
0x5b,0x00,256
0x5b,0x01,454
0x5b,0x02,452
0x5b,0x03,480
0x5b,0x04,490
0x5b,0x05,492
0x5b,0x06,500
0x5b,0x07,470
0x5b,0x08,506
0x5b,0x09,474
0x5b,0x0a,504
0x5b,0x0b,490
0x5b,0x0c,504
0x5b,0x0d,512
0x5b,0x0e,504
0x5b,0x0f,524
0x5b,0x10,474
0x5b,0x11,516
0x5b,0x12,450
0x5b,0x13,526
0x5b,0x14,536
0x5b,0x15,574
0x5b,0x16,512
0x5b,0x17,538
0x5b,0x18,532
0x5b,0x19,488
0x5b,0x1a,496
0x5b,0x1b,478
0x5b,0x1c,474
0x5b,0x1d,476
0x5b,0x1e,534
0x5b,0x1f,494
0x5b,0x20,480
0x5b,0x21,526
0x5b,0x22,488
0x5b,0x23,502
0x5b,0x24,572
0x5b,0x25,552
0x5b,0x26,476
0x5b,0x27,456
0x5b,0x28,520
0x5b,0x29,464
0x5b,0x2a,498
0x5b,0x2b,496
0x5b,0x2c,540
0x5b,0x2d,514
0x5b,0x2e,496
0x5b,0x2f,560
0x5b,0x30,442
0x5b,0x31,520
0x5b,0x32,506
0x5b,0x33,512
0x5b,0x34,486
0x5b,0x35,512
0x5b,0x36,430
0x5b,0x37,510
0x5b,0x38,508
0x5b,0x39,492
0x5b,0x3a,536
0x5b,0x3b,518
0x5b,0x3c,484
0x5b,0x3d,534
0x5b,0x3e,478
0x5b,0x3f,512
0x5b,0x40,498
0x5b,0x41,494
0x5b,0x42,484
0x5b,0x43,500
0x5b,0x44,488
0x5b,0x45,494
0x5b,0x46,544
0x5b,0x47,512
0x5b,0x48,512
0x5b,0x49,506
0x5b,0x4a,542
0x5b,0x4b,496
0x5b,0x4c,490
0x5b,0x4d,530
0x5b,0x4e,482
0x5b,0x4f,494
0x5b,0x50,514
0x5b,0x51,502
0x5b,0x52,566
0x5b,0x53,504
0x5b,0x54,540
0x5b,0x55,496
0x5b,0x56,500
0x5b,0x57,462
0x5b,0x58,474
0x5b,0x59,494
0x5b,0x5a,504
0x5b,0x5b,566
0x5b,0x5c,512
0x5b,0x5d,516
0x5b,0x5e,494
0x5b,0x5f,484
0x5b,0x60,464
0x5b,0x61,470
0x5b,0x62,546
0x5b,0x63,532
0x5b,0x64,558
0x5b,0x65,514
0x5b,0x66,520
0x5b,0x67,518
0x5b,0x68,526
0x5b,0x69,502
0x5b,0x6a,480
0x5b,0x6b,498
0x5b,0x6c,506
0x5b,0x6d,480
0x5b,0x6e,538
0x5b,0x6f,512
0x5b,0x70,534
0x5b,0x71,524
0x5b,0x72,532
0x5b,0x73,540
0x5b,0x74,530
0x5b,0x75,482
0x5b,0x76,516
0x5b,0x77,524
0x5b,0x78,534
0x5b,0x79,526
0x5b,0x7a,488
0x5b,0x7b,526
0x5b,0x7c,492
0x5b,0x7d,486
0x5b,0x7e,470
0x5b,0x7f,508
0x5b,0x80,534
0x5b,0x81,514
0x5b,0x82,482
0x5b,0x83,500
0x5b,0x84,498
0x5b,0x85,516
0x5b,0x86,526
0x5b,0x87,514
0x5b,0x88,532
0x5b,0x89,510
0x5b,0x8a,526
0x5b,0x8b,474
0x5b,0x8c,530
0x5b,0x8d,522
0x5b,0x8e,494
0x5b,0x8f,472
0x5b,0x90,540
0x5b,0x91,482
0x5b,0x92,484
0x5b,0x93,486
0x5b,0x94,530
0x5b,0x95,516
0x5b,0x96,490
0x5b,0x97,508
0x5b,0x98,500
0x5b,0x99,546
0x5b,0x9a,486
0x5b,0x9b,534
0x5b,0x9c,518
0x5b,0x9d,504
0x5b,0x9e,516
0x5b,0x9f,488
0x5b,0xa0,490
0x5b,0xa1,490
0x5b,0xa2,516
0x5b,0xa3,512
0x5b,0xa4,500
0x5b,0xa5,476
0x5b,0xa6,482
0x5b,0xa7,522
0x5b,0xa8,520
0x5b,0xa9,542
0x5b,0xaa,484
0x5b,0xab,494
0x5b,0xac,522
0x5b,0xad,520
0x5b,0xae,484
0x5b,0xaf,530
0x5b,0xb0,482
0x5b,0xb1,546
0x5b,0xb2,510
0x5b,0xb3,536
0x5b,0xb4,512
0x5b,0xb5,468
0x5b,0xb6,486
0x5b,0xb7,522
0x5b,0xb8,528
0x5b,0xb9,454
0x5b,0xba,590
0x5b,0xbb,488
0x5b,0xbc,540
0x5b,0xbd,498
0x5b,0xbe,514
0x5b,0xbf,542
0x5b,0xc0,548
0x5b,0xc1,484
0x5b,0xc2,508
0x5b,0xc3,518
0x5b,0xc4,486
0x5b,0xc5,522
0x5b,0xc6,488
0x5b,0xc7,536
0x5b,0xc8,502
0x5b,0xc9,514
0x5b,0xca,560
0x5b,0xcb,514
0x5b,0xcc,472
0x5b,0xcd,512
0x5b,0xce,506
0x5b,0xcf,488
0x5b,0xd0,510
0x5b,0xd1,562
0x5b,0xd2,526
0x5b,0xd3,484
0x5b,0xd4,540
0x5b,0xd5,530
0x5b,0xd6,530
0x5b,0xd7,498
0x5b,0xd8,496
0x5b,0xd9,596
0x5b,0xda,470
0x5b,0xdb,486
0x5b,0xdc,506
0x5b,0xdd,534
0x5b,0xde,504
0x5b,0xdf,506
0x5b,0xe0,496
0x5b,0xe1,496
0x5b,0xe2,500
0x5b,0xe3,560
0x5b,0xe4,502
0x5b,0xe5,474
0x5b,0xe6,484
0x5b,0xe7,504
0x5b,0xe8,522
0x5b,0xe9,510
0x5b,0xea,512
0x5b,0xeb,516
0x5b,0xec,518
0x5b,0xed,488
0x5b,0xee,514
0x5b,0xef,508
0x5b,0xf0,508
0x5b,0xf1,512
0x5b,0xf2,552
0x5b,0xf3,512
0x5b,0xf4,564
0x5b,0xf5,494
0x5b,0xf6,530
0x5b,0xf7,480
0x5b,0xf8,518
0x5b,0xf9,544
0x5b,0xfa,516
0x5b,0xfb,540
0x5b,0xfc,508
0x5b,0xfd,500
0x5b,0xfe,486
0x5b,0xff,492
0x5c,0x00,256
0x5c,0x01,490
0x5c,0x02,490
0x5c,0x03,538
0x5c,0x04,512
0x5c,0x05,504
0x5c,0x06,504
0x5c,0x07,478
0x5c,0x08,532
0x5c,0x09,494
0x5c,0x0a,516
0x5c,0x0b,506
0x5c,0x0c,524
0x5c,0x0d,522
0x5c,0x0e,490
0x5c,0x0f,482
0x5c,0x10,472
0x5c,0x11,522
0x5c,0x12,450
0x5c,0x13,486
0x5c,0x14,570
0x5c,0x15,502
0x5c,0x16,470
0x5c,0x17,524
0x5c,0x18,460
0x5c,0x19,492
0x5c,0x1a,486
0x5c,0x1b,526
0x5c,0x1c,520
0x5c,0x1d,554
0x5c,0x1e,484
0x5c,0x1f,518
0x5c,0x20,480
0x5c,0x21,488
0x5c,0x22,590
0x5c,0x23,498
0x5c,0x24,832
0x5c,0x25,460
0x5c,0x26,412
0x5c,0x27,482
0x5c,0x28,514
0x5c,0x29,500
0x5c,0x2a,494
0x5c,0x2b,556
0x5c,0x2c,516
0x5c,0x2d,528
0x5c,0x2e,532
0x5c,0x2f,512
0x5c,0x30,776
0x5c,0x31,520
0x5c,0x32,488
0x5c,0x33,492
0x5c,0x34,490
0x5c,0x35,498
0x5c,0x36,452
0x5c,0x37,508
0x5c,0x38,490
0x5c,0x39,518
0x5c,0x3a,488
0x5c,0x3b,522
0x5c,0x3c,526
0x5c,0x3d,512
0x5c,0x3e,464
0x5c,0x3f,478
0x5c,0x40,480
0x5c,0x41,598
0x5c,0x42,504
0x5c,0x43,534
0x5c,0x44,504
0x5c,0x45,534
0x5c,0x46,470
0x5c,0x47,544
0x5c,0x48,504
0x5c,0x49,520
0x5c,0x4a,530
0x5c,0x4b,528
0x5c,0x4c,504
0x5c,0x4d,536
0x5c,0x4e,500
0x5c,0x4f,492
0x5c,0x50,526
0x5c,0x51,536
0x5c,0x52,526
0x5c,0x53,504
0x5c,0x54,502
0x5c,0x55,574
0x5c,0x56,498
0x5c,0x57,528
0x5c,0x58,496
0x5c,0x59,522
0x5c,0x5a,516
0x5c,0x5b,490
0x5c,0x5c,508
0x5c,0x5d,544
0x5c,0x5e,502
0x5c,0x5f,516
0x5c,0x60,532
0x5c,0x61,500
0x5c,0x62,516
0x5c,0x63,488
0x5c,0x64,510
0x5c,0x65,504
0x5c,0x66,562
0x5c,0x67,512
0x5c,0x68,496
0x5c,0x69,454
0x5c,0x6a,522
0x5c,0x6b,510
0x5c,0x6c,556
0x5c,0x6d,534
0x5c,0x6e,518
0x5c,0x6f,516
0x5c,0x70,500
0x5c,0x71,470
0x5c,0x72,518
0x5c,0x73,522
0x5c,0x74,540
0x5c,0x75,506
0x5c,0x76,522
0x5c,0x77,532
0x5c,0x78,496
0x5c,0x79,486
0x5c,0x7a,518
0x5c,0x7b,516
0x5c,0x7c,526
0x5c,0x7d,514
0x5c,0x7e,546
0x5c,0x7f,546
0x5c,0x80,514
0x5c,0x81,496
0x5c,0x82,502
0x5c,0x83,516
0x5c,0x84,504
0x5c,0x85,506
0x5c,0x86,510
0x5c,0x87,526
0x5c,0x88,508
0x5c,0x89,484
0x5c,0x8a,520
0x5c,0x8b,506
0x5c,0x8c,506
0x5c,0x8d,502
0x5c,0x8e,484
0x5c,0x8f,520
0x5c,0x90,472
0x5c,0x91,486
0x5c,0x92,516
0x5c,0x93,510
0x5c,0x94,516
0x5c,0x95,516
0x5c,0x96,544
0x5c,0x97,486
0x5c,0x98,478
0x5c,0x99,534
0x5c,0x9a,488
0x5c,0x9b,528
0x5c,0x9c,480
0x5c,0x9d,502
0x5c,0x9e,528
0x5c,0x9f,502
0x5c,0xa0,500
0x5c,0xa1,534
0x5c,0xa2,536
0x5c,0xa3,534
0x5c,0xa4,516
0x5c,0xa5,508
0x5c,0xa6,472
0x5c,0xa7,474
0x5c,0xa8,506
0x5c,0xa9,696
0x5c,0xaa,526
0x5c,0xab,538
0x5c,0xac,500
0x5c,0xad,490
0x5c,0xae,544
0x5c,0xaf,482
0x5c,0xb0,570
0x5c,0xb1,488
0x5c,0xb2,548
0x5c,0xb3,494
0x5c,0xb4,498
0x5c,0xb5,512
0x5c,0xb6,492
0x5c,0xb7,454
0x5c,0xb8,518
0x5c,0xb9,510
0x5c,0xba,574
0x5c,0xbb,540
0x5c,0xbc,548
0x5c,0xbd,540
0x5c,0xbe,502
0x5c,0xbf,506
0x5c,0xc0,526
0x5c,0xc1,502
0x5c,0xc2,512
0x5c,0xc3,534
0x5c,0xc4,476
0x5c,0xc5,482
0x5c,0xc6,500
0x5c,0xc7,512
0x5c,0xc8,488
0x5c,0xc9,554
0x5c,0xca,514
0x5c,0xcb,500
0x5c,0xcc,512
0x5c,0xcd,522
0x5c,0xce,492
0x5c,0xcf,518
0x5c,0xd0,502
0x5c,0xd1,536
0x5c,0xd2,548
0x5c,0xd3,506
0x5c,0xd4,488
0x5c,0xd5,468
0x5c,0xd6,508
0x5c,0xd7,562
0x5c,0xd8,534
0x5c,0xd9,488
0x5c,0xda,514
0x5c,0xdb,552
0x5c,0xdc,518
0x5c,0xdd,496
0x5c,0xde,500
0x5c,0xdf,476
0x5c,0xe0,472
0x5c,0xe1,520
0x5c,0xe2,496
0x5c,0xe3,520
0x5c,0xe4,520
0x5c,0xe5,488
0x5c,0xe6,504
0x5c,0xe7,558
0x5c,0xe8,512
0x5c,0xe9,556
0x5c,0xea,506
0x5c,0xeb,508
0x5c,0xec,502
0x5c,0xed,562
0x5c,0xee,468
0x5c,0xef,538
0x5c,0xf0,500
0x5c,0xf1,508
0x5c,0xf2,454
0x5c,0xf3,534
0x5c,0xf4,566
0x5c,0xf5,480
0x5c,0xf6,504
0x5c,0xf7,500
0x5c,0xf8,518
0x5c,0xf9,520
0x5c,0xfa,486
0x5c,0xfb,484
0x5c,0xfc,518
0x5c,0xfd,498
0x5c,0xfe,530
0x5c,0xff,578
0x5d,0x00,256
0x5d,0x01,514
0x5d,0x02,550
0x5d,0x03,518
0x5d,0x04,490
0x5d,0x05,498
0x5d,0x06,544
0x5d,0x07,492
0x5d,0x08,540
0x5d,0x09,512
0x5d,0x0a,478
0x5d,0x0b,534
0x5d,0x0c,512
0x5d,0x0d,544
0x5d,0x0e,526
0x5d,0x0f,522
0x5d,0x10,544
0x5d,0x11,494
0x5d,0x12,456
0x5d,0x13,520
0x5d,0x14,484
0x5d,0x15,486
0x5d,0x16,500
0x5d,0x17,506
0x5d,0x18,488
0x5d,0x19,540
0x5d,0x1a,562
0x5d,0x1b,502
0x5d,0x1c,504
0x5d,0x1d,518
0x5d,0x1e,496
0x5d,0x1f,494
0x5d,0x20,504
0x5d,0x21,518
0x5d,0x22,510
0x5d,0x23,516
0x5d,0x24,380
0x5d,0x25,496
0x5d,0x26,552
0x5d,0x27,526
0x5d,0x28,506
0x5d,0x29,496
0x5d,0x2a,496
0x5d,0x2b,552
0x5d,0x2c,512
0x5d,0x2d,500
0x5d,0x2e,470
0x5d,0x2f,460
0x5d,0x30,460
0x5d,0x31,508
0x5d,0x32,488
0x5d,0x33,486
0x5d,0x34,516
0x5d,0x35,520
0x5d,0x36,510
0x5d,0x37,510
0x5d,0x38,516
0x5d,0x39,492
0x5d,0x3a,522
0x5d,0x3b,520
0x5d,0x3c,520
0x5d,0x3d,490
0x5d,0x3e,576
0x5d,0x3f,514
0x5d,0x40,482
0x5d,0x41,536
0x5d,0x42,470
0x5d,0x43,538
0x5d,0x44,512
0x5d,0x45,600
0x5d,0x46,492
0x5d,0x47,528
0x5d,0x48,510
0x5d,0x49,542
0x5d,0x4a,494
0x5d,0x4b,494
0x5d,0x4c,578
0x5d,0x4d,550
0x5d,0x4e,556
0x5d,0x4f,522
0x5d,0x50,496
0x5d,0x51,490
0x5d,0x52,514
0x5d,0x53,498
0x5d,0x54,504
0x5d,0x55,522
0x5d,0x56,542
0x5d,0x57,516
0x5d,0x58,520
0x5d,0x59,516
0x5d,0x5a,524
0x5d,0x5b,488
0x5d,0x5c,548
0x5d,0x5d,520
0x5d,0x5e,506
0x5d,0x5f,506
0x5d,0x60,496
0x5d,0x61,472
0x5d,0x62,518
0x5d,0x63,464
0x5d,0x64,484
0x5d,0x65,532
0x5d,0x66,492
0x5d,0x67,520
0x5d,0x68,518
0x5d,0x69,616
0x5d,0x6a,472
0x5d,0x6b,470
0x5d,0x6c,548
0x5d,0x6d,506
0x5d,0x6e,486
0x5d,0x6f,518
0x5d,0x70,532
0x5d,0x71,530
0x5d,0x72,438
0x5d,0x73,518
0x5d,0x74,542
0x5d,0x75,480
0x5d,0x76,536
0x5d,0x77,534
0x5d,0x78,512
0x5d,0x79,490
0x5d,0x7a,550
0x5d,0x7b,536
0x5d,0x7c,510
0x5d,0x7d,496
0x5d,0x7e,480
0x5d,0x7f,540
0x5d,0x80,514
0x5d,0x81,550
0x5d,0x82,526
0x5d,0x83,492
0x5d,0x84,530
0x5d,0x85,506
0x5d,0x86,474
0x5d,0x87,482
0x5d,0x88,506
0x5d,0x89,572
0x5d,0x8a,502
0x5d,0x8b,482
0x5d,0x8c,524
0x5d,0x8d,544
0x5d,0x8e,518
0x5d,0x8f,540
0x5d,0x90,518
0x5d,0x91,514
0x5d,0x92,492
0x5d,0x93,494
0x5d,0x94,524
0x5d,0x95,516
0x5d,0x96,564
0x5d,0x97,508
0x5d,0x98,524
0x5d,0x99,500
0x5d,0x9a,516
0x5d,0x9b,528
0x5d,0x9c,492
0x5d,0x9d,478
0x5d,0x9e,516
0x5d,0x9f,512
0x5d,0xa0,530
0x5d,0xa1,536
0x5d,0xa2,536
0x5d,0xa3,512
0x5d,0xa4,522
0x5d,0xa5,530
0x5d,0xa6,540
0x5d,0xa7,516
0x5d,0xa8,520
0x5d,0xa9,528
0x5d,0xaa,476
0x5d,0xab,538
0x5d,0xac,574
0x5d,0xad,500
0x5d,0xae,494
0x5d,0xaf,528
0x5d,0xb0,484
0x5d,0xb1,494
0x5d,0xb2,508
0x5d,0xb3,522
0x5d,0xb4,578
0x5d,0xb5,504
0x5d,0xb6,476
0x5d,0xb7,516
0x5d,0xb8,500
0x5d,0xb9,496
0x5d,0xba,500
0x5d,0xbb,540
0x5d,0xbc,478
0x5d,0xbd,498
0x5d,0xbe,508
0x5d,0xbf,484
0x5d,0xc0,532
0x5d,0xc1,504
0x5d,0xc2,508
0x5d,0xc3,506
0x5d,0xc4,512
0x5d,0xc5,520
0x5d,0xc6,472
0x5d,0xc7,534
0x5d,0xc8,472
0x5d,0xc9,480
0x5d,0xca,532
0x5d,0xcb,502
0x5d,0xcc,494
0x5d,0xcd,514
0x5d,0xce,534
0x5d,0xcf,502
0x5d,0xd0,512
0x5d,0xd1,510
0x5d,0xd2,496
0x5d,0xd3,504
0x5d,0xd4,530
0x5d,0xd5,542
0x5d,0xd6,538
0x5d,0xd7,522
0x5d,0xd8,488
0x5d,0xd9,520
0x5d,0xda,512
0x5d,0xdb,504
0x5d,0xdc,548
0x5d,0xdd,494
0x5d,0xde,508
0x5d,0xdf,478
0x5d,0xe0,498
0x5d,0xe1,540
0x5d,0xe2,542
0x5d,0xe3,500
0x5d,0xe4,570
0x5d,0xe5,572
0x5d,0xe6,474
0x5d,0xe7,534
0x5d,0xe8,522
0x5d,0xe9,516
0x5d,0xea,496
0x5d,0xeb,496
0x5d,0xec,480
0x5d,0xed,496
0x5d,0xee,552
0x5d,0xef,488
0x5d,0xf0,520
0x5d,0xf1,494
0x5d,0xf2,490
0x5d,0xf3,510
0x5d,0xf4,542
0x5d,0xf5,514
0x5d,0xf6,532
0x5d,0xf7,482
0x5d,0xf8,498
0x5d,0xf9,512
0x5d,0xfa,502
0x5d,0xfb,518
0x5d,0xfc,566
0x5d,0xfd,480
0x5d,0xfe,536
0x5d,0xff,488
0x5e,0x00,256
0x5e,0x01,498
0x5e,0x02,442
0x5e,0x03,518
0x5e,0x04,468
0x5e,0x05,488
0x5e,0x06,478
0x5e,0x07,500
0x5e,0x08,482
0x5e,0x09,516
0x5e,0x0a,474
0x5e,0x0b,500
0x5e,0x0c,496
0x5e,0x0d,484
0x5e,0x0e,478
0x5e,0x0f,468
0x5e,0x10,492
0x5e,0x11,536
0x5e,0x12,414
0x5e,0x13,484
0x5e,0x14,500
0x5e,0x15,532
0x5e,0x16,466
0x5e,0x17,502
0x5e,0x18,480
0x5e,0x19,482
0x5e,0x1a,496
0x5e,0x1b,510
0x5e,0x1c,514
0x5e,0x1d,530
0x5e,0x1e,518
0x5e,0x1f,506
0x5e,0x20,514
0x5e,0x21,528
0x5e,0x22,498
0x5e,0x23,510
0x5e,0x24,466
0x5e,0x25,474
0x5e,0x26,414
0x5e,0x27,542
0x5e,0x28,486
0x5e,0x29,500
0x5e,0x2a,498
0x5e,0x2b,542
0x5e,0x2c,500
0x5e,0x2d,490
0x5e,0x2e,494
0x5e,0x2f,502
0x5e,0x30,464
0x5e,0x31,540
0x5e,0x32,466
0x5e,0x33,510
0x5e,0x34,476
0x5e,0x35,496
0x5e,0x36,506
0x5e,0x37,530
0x5e,0x38,520
0x5e,0x39,482
0x5e,0x3a,518
0x5e,0x3b,506
0x5e,0x3c,506
0x5e,0x3d,508
0x5e,0x3e,448
0x5e,0x3f,504
0x5e,0x40,504
0x5e,0x41,512
0x5e,0x42,522
0x5e,0x43,534
0x5e,0x44,496
0x5e,0x45,516
0x5e,0x46,524
0x5e,0x47,474
0x5e,0x48,482
0x5e,0x49,502
0x5e,0x4a,528
0x5e,0x4b,488
0x5e,0x4c,574
0x5e,0x4d,474
0x5e,0x4e,494
0x5e,0x4f,516
0x5e,0x50,492
0x5e,0x51,512
0x5e,0x52,514
0x5e,0x53,478
0x5e,0x54,496
0x5e,0x55,484
0x5e,0x56,492
0x5e,0x57,482
0x5e,0x58,560
0x5e,0x59,490
0x5e,0x5a,520
0x5e,0x5b,554
0x5e,0x5c,488
0x5e,0x5d,522
0x5e,0x5e,538
0x5e,0x5f,538
0x5e,0x60,490
0x5e,0x61,528
0x5e,0x62,522
0x5e,0x63,490
0x5e,0x64,486
0x5e,0x65,488
0x5e,0x66,510
0x5e,0x67,458
0x5e,0x68,524
0x5e,0x69,482
0x5e,0x6a,514
0x5e,0x6b,516
0x5e,0x6c,498
0x5e,0x6d,504
0x5e,0x6e,468
0x5e,0x6f,476
0x5e,0x70,536
0x5e,0x71,526
0x5e,0x72,502
0x5e,0x73,486
0x5e,0x74,492
0x5e,0x75,510
0x5e,0x76,558
0x5e,0x77,532
0x5e,0x78,474
0x5e,0x79,502
0x5e,0x7a,490
0x5e,0x7b,496
0x5e,0x7c,530
0x5e,0x7d,542
0x5e,0x7e,480
0x5e,0x7f,504
0x5e,0x80,520
0x5e,0x81,500
0x5e,0x82,504
0x5e,0x83,494
0x5e,0x84,486
0x5e,0x85,490
0x5e,0x86,510
0x5e,0x87,488
0x5e,0x88,514
0x5e,0x89,554
0x5e,0x8a,488
0x5e,0x8b,514
0x5e,0x8c,468
0x5e,0x8d,482
0x5e,0x8e,506
0x5e,0x8f,500
0x5e,0x90,508
0x5e,0x91,498
0x5e,0x92,514
0x5e,0x93,516
0x5e,0x94,522
0x5e,0x95,524
0x5e,0x96,524
0x5e,0x97,554
0x5e,0x98,466
0x5e,0x99,530
0x5e,0x9a,496
0x5e,0x9b,554
0x5e,0x9c,488
0x5e,0x9d,478
0x5e,0x9e,496
0x5e,0x9f,490
0x5e,0xa0,502
0x5e,0xa1,494
0x5e,0xa2,476
0x5e,0xa3,472
0x5e,0xa4,516
0x5e,0xa5,526
0x5e,0xa6,524
0x5e,0xa7,508
0x5e,0xa8,494
0x5e,0xa9,484
0x5e,0xaa,516
0x5e,0xab,532
0x5e,0xac,510
0x5e,0xad,548
0x5e,0xae,518
0x5e,0xaf,514
0x5e,0xb0,490
0x5e,0xb1,500
0x5e,0xb2,472
0x5e,0xb3,476
0x5e,0xb4,544
0x5e,0xb5,458
0x5e,0xb6,532
0x5e,0xb7,476
0x5e,0xb8,468
0x5e,0xb9,538
0x5e,0xba,488
0x5e,0xbb,460
0x5e,0xbc,490
0x5e,0xbd,534
0x5e,0xbe,514
0x5e,0xbf,496
0x5e,0xc0,526
0x5e,0xc1,516
0x5e,0xc2,482
0x5e,0xc3,496
0x5e,0xc4,526
0x5e,0xc5,502
0x5e,0xc6,542
0x5e,0xc7,498
0x5e,0xc8,512
0x5e,0xc9,518
0x5e,0xca,526
0x5e,0xcb,464
0x5e,0xcc,548
0x5e,0xcd,496
0x5e,0xce,518
0x5e,0xcf,498
0x5e,0xd0,464
0x5e,0xd1,504
0x5e,0xd2,538
0x5e,0xd3,548
0x5e,0xd4,534
0x5e,0xd5,522
0x5e,0xd6,480
0x5e,0xd7,488
0x5e,0xd8,476
0x5e,0xd9,496
0x5e,0xda,496
0x5e,0xdb,498
0x5e,0xdc,484
0x5e,0xdd,476
0x5e,0xde,518
0x5e,0xdf,526
0x5e,0xe0,516
0x5e,0xe1,538
0x5e,0xe2,550
0x5e,0xe3,520
0x5e,0xe4,518
0x5e,0xe5,514
0x5e,0xe6,492
0x5e,0xe7,536
0x5e,0xe8,544
0x5e,0xe9,508
0x5e,0xea,498
0x5e,0xeb,480
0x5e,0xec,490
0x5e,0xed,530
0x5e,0xee,506
0x5e,0xef,494
0x5e,0xf0,648
0x5e,0xf1,514
0x5e,0xf2,508
0x5e,0xf3,500
0x5e,0xf4,520
0x5e,0xf5,536
0x5e,0xf6,486
0x5e,0xf7,476
0x5e,0xf8,496
0x5e,0xf9,524
0x5e,0xfa,598
0x5e,0xfb,546
0x5e,0xfc,502
0x5e,0xfd,496
0x5e,0xfe,526
0x5e,0xff,512
0x5f,0x00,256
0x5f,0x01,476
0x5f,0x02,442
0x5f,0x03,510
0x5f,0x04,480
0x5f,0x05,514
0x5f,0x06,488
0x5f,0x07,492
0x5f,0x08,494
0x5f,0x09,558
0x5f,0x0a,482
0x5f,0x0b,518
0x5f,0x0c,482
0x5f,0x0d,536
0x5f,0x0e,526
0x5f,0x0f,554
0x5f,0x10,524
0x5f,0x11,542
0x5f,0x12,470
0x5f,0x13,504
0x5f,0x14,494
0x5f,0x15,514
0x5f,0x16,514
0x5f,0x17,502
0x5f,0x18,510
0x5f,0x19,530
0x5f,0x1a,526
0x5f,0x1b,514
0x5f,0x1c,524
0x5f,0x1d,514
0x5f,0x1e,506
0x5f,0x1f,514
0x5f,0x20,492
0x5f,0x21,496
0x5f,0x22,530
0x5f,0x23,556
0x5f,0x24,430
0x5f,0x25,512
0x5f,0x26,534
0x5f,0x27,556
0x5f,0x28,528
0x5f,0x29,578
0x5f,0x2a,486
0x5f,0x2b,514
0x5f,0x2c,516
0x5f,0x2d,492
0x5f,0x2e,510
0x5f,0x2f,534
0x5f,0x30,550
0x5f,0x31,528
0x5f,0x32,518
0x5f,0x33,464
0x5f,0x34,588
0x5f,0x35,542
0x5f,0x36,502
0x5f,0x37,508
0x5f,0x38,514
0x5f,0x39,522
0x5f,0x3a,514
0x5f,0x3b,602
0x5f,0x3c,472
0x5f,0x3d,522
0x5f,0x3e,532
0x5f,0x3f,516
0x5f,0x40,534
0x5f,0x41,514
0x5f,0x42,572
0x5f,0x43,500
0x5f,0x44,458
0x5f,0x45,570
0x5f,0x46,552
0x5f,0x47,506
0x5f,0x48,536
0x5f,0x49,568
0x5f,0x4a,540
0x5f,0x4b,514
0x5f,0x4c,528
0x5f,0x4d,542
0x5f,0x4e,492
0x5f,0x4f,464
0x5f,0x50,518
0x5f,0x51,590
0x5f,0x52,476
0x5f,0x53,464
0x5f,0x54,508
0x5f,0x55,542
0x5f,0x56,518
0x5f,0x57,500
0x5f,0x58,490
0x5f,0x59,510
0x5f,0x5a,482
0x5f,0x5b,548
0x5f,0x5c,490
0x5f,0x5d,514
0x5f,0x5e,490
0x5f,0x5f,504
0x5f,0x60,496
0x5f,0x61,502
0x5f,0x62,492
0x5f,0x63,520
0x5f,0x64,514
0x5f,0x65,526
0x5f,0x66,532
0x5f,0x67,546
0x5f,0x68,472
0x5f,0x69,484
0x5f,0x6a,480
0x5f,0x6b,496
0x5f,0x6c,516
0x5f,0x6d,564
0x5f,0x6e,524
0x5f,0x6f,496
0x5f,0x70,496
0x5f,0x71,528
0x5f,0x72,506
0x5f,0x73,500
0x5f,0x74,506
0x5f,0x75,490
0x5f,0x76,486
0x5f,0x77,484
0x5f,0x78,502
0x5f,0x79,502
0x5f,0x7a,494
0x5f,0x7b,474
0x5f,0x7c,516
0x5f,0x7d,516
0x5f,0x7e,480
0x5f,0x7f,526
0x5f,0x80,456
0x5f,0x81,528
0x5f,0x82,496
0x5f,0x83,504
0x5f,0x84,488
0x5f,0x85,454
0x5f,0x86,550
0x5f,0x87,468
0x5f,0x88,484
0x5f,0x89,496
0x5f,0x8a,508
0x5f,0x8b,490
0x5f,0x8c,466
0x5f,0x8d,494
0x5f,0x8e,562
0x5f,0x8f,472
0x5f,0x90,492
0x5f,0x91,528
0x5f,0x92,464
0x5f,0x93,532
0x5f,0x94,506
0x5f,0x95,538
0x5f,0x96,588
0x5f,0x97,528
0x5f,0x98,596
0x5f,0x99,460
0x5f,0x9a,572
0x5f,0x9b,516
0x5f,0x9c,490
0x5f,0x9d,574
0x5f,0x9e,524
0x5f,0x9f,550
0x5f,0xa0,544
0x5f,0xa1,462
0x5f,0xa2,588
0x5f,0xa3,576
0x5f,0xa4,518
0x5f,0xa5,504
0x5f,0xa6,512
0x5f,0xa7,490
0x5f,0xa8,640
0x5f,0xa9,550
0x5f,0xaa,518
0x5f,0xab,562
0x5f,0xac,476
0x5f,0xad,534
0x5f,0xae,472
0x5f,0xaf,484
0x5f,0xb0,564
0x5f,0xb1,554
0x5f,0xb2,514
0x5f,0xb3,556
0x5f,0xb4,474
0x5f,0xb5,486
0x5f,0xb6,534
0x5f,0xb7,504
0x5f,0xb8,524
0x5f,0xb9,490
0x5f,0xba,562
0x5f,0xbb,490
0x5f,0xbc,484
0x5f,0xbd,488
0x5f,0xbe,470
0x5f,0xbf,486
0x5f,0xc0,476
0x5f,0xc1,504
0x5f,0xc2,540
0x5f,0xc3,494
0x5f,0xc4,510
0x5f,0xc5,532
0x5f,0xc6,500
0x5f,0xc7,492
0x5f,0xc8,510
0x5f,0xc9,510
0x5f,0xca,484
0x5f,0xcb,518
0x5f,0xcc,474
0x5f,0xcd,494
0x5f,0xce,504
0x5f,0xcf,510
0x5f,0xd0,496
0x5f,0xd1,538
0x5f,0xd2,516
0x5f,0xd3,504
0x5f,0xd4,498
0x5f,0xd5,484
0x5f,0xd6,504
0x5f,0xd7,488
0x5f,0xd8,490
0x5f,0xd9,530
0x5f,0xda,512
0x5f,0xdb,514
0x5f,0xdc,516
0x5f,0xdd,546
0x5f,0xde,536
0x5f,0xdf,466
0x5f,0xe0,468
0x5f,0xe1,468
0x5f,0xe2,498
0x5f,0xe3,534
0x5f,0xe4,506
0x5f,0xe5,506
0x5f,0xe6,594
0x5f,0xe7,522
0x5f,0xe8,524
0x5f,0xe9,536
0x5f,0xea,506
0x5f,0xeb,512
0x5f,0xec,558
0x5f,0xed,622
0x5f,0xee,486
0x5f,0xef,486
0x5f,0xf0,554
0x5f,0xf1,500
0x5f,0xf2,524
0x5f,0xf3,470
0x5f,0xf4,558
0x5f,0xf5,524
0x5f,0xf6,542
0x5f,0xf7,512
0x5f,0xf8,502
0x5f,0xf9,498
0x5f,0xfa,466
0x5f,0xfb,522
0x5f,0xfc,510
0x5f,0xfd,522
0x5f,0xfe,538
0x5f,0xff,550
0x60,0x00,256
0x60,0x01,478
0x60,0x02,534
0x60,0x03,496
0x60,0x04,518
0x60,0x05,544
0x60,0x06,488
0x60,0x07,524
0x60,0x08,524
0x60,0x09,448
0x60,0x0a,496
0x60,0x0b,452
0x60,0x0c,502
0x60,0x0d,514
0x60,0x0e,508
0x60,0x0f,474
0x60,0x10,490
0x60,0x11,502
0x60,0x12,446
0x60,0x13,500
0x60,0x14,496
0x60,0x15,544
0x60,0x16,534
0x60,0x17,460
0x60,0x18,522
0x60,0x19,500
0x60,0x1a,490
0x60,0x1b,500
0x60,0x1c,494
0x60,0x1d,514
0x60,0x1e,540
0x60,0x1f,506
0x60,0x20,506
0x60,0x21,528
0x60,0x22,500
0x60,0x23,502
0x60,0x24,400
0x60,0x25,518
0x60,0x26,522
0x60,0x27,482
0x60,0x28,504
0x60,0x29,486
0x60,0x2a,494
0x60,0x2b,502
0x60,0x2c,480
0x60,0x2d,496
0x60,0x2e,526
0x60,0x2f,532
0x60,0x30,458
0x60,0x31,500
0x60,0x32,472
0x60,0x33,512
0x60,0x34,554
0x60,0x35,486
0x60,0x36,538
0x60,0x37,514
0x60,0x38,508
0x60,0x39,532
0x60,0x3a,472
0x60,0x3b,474
0x60,0x3c,520
0x60,0x3d,496
0x60,0x3e,484
0x60,0x3f,506
0x60,0x40,524
0x60,0x41,510
0x60,0x42,506
0x60,0x43,508
0x60,0x44,462
0x60,0x45,494
0x60,0x46,512
0x60,0x47,500
0x60,0x48,508
0x60,0x49,504
0x60,0x4a,498
0x60,0x4b,482
0x60,0x4c,506
0x60,0x4d,512
0x60,0x4e,500
0x60,0x4f,538
0x60,0x50,492
0x60,0x51,524
0x60,0x52,504
0x60,0x53,482
0x60,0x54,524
0x60,0x55,488
0x60,0x56,508
0x60,0x57,516
0x60,0x58,512
0x60,0x59,472
0x60,0x5a,544
0x60,0x5b,488
0x60,0x5c,540
0x60,0x5d,514
0x60,0x5e,476
0x60,0x5f,490
0x60,0x60,494
0x60,0x61,554
0x60,0x62,518
0x60,0x63,508
0x60,0x64,542
0x60,0x65,520
0x60,0x66,518
0x60,0x67,476
0x60,0x68,458
0x60,0x69,496
0x60,0x6a,526
0x60,0x6b,514
0x60,0x6c,492
0x60,0x6d,536
0x60,0x6e,504
0x60,0x6f,530
0x60,0x70,534
0x60,0x71,530
0x60,0x72,528
0x60,0x73,526
0x60,0x74,520
0x60,0x75,524
0x60,0x76,486
0x60,0x77,476
0x60,0x78,472
0x60,0x79,488
0x60,0x7a,478
0x60,0x7b,486
0x60,0x7c,510
0x60,0x7d,512
0x60,0x7e,510
0x60,0x7f,482
0x60,0x80,506
0x60,0x81,490
0x60,0x82,490
0x60,0x83,506
0x60,0x84,492
0x60,0x85,468
0x60,0x86,536
0x60,0x87,544
0x60,0x88,512
0x60,0x89,514
0x60,0x8a,540
0x60,0x8b,484
0x60,0x8c,512
0x60,0x8d,542
0x60,0x8e,506
0x60,0x8f,510
0x60,0x90,524
0x60,0x91,490
0x60,0x92,498
0x60,0x93,502
0x60,0x94,482
0x60,0x95,520
0x60,0x96,482
0x60,0x97,478
0x60,0x98,478
0x60,0x99,486
0x60,0x9a,550
0x60,0x9b,510
0x60,0x9c,472
0x60,0x9d,490
0x60,0x9e,504
0x60,0x9f,526
0x60,0xa0,494
0x60,0xa1,496
0x60,0xa2,482
0x60,0xa3,486
0x60,0xa4,514
0x60,0xa5,502
0x60,0xa6,476
0x60,0xa7,500
0x60,0xa8,518
0x60,0xa9,510
0x60,0xaa,488
0x60,0xab,480
0x60,0xac,556
0x60,0xad,586
0x60,0xae,480
0x60,0xaf,560
0x60,0xb0,504
0x60,0xb1,472
0x60,0xb2,512
0x60,0xb3,610
0x60,0xb4,512
0x60,0xb5,552
0x60,0xb6,534
0x60,0xb7,564
0x60,0xb8,498
0x60,0xb9,536
0x60,0xba,534
0x60,0xbb,524
0x60,0xbc,496
0x60,0xbd,492
0x60,0xbe,540
0x60,0xbf,512
0x60,0xc0,484
0x60,0xc1,516
0x60,0xc2,520
0x60,0xc3,468
0x60,0xc4,486
0x60,0xc5,506
0x60,0xc6,504
0x60,0xc7,526
0x60,0xc8,510
0x60,0xc9,482
0x60,0xca,502
0x60,0xcb,538
0x60,0xcc,490
0x60,0xcd,496
0x60,0xce,526
0x60,0xcf,492
0x60,0xd0,462
0x60,0xd1,472
0x60,0xd2,554
0x60,0xd3,494
0x60,0xd4,512
0x60,0xd5,504
0x60,0xd6,492
0x60,0xd7,510
0x60,0xd8,516
0x60,0xd9,490
0x60,0xda,478
0x60,0xdb,566
0x60,0xdc,510
0x60,0xdd,560
0x60,0xde,510
0x60,0xdf,504
0x60,0xe0,486
0x60,0xe1,512
0x60,0xe2,486
0x60,0xe3,488
0x60,0xe4,510
0x60,0xe5,516
0x60,0xe6,468
0x60,0xe7,470
0x60,0xe8,524
0x60,0xe9,530
0x60,0xea,532
0x60,0xeb,476
0x60,0xec,546
0x60,0xed,530
0x60,0xee,496
0x60,0xef,488
0x60,0xf0,488
0x60,0xf1,516
0x60,0xf2,522
0x60,0xf3,506
0x60,0xf4,512
0x60,0xf5,508
0x60,0xf6,504
0x60,0xf7,506
0x60,0xf8,512
0x60,0xf9,522
0x60,0xfa,488
0x60,0xfb,522
0x60,0xfc,484
0x60,0xfd,504
0x60,0xfe,480
0x60,0xff,520
0x61,0x00,256
0x61,0x01,490
0x61,0x02,460
0x61,0x03,512
0x61,0x04,524
0x61,0x05,522
0x61,0x06,504
0x61,0x07,498
0x61,0x08,494
0x61,0x09,510
0x61,0x0a,454
0x61,0x0b,514
0x61,0x0c,530
0x61,0x0d,530
0x61,0x0e,502
0x61,0x0f,532
0x61,0x10,518
0x61,0x11,492
0x61,0x12,444
0x61,0x13,508
0x61,0x14,538
0x61,0x15,498
0x61,0x16,448
0x61,0x17,508
0x61,0x18,484
0x61,0x19,558
0x61,0x1a,524
0x61,0x1b,508
0x61,0x1c,536
0x61,0x1d,466
0x61,0x1e,554
0x61,0x1f,526
0x61,0x20,524
0x61,0x21,526
0x61,0x22,598
0x61,0x23,530
0x61,0x24,660
0x61,0x25,506
0x61,0x26,458
0x61,0x27,460
0x61,0x28,512
0x61,0x29,540
0x61,0x2a,472
0x61,0x2b,538
0x61,0x2c,450
0x61,0x2d,506
0x61,0x2e,516
0x61,0x2f,546
0x61,0x30,524
0x61,0x31,476
0x61,0x32,464
0x61,0x33,468
0x61,0x34,498
0x61,0x35,536
0x61,0x36,498
0x61,0x37,502
0x61,0x38,494
0x61,0x39,514
0x61,0x3a,512
0x61,0x3b,522
0x61,0x3c,496
0x61,0x3d,530
0x61,0x3e,516
0x61,0x3f,534
0x61,0x40,474
0x61,0x41,498
0x61,0x42,510
0x61,0x43,536
0x61,0x44,510
0x61,0x45,488
0x61,0x46,512
0x61,0x47,508
0x61,0x48,508
0x61,0x49,482
0x61,0x4a,540
0x61,0x4b,482
0x61,0x4c,498
0x61,0x4d,456
0x61,0x4e,538
0x61,0x4f,476
0x61,0x50,530
0x61,0x51,540
0x61,0x52,502
0x61,0x53,528
0x61,0x54,480
0x61,0x55,538
0x61,0x56,522
0x61,0x57,516
0x61,0x58,492
0x61,0x59,472
0x61,0x5a,506
0x61,0x5b,492
0x61,0x5c,504
0x61,0x5d,520
0x61,0x5e,470
0x61,0x5f,518
0x61,0x60,516
0x61,0x61,512
0x61,0x62,548
0x61,0x63,488
0x61,0x64,508
0x61,0x65,518
0x61,0x66,482
0x61,0x67,538
0x61,0x68,488
0x61,0x69,480
0x61,0x6a,542
0x61,0x6b,502
0x61,0x6c,486
0x61,0x6d,504
0x61,0x6e,482
0x61,0x6f,494
0x61,0x70,508
0x61,0x71,500
0x61,0x72,496
0x61,0x73,508
0x61,0x74,476
0x61,0x75,482
0x61,0x76,498
0x61,0x77,478
0x61,0x78,530
0x61,0x79,504
0x61,0x7a,500
0x61,0x7b,510
0x61,0x7c,508
0x61,0x7d,538
0x61,0x7e,522
0x61,0x7f,544
0x61,0x80,510
0x61,0x81,514
0x61,0x82,476
0x61,0x83,506
0x61,0x84,528
0x61,0x85,488
0x61,0x86,510
0x61,0x87,480
0x61,0x88,504
0x61,0x89,502
0x61,0x8a,518
0x61,0x8b,530
0x61,0x8c,496
0x61,0x8d,498
0x61,0x8e,510
0x61,0x8f,482
0x61,0x90,486
0x61,0x91,540
0x61,0x92,532
0x61,0x93,550
0x61,0x94,524
0x61,0x95,528
0x61,0x96,530
0x61,0x97,524
0x61,0x98,556
0x61,0x99,448
0x61,0x9a,516
0x61,0x9b,532
0x61,0x9c,496
0x61,0x9d,490
0x61,0x9e,514
0x61,0x9f,484
0x61,0xa0,508
0x61,0xa1,530
0x61,0xa2,524
0x61,0xa3,484
0x61,0xa4,502
0x61,0xa5,508
0x61,0xa6,544
0x61,0xa7,554
0x61,0xa8,522
0x61,0xa9,506
0x61,0xaa,468
0x61,0xab,560
0x61,0xac,494
0x61,0xad,540
0x61,0xae,504
0x61,0xaf,536
0x61,0xb0,538
0x61,0xb1,500
0x61,0xb2,468
0x61,0xb3,532
0x61,0xb4,510
0x61,0xb5,472
0x61,0xb6,488
0x61,0xb7,534
0x61,0xb8,530
0x61,0xb9,530
0x61,0xba,490
0x61,0xbb,522
0x61,0xbc,526
0x61,0xbd,484
0x61,0xbe,522
0x61,0xbf,488
0x61,0xc0,500
0x61,0xc1,496
0x61,0xc2,516
0x61,0xc3,504
0x61,0xc4,566
0x61,0xc5,536
0x61,0xc6,524
0x61,0xc7,498
0x61,0xc8,532
0x61,0xc9,530
0x61,0xca,538
0x61,0xcb,520
0x61,0xcc,562
0x61,0xcd,488
0x61,0xce,512
0x61,0xcf,512
0x61,0xd0,528
0x61,0xd1,472
0x61,0xd2,518
0x61,0xd3,524
0x61,0xd4,516
0x61,0xd5,498
0x61,0xd6,480
0x61,0xd7,496
0x61,0xd8,510
0x61,0xd9,520
0x61,0xda,536
0x61,0xdb,516
0x61,0xdc,484
0x61,0xdd,478
0x61,0xde,498
0x61,0xdf,528
0x61,0xe0,498
0x61,0xe1,532
0x61,0xe2,492
0x61,0xe3,490
0x61,0xe4,492
0x61,0xe5,490
0x61,0xe6,502
0x61,0xe7,532
0x61,0xe8,552
0x61,0xe9,494
0x61,0xea,548
0x61,0xeb,532
0x61,0xec,536
0x61,0xed,484
0x61,0xee,510
0x61,0xef,520
0x61,0xf0,448
0x61,0xf1,520
0x61,0xf2,480
0x61,0xf3,488
0x61,0xf4,518
0x61,0xf5,490
0x61,0xf6,498
0x61,0xf7,526
0x61,0xf8,484
0x61,0xf9,502
0x61,0xfa,484
0x61,0xfb,482
0x61,0xfc,530
0x61,0xfd,528
0x61,0xfe,496
0x61,0xff,494
0x62,0x00,256
0x62,0x01,502
0x62,0x02,678
0x62,0x03,526
0x62,0x04,542
0x62,0x05,532
0x62,0x06,514
0x62,0x07,512
0x62,0x08,498
0x62,0x09,484
0x62,0x0a,508
0x62,0x0b,458
0x62,0x0c,532
0x62,0x0d,518
0x62,0x0e,504
0x62,0x0f,488
0x62,0x10,486
0x62,0x11,496
0x62,0x12,392
0x62,0x13,514
0x62,0x14,488
0x62,0x15,520
0x62,0x16,692
0x62,0x17,476
0x62,0x18,522
0x62,0x19,530
0x62,0x1a,528
0x62,0x1b,504
0x62,0x1c,484
0x62,0x1d,498
0x62,0x1e,492
0x62,0x1f,532
0x62,0x20,522
0x62,0x21,548
0x62,0x22,546
0x62,0x23,548
0x62,0x24,438
0x62,0x25,478
0x62,0x26,494
0x62,0x27,492
0x62,0x28,536
0x62,0x29,514
0x62,0x2a,526
0x62,0x2b,490
0x62,0x2c,506
0x62,0x2d,512
0x62,0x2e,530
0x62,0x2f,546
0x62,0x30,834
0x62,0x31,622
0x62,0x32,604
0x62,0x33,520
0x62,0x34,532
0x62,0x35,530
0x62,0x36,600
0x62,0x37,504
0x62,0x38,512
0x62,0x39,566
0x62,0x3a,528
0x62,0x3b,538
0x62,0x3c,538
0x62,0x3d,494
0x62,0x3e,520
0x62,0x3f,516
0x62,0x40,514
0x62,0x41,506
0x62,0x42,508
0x62,0x43,520
0x62,0x44,548
0x62,0x45,532
0x62,0x46,532
0x62,0x47,528
0x62,0x48,568
0x62,0x49,524
0x62,0x4a,516
0x62,0x4b,488
0x62,0x4c,488
0x62,0x4d,536
0x62,0x4e,496
0x62,0x4f,498
0x62,0x50,532
0x62,0x51,522
0x62,0x52,490
0x62,0x53,504
0x62,0x54,482
0x62,0x55,514
0x62,0x56,476
0x62,0x57,498
0x62,0x58,502
0x62,0x59,504
0x62,0x5a,552
0x62,0x5b,540
0x62,0x5c,488
0x62,0x5d,510
0x62,0x5e,494
0x62,0x5f,532
0x62,0x60,508
0x62,0x61,478
0x62,0x62,504
0x62,0x63,524
0x62,0x64,550
0x62,0x65,540
0x62,0x66,550
0x62,0x67,538
0x62,0x68,506
0x62,0x69,520
0x62,0x6a,516
0x62,0x6b,546
0x62,0x6c,508
0x62,0x6d,492
0x62,0x6e,512
0x62,0x6f,554
0x62,0x70,506
0x62,0x71,534
0x62,0x72,530
0x62,0x73,510
0x62,0x74,468
0x62,0x75,488
0x62,0x76,522
0x62,0x77,572
0x62,0x78,514
0x62,0x79,514
0x62,0x7a,538
0x62,0x7b,540
0x62,0x7c,488
0x62,0x7d,542
0x62,0x7e,480
0x62,0x7f,494
0x62,0x80,560
0x62,0x81,502
0x62,0x82,500
0x62,0x83,492
0x62,0x84,526
0x62,0x85,512
0x62,0x86,548
0x62,0x87,520
0x62,0x88,496
0x62,0x89,488
0x62,0x8a,504
0x62,0x8b,508
0x62,0x8c,514
0x62,0x8d,538
0x62,0x8e,544
0x62,0x8f,504
0x62,0x90,538
0x62,0x91,486
0x62,0x92,476
0x62,0x93,502
0x62,0x94,542
0x62,0x95,556
0x62,0x96,510
0x62,0x97,518
0x62,0x98,516
0x62,0x99,472
0x62,0x9a,476
0x62,0x9b,504
0x62,0x9c,532
0x62,0x9d,522
0x62,0x9e,512
0x62,0x9f,530
0x62,0xa0,532
0x62,0xa1,516
0x62,0xa2,528
0x62,0xa3,500
0x62,0xa4,530
0x62,0xa5,500
0x62,0xa6,462
0x62,0xa7,542
0x62,0xa8,496
0x62,0xa9,534
0x62,0xaa,506
0x62,0xab,548
0x62,0xac,512
0x62,0xad,506
0x62,0xae,478
0x62,0xaf,494
0x62,0xb0,518
0x62,0xb1,570
0x62,0xb2,526
0x62,0xb3,534
0x62,0xb4,484
0x62,0xb5,498
0x62,0xb6,514
0x62,0xb7,480
0x62,0xb8,556
0x62,0xb9,542
0x62,0xba,464
0x62,0xbb,524
0x62,0xbc,510
0x62,0xbd,512
0x62,0xbe,494
0x62,0xbf,502
0x62,0xc0,518
0x62,0xc1,530
0x62,0xc2,534
0x62,0xc3,516
0x62,0xc4,506
0x62,0xc5,474
0x62,0xc6,504
0x62,0xc7,576
0x62,0xc8,534
0x62,0xc9,514
0x62,0xca,446
0x62,0xcb,462
0x62,0xcc,548
0x62,0xcd,514
0x62,0xce,484
0x62,0xcf,458
0x62,0xd0,472
0x62,0xd1,536
0x62,0xd2,538
0x62,0xd3,532
0x62,0xd4,530
0x62,0xd5,502
0x62,0xd6,482
0x62,0xd7,532
0x62,0xd8,484
0x62,0xd9,534
0x62,0xda,492
0x62,0xdb,500
0x62,0xdc,434
0x62,0xdd,508
0x62,0xde,520
0x62,0xdf,512
0x62,0xe0,508
0x62,0xe1,498
0x62,0xe2,522
0x62,0xe3,552
0x62,0xe4,566
0x62,0xe5,524
0x62,0xe6,540
0x62,0xe7,554
0x62,0xe8,554
0x62,0xe9,520
0x62,0xea,512
0x62,0xeb,536
0x62,0xec,522
0x62,0xed,484
0x62,0xee,510
0x62,0xef,558
0x62,0xf0,524
0x62,0xf1,518
0x62,0xf2,474
0x62,0xf3,536
0x62,0xf4,512
0x62,0xf5,596
0x62,0xf6,526
0x62,0xf7,566
0x62,0xf8,538
0x62,0xf9,512
0x62,0xfa,488
0x62,0xfb,480
0x62,0xfc,514
0x62,0xfd,552
0x62,0xfe,522
0x62,0xff,490
0x63,0x00,256
0x63,0x01,508
0x63,0x02,566
0x63,0x03,516
0x63,0x04,490
0x63,0x05,516
0x63,0x06,544
0x63,0x07,538
0x63,0x08,528
0x63,0x09,534
0x63,0x0a,508
0x63,0x0b,484
0x63,0x0c,512
0x63,0x0d,538
0x63,0x0e,516
0x63,0x0f,508
0x63,0x10,492
0x63,0x11,470
0x63,0x12,444
0x63,0x13,516
0x63,0x14,666
0x63,0x15,506
0x63,0x16,466
0x63,0x17,482
0x63,0x18,530
0x63,0x19,508
0x63,0x1a,508
0x63,0x1b,478
0x63,0x1c,504
0x63,0x1d,532
0x63,0x1e,450
0x63,0x1f,586
0x63,0x20,504
0x63,0x21,500
0x63,0x22,544
0x63,0x23,492
0x63,0x24,462
0x63,0x25,550
0x63,0x26,716
0x63,0x27,528
0x63,0x28,496
0x63,0x29,560
0x63,0x2a,542
0x63,0x2b,582
0x63,0x2c,496
0x63,0x2d,542
0x63,0x2e,486
0x63,0x2f,530
0x63,0x30,472
0x63,0x31,546
0x63,0x32,494
0x63,0x33,508
0x63,0x34,468
0x63,0x35,466
0x63,0x36,516
0x63,0x37,488
0x63,0x38,500
0x63,0x39,536
0x63,0x3a,458
0x63,0x3b,512
0x63,0x3c,508
0x63,0x3d,500
0x63,0x3e,572
0x63,0x3f,498
0x63,0x40,542
0x63,0x41,500
0x63,0x42,498
0x63,0x43,520
0x63,0x44,484
0x63,0x45,556
0x63,0x46,510
0x63,0x47,536
0x63,0x48,484
0x63,0x49,534
0x63,0x4a,492
0x63,0x4b,526
0x63,0x4c,514
0x63,0x4d,520
0x63,0x4e,526
0x63,0x4f,544
0x63,0x50,542
0x63,0x51,530
0x63,0x52,482
0x63,0x53,574
0x63,0x54,510
0x63,0x55,536
0x63,0x56,486
0x63,0x57,470
0x63,0x58,512
0x63,0x59,540
0x63,0x5a,532
0x63,0x5b,558
0x63,0x5c,460
0x63,0x5d,490
0x63,0x5e,488
0x63,0x5f,528
0x63,0x60,500
0x63,0x61,512
0x63,0x62,576
0x63,0x63,530
0x63,0x64,544
0x63,0x65,500
0x63,0x66,528
0x63,0x67,502
0x63,0x68,538
0x63,0x69,474
0x63,0x6a,508
0x63,0x6b,474
0x63,0x6c,528
0x63,0x6d,512
0x63,0x6e,510
0x63,0x6f,540
0x63,0x70,484
0x63,0x71,480
0x63,0x72,528
0x63,0x73,528
0x63,0x74,490
0x63,0x75,506
0x63,0x76,524
0x63,0x77,536
0x63,0x78,514
0x63,0x79,504
0x63,0x7a,474
0x63,0x7b,496
0x63,0x7c,468
0x63,0x7d,512
0x63,0x7e,512
0x63,0x7f,564
0x63,0x80,468
0x63,0x81,556
0x63,0x82,554
0x63,0x83,472
0x63,0x84,474
0x63,0x85,508
0x63,0x86,502
0x63,0x87,482
0x63,0x88,494
0x63,0x89,494
0x63,0x8a,480
0x63,0x8b,494
0x63,0x8c,532
0x63,0x8d,510
0x63,0x8e,550
0x63,0x8f,510
0x63,0x90,530
0x63,0x91,510
0x63,0x92,574
0x63,0x93,516
0x63,0x94,572
0x63,0x95,492
0x63,0x96,542
0x63,0x97,524
0x63,0x98,544
0x63,0x99,474
0x63,0x9a,528
0x63,0x9b,562
0x63,0x9c,512
0x63,0x9d,506
0x63,0x9e,514
0x63,0x9f,530
0x63,0xa0,528
0x63,0xa1,530
0x63,0xa2,500
0x63,0xa3,554
0x63,0xa4,534
0x63,0xa5,546
0x63,0xa6,494
0x63,0xa7,532
0x63,0xa8,544
0x63,0xa9,492
0x63,0xaa,526
0x63,0xab,508
0x63,0xac,470
0x63,0xad,510
0x63,0xae,454
0x63,0xaf,514
0x63,0xb0,514
0x63,0xb1,522
0x63,0xb2,516
0x63,0xb3,506
0x63,0xb4,504
0x63,0xb5,524
0x63,0xb6,502
0x63,0xb7,550
0x63,0xb8,500
0x63,0xb9,520
0x63,0xba,502
0x63,0xbb,496
0x63,0xbc,494
0x63,0xbd,502
0x63,0xbe,538
0x63,0xbf,490
0x63,0xc0,482
0x63,0xc1,490
0x63,0xc2,520
0x63,0xc3,500
0x63,0xc4,522
0x63,0xc5,478
0x63,0xc6,530
0x63,0xc7,524
0x63,0xc8,494
0x63,0xc9,498
0x63,0xca,522
0x63,0xcb,504
0x63,0xcc,472
0x63,0xcd,526
0x63,0xce,486
0x63,0xcf,550
0x63,0xd0,550
0x63,0xd1,496
0x63,0xd2,472
0x63,0xd3,542
0x63,0xd4,526
0x63,0xd5,478
0x63,0xd6,484
0x63,0xd7,474
0x63,0xd8,496
0x63,0xd9,492
0x63,0xda,520
0x63,0xdb,514
0x63,0xdc,500
0x63,0xdd,470
0x63,0xde,544
0x63,0xdf,510
0x63,0xe0,508
0x63,0xe1,492
0x63,0xe2,550
0x63,0xe3,488
0x63,0xe4,504
0x63,0xe5,496
0x63,0xe6,518
0x63,0xe7,474
0x63,0xe8,528
0x63,0xe9,544
0x63,0xea,570
0x63,0xeb,522
0x63,0xec,508
0x63,0xed,498
0x63,0xee,526
0x63,0xef,510
0x63,0xf0,516
0x63,0xf1,534
0x63,0xf2,472
0x63,0xf3,476
0x63,0xf4,508
0x63,0xf5,534
0x63,0xf6,502
0x63,0xf7,518
0x63,0xf8,494
0x63,0xf9,546
0x63,0xfa,490
0x63,0xfb,558
0x63,0xfc,526
0x63,0xfd,496
0x63,0xfe,514
0x63,0xff,500
0x64,0x00,256
0x64,0x01,580
0x64,0x02,496
0x64,0x03,508
0x64,0x04,504
0x64,0x05,488
0x64,0x06,474
0x64,0x07,500
0x64,0x08,490
0x64,0x09,540
0x64,0x0a,564
0x64,0x0b,686
0x64,0x0c,510
0x64,0x0d,504
0x64,0x0e,468
0x64,0x0f,500
0x64,0x10,486
0x64,0x11,526
0x64,0x12,454
0x64,0x13,580
0x64,0x14,472
0x64,0x15,544
0x64,0x16,462
0x64,0x17,524
0x64,0x18,548
0x64,0x19,542
0x64,0x1a,460
0x64,0x1b,534
0x64,0x1c,516
0x64,0x1d,534
0x64,0x1e,568
0x64,0x1f,512
0x64,0x20,492
0x64,0x21,482
0x64,0x22,458
0x64,0x23,498
0x64,0x24,406
0x64,0x25,534
0x64,0x26,548
0x64,0x27,550
0x64,0x28,490
0x64,0x29,522
0x64,0x2a,520
0x64,0x2b,466
0x64,0x2c,524
0x64,0x2d,504
0x64,0x2e,572
0x64,0x2f,506
0x64,0x30,558
0x64,0x31,496
0x64,0x32,520
0x64,0x33,508
0x64,0x34,474
0x64,0x35,542
0x64,0x36,488
0x64,0x37,488
0x64,0x38,466
0x64,0x39,496
0x64,0x3a,524
0x64,0x3b,528
0x64,0x3c,520
0x64,0x3d,540
0x64,0x3e,502
0x64,0x3f,498
0x64,0x40,520
0x64,0x41,514
0x64,0x42,524
0x64,0x43,510
0x64,0x44,538
0x64,0x45,744
0x64,0x46,498
0x64,0x47,500
0x64,0x48,500
0x64,0x49,502
0x64,0x4a,506
0x64,0x4b,472
0x64,0x4c,522
0x64,0x4d,530
0x64,0x4e,698
0x64,0x4f,532
0x64,0x50,540
0x64,0x51,518
0x64,0x52,518
0x64,0x53,540
0x64,0x54,518
0x64,0x55,522
0x64,0x56,480
0x64,0x57,500
0x64,0x58,516
0x64,0x59,528
0x64,0x5a,576
0x64,0x5b,506
0x64,0x5c,506
0x64,0x5d,506
0x64,0x5e,520
0x64,0x5f,540
0x64,0x60,522
0x64,0x61,498
0x64,0x62,518
0x64,0x63,466
0x64,0x64,498
0x64,0x65,514
0x64,0x66,512
0x64,0x67,538
0x64,0x68,494
0x64,0x69,472
0x64,0x6a,526
0x64,0x6b,512
0x64,0x6c,484
0x64,0x6d,488
0x64,0x6e,498
0x64,0x6f,510
0x64,0x70,520
0x64,0x71,528
0x64,0x72,532
0x64,0x73,522
0x64,0x74,512
0x64,0x75,518
0x64,0x76,500
0x64,0x77,516
0x64,0x78,510
0x64,0x79,522
0x64,0x7a,524
0x64,0x7b,530
0x64,0x7c,480
0x64,0x7d,516
0x64,0x7e,582
0x64,0x7f,498
0x64,0x80,530
0x64,0x81,520
0x64,0x82,498
0x64,0x83,514
0x64,0x84,520
0x64,0x85,514
0x64,0x86,510
0x64,0x87,502
0x64,0x88,544
0x64,0x89,506
0x64,0x8a,524
0x64,0x8b,526
0x64,0x8c,554
0x64,0x8d,490
0x64,0x8e,506
0x64,0x8f,466
0x64,0x90,508
0x64,0x91,536
0x64,0x92,530
0x64,0x93,540
0x64,0x94,498
0x64,0x95,496
0x64,0x96,510
0x64,0x97,490
0x64,0x98,670
0x64,0x99,568
0x64,0x9a,490
0x64,0x9b,518
0x64,0x9c,498
0x64,0x9d,490
0x64,0x9e,526
0x64,0x9f,516
0x64,0xa0,510
0x64,0xa1,492
0x64,0xa2,496
0x64,0xa3,508
0x64,0xa4,496
0x64,0xa5,496
0x64,0xa6,524
0x64,0xa7,504
0x64,0xa8,514
0x64,0xa9,488
0x64,0xaa,522
0x64,0xab,510
0x64,0xac,510
0x64,0xad,496
0x64,0xae,494
0x64,0xaf,482
0x64,0xb0,476
0x64,0xb1,476
0x64,0xb2,482
0x64,0xb3,526
0x64,0xb4,474
0x64,0xb5,490
0x64,0xb6,480
0x64,0xb7,532
0x64,0xb8,492
0x64,0xb9,536
0x64,0xba,516
0x64,0xbb,502
0x64,0xbc,486
0x64,0xbd,464
0x64,0xbe,520
0x64,0xbf,474
0x64,0xc0,514
0x64,0xc1,468
0x64,0xc2,534
0x64,0xc3,504
0x64,0xc4,518
0x64,0xc5,476
0x64,0xc6,492
0x64,0xc7,474
0x64,0xc8,518
0x64,0xc9,472
0x64,0xca,506
0x64,0xcb,518
0x64,0xcc,482
0x64,0xcd,540
0x64,0xce,506
0x64,0xcf,590
0x64,0xd0,532
0x64,0xd1,516
0x64,0xd2,510
0x64,0xd3,484
0x64,0xd4,526
0x64,0xd5,484
0x64,0xd6,594
0x64,0xd7,560
0x64,0xd8,486
0x64,0xd9,494
0x64,0xda,496
0x64,0xdb,516
0x64,0xdc,572
0x64,0xdd,708
0x64,0xde,494
0x64,0xdf,500
0x64,0xe0,544
0x64,0xe1,510
0x64,0xe2,474
0x64,0xe3,484
0x64,0xe4,504
0x64,0xe5,468
0x64,0xe6,528
0x64,0xe7,496
0x64,0xe8,520
0x64,0xe9,556
0x64,0xea,498
0x64,0xeb,536
0x64,0xec,502
0x64,0xed,494
0x64,0xee,480
0x64,0xef,538
0x64,0xf0,518
0x64,0xf1,538
0x64,0xf2,484
0x64,0xf3,502
0x64,0xf4,570
0x64,0xf5,522
0x64,0xf6,524
0x64,0xf7,512
0x64,0xf8,500
0x64,0xf9,546
0x64,0xfa,508
0x64,0xfb,498
0x64,0xfc,452
0x64,0xfd,496
0x64,0xfe,502
0x64,0xff,466
0x65,0x00,256
0x65,0x01,542
0x65,0x02,496
0x65,0x03,532
0x65,0x04,480
0x65,0x05,512
0x65,0x06,508
0x65,0x07,530
0x65,0x08,494
0x65,0x09,538
0x65,0x0a,532
0x65,0x0b,526
0x65,0x0c,494
0x65,0x0d,492
0x65,0x0e,512
0x65,0x0f,546
0x65,0x10,502
0x65,0x11,502
0x65,0x12,484
0x65,0x13,538
0x65,0x14,522
0x65,0x15,532
0x65,0x16,506
0x65,0x17,486
0x65,0x18,502
0x65,0x19,522
0x65,0x1a,500
0x65,0x1b,482
0x65,0x1c,512
0x65,0x1d,512
0x65,0x1e,494
0x65,0x1f,488
0x65,0x20,492
0x65,0x21,488
0x65,0x22,470
0x65,0x23,494
0x65,0x24,448
0x65,0x25,530
0x65,0x26,442
0x65,0x27,486
0x65,0x28,496
0x65,0x29,498
0x65,0x2a,496
0x65,0x2b,508
0x65,0x2c,526
0x65,0x2d,478
0x65,0x2e,494
0x65,0x2f,502
0x65,0x30,436
0x65,0x31,534
0x65,0x32,464
0x65,0x33,494
0x65,0x34,492
0x65,0x35,496
0x65,0x36,500
0x65,0x37,498
0x65,0x38,522
0x65,0x39,506
0x65,0x3a,554
0x65,0x3b,574
0x65,0x3c,482
0x65,0x3d,508
0x65,0x3e,464
0x65,0x3f,486
0x65,0x40,536
0x65,0x41,518
0x65,0x42,526
0x65,0x43,484
0x65,0x44,670
0x65,0x45,544
0x65,0x46,558
0x65,0x47,558
0x65,0x48,548
0x65,0x49,482
0x65,0x4a,508
0x65,0x4b,486
0x65,0x4c,580
0x65,0x4d,474
0x65,0x4e,528
0x65,0x4f,736
0x65,0x50,536
0x65,0x51,494
0x65,0x52,550
0x65,0x53,526
0x65,0x54,508
0x65,0x55,528
0x65,0x56,546
0x65,0x57,510
0x65,0x58,504
0x65,0x59,516
0x65,0x5a,522
0x65,0x5b,522
0x65,0x5c,516
0x65,0x5d,514
0x65,0x5e,510
0x65,0x5f,522
0x65,0x60,486
0x65,0x61,546
0x65,0x62,508
0x65,0x63,508
0x65,0x64,496
0x65,0x65,464
0x65,0x66,512
0x65,0x67,526
0x65,0x68,536
0x65,0x69,504
0x65,0x6a,540
0x65,0x6b,512
0x65,0x6c,528
0x65,0x6d,480
0x65,0x6e,500
0x65,0x6f,472
0x65,0x70,554
0x65,0x71,508
0x65,0x72,512
0x65,0x73,506
0x65,0x74,514
0x65,0x75,532
0x65,0x76,500
0x65,0x77,508
0x65,0x78,524
0x65,0x79,530
0x65,0x7a,534
0x65,0x7b,492
0x65,0x7c,514
0x65,0x7d,530
0x65,0x7e,554
0x65,0x7f,528
0x65,0x80,512
0x65,0x81,494
0x65,0x82,562
0x65,0x83,546
0x65,0x84,506
0x65,0x85,488
0x65,0x86,462
0x65,0x87,522
0x65,0x88,506
0x65,0x89,536
0x65,0x8a,500
0x65,0x8b,560
0x65,0x8c,564
0x65,0x8d,540
0x65,0x8e,468
0x65,0x8f,476
0x65,0x90,526
0x65,0x91,552
0x65,0x92,928
0x65,0x93,694
0x65,0x94,564
0x65,0x95,486
0x65,0x96,500
0x65,0x97,510
0x65,0x98,508
0x65,0x99,542
0x65,0x9a,558
0x65,0x9b,544
0x65,0x9c,550
0x65,0x9d,526
0x65,0x9e,532
0x65,0x9f,534
0x65,0xa0,508
0x65,0xa1,498
0x65,0xa2,502
0x65,0xa3,556
0x65,0xa4,558
0x65,0xa5,516
0x65,0xa6,558
0x65,0xa7,494
0x65,0xa8,534
0x65,0xa9,490
0x65,0xaa,566
0x65,0xab,530
0x65,0xac,482
0x65,0xad,528
0x65,0xae,496
0x65,0xaf,528
0x65,0xb0,500
0x65,0xb1,498
0x65,0xb2,500
0x65,0xb3,488
0x65,0xb4,602
0x65,0xb5,498
0x65,0xb6,524
0x65,0xb7,542
0x65,0xb8,536
0x65,0xb9,502
0x65,0xba,540
0x65,0xbb,490
0x65,0xbc,508
0x65,0xbd,496
0x65,0xbe,532
0x65,0xbf,508
0x65,0xc0,484
0x65,0xc1,496
0x65,0xc2,522
0x65,0xc3,520
0x65,0xc4,510
0x65,0xc5,518
0x65,0xc6,522
0x65,0xc7,494
0x65,0xc8,508
0x65,0xc9,532
0x65,0xca,516
0x65,0xcb,508
0x65,0xcc,482
0x65,0xcd,548
0x65,0xce,544
0x65,0xcf,514
0x65,0xd0,508
0x65,0xd1,514
0x65,0xd2,532
0x65,0xd3,530
0x65,0xd4,512
0x65,0xd5,510
0x65,0xd6,480
0x65,0xd7,504
0x65,0xd8,512
0x65,0xd9,500
0x65,0xda,518
0x65,0xdb,522
0x65,0xdc,580
0x65,0xdd,550
0x65,0xde,512
0x65,0xdf,534
0x65,0xe0,514
0x65,0xe1,530
0x65,0xe2,492
0x65,0xe3,512
0x65,0xe4,534
0x65,0xe5,502
0x65,0xe6,530
0x65,0xe7,488
0x65,0xe8,508
0x65,0xe9,516
0x65,0xea,534
0x65,0xeb,484
0x65,0xec,528
0x65,0xed,516
0x65,0xee,588
0x65,0xef,524
0x65,0xf0,486
0x65,0xf1,488
0x65,0xf2,512
0x65,0xf3,494
0x65,0xf4,522
0x65,0xf5,482
0x65,0xf6,496
0x65,0xf7,520
0x65,0xf8,492
0x65,0xf9,552
0x65,0xfa,510
0x65,0xfb,478
0x65,0xfc,542
0x65,0xfd,480
0x65,0xfe,476
0x65,0xff,480
0x66,0x00,256
0x66,0x01,494
0x66,0x02,578
0x66,0x03,494
0x66,0x04,500
0x66,0x05,528
0x66,0x06,452
0x66,0x07,462
0x66,0x08,516
0x66,0x09,552
0x66,0x0a,516
0x66,0x0b,502
0x66,0x0c,532
0x66,0x0d,458
0x66,0x0e,488
0x66,0x0f,500
0x66,0x10,498
0x66,0x11,498
0x66,0x12,472
0x66,0x13,518
0x66,0x14,484
0x66,0x15,490
0x66,0x16,622
0x66,0x17,502
0x66,0x18,486
0x66,0x19,520
0x66,0x1a,484
0x66,0x1b,514
0x66,0x1c,486
0x66,0x1d,504
0x66,0x1e,532
0x66,0x1f,554
0x66,0x20,532
0x66,0x21,514
0x66,0x22,464
0x66,0x23,534
0x66,0x24,410
0x66,0x25,466
0x66,0x26,632
0x66,0x27,526
0x66,0x28,510
0x66,0x29,490
0x66,0x2a,488
0x66,0x2b,550
0x66,0x2c,528
0x66,0x2d,582
0x66,0x2e,532
0x66,0x2f,546
0x66,0x30,410
0x66,0x31,488
0x66,0x32,502
0x66,0x33,510
0x66,0x34,458
0x66,0x35,526
0x66,0x36,526
0x66,0x37,502
0x66,0x38,486
0x66,0x39,522
0x66,0x3a,512
0x66,0x3b,566
0x66,0x3c,488
0x66,0x3d,514
0x66,0x3e,490
0x66,0x3f,504
0x66,0x40,526
0x66,0x41,534
0x66,0x42,542
0x66,0x43,550
0x66,0x44,496
0x66,0x45,500
0x66,0x46,548
0x66,0x47,518
0x66,0x48,500
0x66,0x49,502
0x66,0x4a,522
0x66,0x4b,468
0x66,0x4c,486
0x66,0x4d,496
0x66,0x4e,482
0x66,0x4f,544
0x66,0x50,540
0x66,0x51,518
0x66,0x52,502
0x66,0x53,474
0x66,0x54,522
0x66,0x55,484
0x66,0x56,496
0x66,0x57,492
0x66,0x58,530
0x66,0x59,504
0x66,0x5a,538
0x66,0x5b,486
0x66,0x5c,516
0x66,0x5d,526
0x66,0x5e,494
0x66,0x5f,508
0x66,0x60,490
0x66,0x61,500
0x66,0x62,508
0x66,0x63,556
0x66,0x64,506
0x66,0x65,538
0x66,0x66,488
0x66,0x67,512
0x66,0x68,534
0x66,0x69,522
0x66,0x6a,522
0x66,0x6b,496
0x66,0x6c,498
0x66,0x6d,484
0x66,0x6e,542
0x66,0x6f,498
0x66,0x70,556
0x66,0x71,512
0x66,0x72,522
0x66,0x73,512
0x66,0x74,534
0x66,0x75,490
0x66,0x76,510
0x66,0x77,516
0x66,0x78,498
0x66,0x79,498
0x66,0x7a,506
0x66,0x7b,530
0x66,0x7c,562
0x66,0x7d,504
0x66,0x7e,514
0x66,0x7f,524
0x66,0x80,502
0x66,0x81,474
0x66,0x82,518
0x66,0x83,532
0x66,0x84,500
0x66,0x85,490
0x66,0x86,536
0x66,0x87,530
0x66,0x88,514
0x66,0x89,570
0x66,0x8a,530
0x66,0x8b,478
0x66,0x8c,488
0x66,0x8d,498
0x66,0x8e,528
0x66,0x8f,508
0x66,0x90,500
0x66,0x91,528
0x66,0x92,496
0x66,0x93,496
0x66,0x94,520
0x66,0x95,472
0x66,0x96,492
0x66,0x97,516
0x66,0x98,586
0x66,0x99,526
0x66,0x9a,508
0x66,0x9b,520
0x66,0x9c,492
0x66,0x9d,518
0x66,0x9e,502
0x66,0x9f,480
0x66,0xa0,546
0x66,0xa1,466
0x66,0xa2,520
0x66,0xa3,486
0x66,0xa4,536
0x66,0xa5,536
0x66,0xa6,544
0x66,0xa7,462
0x66,0xa8,492
0x66,0xa9,494
0x66,0xaa,524
0x66,0xab,496
0x66,0xac,492
0x66,0xad,464
0x66,0xae,512
0x66,0xaf,504
0x66,0xb0,510
0x66,0xb1,480
0x66,0xb2,476
0x66,0xb3,518
0x66,0xb4,538
0x66,0xb5,558
0x66,0xb6,534
0x66,0xb7,532
0x66,0xb8,512
0x66,0xb9,478
0x66,0xba,580
0x66,0xbb,524
0x66,0xbc,540
0x66,0xbd,472
0x66,0xbe,488
0x66,0xbf,538
0x66,0xc0,524
0x66,0xc1,504
0x66,0xc2,546
0x66,0xc3,472
0x66,0xc4,514
0x66,0xc5,524
0x66,0xc6,506
0x66,0xc7,498
0x66,0xc8,552
0x66,0xc9,524
0x66,0xca,538
0x66,0xcb,496
0x66,0xcc,532
0x66,0xcd,528
0x66,0xce,496
0x66,0xcf,528
0x66,0xd0,492
0x66,0xd1,510
0x66,0xd2,526
0x66,0xd3,484
0x66,0xd4,534
0x66,0xd5,500
0x66,0xd6,562
0x66,0xd7,480
0x66,0xd8,494
0x66,0xd9,496
0x66,0xda,490
0x66,0xdb,496
0x66,0xdc,470
0x66,0xdd,630
0x66,0xde,494
0x66,0xdf,472
0x66,0xe0,534
0x66,0xe1,504
0x66,0xe2,500
0x66,0xe3,488
0x66,0xe4,524
0x66,0xe5,512
0x66,0xe6,544
0x66,0xe7,494
0x66,0xe8,554
0x66,0xe9,518
0x66,0xea,540
0x66,0xeb,514
0x66,0xec,576
0x66,0xed,524
0x66,0xee,528
0x66,0xef,482
0x66,0xf0,540
0x66,0xf1,484
0x66,0xf2,526
0x66,0xf3,522
0x66,0xf4,496
0x66,0xf5,516
0x66,0xf6,516
0x66,0xf7,490
0x66,0xf8,482
0x66,0xf9,570
0x66,0xfa,530
0x66,0xfb,514
0x66,0xfc,490
0x66,0xfd,504
0x66,0xfe,488
0x66,0xff,498
0x67,0x00,256
0x67,0x01,502
0x67,0x02,530
0x67,0x03,524
0x67,0x04,506
0x67,0x05,504
0x67,0x06,524
0x67,0x07,482
0x67,0x08,554
0x67,0x09,546
0x67,0x0a,494
0x67,0x0b,486
0x67,0x0c,520
0x67,0x0d,516
0x67,0x0e,510
0x67,0x0f,556
0x67,0x10,528
0x67,0x11,496
0x67,0x12,470
0x67,0x13,512
0x67,0x14,484
0x67,0x15,536
0x67,0x16,486
0x67,0x17,492
0x67,0x18,528
0x67,0x19,526
0x67,0x1a,524
0x67,0x1b,498
0x67,0x1c,502
0x67,0x1d,498
0x67,0x1e,524
0x67,0x1f,522
0x67,0x20,488
0x67,0x21,506
0x67,0x22,534
0x67,0x23,534
0x67,0x24,466
0x67,0x25,526
0x67,0x26,448
0x67,0x27,542
0x67,0x28,510
0x67,0x29,500
0x67,0x2a,512
0x67,0x2b,484
0x67,0x2c,522
0x67,0x2d,508
0x67,0x2e,498
0x67,0x2f,536
0x67,0x30,626
0x67,0x31,482
0x67,0x32,484
0x67,0x33,496
0x67,0x34,478
0x67,0x35,528
0x67,0x36,566
0x67,0x37,500
0x67,0x38,490
0x67,0x39,528
0x67,0x3a,484
0x67,0x3b,452
0x67,0x3c,508
0x67,0x3d,484
0x67,0x3e,520
0x67,0x3f,522
0x67,0x40,504
0x67,0x41,508
0x67,0x42,540
0x67,0x43,510
0x67,0x44,458
0x67,0x45,480
0x67,0x46,466
0x67,0x47,530
0x67,0x48,494
0x67,0x49,528
0x67,0x4a,504
0x67,0x4b,518
0x67,0x4c,502
0x67,0x4d,506
0x67,0x4e,500
0x67,0x4f,496
0x67,0x50,538
0x67,0x51,500
0x67,0x52,518
0x67,0x53,548
0x67,0x54,518
0x67,0x55,468
0x67,0x56,546
0x67,0x57,494
0x67,0x58,512
0x67,0x59,516
0x67,0x5a,492
0x67,0x5b,530
0x67,0x5c,526
0x67,0x5d,482
0x67,0x5e,482
0x67,0x5f,496
0x67,0x60,514
0x67,0x61,570
0x67,0x62,538
0x67,0x63,546
0x67,0x64,504
0x67,0x65,506
0x67,0x66,522
0x67,0x67,506
0x67,0x68,496
0x67,0x69,550
0x67,0x6a,490
0x67,0x6b,484
0x67,0x6c,480
0x67,0x6d,490
0x67,0x6e,512
0x67,0x6f,504
0x67,0x70,514
0x67,0x71,516
0x67,0x72,548
0x67,0x73,456
0x67,0x74,486
0x67,0x75,508
0x67,0x76,526
0x67,0x77,524
0x67,0x78,514
0x67,0x79,502
0x67,0x7a,536
0x67,0x7b,504
0x67,0x7c,462
0x67,0x7d,518
0x67,0x7e,556
0x67,0x7f,498
0x67,0x80,496
0x67,0x81,480
0x67,0x82,534
0x67,0x83,494
0x67,0x84,538
0x67,0x85,530
0x67,0x86,498
0x67,0x87,516
0x67,0x88,472
0x67,0x89,490
0x67,0x8a,528
0x67,0x8b,502
0x67,0x8c,508
0x67,0x8d,514
0x67,0x8e,468
0x67,0x8f,502
0x67,0x90,542
0x67,0x91,490
0x67,0x92,498
0x67,0x93,654
0x67,0x94,568
0x67,0x95,550
0x67,0x96,508
0x67,0x97,508
0x67,0x98,468
0x67,0x99,510
0x67,0x9a,516
0x67,0x9b,492
0x67,0x9c,538
0x67,0x9d,526
0x67,0x9e,546
0x67,0x9f,540
0x67,0xa0,574
0x67,0xa1,530
0x67,0xa2,472
0x67,0xa3,536
0x67,0xa4,500
0x67,0xa5,494
0x67,0xa6,504
0x67,0xa7,474
0x67,0xa8,528
0x67,0xa9,484
0x67,0xaa,508
0x67,0xab,530
0x67,0xac,496
0x67,0xad,524
0x67,0xae,494
0x67,0xaf,534
0x67,0xb0,514
0x67,0xb1,514
0x67,0xb2,494
0x67,0xb3,550
0x67,0xb4,524
0x67,0xb5,558
0x67,0xb6,484
0x67,0xb7,496
0x67,0xb8,482
0x67,0xb9,526
0x67,0xba,550
0x67,0xbb,518
0x67,0xbc,558
0x67,0xbd,472
0x67,0xbe,504
0x67,0xbf,554
0x67,0xc0,510
0x67,0xc1,508
0x67,0xc2,484
0x67,0xc3,492
0x67,0xc4,454
0x67,0xc5,506
0x67,0xc6,494
0x67,0xc7,494
0x67,0xc8,504
0x67,0xc9,514
0x67,0xca,564
0x67,0xcb,492
0x67,0xcc,528
0x67,0xcd,534
0x67,0xce,508
0x67,0xcf,510
0x67,0xd0,512
0x67,0xd1,484
0x67,0xd2,494
0x67,0xd3,468
0x67,0xd4,486
0x67,0xd5,500
0x67,0xd6,526
0x67,0xd7,510
0x67,0xd8,536
0x67,0xd9,500
0x67,0xda,486
0x67,0xdb,564
0x67,0xdc,510
0x67,0xdd,484
0x67,0xde,572
0x67,0xdf,508
0x67,0xe0,492
0x67,0xe1,488
0x67,0xe2,490
0x67,0xe3,466
0x67,0xe4,524
0x67,0xe5,486
0x67,0xe6,488
0x67,0xe7,574
0x67,0xe8,524
0x67,0xe9,476
0x67,0xea,528
0x67,0xeb,482
0x67,0xec,504
0x67,0xed,534
0x67,0xee,506
0x67,0xef,490
0x67,0xf0,490
0x67,0xf1,538
0x67,0xf2,504
0x67,0xf3,468
0x67,0xf4,534
0x67,0xf5,504
0x67,0xf6,510
0x67,0xf7,520
0x67,0xf8,484
0x67,0xf9,570
0x67,0xfa,522
0x67,0xfb,550
0x67,0xfc,496
0x67,0xfd,512
0x67,0xfe,478
0x67,0xff,468
0x68,0x00,256
0x68,0x01,514
0x68,0x02,446
0x68,0x03,518
0x68,0x04,544
0x68,0x05,482
0x68,0x06,486
0x68,0x07,514
0x68,0x08,492
0x68,0x09,548
0x68,0x0a,470
0x68,0x0b,504
0x68,0x0c,512
0x68,0x0d,492
0x68,0x0e,504
0x68,0x0f,516
0x68,0x10,514
0x68,0x11,496
0x68,0x12,382
0x68,0x13,560
0x68,0x14,486
0x68,0x15,478
0x68,0x16,476
0x68,0x17,486
0x68,0x18,538
0x68,0x19,528
0x68,0x1a,486
0x68,0x1b,532
0x68,0x1c,516
0x68,0x1d,498
0x68,0x1e,526
0x68,0x1f,498
0x68,0x20,520
0x68,0x21,494
0x68,0x22,462
0x68,0x23,500
0x68,0x24,522
0x68,0x25,526
0x68,0x26,462
0x68,0x27,556
0x68,0x28,520
0x68,0x29,514
0x68,0x2a,562
0x68,0x2b,524
0x68,0x2c,504
0x68,0x2d,554
0x68,0x2e,474
0x68,0x2f,514
0x68,0x30,438
0x68,0x31,496
0x68,0x32,542
0x68,0x33,480
0x68,0x34,576
0x68,0x35,572
0x68,0x36,574
0x68,0x37,480
0x68,0x38,518
0x68,0x39,486
0x68,0x3a,512
0x68,0x3b,494
0x68,0x3c,528
0x68,0x3d,482
0x68,0x3e,522
0x68,0x3f,514
0x68,0x40,526
0x68,0x41,508
0x68,0x42,506
0x68,0x43,510
0x68,0x44,476
0x68,0x45,522
0x68,0x46,494
0x68,0x47,530
0x68,0x48,514
0x68,0x49,496
0x68,0x4a,518
0x68,0x4b,528
0x68,0x4c,470
0x68,0x4d,494
0x68,0x4e,478
0x68,0x4f,534
0x68,0x50,552
0x68,0x51,518
0x68,0x52,554
0x68,0x53,548
0x68,0x54,504
0x68,0x55,502
0x68,0x56,526
0x68,0x57,550
0x68,0x58,538
0x68,0x59,466
0x68,0x5a,500
0x68,0x5b,522
0x68,0x5c,576
0x68,0x5d,496
0x68,0x5e,512
0x68,0x5f,492
0x68,0x60,486
0x68,0x61,504
0x68,0x62,514
0x68,0x63,552
0x68,0x64,522
0x68,0x65,556
0x68,0x66,538
0x68,0x67,512
0x68,0x68,518
0x68,0x69,526
0x68,0x6a,546
0x68,0x6b,510
0x68,0x6c,494
0x68,0x6d,508
0x68,0x6e,516
0x68,0x6f,546
0x68,0x70,536
0x68,0x71,522
0x68,0x72,556
0x68,0x73,492
0x68,0x74,478
0x68,0x75,486
0x68,0x76,502
0x68,0x77,498
0x68,0x78,508
0x68,0x79,484
0x68,0x7a,524
0x68,0x7b,528
0x68,0x7c,502
0x68,0x7d,500
0x68,0x7e,516
0x68,0x7f,522
0x68,0x80,542
0x68,0x81,490
0x68,0x82,564
0x68,0x83,476
0x68,0x84,524
0x68,0x85,480
0x68,0x86,500
0x68,0x87,480
0x68,0x88,506
0x68,0x89,504
0x68,0x8a,528
0x68,0x8b,524
0x68,0x8c,506
0x68,0x8d,450
0x68,0x8e,472
0x68,0x8f,488
0x68,0x90,464
0x68,0x91,542
0x68,0x92,510
0x68,0x93,498
0x68,0x94,522
0x68,0x95,536
0x68,0x96,554
0x68,0x97,498
0x68,0x98,492
0x68,0x99,496
0x68,0x9a,510
0x68,0x9b,518
0x68,0x9c,500
0x68,0x9d,510
0x68,0x9e,500
0x68,0x9f,510
0x68,0xa0,508
0x68,0xa1,498
0x68,0xa2,508
0x68,0xa3,510
0x68,0xa4,500
0x68,0xa5,484
0x68,0xa6,508
0x68,0xa7,502
0x68,0xa8,478
0x68,0xa9,516
0x68,0xaa,514
0x68,0xab,500
0x68,0xac,516
0x68,0xad,514
0x68,0xae,502
0x68,0xaf,508
0x68,0xb0,486
0x68,0xb1,516
0x68,0xb2,496
0x68,0xb3,520
0x68,0xb4,532
0x68,0xb5,520
0x68,0xb6,528
0x68,0xb7,498
0x68,0xb8,522
0x68,0xb9,514
0x68,0xba,460
0x68,0xbb,524
0x68,0xbc,512
0x68,0xbd,544
0x68,0xbe,554
0x68,0xbf,514
0x68,0xc0,530
0x68,0xc1,520
0x68,0xc2,520
0x68,0xc3,482
0x68,0xc4,502
0x68,0xc5,502
0x68,0xc6,546
0x68,0xc7,530
0x68,0xc8,466
0x68,0xc9,508
0x68,0xca,508
0x68,0xcb,502
0x68,0xcc,530
0x68,0xcd,564
0x68,0xce,590
0x68,0xcf,568
0x68,0xd0,546
0x68,0xd1,510
0x68,0xd2,496
0x68,0xd3,504
0x68,0xd4,524
0x68,0xd5,478
0x68,0xd6,500
0x68,0xd7,434
0x68,0xd8,474
0x68,0xd9,466
0x68,0xda,518
0x68,0xdb,494
0x68,0xdc,480
0x68,0xdd,492
0x68,0xde,492
0x68,0xdf,488
0x68,0xe0,476
0x68,0xe1,486
0x68,0xe2,516
0x68,0xe3,494
0x68,0xe4,568
0x68,0xe5,474
0x68,0xe6,526
0x68,0xe7,482
0x68,0xe8,528
0x68,0xe9,538
0x68,0xea,524
0x68,0xeb,494
0x68,0xec,518
0x68,0xed,470
0x68,0xee,546
0x68,0xef,510
0x68,0xf0,510
0x68,0xf1,506
0x68,0xf2,504
0x68,0xf3,518
0x68,0xf4,496
0x68,0xf5,520
0x68,0xf6,516
0x68,0xf7,472
0x68,0xf8,514
0x68,0xf9,490
0x68,0xfa,552
0x68,0xfb,508
0x68,0xfc,492
0x68,0xfd,526
0x68,0xfe,502
0x68,0xff,506
0x69,0x00,256
0x69,0x01,478
0x69,0x02,534
0x69,0x03,496
0x69,0x04,518
0x69,0x05,544
0x69,0x06,488
0x69,0x07,524
0x69,0x08,524
0x69,0x09,448
0x69,0x0a,496
0x69,0x0b,452
0x69,0x0c,502
0x69,0x0d,514
0x69,0x0e,508
0x69,0x0f,474
0x69,0x10,490
0x69,0x11,502
0x69,0x12,446
0x69,0x13,500
0x69,0x14,496
0x69,0x15,544
0x69,0x16,534
0x69,0x17,460
0x69,0x18,522
0x69,0x19,500
0x69,0x1a,490
0x69,0x1b,500
0x69,0x1c,494
0x69,0x1d,514
0x69,0x1e,540
0x69,0x1f,506
0x69,0x20,506
0x69,0x21,528
0x69,0x22,500
0x69,0x23,502
0x69,0x24,400
0x69,0x25,518
0x69,0x26,522
0x69,0x27,482
0x69,0x28,504
0x69,0x29,486
0x69,0x2a,494
0x69,0x2b,502
0x69,0x2c,480
0x69,0x2d,496
0x69,0x2e,526
0x69,0x2f,532
0x69,0x30,458
0x69,0x31,500
0x69,0x32,472
0x69,0x33,512
0x69,0x34,554
0x69,0x35,486
0x69,0x36,538
0x69,0x37,514
0x69,0x38,508
0x69,0x39,532
0x69,0x3a,472
0x69,0x3b,474
0x69,0x3c,520
0x69,0x3d,496
0x69,0x3e,484
0x69,0x3f,506
0x69,0x40,524
0x69,0x41,510
0x69,0x42,506
0x69,0x43,508
0x69,0x44,462
0x69,0x45,494
0x69,0x46,512
0x69,0x47,500
0x69,0x48,508
0x69,0x49,504
0x69,0x4a,498
0x69,0x4b,482
0x69,0x4c,506
0x69,0x4d,512
0x69,0x4e,500
0x69,0x4f,538
0x69,0x50,492
0x69,0x51,524
0x69,0x52,504
0x69,0x53,482
0x69,0x54,524
0x69,0x55,488
0x69,0x56,508
0x69,0x57,516
0x69,0x58,512
0x69,0x59,472
0x69,0x5a,544
0x69,0x5b,488
0x69,0x5c,540
0x69,0x5d,514
0x69,0x5e,476
0x69,0x5f,490
0x69,0x60,494
0x69,0x61,554
0x69,0x62,518
0x69,0x63,508
0x69,0x64,542
0x69,0x65,520
0x69,0x66,518
0x69,0x67,476
0x69,0x68,458
0x69,0x69,496
0x69,0x6a,526
0x69,0x6b,514
0x69,0x6c,492
0x69,0x6d,536
0x69,0x6e,504
0x69,0x6f,530
0x69,0x70,534
0x69,0x71,530
0x69,0x72,528
0x69,0x73,526
0x69,0x74,520
0x69,0x75,524
0x69,0x76,486
0x69,0x77,476
0x69,0x78,472
0x69,0x79,488
0x69,0x7a,478
0x69,0x7b,486
0x69,0x7c,510
0x69,0x7d,512
0x69,0x7e,510
0x69,0x7f,482
0x69,0x80,506
0x69,0x81,490
0x69,0x82,490
0x69,0x83,506
0x69,0x84,492
0x69,0x85,468
0x69,0x86,536
0x69,0x87,544
0x69,0x88,512
0x69,0x89,514
0x69,0x8a,540
0x69,0x8b,484
0x69,0x8c,512
0x69,0x8d,542
0x69,0x8e,506
0x69,0x8f,510
0x69,0x90,524
0x69,0x91,490
0x69,0x92,498
0x69,0x93,502
0x69,0x94,482
0x69,0x95,520
0x69,0x96,482
0x69,0x97,478
0x69,0x98,478
0x69,0x99,486
0x69,0x9a,550
0x69,0x9b,510
0x69,0x9c,472
0x69,0x9d,490
0x69,0x9e,504
0x69,0x9f,526
0x69,0xa0,494
0x69,0xa1,496
0x69,0xa2,482
0x69,0xa3,486
0x69,0xa4,514
0x69,0xa5,502
0x69,0xa6,476
0x69,0xa7,500
0x69,0xa8,518
0x69,0xa9,510
0x69,0xaa,488
0x69,0xab,480
0x69,0xac,556
0x69,0xad,586
0x69,0xae,480
0x69,0xaf,560
0x69,0xb0,504
0x69,0xb1,472
0x69,0xb2,512
0x69,0xb3,610
0x69,0xb4,512
0x69,0xb5,552
0x69,0xb6,534
0x69,0xb7,564
0x69,0xb8,498
0x69,0xb9,536
0x69,0xba,534
0x69,0xbb,524
0x69,0xbc,496
0x69,0xbd,492
0x69,0xbe,540
0x69,0xbf,512
0x69,0xc0,484
0x69,0xc1,516
0x69,0xc2,520
0x69,0xc3,468
0x69,0xc4,486
0x69,0xc5,506
0x69,0xc6,504
0x69,0xc7,526
0x69,0xc8,510
0x69,0xc9,482
0x69,0xca,502
0x69,0xcb,538
0x69,0xcc,490
0x69,0xcd,496
0x69,0xce,526
0x69,0xcf,492
0x69,0xd0,462
0x69,0xd1,472
0x69,0xd2,554
0x69,0xd3,494
0x69,0xd4,512
0x69,0xd5,504
0x69,0xd6,492
0x69,0xd7,510
0x69,0xd8,516
0x69,0xd9,490
0x69,0xda,478
0x69,0xdb,566
0x69,0xdc,510
0x69,0xdd,560
0x69,0xde,510
0x69,0xdf,504
0x69,0xe0,486
0x69,0xe1,512
0x69,0xe2,486
0x69,0xe3,488
0x69,0xe4,510
0x69,0xe5,516
0x69,0xe6,468
0x69,0xe7,470
0x69,0xe8,524
0x69,0xe9,530
0x69,0xea,532
0x69,0xeb,476
0x69,0xec,546
0x69,0xed,530
0x69,0xee,496
0x69,0xef,488
0x69,0xf0,488
0x69,0xf1,516
0x69,0xf2,522
0x69,0xf3,506
0x69,0xf4,512
0x69,0xf5,508
0x69,0xf6,504
0x69,0xf7,506
0x69,0xf8,512
0x69,0xf9,522
0x69,0xfa,488
0x69,0xfb,522
0x69,0xfc,484
0x69,0xfd,504
0x69,0xfe,480
0x69,0xff,520
0x6a,0x00,256
0x6a,0x01,476
0x6a,0x02,448
0x6a,0x03,546
0x6a,0x04,510
0x6a,0x05,518
0x6a,0x06,514
0x6a,0x07,518
0x6a,0x08,486
0x6a,0x09,532
0x6a,0x0a,478
0x6a,0x0b,528
0x6a,0x0c,466
0x6a,0x0d,530
0x6a,0x0e,476
0x6a,0x0f,502
0x6a,0x10,526
0x6a,0x11,502
0x6a,0x12,506
0x6a,0x13,506
0x6a,0x14,542
0x6a,0x15,464
0x6a,0x16,532
0x6a,0x17,520
0x6a,0x18,550
0x6a,0x19,518
0x6a,0x1a,498
0x6a,0x1b,560
0x6a,0x1c,546
0x6a,0x1d,498
0x6a,0x1e,534
0x6a,0x1f,488
0x6a,0x20,528
0x6a,0x21,552
0x6a,0x22,510
0x6a,0x23,506
0x6a,0x24,480
0x6a,0x25,532
0x6a,0x26,422
0x6a,0x27,520
0x6a,0x28,474
0x6a,0x29,558
0x6a,0x2a,520
0x6a,0x2b,484
0x6a,0x2c,498
0x6a,0x2d,524
0x6a,0x2e,508
0x6a,0x2f,516
0x6a,0x30,428
0x6a,0x31,480
0x6a,0x32,466
0x6a,0x33,478
0x6a,0x34,528
0x6a,0x35,566
0x6a,0x36,504
0x6a,0x37,552
0x6a,0x38,504
0x6a,0x39,526
0x6a,0x3a,508
0x6a,0x3b,460
0x6a,0x3c,480
0x6a,0x3d,492
0x6a,0x3e,526
0x6a,0x3f,558
0x6a,0x40,494
0x6a,0x41,532
0x6a,0x42,498
0x6a,0x43,492
0x6a,0x44,498
0x6a,0x45,504
0x6a,0x46,490
0x6a,0x47,512
0x6a,0x48,478
0x6a,0x49,532
0x6a,0x4a,492
0x6a,0x4b,526
0x6a,0x4c,498
0x6a,0x4d,462
0x6a,0x4e,502
0x6a,0x4f,546
0x6a,0x50,496
0x6a,0x51,510
0x6a,0x52,504
0x6a,0x53,524
0x6a,0x54,514
0x6a,0x55,486
0x6a,0x56,552
0x6a,0x57,514
0x6a,0x58,548
0x6a,0x59,532
0x6a,0x5a,506
0x6a,0x5b,498
0x6a,0x5c,604
0x6a,0x5d,570
0x6a,0x5e,544
0x6a,0x5f,568
0x6a,0x60,532
0x6a,0x61,514
0x6a,0x62,508
0x6a,0x63,492
0x6a,0x64,492
0x6a,0x65,498
0x6a,0x66,502
0x6a,0x67,510
0x6a,0x68,530
0x6a,0x69,476
0x6a,0x6a,542
0x6a,0x6b,506
0x6a,0x6c,526
0x6a,0x6d,506
0x6a,0x6e,508
0x6a,0x6f,510
0x6a,0x70,552
0x6a,0x71,556
0x6a,0x72,518
0x6a,0x73,542
0x6a,0x74,512
0x6a,0x75,462
0x6a,0x76,498
0x6a,0x77,474
0x6a,0x78,500
0x6a,0x79,558
0x6a,0x7a,540
0x6a,0x7b,512
0x6a,0x7c,460
0x6a,0x7d,524
0x6a,0x7e,540
0x6a,0x7f,518
0x6a,0x80,520
0x6a,0x81,472
0x6a,0x82,534
0x6a,0x83,534
0x6a,0x84,492
0x6a,0x85,498
0x6a,0x86,504
0x6a,0x87,482
0x6a,0x88,524
0x6a,0x89,520
0x6a,0x8a,508
0x6a,0x8b,578
0x6a,0x8c,488
0x6a,0x8d,518
0x6a,0x8e,508
0x6a,0x8f,512
0x6a,0x90,530
0x6a,0x91,542
0x6a,0x92,494
0x6a,0x93,574
0x6a,0x94,500
0x6a,0x95,508
0x6a,0x96,516
0x6a,0x97,512
0x6a,0x98,516
0x6a,0x99,492
0x6a,0x9a,522
0x6a,0x9b,472
0x6a,0x9c,508
0x6a,0x9d,518
0x6a,0x9e,574
0x6a,0x9f,502
0x6a,0xa0,506
0x6a,0xa1,510
0x6a,0xa2,518
0x6a,0xa3,534
0x6a,0xa4,516
0x6a,0xa5,488
0x6a,0xa6,534
0x6a,0xa7,516
0x6a,0xa8,502
0x6a,0xa9,524
0x6a,0xaa,514
0x6a,0xab,516
0x6a,0xac,598
0x6a,0xad,532
0x6a,0xae,526
0x6a,0xaf,550
0x6a,0xb0,522
0x6a,0xb1,528
0x6a,0xb2,494
0x6a,0xb3,490
0x6a,0xb4,506
0x6a,0xb5,542
0x6a,0xb6,508
0x6a,0xb7,494
0x6a,0xb8,584
0x6a,0xb9,480
0x6a,0xba,510
0x6a,0xbb,520
0x6a,0xbc,586
0x6a,0xbd,562
0x6a,0xbe,482
0x6a,0xbf,524
0x6a,0xc0,460
0x6a,0xc1,478
0x6a,0xc2,506
0x6a,0xc3,538
0x6a,0xc4,508
0x6a,0xc5,592
0x6a,0xc6,496
0x6a,0xc7,540
0x6a,0xc8,522
0x6a,0xc9,528
0x6a,0xca,492
0x6a,0xcb,504
0x6a,0xcc,514
0x6a,0xcd,490
0x6a,0xce,538
0x6a,0xcf,536
0x6a,0xd0,482
0x6a,0xd1,482
0x6a,0xd2,490
0x6a,0xd3,490
0x6a,0xd4,510
0x6a,0xd5,480
0x6a,0xd6,516
0x6a,0xd7,484
0x6a,0xd8,504
0x6a,0xd9,488
0x6a,0xda,512
0x6a,0xdb,546
0x6a,0xdc,482
0x6a,0xdd,472
0x6a,0xde,512
0x6a,0xdf,550
0x6a,0xe0,502
0x6a,0xe1,530
0x6a,0xe2,534
0x6a,0xe3,560
0x6a,0xe4,492
0x6a,0xe5,500
0x6a,0xe6,496
0x6a,0xe7,540
0x6a,0xe8,560
0x6a,0xe9,586
0x6a,0xea,502
0x6a,0xeb,522
0x6a,0xec,564
0x6a,0xed,520
0x6a,0xee,532
0x6a,0xef,512
0x6a,0xf0,486
0x6a,0xf1,526
0x6a,0xf2,550
0x6a,0xf3,536
0x6a,0xf4,512
0x6a,0xf5,494
0x6a,0xf6,466
0x6a,0xf7,482
0x6a,0xf8,534
0x6a,0xf9,518
0x6a,0xfa,540
0x6a,0xfb,468
0x6a,0xfc,522
0x6a,0xfd,510
0x6a,0xfe,538
0x6a,0xff,522
0x6b,0x00,256
0x6b,0x01,500
0x6b,0x02,524
0x6b,0x03,512
0x6b,0x04,568
0x6b,0x05,534
0x6b,0x06,496
0x6b,0x07,518
0x6b,0x08,504
0x6b,0x09,508
0x6b,0x0a,472
0x6b,0x0b,518
0x6b,0x0c,496
0x6b,0x0d,518
0x6b,0x0e,494
0x6b,0x0f,512
0x6b,0x10,542
0x6b,0x11,522
0x6b,0x12,478
0x6b,0x13,526
0x6b,0x14,446
0x6b,0x15,484
0x6b,0x16,506
0x6b,0x17,486
0x6b,0x18,518
0x6b,0x19,528
0x6b,0x1a,504
0x6b,0x1b,556
0x6b,0x1c,564
0x6b,0x1d,512
0x6b,0x1e,510
0x6b,0x1f,482
0x6b,0x20,568
0x6b,0x21,510
0x6b,0x22,488
0x6b,0x23,494
0x6b,0x24,446
0x6b,0x25,494
0x6b,0x26,444
0x6b,0x27,510
0x6b,0x28,532
0x6b,0x29,490
0x6b,0x2a,512
0x6b,0x2b,504
0x6b,0x2c,530
0x6b,0x2d,522
0x6b,0x2e,566
0x6b,0x2f,508
0x6b,0x30,460
0x6b,0x31,522
0x6b,0x32,614
0x6b,0x33,530
0x6b,0x34,458
0x6b,0x35,546
0x6b,0x36,504
0x6b,0x37,506
0x6b,0x38,506
0x6b,0x39,544
0x6b,0x3a,478
0x6b,0x3b,534
0x6b,0x3c,520
0x6b,0x3d,544
0x6b,0x3e,532
0x6b,0x3f,542
0x6b,0x40,500
0x6b,0x41,540
0x6b,0x42,500
0x6b,0x43,516
0x6b,0x44,520
0x6b,0x45,520
0x6b,0x46,498
0x6b,0x47,520
0x6b,0x48,494
0x6b,0x49,478
0x6b,0x4a,462
0x6b,0x4b,530
0x6b,0x4c,488
0x6b,0x4d,512
0x6b,0x4e,516
0x6b,0x4f,518
0x6b,0x50,458
0x6b,0x51,498
0x6b,0x52,582
0x6b,0x53,542
0x6b,0x54,546
0x6b,0x55,516
0x6b,0x56,464
0x6b,0x57,494
0x6b,0x58,516
0x6b,0x59,520
0x6b,0x5a,482
0x6b,0x5b,498
0x6b,0x5c,470
0x6b,0x5d,484
0x6b,0x5e,514
0x6b,0x5f,516
0x6b,0x60,518
0x6b,0x61,524
0x6b,0x62,484
0x6b,0x63,524
0x6b,0x64,522
0x6b,0x65,504
0x6b,0x66,486
0x6b,0x67,530
0x6b,0x68,478
0x6b,0x69,526
0x6b,0x6a,490
0x6b,0x6b,504
0x6b,0x6c,514
0x6b,0x6d,482
0x6b,0x6e,486
0x6b,0x6f,518
0x6b,0x70,494
0x6b,0x71,550
0x6b,0x72,502
0x6b,0x73,528
0x6b,0x74,500
0x6b,0x75,506
0x6b,0x76,492
0x6b,0x77,478
0x6b,0x78,508
0x6b,0x79,550
0x6b,0x7a,552
0x6b,0x7b,562
0x6b,0x7c,530
0x6b,0x7d,508
0x6b,0x7e,532
0x6b,0x7f,510
0x6b,0x80,496
0x6b,0x81,514
0x6b,0x82,546
0x6b,0x83,508
0x6b,0x84,522
0x6b,0x85,502
0x6b,0x86,510
0x6b,0x87,498
0x6b,0x88,522
0x6b,0x89,530
0x6b,0x8a,504
0x6b,0x8b,472
0x6b,0x8c,474
0x6b,0x8d,506
0x6b,0x8e,526
0x6b,0x8f,560
0x6b,0x90,480
0x6b,0x91,476
0x6b,0x92,542
0x6b,0x93,494
0x6b,0x94,526
0x6b,0x95,502
0x6b,0x96,516
0x6b,0x97,494
0x6b,0x98,510
0x6b,0x99,502
0x6b,0x9a,554
0x6b,0x9b,528
0x6b,0x9c,548
0x6b,0x9d,498
0x6b,0x9e,524
0x6b,0x9f,512
0x6b,0xa0,528
0x6b,0xa1,508
0x6b,0xa2,468
0x6b,0xa3,488
0x6b,0xa4,544
0x6b,0xa5,474
0x6b,0xa6,518
0x6b,0xa7,518
0x6b,0xa8,528
0x6b,0xa9,552
0x6b,0xaa,518
0x6b,0xab,550
0x6b,0xac,578
0x6b,0xad,494
0x6b,0xae,510
0x6b,0xaf,542
0x6b,0xb0,496
0x6b,0xb1,492
0x6b,0xb2,520
0x6b,0xb3,486
0x6b,0xb4,494
0x6b,0xb5,542
0x6b,0xb6,488
0x6b,0xb7,468
0x6b,0xb8,514
0x6b,0xb9,482
0x6b,0xba,486
0x6b,0xbb,526
0x6b,0xbc,482
0x6b,0xbd,522
0x6b,0xbe,510
0x6b,0xbf,546
0x6b,0xc0,484
0x6b,0xc1,518
0x6b,0xc2,498
0x6b,0xc3,480
0x6b,0xc4,504
0x6b,0xc5,512
0x6b,0xc6,532
0x6b,0xc7,532
0x6b,0xc8,522
0x6b,0xc9,526
0x6b,0xca,522
0x6b,0xcb,532
0x6b,0xcc,474
0x6b,0xcd,508
0x6b,0xce,514
0x6b,0xcf,506
0x6b,0xd0,522
0x6b,0xd1,500
0x6b,0xd2,484
0x6b,0xd3,486
0x6b,0xd4,510
0x6b,0xd5,532
0x6b,0xd6,480
0x6b,0xd7,568
0x6b,0xd8,496
0x6b,0xd9,532
0x6b,0xda,526
0x6b,0xdb,502
0x6b,0xdc,586
0x6b,0xdd,456
0x6b,0xde,528
0x6b,0xdf,512
0x6b,0xe0,502
0x6b,0xe1,542
0x6b,0xe2,494
0x6b,0xe3,542
0x6b,0xe4,512
0x6b,0xe5,492
0x6b,0xe6,480
0x6b,0xe7,484
0x6b,0xe8,506
0x6b,0xe9,564
0x6b,0xea,510
0x6b,0xeb,524
0x6b,0xec,472
0x6b,0xed,516
0x6b,0xee,538
0x6b,0xef,506
0x6b,0xf0,544
0x6b,0xf1,496
0x6b,0xf2,448
0x6b,0xf3,514
0x6b,0xf4,540
0x6b,0xf5,536
0x6b,0xf6,506
0x6b,0xf7,508
0x6b,0xf8,500
0x6b,0xf9,544
0x6b,0xfa,520
0x6b,0xfb,506
0x6b,0xfc,530
0x6b,0xfd,550
0x6b,0xfe,482
0x6b,0xff,476
0x6c,0x00,256
0x6c,0x01,502
0x6c,0x02,534
0x6c,0x03,508
0x6c,0x04,496
0x6c,0x05,494
0x6c,0x06,486
0x6c,0x07,518
0x6c,0x08,488
0x6c,0x09,510
0x6c,0x0a,462
0x6c,0x0b,494
0x6c,0x0c,500
0x6c,0x0d,506
0x6c,0x0e,496
0x6c,0x0f,474
0x6c,0x10,498
0x6c,0x11,504
0x6c,0x12,526
0x6c,0x13,574
0x6c,0x14,466
0x6c,0x15,500
0x6c,0x16,476
0x6c,0x17,510
0x6c,0x18,486
0x6c,0x19,488
0x6c,0x1a,520
0x6c,0x1b,522
0x6c,0x1c,490
0x6c,0x1d,492
0x6c,0x1e,468
0x6c,0x1f,496
0x6c,0x20,504
0x6c,0x21,514
0x6c,0x22,512
0x6c,0x23,510
0x6c,0x24,392
0x6c,0x25,526
0x6c,0x26,460
0x6c,0x27,496
0x6c,0x28,510
0x6c,0x29,500
0x6c,0x2a,530
0x6c,0x2b,478
0x6c,0x2c,484
0x6c,0x2d,500
0x6c,0x2e,484
0x6c,0x2f,488
0x6c,0x30,494
0x6c,0x31,540
0x6c,0x32,494
0x6c,0x33,532
0x6c,0x34,506
0x6c,0x35,518
0x6c,0x36,532
0x6c,0x37,552
0x6c,0x38,504
0x6c,0x39,518
0x6c,0x3a,538
0x6c,0x3b,472
0x6c,0x3c,534
0x6c,0x3d,506
0x6c,0x3e,488
0x6c,0x3f,502
0x6c,0x40,510
0x6c,0x41,490
0x6c,0x42,518
0x6c,0x43,506
0x6c,0x44,520
0x6c,0x45,502
0x6c,0x46,472
0x6c,0x47,520
0x6c,0x48,508
0x6c,0x49,520
0x6c,0x4a,536
0x6c,0x4b,516
0x6c,0x4c,512
0x6c,0x4d,494
0x6c,0x4e,452
0x6c,0x4f,546
0x6c,0x50,580
0x6c,0x51,558
0x6c,0x52,500
0x6c,0x53,532
0x6c,0x54,492
0x6c,0x55,546
0x6c,0x56,468
0x6c,0x57,522
0x6c,0x58,478
0x6c,0x59,442
0x6c,0x5a,522
0x6c,0x5b,556
0x6c,0x5c,490
0x6c,0x5d,548
0x6c,0x5e,508
0x6c,0x5f,506
0x6c,0x60,526
0x6c,0x61,492
0x6c,0x62,524
0x6c,0x63,534
0x6c,0x64,508
0x6c,0x65,534
0x6c,0x66,474
0x6c,0x67,498
0x6c,0x68,480
0x6c,0x69,502
0x6c,0x6a,520
0x6c,0x6b,540
0x6c,0x6c,482
0x6c,0x6d,534
0x6c,0x6e,522
0x6c,0x6f,544
0x6c,0x70,500
0x6c,0x71,478
0x6c,0x72,516
0x6c,0x73,498
0x6c,0x74,476
0x6c,0x75,582
0x6c,0x76,504
0x6c,0x77,546
0x6c,0x78,514
0x6c,0x79,540
0x6c,0x7a,514
0x6c,0x7b,486
0x6c,0x7c,500
0x6c,0x7d,500
0x6c,0x7e,546
0x6c,0x7f,498
0x6c,0x80,520
0x6c,0x81,520
0x6c,0x82,512
0x6c,0x83,486
0x6c,0x84,530
0x6c,0x85,494
0x6c,0x86,468
0x6c,0x87,508
0x6c,0x88,492
0x6c,0x89,500
0x6c,0x8a,508
0x6c,0x8b,520
0x6c,0x8c,476
0x6c,0x8d,470
0x6c,0x8e,540
0x6c,0x8f,524
0x6c,0x90,516
0x6c,0x91,482
0x6c,0x92,604
0x6c,0x93,482
0x6c,0x94,502
0x6c,0x95,504
0x6c,0x96,554
0x6c,0x97,516
0x6c,0x98,518
0x6c,0x99,454
0x6c,0x9a,538
0x6c,0x9b,496
0x6c,0x9c,492
0x6c,0x9d,550
0x6c,0x9e,522
0x6c,0x9f,500
0x6c,0xa0,514
0x6c,0xa1,458
0x6c,0xa2,486
0x6c,0xa3,490
0x6c,0xa4,484
0x6c,0xa5,516
0x6c,0xa6,502
0x6c,0xa7,510
0x6c,0xa8,524
0x6c,0xa9,530
0x6c,0xaa,466
0x6c,0xab,478
0x6c,0xac,474
0x6c,0xad,510
0x6c,0xae,514
0x6c,0xaf,518
0x6c,0xb0,478
0x6c,0xb1,538
0x6c,0xb2,518
0x6c,0xb3,524
0x6c,0xb4,500
0x6c,0xb5,494
0x6c,0xb6,544
0x6c,0xb7,504
0x6c,0xb8,472
0x6c,0xb9,500
0x6c,0xba,476
0x6c,0xbb,534
0x6c,0xbc,470
0x6c,0xbd,466
0x6c,0xbe,532
0x6c,0xbf,464
0x6c,0xc0,518
0x6c,0xc1,494
0x6c,0xc2,492
0x6c,0xc3,502
0x6c,0xc4,492
0x6c,0xc5,560
0x6c,0xc6,536
0x6c,0xc7,528
0x6c,0xc8,518
0x6c,0xc9,514
0x6c,0xca,530
0x6c,0xcb,512
0x6c,0xcc,536
0x6c,0xcd,512
0x6c,0xce,500
0x6c,0xcf,538
0x6c,0xd0,514
0x6c,0xd1,504
0x6c,0xd2,474
0x6c,0xd3,524
0x6c,0xd4,514
0x6c,0xd5,456
0x6c,0xd6,508
0x6c,0xd7,530
0x6c,0xd8,504
0x6c,0xd9,524
0x6c,0xda,566
0x6c,0xdb,486
0x6c,0xdc,570
0x6c,0xdd,490
0x6c,0xde,516
0x6c,0xdf,516
0x6c,0xe0,530
0x6c,0xe1,484
0x6c,0xe2,480
0x6c,0xe3,514
0x6c,0xe4,510
0x6c,0xe5,498
0x6c,0xe6,504
0x6c,0xe7,492
0x6c,0xe8,518
0x6c,0xe9,468
0x6c,0xea,502
0x6c,0xeb,562
0x6c,0xec,528
0x6c,0xed,496
0x6c,0xee,516
0x6c,0xef,538
0x6c,0xf0,526
0x6c,0xf1,502
0x6c,0xf2,530
0x6c,0xf3,508
0x6c,0xf4,496
0x6c,0xf5,536
0x6c,0xf6,518
0x6c,0xf7,522
0x6c,0xf8,540
0x6c,0xf9,476
0x6c,0xfa,482
0x6c,0xfb,516
0x6c,0xfc,490
0x6c,0xfd,500
0x6c,0xfe,514
0x6c,0xff,508
0x6d,0x00,256
0x6d,0x01,506
0x6d,0x02,458
0x6d,0x03,514
0x6d,0x04,516
0x6d,0x05,506
0x6d,0x06,518
0x6d,0x07,486
0x6d,0x08,568
0x6d,0x09,518
0x6d,0x0a,508
0x6d,0x0b,544
0x6d,0x0c,522
0x6d,0x0d,506
0x6d,0x0e,538
0x6d,0x0f,526
0x6d,0x10,498
0x6d,0x11,508
0x6d,0x12,450
0x6d,0x13,486
0x6d,0x14,482
0x6d,0x15,494
0x6d,0x16,422
0x6d,0x17,516
0x6d,0x18,546
0x6d,0x19,524
0x6d,0x1a,500
0x6d,0x1b,518
0x6d,0x1c,494
0x6d,0x1d,528
0x6d,0x1e,574
0x6d,0x1f,526
0x6d,0x20,498
0x6d,0x21,506
0x6d,0x22,522
0x6d,0x23,542
0x6d,0x24,410
0x6d,0x25,574
0x6d,0x26,404
0x6d,0x27,468
0x6d,0x28,538
0x6d,0x29,540
0x6d,0x2a,486
0x6d,0x2b,514
0x6d,0x2c,538
0x6d,0x2d,496
0x6d,0x2e,520
0x6d,0x2f,474
0x6d,0x30,404
0x6d,0x31,514
0x6d,0x32,504
0x6d,0x33,468
0x6d,0x34,532
0x6d,0x35,476
0x6d,0x36,504
0x6d,0x37,502
0x6d,0x38,538
0x6d,0x39,506
0x6d,0x3a,502
0x6d,0x3b,480
0x6d,0x3c,498
0x6d,0x3d,498
0x6d,0x3e,534
0x6d,0x3f,502
0x6d,0x40,520
0x6d,0x41,524
0x6d,0x42,512
0x6d,0x43,482
0x6d,0x44,544
0x6d,0x45,548
0x6d,0x46,478
0x6d,0x47,474
0x6d,0x48,504
0x6d,0x49,506
0x6d,0x4a,530
0x6d,0x4b,544
0x6d,0x4c,524
0x6d,0x4d,486
0x6d,0x4e,570
0x6d,0x4f,516
0x6d,0x50,518
0x6d,0x51,516
0x6d,0x52,516
0x6d,0x53,498
0x6d,0x54,542
0x6d,0x55,484
0x6d,0x56,466
0x6d,0x57,496
0x6d,0x58,524
0x6d,0x59,536
0x6d,0x5a,482
0x6d,0x5b,538
0x6d,0x5c,526
0x6d,0x5d,488
0x6d,0x5e,516
0x6d,0x5f,492
0x6d,0x60,510
0x6d,0x61,522
0x6d,0x62,520
0x6d,0x63,518
0x6d,0x64,540
0x6d,0x65,478
0x6d,0x66,504
0x6d,0x67,518
0x6d,0x68,496
0x6d,0x69,502
0x6d,0x6a,524
0x6d,0x6b,562
0x6d,0x6c,532
0x6d,0x6d,488
0x6d,0x6e,494
0x6d,0x6f,490
0x6d,0x70,516
0x6d,0x71,498
0x6d,0x72,478
0x6d,0x73,514
0x6d,0x74,504
0x6d,0x75,504
0x6d,0x76,500
0x6d,0x77,492
0x6d,0x78,544
0x6d,0x79,476
0x6d,0x7a,520
0x6d,0x7b,482
0x6d,0x7c,484
0x6d,0x7d,484
0x6d,0x7e,546
0x6d,0x7f,528
0x6d,0x80,478
0x6d,0x81,490
0x6d,0x82,512
0x6d,0x83,486
0x6d,0x84,518
0x6d,0x85,548
0x6d,0x86,516
0x6d,0x87,504
0x6d,0x88,510
0x6d,0x89,514
0x6d,0x8a,516
0x6d,0x8b,528
0x6d,0x8c,538
0x6d,0x8d,480
0x6d,0x8e,514
0x6d,0x8f,492
0x6d,0x90,536
0x6d,0x91,468
0x6d,0x92,504
0x6d,0x93,522
0x6d,0x94,496
0x6d,0x95,494
0x6d,0x96,506
0x6d,0x97,494
0x6d,0x98,510
0x6d,0x99,566
0x6d,0x9a,516
0x6d,0x9b,516
0x6d,0x9c,524
0x6d,0x9d,530
0x6d,0x9e,512
0x6d,0x9f,518
0x6d,0xa0,516
0x6d,0xa1,498
0x6d,0xa2,536
0x6d,0xa3,518
0x6d,0xa4,508
0x6d,0xa5,492
0x6d,0xa6,478
0x6d,0xa7,470
0x6d,0xa8,516
0x6d,0xa9,560
0x6d,0xaa,522
0x6d,0xab,516
0x6d,0xac,512
0x6d,0xad,510
0x6d,0xae,536
0x6d,0xaf,502
0x6d,0xb0,520
0x6d,0xb1,488
0x6d,0xb2,516
0x6d,0xb3,502
0x6d,0xb4,520
0x6d,0xb5,486
0x6d,0xb6,488
0x6d,0xb7,520
0x6d,0xb8,496
0x6d,0xb9,494
0x6d,0xba,516
0x6d,0xbb,522
0x6d,0xbc,540
0x6d,0xbd,476
0x6d,0xbe,496
0x6d,0xbf,470
0x6d,0xc0,528
0x6d,0xc1,530
0x6d,0xc2,498
0x6d,0xc3,532
0x6d,0xc4,516
0x6d,0xc5,466
0x6d,0xc6,486
0x6d,0xc7,506
0x6d,0xc8,570
0x6d,0xc9,514
0x6d,0xca,492
0x6d,0xcb,492
0x6d,0xcc,490
0x6d,0xcd,496
0x6d,0xce,532
0x6d,0xcf,526
0x6d,0xd0,506
0x6d,0xd1,528
0x6d,0xd2,506
0x6d,0xd3,502
0x6d,0xd4,554
0x6d,0xd5,512
0x6d,0xd6,514
0x6d,0xd7,578
0x6d,0xd8,494
0x6d,0xd9,498
0x6d,0xda,480
0x6d,0xdb,536
0x6d,0xdc,530
0x6d,0xdd,500
0x6d,0xde,502
0x6d,0xdf,504
0x6d,0xe0,516
0x6d,0xe1,516
0x6d,0xe2,492
0x6d,0xe3,530
0x6d,0xe4,504
0x6d,0xe5,474
0x6d,0xe6,512
0x6d,0xe7,540
0x6d,0xe8,498
0x6d,0xe9,516
0x6d,0xea,524
0x6d,0xeb,496
0x6d,0xec,494
0x6d,0xed,506
0x6d,0xee,528
0x6d,0xef,540
0x6d,0xf0,540
0x6d,0xf1,492
0x6d,0xf2,502
0x6d,0xf3,538
0x6d,0xf4,518
0x6d,0xf5,536
0x6d,0xf6,492
0x6d,0xf7,468
0x6d,0xf8,516
0x6d,0xf9,518
0x6d,0xfa,506
0x6d,0xfb,498
0x6d,0xfc,476
0x6d,0xfd,496
0x6d,0xfe,540
0x6d,0xff,500
0x6e,0x00,256
0x6e,0x01,506
0x6e,0x02,458
0x6e,0x03,514
0x6e,0x04,516
0x6e,0x05,506
0x6e,0x06,518
0x6e,0x07,486
0x6e,0x08,568
0x6e,0x09,518
0x6e,0x0a,508
0x6e,0x0b,544
0x6e,0x0c,522
0x6e,0x0d,506
0x6e,0x0e,538
0x6e,0x0f,526
0x6e,0x10,498
0x6e,0x11,508
0x6e,0x12,450
0x6e,0x13,486
0x6e,0x14,482
0x6e,0x15,494
0x6e,0x16,422
0x6e,0x17,516
0x6e,0x18,546
0x6e,0x19,524
0x6e,0x1a,500
0x6e,0x1b,518
0x6e,0x1c,494
0x6e,0x1d,528
0x6e,0x1e,574
0x6e,0x1f,526
0x6e,0x20,498
0x6e,0x21,506
0x6e,0x22,522
0x6e,0x23,542
0x6e,0x24,410
0x6e,0x25,574
0x6e,0x26,404
0x6e,0x27,468
0x6e,0x28,538
0x6e,0x29,540
0x6e,0x2a,486
0x6e,0x2b,514
0x6e,0x2c,538
0x6e,0x2d,496
0x6e,0x2e,520
0x6e,0x2f,474
0x6e,0x30,404
0x6e,0x31,514
0x6e,0x32,504
0x6e,0x33,468
0x6e,0x34,532
0x6e,0x35,476
0x6e,0x36,504
0x6e,0x37,502
0x6e,0x38,538
0x6e,0x39,506
0x6e,0x3a,502
0x6e,0x3b,480
0x6e,0x3c,498
0x6e,0x3d,498
0x6e,0x3e,534
0x6e,0x3f,502
0x6e,0x40,520
0x6e,0x41,524
0x6e,0x42,512
0x6e,0x43,482
0x6e,0x44,544
0x6e,0x45,548
0x6e,0x46,478
0x6e,0x47,474
0x6e,0x48,504
0x6e,0x49,506
0x6e,0x4a,530
0x6e,0x4b,544
0x6e,0x4c,524
0x6e,0x4d,486
0x6e,0x4e,570
0x6e,0x4f,516
0x6e,0x50,518
0x6e,0x51,516
0x6e,0x52,516
0x6e,0x53,498
0x6e,0x54,542
0x6e,0x55,484
0x6e,0x56,466
0x6e,0x57,496
0x6e,0x58,524
0x6e,0x59,536
0x6e,0x5a,482
0x6e,0x5b,538
0x6e,0x5c,526
0x6e,0x5d,488
0x6e,0x5e,516
0x6e,0x5f,492
0x6e,0x60,510
0x6e,0x61,522
0x6e,0x62,520
0x6e,0x63,518
0x6e,0x64,540
0x6e,0x65,478
0x6e,0x66,504
0x6e,0x67,518
0x6e,0x68,496
0x6e,0x69,502
0x6e,0x6a,524
0x6e,0x6b,562
0x6e,0x6c,532
0x6e,0x6d,488
0x6e,0x6e,494
0x6e,0x6f,490
0x6e,0x70,516
0x6e,0x71,498
0x6e,0x72,478
0x6e,0x73,514
0x6e,0x74,504
0x6e,0x75,504
0x6e,0x76,500
0x6e,0x77,492
0x6e,0x78,544
0x6e,0x79,476
0x6e,0x7a,520
0x6e,0x7b,482
0x6e,0x7c,484
0x6e,0x7d,484
0x6e,0x7e,546
0x6e,0x7f,528
0x6e,0x80,478
0x6e,0x81,490
0x6e,0x82,512
0x6e,0x83,486
0x6e,0x84,518
0x6e,0x85,548
0x6e,0x86,516
0x6e,0x87,504
0x6e,0x88,510
0x6e,0x89,514
0x6e,0x8a,516
0x6e,0x8b,528
0x6e,0x8c,538
0x6e,0x8d,480
0x6e,0x8e,514
0x6e,0x8f,492
0x6e,0x90,536
0x6e,0x91,468
0x6e,0x92,504
0x6e,0x93,522
0x6e,0x94,496
0x6e,0x95,494
0x6e,0x96,506
0x6e,0x97,494
0x6e,0x98,510
0x6e,0x99,566
0x6e,0x9a,516
0x6e,0x9b,516
0x6e,0x9c,524
0x6e,0x9d,530
0x6e,0x9e,512
0x6e,0x9f,518
0x6e,0xa0,516
0x6e,0xa1,498
0x6e,0xa2,536
0x6e,0xa3,518
0x6e,0xa4,508
0x6e,0xa5,492
0x6e,0xa6,478
0x6e,0xa7,470
0x6e,0xa8,516
0x6e,0xa9,560
0x6e,0xaa,522
0x6e,0xab,516
0x6e,0xac,512
0x6e,0xad,510
0x6e,0xae,536
0x6e,0xaf,502
0x6e,0xb0,520
0x6e,0xb1,488
0x6e,0xb2,516
0x6e,0xb3,502
0x6e,0xb4,520
0x6e,0xb5,486
0x6e,0xb6,488
0x6e,0xb7,520
0x6e,0xb8,496
0x6e,0xb9,494
0x6e,0xba,516
0x6e,0xbb,522
0x6e,0xbc,540
0x6e,0xbd,476
0x6e,0xbe,496
0x6e,0xbf,470
0x6e,0xc0,528
0x6e,0xc1,530
0x6e,0xc2,498
0x6e,0xc3,532
0x6e,0xc4,516
0x6e,0xc5,466
0x6e,0xc6,486
0x6e,0xc7,506
0x6e,0xc8,570
0x6e,0xc9,514
0x6e,0xca,492
0x6e,0xcb,492
0x6e,0xcc,490
0x6e,0xcd,496
0x6e,0xce,532
0x6e,0xcf,526
0x6e,0xd0,506
0x6e,0xd1,528
0x6e,0xd2,506
0x6e,0xd3,502
0x6e,0xd4,554
0x6e,0xd5,512
0x6e,0xd6,514
0x6e,0xd7,578
0x6e,0xd8,494
0x6e,0xd9,498
0x6e,0xda,480
0x6e,0xdb,536
0x6e,0xdc,530
0x6e,0xdd,500
0x6e,0xde,502
0x6e,0xdf,504
0x6e,0xe0,516
0x6e,0xe1,516
0x6e,0xe2,492
0x6e,0xe3,530
0x6e,0xe4,504
0x6e,0xe5,474
0x6e,0xe6,512
0x6e,0xe7,540
0x6e,0xe8,498
0x6e,0xe9,516
0x6e,0xea,524
0x6e,0xeb,496
0x6e,0xec,494
0x6e,0xed,506
0x6e,0xee,528
0x6e,0xef,540
0x6e,0xf0,540
0x6e,0xf1,492
0x6e,0xf2,502
0x6e,0xf3,538
0x6e,0xf4,518
0x6e,0xf5,536
0x6e,0xf6,492
0x6e,0xf7,468
0x6e,0xf8,516
0x6e,0xf9,518
0x6e,0xfa,506
0x6e,0xfb,498
0x6e,0xfc,476
0x6e,0xfd,496
0x6e,0xfe,540
0x6e,0xff,500
0x6f,0x00,256
0x6f,0x01,510
0x6f,0x02,470
0x6f,0x03,516
0x6f,0x04,512
0x6f,0x05,538
0x6f,0x06,540
0x6f,0x07,504
0x6f,0x08,504
0x6f,0x09,512
0x6f,0x0a,498
0x6f,0x0b,494
0x6f,0x0c,488
0x6f,0x0d,544
0x6f,0x0e,502
0x6f,0x0f,500
0x6f,0x10,520
0x6f,0x11,518
0x6f,0x12,386
0x6f,0x13,500
0x6f,0x14,482
0x6f,0x15,506
0x6f,0x16,458
0x6f,0x17,502
0x6f,0x18,516
0x6f,0x19,492
0x6f,0x1a,494
0x6f,0x1b,558
0x6f,0x1c,546
0x6f,0x1d,540
0x6f,0x1e,542
0x6f,0x1f,550
0x6f,0x20,516
0x6f,0x21,534
0x6f,0x22,486
0x6f,0x23,508
0x6f,0x24,462
0x6f,0x25,558
0x6f,0x26,444
0x6f,0x27,484
0x6f,0x28,502
0x6f,0x29,510
0x6f,0x2a,478
0x6f,0x2b,522
0x6f,0x2c,506
0x6f,0x2d,504
0x6f,0x2e,516
0x6f,0x2f,526
0x6f,0x30,1310
0x6f,0x31,544
0x6f,0x32,496
0x6f,0x33,498
0x6f,0x34,464
0x6f,0x35,488
0x6f,0x36,458
0x6f,0x37,500
0x6f,0x38,498
0x6f,0x39,484
0x6f,0x3a,532
0x6f,0x3b,522
0x6f,0x3c,508
0x6f,0x3d,564
0x6f,0x3e,498
0x6f,0x3f,514
0x6f,0x40,484
0x6f,0x41,524
0x6f,0x42,520
0x6f,0x43,516
0x6f,0x44,518
0x6f,0x45,456
0x6f,0x46,526
0x6f,0x47,502
0x6f,0x48,498
0x6f,0x49,546
0x6f,0x4a,522
0x6f,0x4b,528
0x6f,0x4c,548
0x6f,0x4d,474
0x6f,0x4e,542
0x6f,0x4f,514
0x6f,0x50,542
0x6f,0x51,494
0x6f,0x52,496
0x6f,0x53,544
0x6f,0x54,510
0x6f,0x55,562
0x6f,0x56,494
0x6f,0x57,516
0x6f,0x58,520
0x6f,0x59,534
0x6f,0x5a,550
0x6f,0x5b,510
0x6f,0x5c,480
0x6f,0x5d,500
0x6f,0x5e,506
0x6f,0x5f,462
0x6f,0x60,506
0x6f,0x61,544
0x6f,0x62,498
0x6f,0x63,496
0x6f,0x64,470
0x6f,0x65,508
0x6f,0x66,526
0x6f,0x67,572
0x6f,0x68,498
0x6f,0x69,466
0x6f,0x6a,524
0x6f,0x6b,560
0x6f,0x6c,520
0x6f,0x6d,480
0x6f,0x6e,520
0x6f,0x6f,542
0x6f,0x70,474
0x6f,0x71,474
0x6f,0x72,504
0x6f,0x73,512
0x6f,0x74,546
0x6f,0x75,554
0x6f,0x76,478
0x6f,0x77,516
0x6f,0x78,528
0x6f,0x79,506
0x6f,0x7a,518
0x6f,0x7b,536
0x6f,0x7c,478
0x6f,0x7d,494
0x6f,0x7e,544
0x6f,0x7f,512
0x6f,0x80,504
0x6f,0x81,492
0x6f,0x82,524
0x6f,0x83,516
0x6f,0x84,492
0x6f,0x85,526
0x6f,0x86,480
0x6f,0x87,558
0x6f,0x88,518
0x6f,0x89,508
0x6f,0x8a,492
0x6f,0x8b,464
0x6f,0x8c,522
0x6f,0x8d,514
0x6f,0x8e,520
0x6f,0x8f,554
0x6f,0x90,484
0x6f,0x91,442
0x6f,0x92,468
0x6f,0x93,496
0x6f,0x94,522
0x6f,0x95,510
0x6f,0x96,546
0x6f,0x97,534
0x6f,0x98,500
0x6f,0x99,522
0x6f,0x9a,504
0x6f,0x9b,538
0x6f,0x9c,574
0x6f,0x9d,514
0x6f,0x9e,512
0x6f,0x9f,512
0x6f,0xa0,478
0x6f,0xa1,480
0x6f,0xa2,616
0x6f,0xa3,508
0x6f,0xa4,504
0x6f,0xa5,540
0x6f,0xa6,522
0x6f,0xa7,508
0x6f,0xa8,482
0x6f,0xa9,538
0x6f,0xaa,508
0x6f,0xab,472
0x6f,0xac,508
0x6f,0xad,500
0x6f,0xae,552
0x6f,0xaf,510
0x6f,0xb0,566
0x6f,0xb1,526
0x6f,0xb2,504
0x6f,0xb3,550
0x6f,0xb4,484
0x6f,0xb5,470
0x6f,0xb6,516
0x6f,0xb7,506
0x6f,0xb8,488
0x6f,0xb9,522
0x6f,0xba,554
0x6f,0xbb,550
0x6f,0xbc,470
0x6f,0xbd,524
0x6f,0xbe,492
0x6f,0xbf,510
0x6f,0xc0,502
0x6f,0xc1,554
0x6f,0xc2,514
0x6f,0xc3,526
0x6f,0xc4,530
0x6f,0xc5,516
0x6f,0xc6,544
0x6f,0xc7,558
0x6f,0xc8,564
0x6f,0xc9,530
0x6f,0xca,506
0x6f,0xcb,538
0x6f,0xcc,516
0x6f,0xcd,518
0x6f,0xce,498
0x6f,0xcf,542
0x6f,0xd0,508
0x6f,0xd1,522
0x6f,0xd2,534
0x6f,0xd3,544
0x6f,0xd4,530
0x6f,0xd5,542
0x6f,0xd6,504
0x6f,0xd7,576
0x6f,0xd8,506
0x6f,0xd9,516
0x6f,0xda,512
0x6f,0xdb,538
0x6f,0xdc,470
0x6f,0xdd,526
0x6f,0xde,480
0x6f,0xdf,544
0x6f,0xe0,490
0x6f,0xe1,482
0x6f,0xe2,526
0x6f,0xe3,488
0x6f,0xe4,472
0x6f,0xe5,476
0x6f,0xe6,532
0x6f,0xe7,512
0x6f,0xe8,476
0x6f,0xe9,502
0x6f,0xea,484
0x6f,0xeb,514
0x6f,0xec,508
0x6f,0xed,540
0x6f,0xee,526
0x6f,0xef,514
0x6f,0xf0,502
0x6f,0xf1,464
0x6f,0xf2,594
0x6f,0xf3,508
0x6f,0xf4,520
0x6f,0xf5,522
0x6f,0xf6,492
0x6f,0xf7,548
0x6f,0xf8,530
0x6f,0xf9,548
0x6f,0xfa,486
0x6f,0xfb,478
0x6f,0xfc,502
0x6f,0xfd,526
0x6f,0xfe,520
0x6f,0xff,532
0x70,0x00,256
0x70,0x01,500
0x70,0x02,466
0x70,0x03,498
0x70,0x04,484
0x70,0x05,520
0x70,0x06,470
0x70,0x07,488
0x70,0x08,496
0x70,0x09,540
0x70,0x0a,552
0x70,0x0b,484
0x70,0x0c,546
0x70,0x0d,556
0x70,0x0e,500
0x70,0x0f,552
0x70,0x10,482
0x70,0x11,500
0x70,0x12,440
0x70,0x13,538
0x70,0x14,496
0x70,0x15,540
0x70,0x16,448
0x70,0x17,584
0x70,0x18,450
0x70,0x19,514
0x70,0x1a,512
0x70,0x1b,490
0x70,0x1c,522
0x70,0x1d,516
0x70,0x1e,496
0x70,0x1f,500
0x70,0x20,500
0x70,0x21,502
0x70,0x22,504
0x70,0x23,494
0x70,0x24,448
0x70,0x25,464
0x70,0x26,444
0x70,0x27,484
0x70,0x28,524
0x70,0x29,534
0x70,0x2a,528
0x70,0x2b,478
0x70,0x2c,524
0x70,0x2d,514
0x70,0x2e,522
0x70,0x2f,496
0x70,0x30,450
0x70,0x31,478
0x70,0x32,548
0x70,0x33,530
0x70,0x34,468
0x70,0x35,508
0x70,0x36,470
0x70,0x37,502
0x70,0x38,516
0x70,0x39,514
0x70,0x3a,518
0x70,0x3b,464
0x70,0x3c,536
0x70,0x3d,486
0x70,0x3e,474
0x70,0x3f,516
0x70,0x40,518
0x70,0x41,540
0x70,0x42,608
0x70,0x43,472
0x70,0x44,548
0x70,0x45,508
0x70,0x46,526
0x70,0x47,560
0x70,0x48,472
0x70,0x49,528
0x70,0x4a,500
0x70,0x4b,522
0x70,0x4c,506
0x70,0x4d,550
0x70,0x4e,468
0x70,0x4f,484
0x70,0x50,494
0x70,0x51,526
0x70,0x52,520
0x70,0x53,526
0x70,0x54,518
0x70,0x55,462
0x70,0x56,466
0x70,0x57,484
0x70,0x58,530
0x70,0x59,518
0x70,0x5a,504
0x70,0x5b,516
0x70,0x5c,520
0x70,0x5d,538
0x70,0x5e,528
0x70,0x5f,560
0x70,0x60,484
0x70,0x61,496
0x70,0x62,470
0x70,0x63,514
0x70,0x64,484
0x70,0x65,512
0x70,0x66,476
0x70,0x67,494
0x70,0x68,548
0x70,0x69,504
0x70,0x6a,512
0x70,0x6b,456
0x70,0x6c,494
0x70,0x6d,482
0x70,0x6e,500
0x70,0x6f,528
0x70,0x70,474
0x70,0x71,488
0x70,0x72,520
0x70,0x73,492
0x70,0x74,480
0x70,0x75,478
0x70,0x76,456
0x70,0x77,524
0x70,0x78,506
0x70,0x79,504
0x70,0x7a,506
0x70,0x7b,514
0x70,0x7c,514
0x70,0x7d,586
0x70,0x7e,524
0x70,0x7f,472
0x70,0x80,482
0x70,0x81,488
0x70,0x82,556
0x70,0x83,512
0x70,0x84,580
0x70,0x85,486
0x70,0x86,534
0x70,0x87,534
0x70,0x88,510
0x70,0x89,532
0x70,0x8a,482
0x70,0x8b,466
0x70,0x8c,524
0x70,0x8d,446
0x70,0x8e,532
0x70,0x8f,544
0x70,0x90,628
0x70,0x91,518
0x70,0x92,470
0x70,0x93,474
0x70,0x94,528
0x70,0x95,548
0x70,0x96,552
0x70,0x97,480
0x70,0x98,488
0x70,0x99,550
0x70,0x9a,466
0x70,0x9b,518
0x70,0x9c,498
0x70,0x9d,510
0x70,0x9e,516
0x70,0x9f,508
0x70,0xa0,522
0x70,0xa1,520
0x70,0xa2,478
0x70,0xa3,464
0x70,0xa4,522
0x70,0xa5,492
0x70,0xa6,514
0x70,0xa7,520
0x70,0xa8,512
0x70,0xa9,508
0x70,0xaa,520
0x70,0xab,538
0x70,0xac,498
0x70,0xad,488
0x70,0xae,456
0x70,0xaf,562
0x70,0xb0,516
0x70,0xb1,470
0x70,0xb2,516
0x70,0xb3,524
0x70,0xb4,500
0x70,0xb5,486
0x70,0xb6,522
0x70,0xb7,500
0x70,0xb8,500
0x70,0xb9,520
0x70,0xba,514
0x70,0xbb,498
0x70,0xbc,510
0x70,0xbd,470
0x70,0xbe,520
0x70,0xbf,490
0x70,0xc0,500
0x70,0xc1,514
0x70,0xc2,492
0x70,0xc3,484
0x70,0xc4,518
0x70,0xc5,474
0x70,0xc6,504
0x70,0xc7,474
0x70,0xc8,510
0x70,0xc9,478
0x70,0xca,484
0x70,0xcb,494
0x70,0xcc,516
0x70,0xcd,522
0x70,0xce,514
0x70,0xcf,496
0x70,0xd0,486
0x70,0xd1,502
0x70,0xd2,512
0x70,0xd3,508
0x70,0xd4,514
0x70,0xd5,516
0x70,0xd6,492
0x70,0xd7,504
0x70,0xd8,478
0x70,0xd9,502
0x70,0xda,530
0x70,0xdb,516
0x70,0xdc,460
0x70,0xdd,516
0x70,0xde,536
0x70,0xdf,482
0x70,0xe0,524
0x70,0xe1,512
0x70,0xe2,484
0x70,0xe3,522
0x70,0xe4,490
0x70,0xe5,524
0x70,0xe6,496
0x70,0xe7,494
0x70,0xe8,484
0x70,0xe9,552
0x70,0xea,514
0x70,0xeb,496
0x70,0xec,500
0x70,0xed,524
0x70,0xee,488
0x70,0xef,522
0x70,0xf0,514
0x70,0xf1,566
0x70,0xf2,486
0x70,0xf3,492
0x70,0xf4,502
0x70,0xf5,514
0x70,0xf6,488
0x70,0xf7,510
0x70,0xf8,480
0x70,0xf9,478
0x70,0xfa,564
0x70,0xfb,506
0x70,0xfc,510
0x70,0xfd,544
0x70,0xfe,508
0x70,0xff,496
0x71,0x00,256
0x71,0x01,530
0x71,0x02,560
0x71,0x03,500
0x71,0x04,516
0x71,0x05,530
0x71,0x06,494
0x71,0x07,522
0x71,0x08,480
0x71,0x09,510
0x71,0x0a,510
0x71,0x0b,462
0x71,0x0c,528
0x71,0x0d,522
0x71,0x0e,520
0x71,0x0f,534
0x71,0x10,460
0x71,0x11,554
0x71,0x12,456
0x71,0x13,484
0x71,0x14,550
0x71,0x15,510
0x71,0x16,510
0x71,0x17,506
0x71,0x18,482
0x71,0x19,492
0x71,0x1a,502
0x71,0x1b,486
0x71,0x1c,522
0x71,0x1d,542
0x71,0x1e,496
0x71,0x1f,478
0x71,0x20,486
0x71,0x21,510
0x71,0x22,500
0x71,0x23,532
0x71,0x24,576
0x71,0x25,474
0x71,0x26,640
0x71,0x27,492
0x71,0x28,600
0x71,0x29,528
0x71,0x2a,546
0x71,0x2b,510
0x71,0x2c,516
0x71,0x2d,564
0x71,0x2e,564
0x71,0x2f,532
0x71,0x30,452
0x71,0x31,520
0x71,0x32,504
0x71,0x33,468
0x71,0x34,488
0x71,0x35,492
0x71,0x36,506
0x71,0x37,474
0x71,0x38,492
0x71,0x39,534
0x71,0x3a,524
0x71,0x3b,532
0x71,0x3c,544
0x71,0x3d,500
0x71,0x3e,478
0x71,0x3f,536
0x71,0x40,528
0x71,0x41,500
0x71,0x42,494
0x71,0x43,528
0x71,0x44,510
0x71,0x45,508
0x71,0x46,494
0x71,0x47,522
0x71,0x48,518
0x71,0x49,502
0x71,0x4a,496
0x71,0x4b,522
0x71,0x4c,536
0x71,0x4d,512
0x71,0x4e,522
0x71,0x4f,506
0x71,0x50,544
0x71,0x51,528
0x71,0x52,510
0x71,0x53,532
0x71,0x54,496
0x71,0x55,470
0x71,0x56,514
0x71,0x57,492
0x71,0x58,498
0x71,0x59,546
0x71,0x5a,512
0x71,0x5b,526
0x71,0x5c,512
0x71,0x5d,482
0x71,0x5e,546
0x71,0x5f,494
0x71,0x60,494
0x71,0x61,518
0x71,0x62,532
0x71,0x63,468
0x71,0x64,498
0x71,0x65,536
0x71,0x66,512
0x71,0x67,536
0x71,0x68,506
0x71,0x69,496
0x71,0x6a,476
0x71,0x6b,522
0x71,0x6c,576
0x71,0x6d,568
0x71,0x6e,466
0x71,0x6f,514
0x71,0x70,504
0x71,0x71,500
0x71,0x72,504
0x71,0x73,516
0x71,0x74,540
0x71,0x75,528
0x71,0x76,504
0x71,0x77,512
0x71,0x78,522
0x71,0x79,538
0x71,0x7a,496
0x71,0x7b,474
0x71,0x7c,522
0x71,0x7d,610
0x71,0x7e,532
0x71,0x7f,582
0x71,0x80,490
0x71,0x81,464
0x71,0x82,494
0x71,0x83,546
0x71,0x84,530
0x71,0x85,490
0x71,0x86,524
0x71,0x87,586
0x71,0x88,520
0x71,0x89,472
0x71,0x8a,466
0x71,0x8b,462
0x71,0x8c,538
0x71,0x8d,550
0x71,0x8e,518
0x71,0x8f,518
0x71,0x90,488
0x71,0x91,506
0x71,0x92,522
0x71,0x93,482
0x71,0x94,526
0x71,0x95,470
0x71,0x96,522
0x71,0x97,516
0x71,0x98,522
0x71,0x99,496
0x71,0x9a,534
0x71,0x9b,516
0x71,0x9c,534
0x71,0x9d,506
0x71,0x9e,468
0x71,0x9f,532
0x71,0xa0,476
0x71,0xa1,496
0x71,0xa2,468
0x71,0xa3,504
0x71,0xa4,500
0x71,0xa5,484
0x71,0xa6,472
0x71,0xa7,466
0x71,0xa8,520
0x71,0xa9,596
0x71,0xaa,532
0x71,0xab,520
0x71,0xac,486
0x71,0xad,494
0x71,0xae,514
0x71,0xaf,466
0x71,0xb0,554
0x71,0xb1,488
0x71,0xb2,472
0x71,0xb3,520
0x71,0xb4,480
0x71,0xb5,554
0x71,0xb6,556
0x71,0xb7,476
0x71,0xb8,536
0x71,0xb9,524
0x71,0xba,520
0x71,0xbb,532
0x71,0xbc,570
0x71,0xbd,536
0x71,0xbe,486
0x71,0xbf,508
0x71,0xc0,492
0x71,0xc1,566
0x71,0xc2,510
0x71,0xc3,530
0x71,0xc4,506
0x71,0xc5,510
0x71,0xc6,500
0x71,0xc7,508
0x71,0xc8,480
0x71,0xc9,508
0x71,0xca,518
0x71,0xcb,548
0x71,0xcc,502
0x71,0xcd,534
0x71,0xce,546
0x71,0xcf,512
0x71,0xd0,492
0x71,0xd1,512
0x71,0xd2,480
0x71,0xd3,516
0x71,0xd4,512
0x71,0xd5,512
0x71,0xd6,448
0x71,0xd7,526
0x71,0xd8,568
0x71,0xd9,504
0x71,0xda,482
0x71,0xdb,518
0x71,0xdc,472
0x71,0xdd,464
0x71,0xde,480
0x71,0xdf,552
0x71,0xe0,512
0x71,0xe1,536
0x71,0xe2,480
0x71,0xe3,470
0x71,0xe4,472
0x71,0xe5,498
0x71,0xe6,492
0x71,0xe7,606
0x71,0xe8,480
0x71,0xe9,472
0x71,0xea,500
0x71,0xeb,484
0x71,0xec,492
0x71,0xed,502
0x71,0xee,538
0x71,0xef,510
0x71,0xf0,506
0x71,0xf1,498
0x71,0xf2,524
0x71,0xf3,504
0x71,0xf4,538
0x71,0xf5,530
0x71,0xf6,554
0x71,0xf7,548
0x71,0xf8,520
0x71,0xf9,496
0x71,0xfa,490
0x71,0xfb,470
0x71,0xfc,532
0x71,0xfd,514
0x71,0xfe,566
0x71,0xff,548
0x72,0x00,256
0x72,0x01,484
0x72,0x02,514
0x72,0x03,528
0x72,0x04,508
0x72,0x05,490
0x72,0x06,490
0x72,0x07,522
0x72,0x08,566
0x72,0x09,488
0x72,0x0a,524
0x72,0x0b,514
0x72,0x0c,512
0x72,0x0d,510
0x72,0x0e,512
0x72,0x0f,492
0x72,0x10,510
0x72,0x11,524
0x72,0x12,472
0x72,0x13,494
0x72,0x14,588
0x72,0x15,486
0x72,0x16,468
0x72,0x17,526
0x72,0x18,528
0x72,0x19,510
0x72,0x1a,510
0x72,0x1b,488
0x72,0x1c,466
0x72,0x1d,580
0x72,0x1e,560
0x72,0x1f,500
0x72,0x20,488
0x72,0x21,480
0x72,0x22,540
0x72,0x23,478
0x72,0x24,828
0x72,0x25,450
0x72,0x26,596
0x72,0x27,526
0x72,0x28,478
0x72,0x29,474
0x72,0x2a,504
0x72,0x2b,482
0x72,0x2c,548
0x72,0x2d,514
0x72,0x2e,488
0x72,0x2f,488
0x72,0x30,388
0x72,0x31,448
0x72,0x32,566
0x72,0x33,508
0x72,0x34,502
0x72,0x35,480
0x72,0x36,462
0x72,0x37,486
0x72,0x38,550
0x72,0x39,528
0x72,0x3a,562
0x72,0x3b,510
0x72,0x3c,474
0x72,0x3d,536
0x72,0x3e,526
0x72,0x3f,510
0x72,0x40,458
0x72,0x41,486
0x72,0x42,518
0x72,0x43,480
0x72,0x44,516
0x72,0x45,478
0x72,0x46,522
0x72,0x47,500
0x72,0x48,494
0x72,0x49,494
0x72,0x4a,514
0x72,0x4b,476
0x72,0x4c,568
0x72,0x4d,536
0x72,0x4e,510
0x72,0x4f,472
0x72,0x50,520
0x72,0x51,516
0x72,0x52,480
0x72,0x53,516
0x72,0x54,526
0x72,0x55,498
0x72,0x56,506
0x72,0x57,518
0x72,0x58,500
0x72,0x59,504
0x72,0x5a,568
0x72,0x5b,482
0x72,0x5c,462
0x72,0x5d,492
0x72,0x5e,516
0x72,0x5f,540
0x72,0x60,546
0x72,0x61,556
0x72,0x62,526
0x72,0x63,550
0x72,0x64,500
0x72,0x65,498
0x72,0x66,492
0x72,0x67,504
0x72,0x68,550
0x72,0x69,584
0x72,0x6a,538
0x72,0x6b,522
0x72,0x6c,502
0x72,0x6d,500
0x72,0x6e,512
0x72,0x6f,500
0x72,0x70,516
0x72,0x71,524
0x72,0x72,514
0x72,0x73,488
0x72,0x74,556
0x72,0x75,498
0x72,0x76,580
0x72,0x77,504
0x72,0x78,500
0x72,0x79,534
0x72,0x7a,516
0x72,0x7b,540
0x72,0x7c,496
0x72,0x7d,552
0x72,0x7e,532
0x72,0x7f,494
0x72,0x80,500
0x72,0x81,486
0x72,0x82,506
0x72,0x83,550
0x72,0x84,490
0x72,0x85,502
0x72,0x86,548
0x72,0x87,522
0x72,0x88,532
0x72,0x89,552
0x72,0x8a,502
0x72,0x8b,480
0x72,0x8c,554
0x72,0x8d,508
0x72,0x8e,494
0x72,0x8f,518
0x72,0x90,540
0x72,0x91,532
0x72,0x92,464
0x72,0x93,510
0x72,0x94,508
0x72,0x95,498
0x72,0x96,488
0x72,0x97,496
0x72,0x98,500
0x72,0x99,534
0x72,0x9a,508
0x72,0x9b,520
0x72,0x9c,528
0x72,0x9d,490
0x72,0x9e,514
0x72,0x9f,488
0x72,0xa0,518
0x72,0xa1,542
0x72,0xa2,512
0x72,0xa3,512
0x72,0xa4,532
0x72,0xa5,554
0x72,0xa6,556
0x72,0xa7,528
0x72,0xa8,472
0x72,0xa9,484
0x72,0xaa,536
0x72,0xab,504
0x72,0xac,506
0x72,0xad,516
0x72,0xae,502
0x72,0xaf,482
0x72,0xb0,490
0x72,0xb1,500
0x72,0xb2,514
0x72,0xb3,478
0x72,0xb4,648
0x72,0xb5,570
0x72,0xb6,458
0x72,0xb7,524
0x72,0xb8,486
0x72,0xb9,514
0x72,0xba,538
0x72,0xbb,510
0x72,0xbc,538
0x72,0xbd,510
0x72,0xbe,484
0x72,0xbf,508
0x72,0xc0,530
0x72,0xc1,516
0x72,0xc2,484
0x72,0xc3,512
0x72,0xc4,496
0x72,0xc5,496
0x72,0xc6,502
0x72,0xc7,498
0x72,0xc8,520
0x72,0xc9,504
0x72,0xca,506
0x72,0xcb,538
0x72,0xcc,478
0x72,0xcd,500
0x72,0xce,504
0x72,0xcf,538
0x72,0xd0,500
0x72,0xd1,470
0x72,0xd2,470
0x72,0xd3,522
0x72,0xd4,520
0x72,0xd5,548
0x72,0xd6,488
0x72,0xd7,536
0x72,0xd8,506
0x72,0xd9,494
0x72,0xda,496
0x72,0xdb,496
0x72,0xdc,490
0x72,0xdd,522
0x72,0xde,532
0x72,0xdf,540
0x72,0xe0,542
0x72,0xe1,524
0x72,0xe2,556
0x72,0xe3,524
0x72,0xe4,528
0x72,0xe5,522
0x72,0xe6,494
0x72,0xe7,504
0x72,0xe8,526
0x72,0xe9,508
0x72,0xea,522
0x72,0xeb,488
0x72,0xec,512
0x72,0xed,496
0x72,0xee,542
0x72,0xef,506
0x72,0xf0,518
0x72,0xf1,508
0x72,0xf2,492
0x72,0xf3,548
0x72,0xf4,490
0x72,0xf5,506
0x72,0xf6,538
0x72,0xf7,480
0x72,0xf8,516
0x72,0xf9,536
0x72,0xfa,542
0x72,0xfb,504
0x72,0xfc,488
0x72,0xfd,538
0x72,0xfe,514
0x72,0xff,504
0x73,0x00,256
0x73,0x01,490
0x73,0x02,554
0x73,0x03,514
0x73,0x04,500
0x73,0x05,462
0x73,0x06,498
0x73,0x07,538
0x73,0x08,538
0x73,0x09,532
0x73,0x0a,460
0x73,0x0b,470
0x73,0x0c,500
0x73,0x0d,488
0x73,0x0e,506
0x73,0x0f,528
0x73,0x10,530
0x73,0x11,484
0x73,0x12,522
0x73,0x13,518
0x73,0x14,578
0x73,0x15,476
0x73,0x16,580
0x73,0x17,480
0x73,0x18,492
0x73,0x19,482
0x73,0x1a,566
0x73,0x1b,532
0x73,0x1c,544
0x73,0x1d,498
0x73,0x1e,548
0x73,0x1f,546
0x73,0x20,472
0x73,0x21,510
0x73,0x22,504
0x73,0x23,528
0x73,0x24,776
0x73,0x25,482
0x73,0x26,394
0x73,0x27,488
0x73,0x28,500
0x73,0x29,508
0x73,0x2a,522
0x73,0x2b,530
0x73,0x2c,470
0x73,0x2d,482
0x73,0x2e,508
0x73,0x2f,468
0x73,0x30,442
0x73,0x31,518
0x73,0x32,518
0x73,0x33,534
0x73,0x34,486
0x73,0x35,508
0x73,0x36,472
0x73,0x37,500
0x73,0x38,512
0x73,0x39,522
0x73,0x3a,502
0x73,0x3b,590
0x73,0x3c,522
0x73,0x3d,504
0x73,0x3e,506
0x73,0x3f,476
0x73,0x40,540
0x73,0x41,544
0x73,0x42,488
0x73,0x43,568
0x73,0x44,498
0x73,0x45,482
0x73,0x46,472
0x73,0x47,560
0x73,0x48,492
0x73,0x49,494
0x73,0x4a,540
0x73,0x4b,542
0x73,0x4c,494
0x73,0x4d,548
0x73,0x4e,524
0x73,0x4f,554
0x73,0x50,506
0x73,0x51,546
0x73,0x52,512
0x73,0x53,556
0x73,0x54,508
0x73,0x55,544
0x73,0x56,478
0x73,0x57,490
0x73,0x58,508
0x73,0x59,556
0x73,0x5a,512
0x73,0x5b,476
0x73,0x5c,494
0x73,0x5d,514
0x73,0x5e,522
0x73,0x5f,500
0x73,0x60,482
0x73,0x61,520
0x73,0x62,528
0x73,0x63,500
0x73,0x64,482
0x73,0x65,528
0x73,0x66,506
0x73,0x67,524
0x73,0x68,512
0x73,0x69,512
0x73,0x6a,504
0x73,0x6b,502
0x73,0x6c,508
0x73,0x6d,522
0x73,0x6e,568
0x73,0x6f,512
0x73,0x70,548
0x73,0x71,492
0x73,0x72,512
0x73,0x73,538
0x73,0x74,516
0x73,0x75,526
0x73,0x76,474
0x73,0x77,538
0x73,0x78,476
0x73,0x79,500
0x73,0x7a,506
0x73,0x7b,494
0x73,0x7c,538
0x73,0x7d,506
0x73,0x7e,464
0x73,0x7f,486
0x73,0x80,520
0x73,0x81,494
0x73,0x82,480
0x73,0x83,498
0x73,0x84,490
0x73,0x85,510
0x73,0x86,504
0x73,0x87,498
0x73,0x88,482
0x73,0x89,496
0x73,0x8a,480
0x73,0x8b,440
0x73,0x8c,510
0x73,0x8d,520
0x73,0x8e,502
0x73,0x8f,512
0x73,0x90,510
0x73,0x91,516
0x73,0x92,530
0x73,0x93,550
0x73,0x94,524
0x73,0x95,482
0x73,0x96,540
0x73,0x97,510
0x73,0x98,550
0x73,0x99,532
0x73,0x9a,510
0x73,0x9b,494
0x73,0x9c,536
0x73,0x9d,540
0x73,0x9e,470
0x73,0x9f,520
0x73,0xa0,480
0x73,0xa1,520
0x73,0xa2,512
0x73,0xa3,596
0x73,0xa4,512
0x73,0xa5,518
0x73,0xa6,502
0x73,0xa7,520
0x73,0xa8,488
0x73,0xa9,542
0x73,0xaa,528
0x73,0xab,500
0x73,0xac,498
0x73,0xad,528
0x73,0xae,498
0x73,0xaf,558
0x73,0xb0,482
0x73,0xb1,536
0x73,0xb2,482
0x73,0xb3,490
0x73,0xb4,516
0x73,0xb5,524
0x73,0xb6,502
0x73,0xb7,466
0x73,0xb8,526
0x73,0xb9,526
0x73,0xba,580
0x73,0xbb,488
0x73,0xbc,566
0x73,0xbd,506
0x73,0xbe,474
0x73,0xbf,514
0x73,0xc0,500
0x73,0xc1,536
0x73,0xc2,528
0x73,0xc3,538
0x73,0xc4,506
0x73,0xc5,518
0x73,0xc6,536
0x73,0xc7,522
0x73,0xc8,494
0x73,0xc9,540
0x73,0xca,532
0x73,0xcb,518
0x73,0xcc,522
0x73,0xcd,522
0x73,0xce,490
0x73,0xcf,482
0x73,0xd0,504
0x73,0xd1,556
0x73,0xd2,512
0x73,0xd3,536
0x73,0xd4,550
0x73,0xd5,512
0x73,0xd6,542
0x73,0xd7,466
0x73,0xd8,560
0x73,0xd9,516
0x73,0xda,490
0x73,0xdb,516
0x73,0xdc,488
0x73,0xdd,498
0x73,0xde,502
0x73,0xdf,532
0x73,0xe0,522
0x73,0xe1,520
0x73,0xe2,516
0x73,0xe3,510
0x73,0xe4,490
0x73,0xe5,516
0x73,0xe6,568
0x73,0xe7,532
0x73,0xe8,480
0x73,0xe9,526
0x73,0xea,504
0x73,0xeb,528
0x73,0xec,500
0x73,0xed,544
0x73,0xee,520
0x73,0xef,512
0x73,0xf0,522
0x73,0xf1,506
0x73,0xf2,480
0x73,0xf3,532
0x73,0xf4,518
0x73,0xf5,506
0x73,0xf6,490
0x73,0xf7,498
0x73,0xf8,510
0x73,0xf9,546
0x73,0xfa,546
0x73,0xfb,518
0x73,0xfc,494
0x73,0xfd,478
0x73,0xfe,494
0x73,0xff,544
0x74,0x00,256
0x74,0x01,484
0x74,0x02,480
0x74,0x03,534
0x74,0x04,516
0x74,0x05,508
0x74,0x06,490
0x74,0x07,530
0x74,0x08,540
0x74,0x09,570
0x74,0x0a,486
0x74,0x0b,494
0x74,0x0c,496
0x74,0x0d,504
0x74,0x0e,530
0x74,0x0f,538
0x74,0x10,448
0x74,0x11,486
0x74,0x12,410
0x74,0x13,502
0x74,0x14,652
0x74,0x15,514
0x74,0x16,508
0x74,0x17,530
0x74,0x18,510
0x74,0x19,502
0x74,0x1a,482
0x74,0x1b,488
0x74,0x1c,532
0x74,0x1d,534
0x74,0x1e,578
0x74,0x1f,498
0x74,0x20,476
0x74,0x21,504
0x74,0x22,508
0x74,0x23,506
0x74,0x24,416
0x74,0x25,488
0x74,0x26,476
0x74,0x27,534
0x74,0x28,510
0x74,0x29,498
0x74,0x2a,486
0x74,0x2b,482
0x74,0x2c,536
0x74,0x2d,516
0x74,0x2e,532
0x74,0x2f,524
0x74,0x30,480
0x74,0x31,512
0x74,0x32,482
0x74,0x33,522
0x74,0x34,484
0x74,0x35,498
0x74,0x36,492
0x74,0x37,474
0x74,0x38,498
0x74,0x39,554
0x74,0x3a,512
0x74,0x3b,558
0x74,0x3c,524
0x74,0x3d,544
0x74,0x3e,504
0x74,0x3f,512
0x74,0x40,506
0x74,0x41,502
0x74,0x42,486
0x74,0x43,502
0x74,0x44,478
0x74,0x45,488
0x74,0x46,534
0x74,0x47,508
0x74,0x48,488
0x74,0x49,524
0x74,0x4a,536
0x74,0x4b,518
0x74,0x4c,512
0x74,0x4d,542
0x74,0x4e,546
0x74,0x4f,496
0x74,0x50,518
0x74,0x51,494
0x74,0x52,506
0x74,0x53,468
0x74,0x54,518
0x74,0x55,516
0x74,0x56,492
0x74,0x57,534
0x74,0x58,476
0x74,0x59,500
0x74,0x5a,508
0x74,0x5b,532
0x74,0x5c,510
0x74,0x5d,522
0x74,0x5e,518
0x74,0x5f,520
0x74,0x60,488
0x74,0x61,502
0x74,0x62,578
0x74,0x63,534
0x74,0x64,502
0x74,0x65,502
0x74,0x66,536
0x74,0x67,458
0x74,0x68,532
0x74,0x69,536
0x74,0x6a,492
0x74,0x6b,476
0x74,0x6c,518
0x74,0x6d,558
0x74,0x6e,522
0x74,0x6f,498
0x74,0x70,544
0x74,0x71,468
0x74,0x72,518
0x74,0x73,494
0x74,0x74,524
0x74,0x75,578
0x74,0x76,508
0x74,0x77,508
0x74,0x78,510
0x74,0x79,512
0x74,0x7a,518
0x74,0x7b,506
0x74,0x7c,518
0x74,0x7d,500
0x74,0x7e,532
0x74,0x7f,496
0x74,0x80,520
0x74,0x81,506
0x74,0x82,504
0x74,0x83,500
0x74,0x84,548
0x74,0x85,550
0x74,0x86,504
0x74,0x87,530
0x74,0x88,510
0x74,0x89,486
0x74,0x8a,516
0x74,0x8b,504
0x74,0x8c,524
0x74,0x8d,500
0x74,0x8e,484
0x74,0x8f,488
0x74,0x90,518
0x74,0x91,556
0x74,0x92,446
0x74,0x93,492
0x74,0x94,520
0x74,0x95,478
0x74,0x96,558
0x74,0x97,482
0x74,0x98,442
0x74,0x99,526
0x74,0x9a,518
0x74,0x9b,542
0x74,0x9c,510
0x74,0x9d,480
0x74,0x9e,520
0x74,0x9f,512
0x74,0xa0,550
0x74,0xa1,534
0x74,0xa2,508
0x74,0xa3,510
0x74,0xa4,528
0x74,0xa5,484
0x74,0xa6,522
0x74,0xa7,490
0x74,0xa8,490
0x74,0xa9,530
0x74,0xaa,522
0x74,0xab,534
0x74,0xac,528
0x74,0xad,494
0x74,0xae,492
0x74,0xaf,516
0x74,0xb0,504
0x74,0xb1,478
0x74,0xb2,532
0x74,0xb3,520
0x74,0xb4,530
0x74,0xb5,504
0x74,0xb6,516
0x74,0xb7,532
0x74,0xb8,506
0x74,0xb9,502
0x74,0xba,516
0x74,0xbb,500
0x74,0xbc,500
0x74,0xbd,544
0x74,0xbe,530
0x74,0xbf,508
0x74,0xc0,520
0x74,0xc1,526
0x74,0xc2,560
0x74,0xc3,522
0x74,0xc4,530
0x74,0xc5,496
0x74,0xc6,476
0x74,0xc7,482
0x74,0xc8,526
0x74,0xc9,532
0x74,0xca,548
0x74,0xcb,478
0x74,0xcc,496
0x74,0xcd,494
0x74,0xce,506
0x74,0xcf,460
0x74,0xd0,526
0x74,0xd1,520
0x74,0xd2,530
0x74,0xd3,500
0x74,0xd4,480
0x74,0xd5,502
0x74,0xd6,460
0x74,0xd7,550
0x74,0xd8,496
0x74,0xd9,494
0x74,0xda,486
0x74,0xdb,502
0x74,0xdc,484
0x74,0xdd,508
0x74,0xde,508
0x74,0xdf,498
0x74,0xe0,548
0x74,0xe1,492
0x74,0xe2,492
0x74,0xe3,490
0x74,0xe4,500
0x74,0xe5,512
0x74,0xe6,534
0x74,0xe7,510
0x74,0xe8,518
0x74,0xe9,542
0x74,0xea,516
0x74,0xeb,530
0x74,0xec,546
0x74,0xed,506
0x74,0xee,498
0x74,0xef,456
0x74,0xf0,544
0x74,0xf1,540
0x74,0xf2,522
0x74,0xf3,488
0x74,0xf4,504
0x74,0xf5,546
0x74,0xf6,492
0x74,0xf7,516
0x74,0xf8,494
0x74,0xf9,482
0x74,0xfa,514
0x74,0xfb,482
0x74,0xfc,490
0x74,0xfd,540
0x74,0xfe,476
0x74,0xff,516
0x75,0x00,256
0x75,0x01,474
0x75,0x02,520
0x75,0x03,490
0x75,0x04,576
0x75,0x05,494
0x75,0x06,556
0x75,0x07,520
0x75,0x08,522
0x75,0x09,500
0x75,0x0a,542
0x75,0x0b,468
0x75,0x0c,524
0x75,0x0d,494
0x75,0x0e,486
0x75,0x0f,532
0x75,0x10,604
0x75,0x11,546
0x75,0x12,456
0x75,0x13,480
0x75,0x14,664
0x75,0x15,590
0x75,0x16,532
0x75,0x17,496
0x75,0x18,512
0x75,0x19,518
0x75,0x1a,544
0x75,0x1b,498
0x75,0x1c,494
0x75,0x1d,488
0x75,0x1e,540
0x75,0x1f,530
0x75,0x20,546
0x75,0x21,526
0x75,0x22,570
0x75,0x23,504
0x75,0x24,1298
0x75,0x25,528
0x75,0x26,422
0x75,0x27,508
0x75,0x28,488
0x75,0x29,526
0x75,0x2a,504
0x75,0x2b,538
0x75,0x2c,474
0x75,0x2d,528
0x75,0x2e,506
0x75,0x2f,514
0x75,0x30,474
0x75,0x31,546
0x75,0x32,520
0x75,0x33,522
0x75,0x34,438
0x75,0x35,502
0x75,0x36,728
0x75,0x37,524
0x75,0x38,520
0x75,0x39,528
0x75,0x3a,528
0x75,0x3b,574
0x75,0x3c,484
0x75,0x3d,504
0x75,0x3e,472
0x75,0x3f,494
0x75,0x40,474
0x75,0x41,510
0x75,0x42,550
0x75,0x43,524
0x75,0x44,484
0x75,0x45,488
0x75,0x46,542
0x75,0x47,508
0x75,0x48,530
0x75,0x49,502
0x75,0x4a,528
0x75,0x4b,518
0x75,0x4c,522
0x75,0x4d,538
0x75,0x4e,512
0x75,0x4f,556
0x75,0x50,530
0x75,0x51,534
0x75,0x52,500
0x75,0x53,544
0x75,0x54,536
0x75,0x55,516
0x75,0x56,530
0x75,0x57,492
0x75,0x58,500
0x75,0x59,494
0x75,0x5a,542
0x75,0x5b,528
0x75,0x5c,536
0x75,0x5d,504
0x75,0x5e,484
0x75,0x5f,514
0x75,0x60,520
0x75,0x61,478
0x75,0x62,466
0x75,0x63,502
0x75,0x64,510
0x75,0x65,516
0x75,0x66,478
0x75,0x67,466
0x75,0x68,478
0x75,0x69,544
0x75,0x6a,496
0x75,0x6b,508
0x75,0x6c,524
0x75,0x6d,498
0x75,0x6e,494
0x75,0x6f,540
0x75,0x70,516
0x75,0x71,498
0x75,0x72,494
0x75,0x73,514
0x75,0x74,508
0x75,0x75,552
0x75,0x76,566
0x75,0x77,576
0x75,0x78,522
0x75,0x79,538
0x75,0x7a,532
0x75,0x7b,574
0x75,0x7c,514
0x75,0x7d,530
0x75,0x7e,492
0x75,0x7f,506
0x75,0x80,522
0x75,0x81,548
0x75,0x82,502
0x75,0x83,530
0x75,0x84,504
0x75,0x85,492
0x75,0x86,526
0x75,0x87,528
0x75,0x88,526
0x75,0x89,526
0x75,0x8a,502
0x75,0x8b,520
0x75,0x8c,550
0x75,0x8d,544
0x75,0x8e,494
0x75,0x8f,494
0x75,0x90,502
0x75,0x91,500
0x75,0x92,490
0x75,0x93,510
0x75,0x94,490
0x75,0x95,488
0x75,0x96,518
0x75,0x97,500
0x75,0x98,488
0x75,0x99,508
0x75,0x9a,494
0x75,0x9b,504
0x75,0x9c,548
0x75,0x9d,482
0x75,0x9e,504
0x75,0x9f,516
0x75,0xa0,514
0x75,0xa1,530
0x75,0xa2,534
0x75,0xa3,536
0x75,0xa4,530
0x75,0xa5,488
0x75,0xa6,456
0x75,0xa7,508
0x75,0xa8,452
0x75,0xa9,518
0x75,0xaa,522
0x75,0xab,524
0x75,0xac,470
0x75,0xad,490
0x75,0xae,514
0x75,0xaf,492
0x75,0xb0,476
0x75,0xb1,504
0x75,0xb2,540
0x75,0xb3,564
0x75,0xb4,512
0x75,0xb5,542
0x75,0xb6,536
0x75,0xb7,508
0x75,0xb8,526
0x75,0xb9,556
0x75,0xba,492
0x75,0xbb,494
0x75,0xbc,522
0x75,0xbd,524
0x75,0xbe,488
0x75,0xbf,494
0x75,0xc0,532
0x75,0xc1,568
0x75,0xc2,508
0x75,0xc3,502
0x75,0xc4,516
0x75,0xc5,470
0x75,0xc6,568
0x75,0xc7,506
0x75,0xc8,524
0x75,0xc9,518
0x75,0xca,530
0x75,0xcb,520
0x75,0xcc,522
0x75,0xcd,528
0x75,0xce,474
0x75,0xcf,514
0x75,0xd0,568
0x75,0xd1,492
0x75,0xd2,502
0x75,0xd3,536
0x75,0xd4,490
0x75,0xd5,512
0x75,0xd6,486
0x75,0xd7,436
0x75,0xd8,486
0x75,0xd9,484
0x75,0xda,558
0x75,0xdb,532
0x75,0xdc,522
0x75,0xdd,496
0x75,0xde,484
0x75,0xdf,498
0x75,0xe0,498
0x75,0xe1,542
0x75,0xe2,514
0x75,0xe3,506
0x75,0xe4,582
0x75,0xe5,548
0x75,0xe6,488
0x75,0xe7,546
0x75,0xe8,496
0x75,0xe9,484
0x75,0xea,486
0x75,0xeb,482
0x75,0xec,518
0x75,0xed,470
0x75,0xee,524
0x75,0xef,516
0x75,0xf0,530
0x75,0xf1,480
0x75,0xf2,508
0x75,0xf3,508
0x75,0xf4,518
0x75,0xf5,566
0x75,0xf6,584
0x75,0xf7,512
0x75,0xf8,552
0x75,0xf9,528
0x75,0xfa,524
0x75,0xfb,524
0x75,0xfc,544
0x75,0xfd,510
0x75,0xfe,508
0x75,0xff,528
0x76,0x00,256
0x76,0x01,464
0x76,0x02,492
0x76,0x03,506
0x76,0x04,564
0x76,0x05,556
0x76,0x06,554
0x76,0x07,504
0x76,0x08,502
0x76,0x09,510
0x76,0x0a,494
0x76,0x0b,510
0x76,0x0c,498
0x76,0x0d,538
0x76,0x0e,566
0x76,0x0f,514
0x76,0x10,568
0x76,0x11,516
0x76,0x12,436
0x76,0x13,528
0x76,0x14,494
0x76,0x15,546
0x76,0x16,468
0x76,0x17,518
0x76,0x18,506
0x76,0x19,512
0x76,0x1a,474
0x76,0x1b,502
0x76,0x1c,480
0x76,0x1d,566
0x76,0x1e,492
0x76,0x1f,488
0x76,0x20,552
0x76,0x21,500
0x76,0x22,670
0x76,0x23,524
0x76,0x24,400
0x76,0x25,462
0x76,0x26,396
0x76,0x27,498
0x76,0x28,490
0x76,0x29,500
0x76,0x2a,502
0x76,0x2b,532
0x76,0x2c,590
0x76,0x2d,480
0x76,0x2e,498
0x76,0x2f,534
0x76,0x30,580
0x76,0x31,512
0x76,0x32,502
0x76,0x33,496
0x76,0x34,484
0x76,0x35,494
0x76,0x36,760
0x76,0x37,544
0x76,0x38,480
0x76,0x39,520
0x76,0x3a,536
0x76,0x3b,524
0x76,0x3c,562
0x76,0x3d,530
0x76,0x3e,508
0x76,0x3f,506
0x76,0x40,514
0x76,0x41,498
0x76,0x42,474
0x76,0x43,542
0x76,0x44,494
0x76,0x45,560
0x76,0x46,484
0x76,0x47,504
0x76,0x48,504
0x76,0x49,490
0x76,0x4a,504
0x76,0x4b,516
0x76,0x4c,534
0x76,0x4d,484
0x76,0x4e,512
0x76,0x4f,458
0x76,0x50,496
0x76,0x51,488
0x76,0x52,528
0x76,0x53,508
0x76,0x54,466
0x76,0x55,536
0x76,0x56,474
0x76,0x57,446
0x76,0x58,462
0x76,0x59,522
0x76,0x5a,530
0x76,0x5b,536
0x76,0x5c,524
0x76,0x5d,458
0x76,0x5e,466
0x76,0x5f,512
0x76,0x60,502
0x76,0x61,496
0x76,0x62,514
0x76,0x63,484
0x76,0x64,496
0x76,0x65,530
0x76,0x66,550
0x76,0x67,518
0x76,0x68,478
0x76,0x69,468
0x76,0x6a,478
0x76,0x6b,492
0x76,0x6c,512
0x76,0x6d,502
0x76,0x6e,518
0x76,0x6f,488
0x76,0x70,518
0x76,0x71,480
0x76,0x72,508
0x76,0x73,488
0x76,0x74,566
0x76,0x75,586
0x76,0x76,480
0x76,0x77,516
0x76,0x78,524
0x76,0x79,502
0x76,0x7a,534
0x76,0x7b,524
0x76,0x7c,494
0x76,0x7d,496
0x76,0x7e,498
0x76,0x7f,508
0x76,0x80,530
0x76,0x81,506
0x76,0x82,504
0x76,0x83,546
0x76,0x84,518
0x76,0x85,512
0x76,0x86,488
0x76,0x87,502
0x76,0x88,542
0x76,0x89,530
0x76,0x8a,516
0x76,0x8b,496
0x76,0x8c,468
0x76,0x8d,516
0x76,0x8e,508
0x76,0x8f,488
0x76,0x90,492
0x76,0x91,542
0x76,0x92,490
0x76,0x93,578
0x76,0x94,514
0x76,0x95,546
0x76,0x96,516
0x76,0x97,520
0x76,0x98,518
0x76,0x99,512
0x76,0x9a,486
0x76,0x9b,476
0x76,0x9c,492
0x76,0x9d,586
0x76,0x9e,492
0x76,0x9f,518
0x76,0xa0,510
0x76,0xa1,496
0x76,0xa2,530
0x76,0xa3,476
0x76,0xa4,508
0x76,0xa5,530
0x76,0xa6,484
0x76,0xa7,522
0x76,0xa8,494
0x76,0xa9,538
0x76,0xaa,496
0x76,0xab,464
0x76,0xac,570
0x76,0xad,512
0x76,0xae,494
0x76,0xaf,512
0x76,0xb0,564
0x76,0xb1,534
0x76,0xb2,480
0x76,0xb3,474
0x76,0xb4,486
0x76,0xb5,548
0x76,0xb6,518
0x76,0xb7,556
0x76,0xb8,522
0x76,0xb9,534
0x76,0xba,470
0x76,0xbb,496
0x76,0xbc,514
0x76,0xbd,518
0x76,0xbe,512
0x76,0xbf,530
0x76,0xc0,512
0x76,0xc1,460
0x76,0xc2,498
0x76,0xc3,522
0x76,0xc4,470
0x76,0xc5,490
0x76,0xc6,488
0x76,0xc7,526
0x76,0xc8,498
0x76,0xc9,478
0x76,0xca,526
0x76,0xcb,498
0x76,0xcc,550
0x76,0xcd,458
0x76,0xce,504
0x76,0xcf,500
0x76,0xd0,470
0x76,0xd1,554
0x76,0xd2,540
0x76,0xd3,484
0x76,0xd4,474
0x76,0xd5,498
0x76,0xd6,508
0x76,0xd7,524
0x76,0xd8,518
0x76,0xd9,514
0x76,0xda,498
0x76,0xdb,514
0x76,0xdc,466
0x76,0xdd,522
0x76,0xde,488
0x76,0xdf,528
0x76,0xe0,516
0x76,0xe1,512
0x76,0xe2,506
0x76,0xe3,488
0x76,0xe4,510
0x76,0xe5,472
0x76,0xe6,512
0x76,0xe7,510
0x76,0xe8,514
0x76,0xe9,548
0x76,0xea,528
0x76,0xeb,518
0x76,0xec,600
0x76,0xed,526
0x76,0xee,556
0x76,0xef,520
0x76,0xf0,522
0x76,0xf1,520
0x76,0xf2,494
0x76,0xf3,508
0x76,0xf4,554
0x76,0xf5,468
0x76,0xf6,542
0x76,0xf7,526
0x76,0xf8,526
0x76,0xf9,474
0x76,0xfa,532
0x76,0xfb,504
0x76,0xfc,514
0x76,0xfd,582
0x76,0xfe,498
0x76,0xff,470
0x77,0x00,256
0x77,0x01,548
0x77,0x02,448
0x77,0x03,514
0x77,0x04,508
0x77,0x05,510
0x77,0x06,524
0x77,0x07,532
0x77,0x08,496
0x77,0x09,554
0x77,0x0a,506
0x77,0x0b,520
0x77,0x0c,528
0x77,0x0d,496
0x77,0x0e,544
0x77,0x0f,482
0x77,0x10,462
0x77,0x11,532
0x77,0x12,468
0x77,0x13,536
0x77,0x14,514
0x77,0x15,488
0x77,0x16,480
0x77,0x17,496
0x77,0x18,528
0x77,0x19,542
0x77,0x1a,540
0x77,0x1b,488
0x77,0x1c,484
0x77,0x1d,520
0x77,0x1e,490
0x77,0x1f,504
0x77,0x20,546
0x77,0x21,534
0x77,0x22,494
0x77,0x23,560
0x77,0x24,450
0x77,0x25,474
0x77,0x26,400
0x77,0x27,590
0x77,0x28,540
0x77,0x29,532
0x77,0x2a,516
0x77,0x2b,530
0x77,0x2c,556
0x77,0x2d,472
0x77,0x2e,544
0x77,0x2f,500
0x77,0x30,390
0x77,0x31,546
0x77,0x32,486
0x77,0x33,498
0x77,0x34,472
0x77,0x35,460
0x77,0x36,500
0x77,0x37,484
0x77,0x38,542
0x77,0x39,488
0x77,0x3a,524
0x77,0x3b,546
0x77,0x3c,524
0x77,0x3d,540
0x77,0x3e,532
0x77,0x3f,542
0x77,0x40,486
0x77,0x41,522
0x77,0x42,500
0x77,0x43,500
0x77,0x44,528
0x77,0x45,528
0x77,0x46,504
0x77,0x47,530
0x77,0x48,486
0x77,0x49,492
0x77,0x4a,530
0x77,0x4b,542
0x77,0x4c,504
0x77,0x4d,490
0x77,0x4e,512
0x77,0x4f,536
0x77,0x50,488
0x77,0x51,508
0x77,0x52,510
0x77,0x53,540
0x77,0x54,530
0x77,0x55,518
0x77,0x56,550
0x77,0x57,484
0x77,0x58,492
0x77,0x59,542
0x77,0x5a,528
0x77,0x5b,544
0x77,0x5c,510
0x77,0x5d,456
0x77,0x5e,500
0x77,0x5f,478
0x77,0x60,516
0x77,0x61,488
0x77,0x62,510
0x77,0x63,514
0x77,0x64,504
0x77,0x65,502
0x77,0x66,538
0x77,0x67,528
0x77,0x68,534
0x77,0x69,504
0x77,0x6a,550
0x77,0x6b,500
0x77,0x6c,534
0x77,0x6d,492
0x77,0x6e,502
0x77,0x6f,542
0x77,0x70,492
0x77,0x71,482
0x77,0x72,500
0x77,0x73,516
0x77,0x74,470
0x77,0x75,504
0x77,0x76,502
0x77,0x77,526
0x77,0x78,512
0x77,0x79,568
0x77,0x7a,496
0x77,0x7b,578
0x77,0x7c,538
0x77,0x7d,484
0x77,0x7e,510
0x77,0x7f,490
0x77,0x80,504
0x77,0x81,500
0x77,0x82,492
0x77,0x83,524
0x77,0x84,534
0x77,0x85,524
0x77,0x86,528
0x77,0x87,468
0x77,0x88,484
0x77,0x89,492
0x77,0x8a,554
0x77,0x8b,510
0x77,0x8c,504
0x77,0x8d,508
0x77,0x8e,502
0x77,0x8f,510
0x77,0x90,502
0x77,0x91,442
0x77,0x92,512
0x77,0x93,540
0x77,0x94,530
0x77,0x95,544
0x77,0x96,494
0x77,0x97,500
0x77,0x98,488
0x77,0x99,460
0x77,0x9a,548
0x77,0x9b,486
0x77,0x9c,498
0x77,0x9d,518
0x77,0x9e,484
0x77,0x9f,500
0x77,0xa0,496
0x77,0xa1,514
0x77,0xa2,460
0x77,0xa3,524
0x77,0xa4,512
0x77,0xa5,516
0x77,0xa6,480
0x77,0xa7,510
0x77,0xa8,560
0x77,0xa9,456
0x77,0xaa,488
0x77,0xab,506
0x77,0xac,496
0x77,0xad,500
0x77,0xae,508
0x77,0xaf,506
0x77,0xb0,534
0x77,0xb1,486
0x77,0xb2,524
0x77,0xb3,526
0x77,0xb4,490
0x77,0xb5,532
0x77,0xb6,466
0x77,0xb7,524
0x77,0xb8,506
0x77,0xb9,468
0x77,0xba,498
0x77,0xbb,478
0x77,0xbc,514
0x77,0xbd,546
0x77,0xbe,546
0x77,0xbf,532
0x77,0xc0,504
0x77,0xc1,492
0x77,0xc2,502
0x77,0xc3,510
0x77,0xc4,530
0x77,0xc5,488
0x77,0xc6,504
0x77,0xc7,514
0x77,0xc8,470
0x77,0xc9,500
0x77,0xca,546
0x77,0xcb,478
0x77,0xcc,488
0x77,0xcd,548
0x77,0xce,508
0x77,0xcf,496
0x77,0xd0,530
0x77,0xd1,518
0x77,0xd2,514
0x77,0xd3,516
0x77,0xd4,488
0x77,0xd5,550
0x77,0xd6,540
0x77,0xd7,494
0x77,0xd8,496
0x77,0xd9,486
0x77,0xda,494
0x77,0xdb,544
0x77,0xdc,502
0x77,0xdd,520
0x77,0xde,502
0x77,0xdf,500
0x77,0xe0,588
0x77,0xe1,514
0x77,0xe2,460
0x77,0xe3,480
0x77,0xe4,470
0x77,0xe5,506
0x77,0xe6,468
0x77,0xe7,510
0x77,0xe8,512
0x77,0xe9,550
0x77,0xea,560
0x77,0xeb,504
0x77,0xec,508
0x77,0xed,468
0x77,0xee,510
0x77,0xef,490
0x77,0xf0,506
0x77,0xf1,536
0x77,0xf2,498
0x77,0xf3,504
0x77,0xf4,492
0x77,0xf5,558
0x77,0xf6,502
0x77,0xf7,520
0x77,0xf8,510
0x77,0xf9,526
0x77,0xfa,494
0x77,0xfb,498
0x77,0xfc,498
0x77,0xfd,502
0x77,0xfe,506
0x77,0xff,550
0x78,0x00,256
0x78,0x01,484
0x78,0x02,480
0x78,0x03,534
0x78,0x04,516
0x78,0x05,508
0x78,0x06,490
0x78,0x07,530
0x78,0x08,540
0x78,0x09,570
0x78,0x0a,486
0x78,0x0b,494
0x78,0x0c,496
0x78,0x0d,504
0x78,0x0e,530
0x78,0x0f,538
0x78,0x10,448
0x78,0x11,486
0x78,0x12,410
0x78,0x13,502
0x78,0x14,652
0x78,0x15,514
0x78,0x16,508
0x78,0x17,530
0x78,0x18,510
0x78,0x19,502
0x78,0x1a,482
0x78,0x1b,488
0x78,0x1c,532
0x78,0x1d,534
0x78,0x1e,578
0x78,0x1f,498
0x78,0x20,476
0x78,0x21,504
0x78,0x22,508
0x78,0x23,506
0x78,0x24,416
0x78,0x25,488
0x78,0x26,476
0x78,0x27,534
0x78,0x28,510
0x78,0x29,498
0x78,0x2a,486
0x78,0x2b,482
0x78,0x2c,536
0x78,0x2d,516
0x78,0x2e,532
0x78,0x2f,524
0x78,0x30,480
0x78,0x31,512
0x78,0x32,482
0x78,0x33,522
0x78,0x34,484
0x78,0x35,498
0x78,0x36,492
0x78,0x37,474
0x78,0x38,498
0x78,0x39,554
0x78,0x3a,512
0x78,0x3b,558
0x78,0x3c,524
0x78,0x3d,544
0x78,0x3e,504
0x78,0x3f,512
0x78,0x40,506
0x78,0x41,502
0x78,0x42,486
0x78,0x43,502
0x78,0x44,478
0x78,0x45,488
0x78,0x46,534
0x78,0x47,508
0x78,0x48,488
0x78,0x49,524
0x78,0x4a,536
0x78,0x4b,518
0x78,0x4c,512
0x78,0x4d,542
0x78,0x4e,546
0x78,0x4f,496
0x78,0x50,518
0x78,0x51,494
0x78,0x52,506
0x78,0x53,468
0x78,0x54,518
0x78,0x55,516
0x78,0x56,492
0x78,0x57,534
0x78,0x58,476
0x78,0x59,500
0x78,0x5a,508
0x78,0x5b,532
0x78,0x5c,510
0x78,0x5d,522
0x78,0x5e,518
0x78,0x5f,520
0x78,0x60,488
0x78,0x61,502
0x78,0x62,578
0x78,0x63,534
0x78,0x64,502
0x78,0x65,502
0x78,0x66,536
0x78,0x67,458
0x78,0x68,532
0x78,0x69,536
0x78,0x6a,492
0x78,0x6b,476
0x78,0x6c,518
0x78,0x6d,558
0x78,0x6e,522
0x78,0x6f,498
0x78,0x70,544
0x78,0x71,468
0x78,0x72,518
0x78,0x73,494
0x78,0x74,524
0x78,0x75,578
0x78,0x76,508
0x78,0x77,508
0x78,0x78,510
0x78,0x79,512
0x78,0x7a,518
0x78,0x7b,506
0x78,0x7c,518
0x78,0x7d,500
0x78,0x7e,532
0x78,0x7f,496
0x78,0x80,520
0x78,0x81,506
0x78,0x82,504
0x78,0x83,500
0x78,0x84,548
0x78,0x85,550
0x78,0x86,504
0x78,0x87,530
0x78,0x88,510
0x78,0x89,486
0x78,0x8a,516
0x78,0x8b,504
0x78,0x8c,524
0x78,0x8d,500
0x78,0x8e,484
0x78,0x8f,488
0x78,0x90,518
0x78,0x91,556
0x78,0x92,446
0x78,0x93,492
0x78,0x94,520
0x78,0x95,478
0x78,0x96,558
0x78,0x97,482
0x78,0x98,442
0x78,0x99,526
0x78,0x9a,518
0x78,0x9b,542
0x78,0x9c,510
0x78,0x9d,480
0x78,0x9e,520
0x78,0x9f,512
0x78,0xa0,550
0x78,0xa1,534
0x78,0xa2,508
0x78,0xa3,510
0x78,0xa4,528
0x78,0xa5,484
0x78,0xa6,522
0x78,0xa7,490
0x78,0xa8,490
0x78,0xa9,530
0x78,0xaa,522
0x78,0xab,534
0x78,0xac,528
0x78,0xad,494
0x78,0xae,492
0x78,0xaf,516
0x78,0xb0,504
0x78,0xb1,478
0x78,0xb2,532
0x78,0xb3,520
0x78,0xb4,530
0x78,0xb5,504
0x78,0xb6,516
0x78,0xb7,532
0x78,0xb8,506
0x78,0xb9,502
0x78,0xba,516
0x78,0xbb,500
0x78,0xbc,500
0x78,0xbd,544
0x78,0xbe,530
0x78,0xbf,508
0x78,0xc0,520
0x78,0xc1,526
0x78,0xc2,560
0x78,0xc3,522
0x78,0xc4,530
0x78,0xc5,496
0x78,0xc6,476
0x78,0xc7,482
0x78,0xc8,526
0x78,0xc9,532
0x78,0xca,548
0x78,0xcb,478
0x78,0xcc,496
0x78,0xcd,494
0x78,0xce,506
0x78,0xcf,460
0x78,0xd0,526
0x78,0xd1,520
0x78,0xd2,530
0x78,0xd3,500
0x78,0xd4,480
0x78,0xd5,502
0x78,0xd6,460
0x78,0xd7,550
0x78,0xd8,496
0x78,0xd9,494
0x78,0xda,486
0x78,0xdb,502
0x78,0xdc,484
0x78,0xdd,508
0x78,0xde,508
0x78,0xdf,498
0x78,0xe0,548
0x78,0xe1,492
0x78,0xe2,492
0x78,0xe3,490
0x78,0xe4,500
0x78,0xe5,512
0x78,0xe6,534
0x78,0xe7,510
0x78,0xe8,518
0x78,0xe9,542
0x78,0xea,516
0x78,0xeb,530
0x78,0xec,546
0x78,0xed,506
0x78,0xee,498
0x78,0xef,456
0x78,0xf0,544
0x78,0xf1,540
0x78,0xf2,522
0x78,0xf3,488
0x78,0xf4,504
0x78,0xf5,546
0x78,0xf6,492
0x78,0xf7,516
0x78,0xf8,494
0x78,0xf9,482
0x78,0xfa,514
0x78,0xfb,482
0x78,0xfc,490
0x78,0xfd,540
0x78,0xfe,476
0x78,0xff,516
0x79,0x00,256
0x79,0x01,494
0x79,0x02,504
0x79,0x03,506
0x79,0x04,540
0x79,0x05,508
0x79,0x06,534
0x79,0x07,514
0x79,0x08,522
0x79,0x09,552
0x79,0x0a,512
0x79,0x0b,492
0x79,0x0c,506
0x79,0x0d,584
0x79,0x0e,510
0x79,0x0f,484
0x79,0x10,556
0x79,0x11,492
0x79,0x12,402
0x79,0x13,506
0x79,0x14,476
0x79,0x15,522
0x79,0x16,514
0x79,0x17,492
0x79,0x18,490
0x79,0x19,540
0x79,0x1a,530
0x79,0x1b,518
0x79,0x1c,502
0x79,0x1d,548
0x79,0x1e,490
0x79,0x1f,502
0x79,0x20,524
0x79,0x21,514
0x79,0x22,478
0x79,0x23,482
0x79,0x24,538
0x79,0x25,542
0x79,0x26,406
0x79,0x27,534
0x79,0x28,536
0x79,0x29,500
0x79,0x2a,514
0x79,0x2b,522
0x79,0x2c,544
0x79,0x2d,558
0x79,0x2e,466
0x79,0x2f,518
0x79,0x30,396
0x79,0x31,496
0x79,0x32,490
0x79,0x33,526
0x79,0x34,574
0x79,0x35,500
0x79,0x36,494
0x79,0x37,542
0x79,0x38,528
0x79,0x39,516
0x79,0x3a,526
0x79,0x3b,520
0x79,0x3c,520
0x79,0x3d,502
0x79,0x3e,494
0x79,0x3f,508
0x79,0x40,496
0x79,0x41,472
0x79,0x42,500
0x79,0x43,554
0x79,0x44,522
0x79,0x45,502
0x79,0x46,522
0x79,0x47,532
0x79,0x48,514
0x79,0x49,518
0x79,0x4a,502
0x79,0x4b,516
0x79,0x4c,506
0x79,0x4d,500
0x79,0x4e,496
0x79,0x4f,482
0x79,0x50,520
0x79,0x51,530
0x79,0x52,478
0x79,0x53,490
0x79,0x54,514
0x79,0x55,562
0x79,0x56,540
0x79,0x57,542
0x79,0x58,528
0x79,0x59,486
0x79,0x5a,538
0x79,0x5b,530
0x79,0x5c,538
0x79,0x5d,520
0x79,0x5e,504
0x79,0x5f,520
0x79,0x60,492
0x79,0x61,588
0x79,0x62,496
0x79,0x63,488
0x79,0x64,520
0x79,0x65,484
0x79,0x66,524
0x79,0x67,486
0x79,0x68,520
0x79,0x69,514
0x79,0x6a,510
0x79,0x6b,502
0x79,0x6c,478
0x79,0x6d,494
0x79,0x6e,482
0x79,0x6f,520
0x79,0x70,472
0x79,0x71,510
0x79,0x72,472
0x79,0x73,516
0x79,0x74,510
0x79,0x75,534
0x79,0x76,544
0x79,0x77,488
0x79,0x78,476
0x79,0x79,524
0x79,0x7a,516
0x79,0x7b,466
0x79,0x7c,514
0x79,0x7d,476
0x79,0x7e,494
0x79,0x7f,530
0x79,0x80,554
0x79,0x81,504
0x79,0x82,498
0x79,0x83,538
0x79,0x84,512
0x79,0x85,504
0x79,0x86,448
0x79,0x87,462
0x79,0x88,518
0x79,0x89,538
0x79,0x8a,512
0x79,0x8b,488
0x79,0x8c,558
0x79,0x8d,498
0x79,0x8e,548
0x79,0x8f,498
0x79,0x90,510
0x79,0x91,556
0x79,0x92,466
0x79,0x93,502
0x79,0x94,496
0x79,0x95,522
0x79,0x96,488
0x79,0x97,518
0x79,0x98,496
0x79,0x99,486
0x79,0x9a,526
0x79,0x9b,472
0x79,0x9c,524
0x79,0x9d,482
0x79,0x9e,484
0x79,0x9f,518
0x79,0xa0,514
0x79,0xa1,522
0x79,0xa2,494
0x79,0xa3,526
0x79,0xa4,552
0x79,0xa5,528
0x79,0xa6,516
0x79,0xa7,532
0x79,0xa8,482
0x79,0xa9,458
0x79,0xaa,508
0x79,0xab,494
0x79,0xac,484
0x79,0xad,486
0x79,0xae,518
0x79,0xaf,516
0x79,0xb0,488
0x79,0xb1,508
0x79,0xb2,530
0x79,0xb3,512
0x79,0xb4,530
0x79,0xb5,538
0x79,0xb6,480
0x79,0xb7,540
0x79,0xb8,524
0x79,0xb9,476
0x79,0xba,510
0x79,0xbb,498
0x79,0xbc,558
0x79,0xbd,514
0x79,0xbe,494
0x79,0xbf,512
0x79,0xc0,530
0x79,0xc1,502
0x79,0xc2,484
0x79,0xc3,536
0x79,0xc4,488
0x79,0xc5,560
0x79,0xc6,532
0x79,0xc7,510
0x79,0xc8,488
0x79,0xc9,470
0x79,0xca,542
0x79,0xcb,522
0x79,0xcc,492
0x79,0xcd,516
0x79,0xce,468
0x79,0xcf,538
0x79,0xd0,510
0x79,0xd1,498
0x79,0xd2,566
0x79,0xd3,506
0x79,0xd4,498
0x79,0xd5,518
0x79,0xd6,498
0x79,0xd7,508
0x79,0xd8,498
0x79,0xd9,514
0x79,0xda,474
0x79,0xdb,502
0x79,0xdc,512
0x79,0xdd,516
0x79,0xde,522
0x79,0xdf,496
0x79,0xe0,526
0x79,0xe1,532
0x79,0xe2,496
0x79,0xe3,516
0x79,0xe4,538
0x79,0xe5,554
0x79,0xe6,504
0x79,0xe7,468
0x79,0xe8,478
0x79,0xe9,520
0x79,0xea,520
0x79,0xeb,506
0x79,0xec,446
0x79,0xed,492
0x79,0xee,518
0x79,0xef,522
0x79,0xf0,522
0x79,0xf1,460
0x79,0xf2,486
0x79,0xf3,546
0x79,0xf4,526
0x79,0xf5,504
0x79,0xf6,476
0x79,0xf7,514
0x79,0xf8,522
0x79,0xf9,500
0x79,0xfa,492
0x79,0xfb,526
0x79,0xfc,546
0x79,0xfd,474
0x79,0xfe,494
0x79,0xff,488
0x7a,0x00,256
0x7a,0x01,518
0x7a,0x02,466
0x7a,0x03,518
0x7a,0x04,498
0x7a,0x05,522
0x7a,0x06,498
0x7a,0x07,524
0x7a,0x08,520
0x7a,0x09,524
0x7a,0x0a,490
0x7a,0x0b,536
0x7a,0x0c,532
0x7a,0x0d,522
0x7a,0x0e,528
0x7a,0x0f,514
0x7a,0x10,492
0x7a,0x11,488
0x7a,0x12,414
0x7a,0x13,538
0x7a,0x14,566
0x7a,0x15,490
0x7a,0x16,522
0x7a,0x17,496
0x7a,0x18,496
0x7a,0x19,472
0x7a,0x1a,484
0x7a,0x1b,506
0x7a,0x1c,522
0x7a,0x1d,508
0x7a,0x1e,488
0x7a,0x1f,522
0x7a,0x20,496
0x7a,0x21,544
0x7a,0x22,472
0x7a,0x23,486
0x7a,0x24,376
0x7a,0x25,480
0x7a,0x26,472
0x7a,0x27,506
0x7a,0x28,458
0x7a,0x29,488
0x7a,0x2a,520
0x7a,0x2b,472
0x7a,0x2c,484
0x7a,0x2d,556
0x7a,0x2e,512
0x7a,0x2f,506
0x7a,0x30,368
0x7a,0x31,480
0x7a,0x32,558
0x7a,0x33,548
0x7a,0x34,490
0x7a,0x35,492
0x7a,0x36,464
0x7a,0x37,516
0x7a,0x38,482
0x7a,0x39,518
0x7a,0x3a,568
0x7a,0x3b,522
0x7a,0x3c,554
0x7a,0x3d,506
0x7a,0x3e,486
0x7a,0x3f,554
0x7a,0x40,510
0x7a,0x41,522
0x7a,0x42,458
0x7a,0x43,514
0x7a,0x44,520
0x7a,0x45,526
0x7a,0x46,488
0x7a,0x47,498
0x7a,0x48,518
0x7a,0x49,492
0x7a,0x4a,524
0x7a,0x4b,488
0x7a,0x4c,530
0x7a,0x4d,498
0x7a,0x4e,486
0x7a,0x4f,504
0x7a,0x50,494
0x7a,0x51,500
0x7a,0x52,520
0x7a,0x53,538
0x7a,0x54,508
0x7a,0x55,510
0x7a,0x56,508
0x7a,0x57,526
0x7a,0x58,512
0x7a,0x59,502
0x7a,0x5a,520
0x7a,0x5b,500
0x7a,0x5c,536
0x7a,0x5d,486
0x7a,0x5e,510
0x7a,0x5f,498
0x7a,0x60,524
0x7a,0x61,450
0x7a,0x62,516
0x7a,0x63,500
0x7a,0x64,520
0x7a,0x65,554
0x7a,0x66,510
0x7a,0x67,530
0x7a,0x68,514
0x7a,0x69,510
0x7a,0x6a,500
0x7a,0x6b,564
0x7a,0x6c,524
0x7a,0x6d,516
0x7a,0x6e,466
0x7a,0x6f,532
0x7a,0x70,486
0x7a,0x71,496
0x7a,0x72,530
0x7a,0x73,524
0x7a,0x74,514
0x7a,0x75,518
0x7a,0x76,510
0x7a,0x77,512
0x7a,0x78,474
0x7a,0x79,530
0x7a,0x7a,504
0x7a,0x7b,506
0x7a,0x7c,522
0x7a,0x7d,496
0x7a,0x7e,510
0x7a,0x7f,530
0x7a,0x80,522
0x7a,0x81,546
0x7a,0x82,508
0x7a,0x83,476
0x7a,0x84,484
0x7a,0x85,516
0x7a,0x86,484
0x7a,0x87,510
0x7a,0x88,504
0x7a,0x89,484
0x7a,0x8a,504
0x7a,0x8b,484
0x7a,0x8c,502
0x7a,0x8d,506
0x7a,0x8e,552
0x7a,0x8f,514
0x7a,0x90,472
0x7a,0x91,504
0x7a,0x92,554
0x7a,0x93,532
0x7a,0x94,488
0x7a,0x95,490
0x7a,0x96,506
0x7a,0x97,528
0x7a,0x98,464
0x7a,0x99,488
0x7a,0x9a,466
0x7a,0x9b,498
0x7a,0x9c,542
0x7a,0x9d,506
0x7a,0x9e,492
0x7a,0x9f,526
0x7a,0xa0,486
0x7a,0xa1,532
0x7a,0xa2,444
0x7a,0xa3,576
0x7a,0xa4,522
0x7a,0xa5,518
0x7a,0xa6,544
0x7a,0xa7,522
0x7a,0xa8,528
0x7a,0xa9,526
0x7a,0xaa,492
0x7a,0xab,490
0x7a,0xac,526
0x7a,0xad,516
0x7a,0xae,516
0x7a,0xaf,486
0x7a,0xb0,542
0x7a,0xb1,530
0x7a,0xb2,480
0x7a,0xb3,504
0x7a,0xb4,552
0x7a,0xb5,472
0x7a,0xb6,512
0x7a,0xb7,508
0x7a,0xb8,530
0x7a,0xb9,538
0x7a,0xba,462
0x7a,0xbb,570
0x7a,0xbc,472
0x7a,0xbd,520
0x7a,0xbe,526
0x7a,0xbf,498
0x7a,0xc0,548
0x7a,0xc1,478
0x7a,0xc2,508
0x7a,0xc3,562
0x7a,0xc4,484
0x7a,0xc5,518
0x7a,0xc6,496
0x7a,0xc7,510
0x7a,0xc8,498
0x7a,0xc9,502
0x7a,0xca,538
0x7a,0xcb,496
0x7a,0xcc,430
0x7a,0xcd,540
0x7a,0xce,492
0x7a,0xcf,574
0x7a,0xd0,530
0x7a,0xd1,538
0x7a,0xd2,510
0x7a,0xd3,538
0x7a,0xd4,482
0x7a,0xd5,508
0x7a,0xd6,494
0x7a,0xd7,492
0x7a,0xd8,492
0x7a,0xd9,502
0x7a,0xda,510
0x7a,0xdb,494
0x7a,0xdc,490
0x7a,0xdd,478
0x7a,0xde,474
0x7a,0xdf,504
0x7a,0xe0,512
0x7a,0xe1,510
0x7a,0xe2,546
0x7a,0xe3,496
0x7a,0xe4,478
0x7a,0xe5,502
0x7a,0xe6,580
0x7a,0xe7,494
0x7a,0xe8,478
0x7a,0xe9,492
0x7a,0xea,524
0x7a,0xeb,524
0x7a,0xec,530
0x7a,0xed,564
0x7a,0xee,494
0x7a,0xef,508
0x7a,0xf0,500
0x7a,0xf1,492
0x7a,0xf2,500
0x7a,0xf3,538
0x7a,0xf4,500
0x7a,0xf5,510
0x7a,0xf6,552
0x7a,0xf7,520
0x7a,0xf8,530
0x7a,0xf9,542
0x7a,0xfa,526
0x7a,0xfb,520
0x7a,0xfc,544
0x7a,0xfd,490
0x7a,0xfe,480
0x7a,0xff,542
0x7b,0x00,256
0x7b,0x01,462
0x7b,0x02,530
0x7b,0x03,496
0x7b,0x04,514
0x7b,0x05,530
0x7b,0x06,502
0x7b,0x07,502
0x7b,0x08,514
0x7b,0x09,534
0x7b,0x0a,498
0x7b,0x0b,578
0x7b,0x0c,528
0x7b,0x0d,506
0x7b,0x0e,490
0x7b,0x0f,544
0x7b,0x10,506
0x7b,0x11,528
0x7b,0x12,400
0x7b,0x13,520
0x7b,0x14,458
0x7b,0x15,478
0x7b,0x16,528
0x7b,0x17,488
0x7b,0x18,506
0x7b,0x19,490
0x7b,0x1a,504
0x7b,0x1b,500
0x7b,0x1c,504
0x7b,0x1d,498
0x7b,0x1e,456
0x7b,0x1f,516
0x7b,0x20,450
0x7b,0x21,472
0x7b,0x22,544
0x7b,0x23,508
0x7b,0x24,408
0x7b,0x25,544
0x7b,0x26,450
0x7b,0x27,540
0x7b,0x28,498
0x7b,0x29,526
0x7b,0x2a,502
0x7b,0x2b,486
0x7b,0x2c,516
0x7b,0x2d,484
0x7b,0x2e,490
0x7b,0x2f,488
0x7b,0x30,420
0x7b,0x31,520
0x7b,0x32,486
0x7b,0x33,558
0x7b,0x34,464
0x7b,0x35,502
0x7b,0x36,516
0x7b,0x37,486
0x7b,0x38,494
0x7b,0x39,526
0x7b,0x3a,582
0x7b,0x3b,492
0x7b,0x3c,516
0x7b,0x3d,498
0x7b,0x3e,536
0x7b,0x3f,496
0x7b,0x40,548
0x7b,0x41,512
0x7b,0x42,506
0x7b,0x43,516
0x7b,0x44,506
0x7b,0x45,532
0x7b,0x46,518
0x7b,0x47,520
0x7b,0x48,522
0x7b,0x49,498
0x7b,0x4a,552
0x7b,0x4b,524
0x7b,0x4c,480
0x7b,0x4d,526
0x7b,0x4e,548
0x7b,0x4f,482
0x7b,0x50,474
0x7b,0x51,508
0x7b,0x52,472
0x7b,0x53,510
0x7b,0x54,518
0x7b,0x55,520
0x7b,0x56,492
0x7b,0x57,502
0x7b,0x58,506
0x7b,0x59,480
0x7b,0x5a,552
0x7b,0x5b,466
0x7b,0x5c,482
0x7b,0x5d,546
0x7b,0x5e,504
0x7b,0x5f,480
0x7b,0x60,528
0x7b,0x61,494
0x7b,0x62,564
0x7b,0x63,508
0x7b,0x64,496
0x7b,0x65,492
0x7b,0x66,500
0x7b,0x67,522
0x7b,0x68,566
0x7b,0x69,520
0x7b,0x6a,480
0x7b,0x6b,506
0x7b,0x6c,534
0x7b,0x6d,538
0x7b,0x6e,510
0x7b,0x6f,514
0x7b,0x70,444
0x7b,0x71,514
0x7b,0x72,542
0x7b,0x73,512
0x7b,0x74,482
0x7b,0x75,502
0x7b,0x76,554
0x7b,0x77,504
0x7b,0x78,498
0x7b,0x79,504
0x7b,0x7a,530
0x7b,0x7b,476
0x7b,0x7c,462
0x7b,0x7d,510
0x7b,0x7e,482
0x7b,0x7f,524
0x7b,0x80,554
0x7b,0x81,526
0x7b,0x82,502
0x7b,0x83,504
0x7b,0x84,528
0x7b,0x85,494
0x7b,0x86,498
0x7b,0x87,522
0x7b,0x88,528
0x7b,0x89,506
0x7b,0x8a,480
0x7b,0x8b,578
0x7b,0x8c,520
0x7b,0x8d,534
0x7b,0x8e,532
0x7b,0x8f,516
0x7b,0x90,498
0x7b,0x91,484
0x7b,0x92,518
0x7b,0x93,490
0x7b,0x94,504
0x7b,0x95,470
0x7b,0x96,544
0x7b,0x97,528
0x7b,0x98,510
0x7b,0x99,482
0x7b,0x9a,546
0x7b,0x9b,530
0x7b,0x9c,510
0x7b,0x9d,532
0x7b,0x9e,522
0x7b,0x9f,518
0x7b,0xa0,490
0x7b,0xa1,510
0x7b,0xa2,524
0x7b,0xa3,504
0x7b,0xa4,512
0x7b,0xa5,508
0x7b,0xa6,518
0x7b,0xa7,514
0x7b,0xa8,496
0x7b,0xa9,522
0x7b,0xaa,512
0x7b,0xab,514
0x7b,0xac,492
0x7b,0xad,540
0x7b,0xae,494
0x7b,0xaf,508
0x7b,0xb0,508
0x7b,0xb1,490
0x7b,0xb2,512
0x7b,0xb3,516
0x7b,0xb4,488
0x7b,0xb5,506
0x7b,0xb6,482
0x7b,0xb7,498
0x7b,0xb8,480
0x7b,0xb9,498
0x7b,0xba,492
0x7b,0xbb,478
0x7b,0xbc,492
0x7b,0xbd,506
0x7b,0xbe,512
0x7b,0xbf,526
0x7b,0xc0,514
0x7b,0xc1,500
0x7b,0xc2,486
0x7b,0xc3,506
0x7b,0xc4,504
0x7b,0xc5,486
0x7b,0xc6,506
0x7b,0xc7,510
0x7b,0xc8,500
0x7b,0xc9,502
0x7b,0xca,520
0x7b,0xcb,518
0x7b,0xcc,494
0x7b,0xcd,498
0x7b,0xce,548
0x7b,0xcf,566
0x7b,0xd0,516
0x7b,0xd1,482
0x7b,0xd2,482
0x7b,0xd3,510
0x7b,0xd4,486
0x7b,0xd5,518
0x7b,0xd6,504
0x7b,0xd7,500
0x7b,0xd8,492
0x7b,0xd9,522
0x7b,0xda,486
0x7b,0xdb,516
0x7b,0xdc,464
0x7b,0xdd,522
0x7b,0xde,498
0x7b,0xdf,526
0x7b,0xe0,542
0x7b,0xe1,490
0x7b,0xe2,504
0x7b,0xe3,492
0x7b,0xe4,482
0x7b,0xe5,524
0x7b,0xe6,528
0x7b,0xe7,494
0x7b,0xe8,560
0x7b,0xe9,552
0x7b,0xea,516
0x7b,0xeb,502
0x7b,0xec,500
0x7b,0xed,550
0x7b,0xee,518
0x7b,0xef,512
0x7b,0xf0,510
0x7b,0xf1,576
0x7b,0xf2,508
0x7b,0xf3,506
0x7b,0xf4,484
0x7b,0xf5,524
0x7b,0xf6,502
0x7b,0xf7,506
0x7b,0xf8,480
0x7b,0xf9,502
0x7b,0xfa,508
0x7b,0xfb,494
0x7b,0xfc,532
0x7b,0xfd,500
0x7b,0xfe,494
0x7b,0xff,476
0x7c,0x00,256
0x7c,0x01,492
0x7c,0x02,516
0x7c,0x03,490
0x7c,0x04,510
0x7c,0x05,494
0x7c,0x06,520
0x7c,0x07,534
0x7c,0x08,494
0x7c,0x09,528
0x7c,0x0a,462
0x7c,0x0b,456
0x7c,0x0c,546
0x7c,0x0d,548
0x7c,0x0e,504
0x7c,0x0f,532
0x7c,0x10,512
0x7c,0x11,508
0x7c,0x12,440
0x7c,0x13,552
0x7c,0x14,472
0x7c,0x15,526
0x7c,0x16,506
0x7c,0x17,522
0x7c,0x18,500
0x7c,0x19,542
0x7c,0x1a,516
0x7c,0x1b,518
0x7c,0x1c,506
0x7c,0x1d,558
0x7c,0x1e,482
0x7c,0x1f,496
0x7c,0x20,540
0x7c,0x21,538
0x7c,0x22,548
0x7c,0x23,506
0x7c,0x24,452
0x7c,0x25,486
0x7c,0x26,610
0x7c,0x27,560
0x7c,0x28,530
0x7c,0x29,564
0x7c,0x2a,514
0x7c,0x2b,518
0x7c,0x2c,490
0x7c,0x2d,518
0x7c,0x2e,502
0x7c,0x2f,510
0x7c,0x30,492
0x7c,0x31,522
0x7c,0x32,494
0x7c,0x33,548
0x7c,0x34,520
0x7c,0x35,516
0x7c,0x36,504
0x7c,0x37,554
0x7c,0x38,536
0x7c,0x39,540
0x7c,0x3a,500
0x7c,0x3b,496
0x7c,0x3c,576
0x7c,0x3d,550
0x7c,0x3e,508
0x7c,0x3f,546
0x7c,0x40,510
0x7c,0x41,512
0x7c,0x42,548
0x7c,0x43,514
0x7c,0x44,472
0x7c,0x45,488
0x7c,0x46,526
0x7c,0x47,522
0x7c,0x48,500
0x7c,0x49,530
0x7c,0x4a,508
0x7c,0x4b,504
0x7c,0x4c,510
0x7c,0x4d,504
0x7c,0x4e,498
0x7c,0x4f,472
0x7c,0x50,470
0x7c,0x51,514
0x7c,0x52,494
0x7c,0x53,534
0x7c,0x54,488
0x7c,0x55,498
0x7c,0x56,536
0x7c,0x57,504
0x7c,0x58,496
0x7c,0x59,534
0x7c,0x5a,540
0x7c,0x5b,508
0x7c,0x5c,518
0x7c,0x5d,496
0x7c,0x5e,484
0x7c,0x5f,522
0x7c,0x60,498
0x7c,0x61,464
0x7c,0x62,490
0x7c,0x63,474
0x7c,0x64,482
0x7c,0x65,510
0x7c,0x66,502
0x7c,0x67,540
0x7c,0x68,482
0x7c,0x69,528
0x7c,0x6a,546
0x7c,0x6b,498
0x7c,0x6c,506
0x7c,0x6d,490
0x7c,0x6e,570
0x7c,0x6f,498
0x7c,0x70,488
0x7c,0x71,518
0x7c,0x72,498
0x7c,0x73,518
0x7c,0x74,550
0x7c,0x75,524
0x7c,0x76,512
0x7c,0x77,524
0x7c,0x78,496
0x7c,0x79,506
0x7c,0x7a,474
0x7c,0x7b,534
0x7c,0x7c,498
0x7c,0x7d,536
0x7c,0x7e,568
0x7c,0x7f,498
0x7c,0x80,502
0x7c,0x81,544
0x7c,0x82,472
0x7c,0x83,514
0x7c,0x84,498
0x7c,0x85,522
0x7c,0x86,512
0x7c,0x87,550
0x7c,0x88,524
0x7c,0x89,494
0x7c,0x8a,512
0x7c,0x8b,522
0x7c,0x8c,502
0x7c,0x8d,516
0x7c,0x8e,496
0x7c,0x8f,506
0x7c,0x90,508
0x7c,0x91,518
0x7c,0x92,512
0x7c,0x93,484
0x7c,0x94,488
0x7c,0x95,528
0x7c,0x96,548
0x7c,0x97,494
0x7c,0x98,456
0x7c,0x99,474
0x7c,0x9a,512
0x7c,0x9b,478
0x7c,0x9c,506
0x7c,0x9d,494
0x7c,0x9e,506
0x7c,0x9f,534
0x7c,0xa0,484
0x7c,0xa1,516
0x7c,0xa2,546
0x7c,0xa3,502
0x7c,0xa4,500
0x7c,0xa5,528
0x7c,0xa6,494
0x7c,0xa7,530
0x7c,0xa8,494
0x7c,0xa9,540
0x7c,0xaa,528
0x7c,0xab,504
0x7c,0xac,500
0x7c,0xad,524
0x7c,0xae,486
0x7c,0xaf,512
0x7c,0xb0,482
0x7c,0xb1,554
0x7c,0xb2,516
0x7c,0xb3,576
0x7c,0xb4,518
0x7c,0xb5,496
0x7c,0xb6,508
0x7c,0xb7,518
0x7c,0xb8,526
0x7c,0xb9,494
0x7c,0xba,486
0x7c,0xbb,504
0x7c,0xbc,476
0x7c,0xbd,600
0x7c,0xbe,510
0x7c,0xbf,490
0x7c,0xc0,502
0x7c,0xc1,528
0x7c,0xc2,470
0x7c,0xc3,490
0x7c,0xc4,478
0x7c,0xc5,500
0x7c,0xc6,516
0x7c,0xc7,508
0x7c,0xc8,540
0x7c,0xc9,488
0x7c,0xca,520
0x7c,0xcb,514
0x7c,0xcc,520
0x7c,0xcd,512
0x7c,0xce,532
0x7c,0xcf,576
0x7c,0xd0,526
0x7c,0xd1,502
0x7c,0xd2,492
0x7c,0xd3,490
0x7c,0xd4,484
0x7c,0xd5,480
0x7c,0xd6,436
0x7c,0xd7,496
0x7c,0xd8,550
0x7c,0xd9,552
0x7c,0xda,506
0x7c,0xdb,512
0x7c,0xdc,514
0x7c,0xdd,464
0x7c,0xde,526
0x7c,0xdf,494
0x7c,0xe0,544
0x7c,0xe1,524
0x7c,0xe2,482
0x7c,0xe3,522
0x7c,0xe4,474
0x7c,0xe5,504
0x7c,0xe6,510
0x7c,0xe7,504
0x7c,0xe8,496
0x7c,0xe9,502
0x7c,0xea,466
0x7c,0xeb,536
0x7c,0xec,484
0x7c,0xed,502
0x7c,0xee,480
0x7c,0xef,490
0x7c,0xf0,494
0x7c,0xf1,494
0x7c,0xf2,520
0x7c,0xf3,516
0x7c,0xf4,538
0x7c,0xf5,492
0x7c,0xf6,526
0x7c,0xf7,544
0x7c,0xf8,486
0x7c,0xf9,512
0x7c,0xfa,470
0x7c,0xfb,482
0x7c,0xfc,518
0x7c,0xfd,486
0x7c,0xfe,576
0x7c,0xff,528
0x7d,0x00,256
0x7d,0x01,492
0x7d,0x02,510
0x7d,0x03,528
0x7d,0x04,548
0x7d,0x05,508
0x7d,0x06,512
0x7d,0x07,520
0x7d,0x08,528
0x7d,0x09,466
0x7d,0x0a,502
0x7d,0x0b,478
0x7d,0x0c,506
0x7d,0x0d,492
0x7d,0x0e,470
0x7d,0x0f,482
0x7d,0x10,498
0x7d,0x11,524
0x7d,0x12,428
0x7d,0x13,532
0x7d,0x14,608
0x7d,0x15,564
0x7d,0x16,512
0x7d,0x17,518
0x7d,0x18,470
0x7d,0x19,490
0x7d,0x1a,512
0x7d,0x1b,512
0x7d,0x1c,548
0x7d,0x1d,518
0x7d,0x1e,514
0x7d,0x1f,530
0x7d,0x20,486
0x7d,0x21,506
0x7d,0x22,488
0x7d,0x23,526
0x7d,0x24,584
0x7d,0x25,500
0x7d,0x26,530
0x7d,0x27,550
0x7d,0x28,514
0x7d,0x29,496
0x7d,0x2a,500
0x7d,0x2b,508
0x7d,0x2c,500
0x7d,0x2d,562
0x7d,0x2e,508
0x7d,0x2f,490
0x7d,0x30,396
0x7d,0x31,548
0x7d,0x32,528
0x7d,0x33,520
0x7d,0x34,480
0x7d,0x35,528
0x7d,0x36,446
0x7d,0x37,544
0x7d,0x38,508
0x7d,0x39,512
0x7d,0x3a,546
0x7d,0x3b,490
0x7d,0x3c,518
0x7d,0x3d,526
0x7d,0x3e,528
0x7d,0x3f,514
0x7d,0x40,490
0x7d,0x41,502
0x7d,0x42,470
0x7d,0x43,534
0x7d,0x44,502
0x7d,0x45,486
0x7d,0x46,490
0x7d,0x47,502
0x7d,0x48,518
0x7d,0x49,486
0x7d,0x4a,538
0x7d,0x4b,518
0x7d,0x4c,490
0x7d,0x4d,488
0x7d,0x4e,500
0x7d,0x4f,484
0x7d,0x50,552
0x7d,0x51,528
0x7d,0x52,530
0x7d,0x53,508
0x7d,0x54,504
0x7d,0x55,510
0x7d,0x56,518
0x7d,0x57,544
0x7d,0x58,470
0x7d,0x59,582
0x7d,0x5a,554
0x7d,0x5b,516
0x7d,0x5c,488
0x7d,0x5d,518
0x7d,0x5e,494
0x7d,0x5f,500
0x7d,0x60,506
0x7d,0x61,522
0x7d,0x62,480
0x7d,0x63,504
0x7d,0x64,524
0x7d,0x65,488
0x7d,0x66,472
0x7d,0x67,490
0x7d,0x68,506
0x7d,0x69,500
0x7d,0x6a,502
0x7d,0x6b,528
0x7d,0x6c,500
0x7d,0x6d,516
0x7d,0x6e,522
0x7d,0x6f,520
0x7d,0x70,488
0x7d,0x71,532
0x7d,0x72,504
0x7d,0x73,482
0x7d,0x74,492
0x7d,0x75,488
0x7d,0x76,500
0x7d,0x77,528
0x7d,0x78,534
0x7d,0x79,534
0x7d,0x7a,506
0x7d,0x7b,474
0x7d,0x7c,502
0x7d,0x7d,546
0x7d,0x7e,504
0x7d,0x7f,532
0x7d,0x80,512
0x7d,0x81,514
0x7d,0x82,504
0x7d,0x83,518
0x7d,0x84,494
0x7d,0x85,534
0x7d,0x86,540
0x7d,0x87,512
0x7d,0x88,496
0x7d,0x89,498
0x7d,0x8a,476
0x7d,0x8b,502
0x7d,0x8c,498
0x7d,0x8d,482
0x7d,0x8e,502
0x7d,0x8f,496
0x7d,0x90,498
0x7d,0x91,508
0x7d,0x92,520
0x7d,0x93,516
0x7d,0x94,536
0x7d,0x95,542
0x7d,0x96,500
0x7d,0x97,514
0x7d,0x98,510
0x7d,0x99,550
0x7d,0x9a,508
0x7d,0x9b,528
0x7d,0x9c,522
0x7d,0x9d,458
0x7d,0x9e,536
0x7d,0x9f,508
0x7d,0xa0,554
0x7d,0xa1,510
0x7d,0xa2,508
0x7d,0xa3,494
0x7d,0xa4,554
0x7d,0xa5,532
0x7d,0xa6,500
0x7d,0xa7,522
0x7d,0xa8,542
0x7d,0xa9,480
0x7d,0xaa,516
0x7d,0xab,494
0x7d,0xac,514
0x7d,0xad,508
0x7d,0xae,500
0x7d,0xaf,486
0x7d,0xb0,512
0x7d,0xb1,536
0x7d,0xb2,518
0x7d,0xb3,512
0x7d,0xb4,544
0x7d,0xb5,546
0x7d,0xb6,470
0x7d,0xb7,500
0x7d,0xb8,504
0x7d,0xb9,514
0x7d,0xba,520
0x7d,0xbb,534
0x7d,0xbc,482
0x7d,0xbd,482
0x7d,0xbe,520
0x7d,0xbf,520
0x7d,0xc0,504
0x7d,0xc1,556
0x7d,0xc2,510
0x7d,0xc3,472
0x7d,0xc4,486
0x7d,0xc5,520
0x7d,0xc6,514
0x7d,0xc7,512
0x7d,0xc8,532
0x7d,0xc9,472
0x7d,0xca,496
0x7d,0xcb,492
0x7d,0xcc,516
0x7d,0xcd,504
0x7d,0xce,540
0x7d,0xcf,508
0x7d,0xd0,494
0x7d,0xd1,506
0x7d,0xd2,510
0x7d,0xd3,484
0x7d,0xd4,506
0x7d,0xd5,548
0x7d,0xd6,464
0x7d,0xd7,500
0x7d,0xd8,504
0x7d,0xd9,528
0x7d,0xda,498
0x7d,0xdb,490
0x7d,0xdc,484
0x7d,0xdd,496
0x7d,0xde,498
0x7d,0xdf,532
0x7d,0xe0,504
0x7d,0xe1,492
0x7d,0xe2,530
0x7d,0xe3,518
0x7d,0xe4,494
0x7d,0xe5,558
0x7d,0xe6,514
0x7d,0xe7,500
0x7d,0xe8,516
0x7d,0xe9,508
0x7d,0xea,548
0x7d,0xeb,512
0x7d,0xec,494
0x7d,0xed,480
0x7d,0xee,494
0x7d,0xef,518
0x7d,0xf0,490
0x7d,0xf1,500
0x7d,0xf2,520
0x7d,0xf3,502
0x7d,0xf4,510
0x7d,0xf5,522
0x7d,0xf6,478
0x7d,0xf7,492
0x7d,0xf8,568
0x7d,0xf9,490
0x7d,0xfa,518
0x7d,0xfb,526
0x7d,0xfc,532
0x7d,0xfd,460
0x7d,0xfe,542
0x7d,0xff,498
0x7e,0x00,256
0x7e,0x01,502
0x7e,0x02,514
0x7e,0x03,506
0x7e,0x04,488
0x7e,0x05,518
0x7e,0x06,458
0x7e,0x07,486
0x7e,0x08,494
0x7e,0x09,500
0x7e,0x0a,568
0x7e,0x0b,520
0x7e,0x0c,528
0x7e,0x0d,478
0x7e,0x0e,538
0x7e,0x0f,522
0x7e,0x10,474
0x7e,0x11,480
0x7e,0x12,386
0x7e,0x13,526
0x7e,0x14,554
0x7e,0x15,528
0x7e,0x16,486
0x7e,0x17,468
0x7e,0x18,510
0x7e,0x19,586
0x7e,0x1a,536
0x7e,0x1b,512
0x7e,0x1c,478
0x7e,0x1d,518
0x7e,0x1e,518
0x7e,0x1f,622
0x7e,0x20,524
0x7e,0x21,548
0x7e,0x22,476
0x7e,0x23,532
0x7e,0x24,388
0x7e,0x25,562
0x7e,0x26,574
0x7e,0x27,510
0x7e,0x28,524
0x7e,0x29,468
0x7e,0x2a,494
0x7e,0x2b,518
0x7e,0x2c,560
0x7e,0x2d,490
0x7e,0x2e,516
0x7e,0x2f,536
0x7e,0x30,424
0x7e,0x31,504
0x7e,0x32,474
0x7e,0x33,518
0x7e,0x34,462
0x7e,0x35,524
0x7e,0x36,462
0x7e,0x37,498
0x7e,0x38,468
0x7e,0x39,536
0x7e,0x3a,464
0x7e,0x3b,460
0x7e,0x3c,506
0x7e,0x3d,464
0x7e,0x3e,578
0x7e,0x3f,534
0x7e,0x40,530
0x7e,0x41,518
0x7e,0x42,506
0x7e,0x43,494
0x7e,0x44,462
0x7e,0x45,486
0x7e,0x46,504
0x7e,0x47,504
0x7e,0x48,494
0x7e,0x49,568
0x7e,0x4a,524
0x7e,0x4b,518
0x7e,0x4c,494
0x7e,0x4d,514
0x7e,0x4e,448
0x7e,0x4f,464
0x7e,0x50,498
0x7e,0x51,506
0x7e,0x52,472
0x7e,0x53,530
0x7e,0x54,550
0x7e,0x55,526
0x7e,0x56,544
0x7e,0x57,534
0x7e,0x58,520
0x7e,0x59,488
0x7e,0x5a,518
0x7e,0x5b,518
0x7e,0x5c,576
0x7e,0x5d,490
0x7e,0x5e,496
0x7e,0x5f,498
0x7e,0x60,562
0x7e,0x61,468
0x7e,0x62,462
0x7e,0x63,506
0x7e,0x64,566
0x7e,0x65,500
0x7e,0x66,508
0x7e,0x67,504
0x7e,0x68,494
0x7e,0x69,520
0x7e,0x6a,466
0x7e,0x6b,528
0x7e,0x6c,542
0x7e,0x6d,520
0x7e,0x6e,522
0x7e,0x6f,510
0x7e,0x70,504
0x7e,0x71,516
0x7e,0x72,522
0x7e,0x73,550
0x7e,0x74,510
0x7e,0x75,472
0x7e,0x76,490
0x7e,0x77,488
0x7e,0x78,498
0x7e,0x79,506
0x7e,0x7a,556
0x7e,0x7b,546
0x7e,0x7c,546
0x7e,0x7d,500
0x7e,0x7e,538
0x7e,0x7f,524
0x7e,0x80,508
0x7e,0x81,556
0x7e,0x82,526
0x7e,0x83,496
0x7e,0x84,502
0x7e,0x85,514
0x7e,0x86,522
0x7e,0x87,506
0x7e,0x88,508
0x7e,0x89,492
0x7e,0x8a,562
0x7e,0x8b,510
0x7e,0x8c,518
0x7e,0x8d,538
0x7e,0x8e,462
0x7e,0x8f,500
0x7e,0x90,466
0x7e,0x91,496
0x7e,0x92,466
0x7e,0x93,532
0x7e,0x94,536
0x7e,0x95,554
0x7e,0x96,522
0x7e,0x97,514
0x7e,0x98,488
0x7e,0x99,506
0x7e,0x9a,458
0x7e,0x9b,516
0x7e,0x9c,510
0x7e,0x9d,526
0x7e,0x9e,500
0x7e,0x9f,494
0x7e,0xa0,582
0x7e,0xa1,568
0x7e,0xa2,520
0x7e,0xa3,502
0x7e,0xa4,530
0x7e,0xa5,480
0x7e,0xa6,506
0x7e,0xa7,542
0x7e,0xa8,536
0x7e,0xa9,494
0x7e,0xaa,474
0x7e,0xab,518
0x7e,0xac,544
0x7e,0xad,504
0x7e,0xae,518
0x7e,0xaf,502
0x7e,0xb0,514
0x7e,0xb1,492
0x7e,0xb2,518
0x7e,0xb3,522
0x7e,0xb4,504
0x7e,0xb5,542
0x7e,0xb6,552
0x7e,0xb7,476
0x7e,0xb8,494
0x7e,0xb9,478
0x7e,0xba,506
0x7e,0xbb,480
0x7e,0xbc,596
0x7e,0xbd,472
0x7e,0xbe,500
0x7e,0xbf,468
0x7e,0xc0,508
0x7e,0xc1,546
0x7e,0xc2,520
0x7e,0xc3,502
0x7e,0xc4,540
0x7e,0xc5,550
0x7e,0xc6,496
0x7e,0xc7,552
0x7e,0xc8,558
0x7e,0xc9,486
0x7e,0xca,520
0x7e,0xcb,516
0x7e,0xcc,510
0x7e,0xcd,532
0x7e,0xce,484
0x7e,0xcf,540
0x7e,0xd0,546
0x7e,0xd1,502
0x7e,0xd2,484
0x7e,0xd3,512
0x7e,0xd4,546
0x7e,0xd5,488
0x7e,0xd6,474
0x7e,0xd7,456
0x7e,0xd8,532
0x7e,0xd9,492
0x7e,0xda,512
0x7e,0xdb,540
0x7e,0xdc,494
0x7e,0xdd,494
0x7e,0xde,532
0x7e,0xdf,474
0x7e,0xe0,504
0x7e,0xe1,528
0x7e,0xe2,524
0x7e,0xe3,528
0x7e,0xe4,504
0x7e,0xe5,544
0x7e,0xe6,552
0x7e,0xe7,536
0x7e,0xe8,500
0x7e,0xe9,478
0x7e,0xea,518
0x7e,0xeb,492
0x7e,0xec,512
0x7e,0xed,476
0x7e,0xee,456
0x7e,0xef,502
0x7e,0xf0,478
0x7e,0xf1,510
0x7e,0xf2,516
0x7e,0xf3,526
0x7e,0xf4,534
0x7e,0xf5,490
0x7e,0xf6,516
0x7e,0xf7,496
0x7e,0xf8,532
0x7e,0xf9,502
0x7e,0xfa,482
0x7e,0xfb,512
0x7e,0xfc,540
0x7e,0xfd,520
0x7e,0xfe,536
0x7e,0xff,482
0x7f,0x00,256
0x7f,0x01,536
0x7f,0x02,494
0x7f,0x03,522
0x7f,0x04,544
0x7f,0x05,492
0x7f,0x06,514
0x7f,0x07,494
0x7f,0x08,508
0x7f,0x09,598
0x7f,0x0a,514
0x7f,0x0b,500
0x7f,0x0c,498
0x7f,0x0d,498
0x7f,0x0e,502
0x7f,0x0f,498
0x7f,0x10,476
0x7f,0x11,514
0x7f,0x12,446
0x7f,0x13,506
0x7f,0x14,450
0x7f,0x15,454
0x7f,0x16,580
0x7f,0x17,492
0x7f,0x18,500
0x7f,0x19,490
0x7f,0x1a,476
0x7f,0x1b,510
0x7f,0x1c,512
0x7f,0x1d,482
0x7f,0x1e,504
0x7f,0x1f,514
0x7f,0x20,522
0x7f,0x21,504
0x7f,0x22,518
0x7f,0x23,496
0x7f,0x24,400
0x7f,0x25,472
0x7f,0x26,462
0x7f,0x27,508
0x7f,0x28,536
0x7f,0x29,460
0x7f,0x2a,508
0x7f,0x2b,484
0x7f,0x2c,532
0x7f,0x2d,550
0x7f,0x2e,492
0x7f,0x2f,498
0x7f,0x30,394
0x7f,0x31,540
0x7f,0x32,548
0x7f,0x33,522
0x7f,0x34,456
0x7f,0x35,508
0x7f,0x36,490
0x7f,0x37,490
0x7f,0x38,576
0x7f,0x39,498
0x7f,0x3a,492
0x7f,0x3b,508
0x7f,0x3c,492
0x7f,0x3d,500
0x7f,0x3e,528
0x7f,0x3f,508
0x7f,0x40,500
0x7f,0x41,520
0x7f,0x42,484
0x7f,0x43,456
0x7f,0x44,508
0x7f,0x45,476
0x7f,0x46,524
0x7f,0x47,514
0x7f,0x48,478
0x7f,0x49,510
0x7f,0x4a,510
0x7f,0x4b,506
0x7f,0x4c,560
0x7f,0x4d,548
0x7f,0x4e,520
0x7f,0x4f,488
0x7f,0x50,490
0x7f,0x51,524
0x7f,0x52,524
0x7f,0x53,528
0x7f,0x54,522
0x7f,0x55,512
0x7f,0x56,500
0x7f,0x57,446
0x7f,0x58,540
0x7f,0x59,514
0x7f,0x5a,486
0x7f,0x5b,518
0x7f,0x5c,522
0x7f,0x5d,568
0x7f,0x5e,520
0x7f,0x5f,504
0x7f,0x60,498
0x7f,0x61,528
0x7f,0x62,544
0x7f,0x63,506
0x7f,0x64,522
0x7f,0x65,492
0x7f,0x66,510
0x7f,0x67,536
0x7f,0x68,554
0x7f,0x69,530
0x7f,0x6a,516
0x7f,0x6b,490
0x7f,0x6c,468
0x7f,0x6d,530
0x7f,0x6e,500
0x7f,0x6f,462
0x7f,0x70,506
0x7f,0x71,494
0x7f,0x72,502
0x7f,0x73,526
0x7f,0x74,494
0x7f,0x75,490
0x7f,0x76,524
0x7f,0x77,568
0x7f,0x78,518
0x7f,0x79,498
0x7f,0x7a,518
0x7f,0x7b,520
0x7f,0x7c,550
0x7f,0x7d,500
0x7f,0x7e,486
0x7f,0x7f,540
0x7f,0x80,516
0x7f,0x81,484
0x7f,0x82,492
0x7f,0x83,476
0x7f,0x84,602
0x7f,0x85,506
0x7f,0x86,532
0x7f,0x87,464
0x7f,0x88,490
0x7f,0x89,522
0x7f,0x8a,472
0x7f,0x8b,488
0x7f,0x8c,498
0x7f,0x8d,468
0x7f,0x8e,512
0x7f,0x8f,492
0x7f,0x90,548
0x7f,0x91,540
0x7f,0x92,436
0x7f,0x93,510
0x7f,0x94,510
0x7f,0x95,524
0x7f,0x96,510
0x7f,0x97,520
0x7f,0x98,504
0x7f,0x99,470
0x7f,0x9a,522
0x7f,0x9b,506
0x7f,0x9c,542
0x7f,0x9d,502
0x7f,0x9e,542
0x7f,0x9f,514
0x7f,0xa0,522
0x7f,0xa1,494
0x7f,0xa2,478
0x7f,0xa3,536
0x7f,0xa4,484
0x7f,0xa5,536
0x7f,0xa6,490
0x7f,0xa7,488
0x7f,0xa8,528
0x7f,0xa9,474
0x7f,0xaa,520
0x7f,0xab,552
0x7f,0xac,522
0x7f,0xad,486
0x7f,0xae,524
0x7f,0xaf,524
0x7f,0xb0,540
0x7f,0xb1,488
0x7f,0xb2,500
0x7f,0xb3,502
0x7f,0xb4,466
0x7f,0xb5,526
0x7f,0xb6,478
0x7f,0xb7,490
0x7f,0xb8,472
0x7f,0xb9,492
0x7f,0xba,536
0x7f,0xbb,540
0x7f,0xbc,486
0x7f,0xbd,474
0x7f,0xbe,602
0x7f,0xbf,516
0x7f,0xc0,514
0x7f,0xc1,508
0x7f,0xc2,516
0x7f,0xc3,500
0x7f,0xc4,500
0x7f,0xc5,486
0x7f,0xc6,534
0x7f,0xc7,550
0x7f,0xc8,496
0x7f,0xc9,510
0x7f,0xca,488
0x7f,0xcb,508
0x7f,0xcc,520
0x7f,0xcd,518
0x7f,0xce,508
0x7f,0xcf,500
0x7f,0xd0,504
0x7f,0xd1,474
0x7f,0xd2,466
0x7f,0xd3,526
0x7f,0xd4,534
0x7f,0xd5,492
0x7f,0xd6,472
0x7f,0xd7,508
0x7f,0xd8,510
0x7f,0xd9,498
0x7f,0xda,534
0x7f,0xdb,480
0x7f,0xdc,482
0x7f,0xdd,490
0x7f,0xde,558
0x7f,0xdf,528
0x7f,0xe0,508
0x7f,0xe1,516
0x7f,0xe2,546
0x7f,0xe3,474
0x7f,0xe4,502
0x7f,0xe5,558
0x7f,0xe6,516
0x7f,0xe7,512
0x7f,0xe8,522
0x7f,0xe9,488
0x7f,0xea,512
0x7f,0xeb,486
0x7f,0xec,528
0x7f,0xed,520
0x7f,0xee,570
0x7f,0xef,504
0x7f,0xf0,638
0x7f,0xf1,506
0x7f,0xf2,512
0x7f,0xf3,516
0x7f,0xf4,548
0x7f,0xf5,550
0x7f,0xf6,494
0x7f,0xf7,516
0x7f,0xf8,480
0x7f,0xf9,548
0x7f,0xfa,538
0x7f,0xfb,634
0x7f,0xfc,514
0x7f,0xfd,514
0x7f,0xfe,512
0x7f,0xff,496
0x80,0x00,256
0x80,0x01,498
0x80,0x02,442
0x80,0x03,518
0x80,0x04,468
0x80,0x05,488
0x80,0x06,478
0x80,0x07,500
0x80,0x08,482
0x80,0x09,516
0x80,0x0a,474
0x80,0x0b,500
0x80,0x0c,496
0x80,0x0d,484
0x80,0x0e,478
0x80,0x0f,468
0x80,0x10,492
0x80,0x11,536
0x80,0x12,414
0x80,0x13,484
0x80,0x14,500
0x80,0x15,532
0x80,0x16,466
0x80,0x17,502
0x80,0x18,480
0x80,0x19,482
0x80,0x1a,496
0x80,0x1b,510
0x80,0x1c,514
0x80,0x1d,530
0x80,0x1e,518
0x80,0x1f,506
0x80,0x20,514
0x80,0x21,528
0x80,0x22,498
0x80,0x23,510
0x80,0x24,466
0x80,0x25,474
0x80,0x26,414
0x80,0x27,542
0x80,0x28,486
0x80,0x29,500
0x80,0x2a,498
0x80,0x2b,542
0x80,0x2c,500
0x80,0x2d,490
0x80,0x2e,494
0x80,0x2f,502
0x80,0x30,464
0x80,0x31,540
0x80,0x32,466
0x80,0x33,510
0x80,0x34,476
0x80,0x35,496
0x80,0x36,506
0x80,0x37,530
0x80,0x38,520
0x80,0x39,482
0x80,0x3a,518
0x80,0x3b,506
0x80,0x3c,506
0x80,0x3d,508
0x80,0x3e,448
0x80,0x3f,504
0x80,0x40,504
0x80,0x41,512
0x80,0x42,522
0x80,0x43,534
0x80,0x44,496
0x80,0x45,516
0x80,0x46,524
0x80,0x47,474
0x80,0x48,482
0x80,0x49,502
0x80,0x4a,528
0x80,0x4b,488
0x80,0x4c,574
0x80,0x4d,474
0x80,0x4e,494
0x80,0x4f,516
0x80,0x50,492
0x80,0x51,512
0x80,0x52,514
0x80,0x53,478
0x80,0x54,496
0x80,0x55,484
0x80,0x56,492
0x80,0x57,482
0x80,0x58,560
0x80,0x59,490
0x80,0x5a,520
0x80,0x5b,554
0x80,0x5c,488
0x80,0x5d,522
0x80,0x5e,538
0x80,0x5f,538
0x80,0x60,490
0x80,0x61,528
0x80,0x62,522
0x80,0x63,490
0x80,0x64,486
0x80,0x65,488
0x80,0x66,510
0x80,0x67,458
0x80,0x68,524
0x80,0x69,482
0x80,0x6a,514
0x80,0x6b,516
0x80,0x6c,498
0x80,0x6d,504
0x80,0x6e,468
0x80,0x6f,476
0x80,0x70,536
0x80,0x71,526
0x80,0x72,502
0x80,0x73,486
0x80,0x74,492
0x80,0x75,510
0x80,0x76,558
0x80,0x77,532
0x80,0x78,474
0x80,0x79,502
0x80,0x7a,490
0x80,0x7b,496
0x80,0x7c,530
0x80,0x7d,542
0x80,0x7e,480
0x80,0x7f,504
0x80,0x80,520
0x80,0x81,500
0x80,0x82,504
0x80,0x83,494
0x80,0x84,486
0x80,0x85,490
0x80,0x86,510
0x80,0x87,488
0x80,0x88,514
0x80,0x89,554
0x80,0x8a,488
0x80,0x8b,514
0x80,0x8c,468
0x80,0x8d,482
0x80,0x8e,506
0x80,0x8f,500
0x80,0x90,508
0x80,0x91,498
0x80,0x92,514
0x80,0x93,516
0x80,0x94,522
0x80,0x95,524
0x80,0x96,524
0x80,0x97,554
0x80,0x98,466
0x80,0x99,530
0x80,0x9a,496
0x80,0x9b,554
0x80,0x9c,488
0x80,0x9d,478
0x80,0x9e,496
0x80,0x9f,490
0x80,0xa0,502
0x80,0xa1,494
0x80,0xa2,476
0x80,0xa3,472
0x80,0xa4,516
0x80,0xa5,526
0x80,0xa6,524
0x80,0xa7,508
0x80,0xa8,494
0x80,0xa9,484
0x80,0xaa,516
0x80,0xab,532
0x80,0xac,510
0x80,0xad,548
0x80,0xae,518
0x80,0xaf,514
0x80,0xb0,490
0x80,0xb1,500
0x80,0xb2,472
0x80,0xb3,476
0x80,0xb4,544
0x80,0xb5,458
0x80,0xb6,532
0x80,0xb7,476
0x80,0xb8,468
0x80,0xb9,538
0x80,0xba,488
0x80,0xbb,460
0x80,0xbc,490
0x80,0xbd,534
0x80,0xbe,514
0x80,0xbf,496
0x80,0xc0,526
0x80,0xc1,516
0x80,0xc2,482
0x80,0xc3,496
0x80,0xc4,526
0x80,0xc5,502
0x80,0xc6,542
0x80,0xc7,498
0x80,0xc8,512
0x80,0xc9,518
0x80,0xca,526
0x80,0xcb,464
0x80,0xcc,548
0x80,0xcd,496
0x80,0xce,518
0x80,0xcf,498
0x80,0xd0,464
0x80,0xd1,504
0x80,0xd2,538
0x80,0xd3,548
0x80,0xd4,534
0x80,0xd5,522
0x80,0xd6,480
0x80,0xd7,488
0x80,0xd8,476
0x80,0xd9,496
0x80,0xda,496
0x80,0xdb,498
0x80,0xdc,484
0x80,0xdd,476
0x80,0xde,518
0x80,0xdf,526
0x80,0xe0,516
0x80,0xe1,538
0x80,0xe2,550
0x80,0xe3,520
0x80,0xe4,518
0x80,0xe5,514
0x80,0xe6,492
0x80,0xe7,536
0x80,0xe8,544
0x80,0xe9,508
0x80,0xea,498
0x80,0xeb,480
0x80,0xec,490
0x80,0xed,530
0x80,0xee,506
0x80,0xef,494
0x80,0xf0,648
0x80,0xf1,514
0x80,0xf2,508
0x80,0xf3,500
0x80,0xf4,520
0x80,0xf5,536
0x80,0xf6,486
0x80,0xf7,476
0x80,0xf8,496
0x80,0xf9,524
0x80,0xfa,598
0x80,0xfb,546
0x80,0xfc,502
0x80,0xfd,496
0x80,0xfe,526
0x80,0xff,512
0x81,0x00,256
0x81,0x01,494
0x81,0x02,734
0x81,0x03,510
0x81,0x04,496
0x81,0x05,516
0x81,0x06,518
0x81,0x07,564
0x81,0x08,538
0x81,0x09,514
0x81,0x0a,520
0x81,0x0b,510
0x81,0x0c,510
0x81,0x0d,498
0x81,0x0e,514
0x81,0x0f,538
0x81,0x10,484
0x81,0x11,492
0x81,0x12,528
0x81,0x13,520
0x81,0x14,478
0x81,0x15,492
0x81,0x16,520
0x81,0x17,506
0x81,0x18,498
0x81,0x19,514
0x81,0x1a,522
0x81,0x1b,506
0x81,0x1c,504
0x81,0x1d,506
0x81,0x1e,522
0x81,0x1f,526
0x81,0x20,492
0x81,0x21,550
0x81,0x22,442
0x81,0x23,518
0x81,0x24,470
0x81,0x25,578
0x81,0x26,732
0x81,0x27,498
0x81,0x28,490
0x81,0x29,484
0x81,0x2a,518
0x81,0x2b,532
0x81,0x2c,516
0x81,0x2d,496
0x81,0x2e,470
0x81,0x2f,478
0x81,0x30,500
0x81,0x31,506
0x81,0x32,468
0x81,0x33,564
0x81,0x34,464
0x81,0x35,488
0x81,0x36,484
0x81,0x37,522
0x81,0x38,492
0x81,0x39,508
0x81,0x3a,538
0x81,0x3b,516
0x81,0x3c,544
0x81,0x3d,556
0x81,0x3e,536
0x81,0x3f,516
0x81,0x40,510
0x81,0x41,538
0x81,0x42,530
0x81,0x43,490
0x81,0x44,572
0x81,0x45,494
0x81,0x46,522
0x81,0x47,546
0x81,0x48,492
0x81,0x49,554
0x81,0x4a,494
0x81,0x4b,520
0x81,0x4c,512
0x81,0x4d,566
0x81,0x4e,566
0x81,0x4f,530
0x81,0x50,500
0x81,0x51,538
0x81,0x52,526
0x81,0x53,530
0x81,0x54,514
0x81,0x55,498
0x81,0x56,522
0x81,0x57,490
0x81,0x58,516
0x81,0x59,522
0x81,0x5a,484
0x81,0x5b,522
0x81,0x5c,552
0x81,0x5d,486
0x81,0x5e,496
0x81,0x5f,496
0x81,0x60,498
0x81,0x61,504
0x81,0x62,496
0x81,0x63,510
0x81,0x64,508
0x81,0x65,558
0x81,0x66,516
0x81,0x67,502
0x81,0x68,540
0x81,0x69,554
0x81,0x6a,512
0x81,0x6b,512
0x81,0x6c,466
0x81,0x6d,522
0x81,0x6e,528
0x81,0x6f,500
0x81,0x70,528
0x81,0x71,482
0x81,0x72,546
0x81,0x73,512
0x81,0x74,510
0x81,0x75,550
0x81,0x76,546
0x81,0x77,534
0x81,0x78,524
0x81,0x79,560
0x81,0x7a,494
0x81,0x7b,488
0x81,0x7c,516
0x81,0x7d,526
0x81,0x7e,490
0x81,0x7f,516
0x81,0x80,478
0x81,0x81,494
0x81,0x82,512
0x81,0x83,508
0x81,0x84,534
0x81,0x85,492
0x81,0x86,504
0x81,0x87,500
0x81,0x88,498
0x81,0x89,494
0x81,0x8a,520
0x81,0x8b,488
0x81,0x8c,544
0x81,0x8d,480
0x81,0x8e,502
0x81,0x8f,552
0x81,0x90,566
0x81,0x91,520
0x81,0x92,526
0x81,0x93,588
0x81,0x94,530
0x81,0x95,502
0x81,0x96,506
0x81,0x97,510
0x81,0x98,474
0x81,0x99,474
0x81,0x9a,560
0x81,0x9b,526
0x81,0x9c,572
0x81,0x9d,526
0x81,0x9e,516
0x81,0x9f,506
0x81,0xa0,538
0x81,0xa1,466
0x81,0xa2,502
0x81,0xa3,478
0x81,0xa4,556
0x81,0xa5,478
0x81,0xa6,574
0x81,0xa7,508
0x81,0xa8,548
0x81,0xa9,482
0x81,0xaa,524
0x81,0xab,484
0x81,0xac,512
0x81,0xad,500
0x81,0xae,526
0x81,0xaf,490
0x81,0xb0,476
0x81,0xb1,520
0x81,0xb2,536
0x81,0xb3,520
0x81,0xb4,508
0x81,0xb5,492
0x81,0xb6,522
0x81,0xb7,480
0x81,0xb8,528
0x81,0xb9,480
0x81,0xba,488
0x81,0xbb,518
0x81,0xbc,476
0x81,0xbd,528
0x81,0xbe,482
0x81,0xbf,478
0x81,0xc0,524
0x81,0xc1,504
0x81,0xc2,494
0x81,0xc3,496
0x81,0xc4,470
0x81,0xc5,504
0x81,0xc6,482
0x81,0xc7,526
0x81,0xc8,488
0x81,0xc9,492
0x81,0xca,542
0x81,0xcb,530
0x81,0xcc,492
0x81,0xcd,494
0x81,0xce,554
0x81,0xcf,522
0x81,0xd0,494
0x81,0xd1,544
0x81,0xd2,510
0x81,0xd3,560
0x81,0xd4,536
0x81,0xd5,560
0x81,0xd6,514
0x81,0xd7,508
0x81,0xd8,480
0x81,0xd9,474
0x81,0xda,482
0x81,0xdb,516
0x81,0xdc,496
0x81,0xdd,476
0x81,0xde,586
0x81,0xdf,528
0x81,0xe0,498
0x81,0xe1,526
0x81,0xe2,522
0x81,0xe3,470
0x81,0xe4,504
0x81,0xe5,548
0x81,0xe6,512
0x81,0xe7,532
0x81,0xe8,494
0x81,0xe9,488
0x81,0xea,596
0x81,0xeb,508
0x81,0xec,510
0x81,0xed,514
0x81,0xee,520
0x81,0xef,500
0x81,0xf0,468
0x81,0xf1,500
0x81,0xf2,514
0x81,0xf3,486
0x81,0xf4,500
0x81,0xf5,504
0x81,0xf6,488
0x81,0xf7,516
0x81,0xf8,496
0x81,0xf9,498
0x81,0xfa,540
0x81,0xfb,508
0x81,0xfc,540
0x81,0xfd,478
0x81,0xfe,500
0x81,0xff,486
0x82,0x00,256
0x82,0x01,488
0x82,0x02,476
0x82,0x03,550
0x82,0x04,490
0x82,0x05,528
0x82,0x06,566
0x82,0x07,498
0x82,0x08,514
0x82,0x09,470
0x82,0x0a,488
0x82,0x0b,568
0x82,0x0c,484
0x82,0x0d,504
0x82,0x0e,500
0x82,0x0f,518
0x82,0x10,532
0x82,0x11,526
0x82,0x12,520
0x82,0x13,486
0x82,0x14,508
0x82,0x15,476
0x82,0x16,506
0x82,0x17,484
0x82,0x18,476
0x82,0x19,500
0x82,0x1a,500
0x82,0x1b,462
0x82,0x1c,540
0x82,0x1d,490
0x82,0x1e,488
0x82,0x1f,512
0x82,0x20,504
0x82,0x21,578
0x82,0x22,532
0x82,0x23,510
0x82,0x24,604
0x82,0x25,494
0x82,0x26,462
0x82,0x27,518
0x82,0x28,474
0x82,0x29,502
0x82,0x2a,494
0x82,0x2b,532
0x82,0x2c,498
0x82,0x2d,496
0x82,0x2e,506
0x82,0x2f,436
0x82,0x30,540
0x82,0x31,506
0x82,0x32,502
0x82,0x33,512
0x82,0x34,574
0x82,0x35,554
0x82,0x36,650
0x82,0x37,478
0x82,0x38,530
0x82,0x39,502
0x82,0x3a,508
0x82,0x3b,548
0x82,0x3c,516
0x82,0x3d,512
0x82,0x3e,496
0x82,0x3f,482
0x82,0x40,514
0x82,0x41,522
0x82,0x42,500
0x82,0x43,476
0x82,0x44,526
0x82,0x45,492
0x82,0x46,506
0x82,0x47,500
0x82,0x48,500
0x82,0x49,514
0x82,0x4a,514
0x82,0x4b,492
0x82,0x4c,490
0x82,0x4d,502
0x82,0x4e,564
0x82,0x4f,488
0x82,0x50,512
0x82,0x51,502
0x82,0x52,532
0x82,0x53,470
0x82,0x54,534
0x82,0x55,510
0x82,0x56,502
0x82,0x57,534
0x82,0x58,470
0x82,0x59,536
0x82,0x5a,572
0x82,0x5b,484
0x82,0x5c,502
0x82,0x5d,486
0x82,0x5e,508
0x82,0x5f,486
0x82,0x60,504
0x82,0x61,518
0x82,0x62,566
0x82,0x63,534
0x82,0x64,528
0x82,0x65,546
0x82,0x66,508
0x82,0x67,504
0x82,0x68,542
0x82,0x69,488
0x82,0x6a,588
0x82,0x6b,504
0x82,0x6c,562
0x82,0x6d,516
0x82,0x6e,486
0x82,0x6f,492
0x82,0x70,504
0x82,0x71,506
0x82,0x72,528
0x82,0x73,512
0x82,0x74,504
0x82,0x75,540
0x82,0x76,514
0x82,0x77,468
0x82,0x78,500
0x82,0x79,506
0x82,0x7a,564
0x82,0x7b,492
0x82,0x7c,486
0x82,0x7d,492
0x82,0x7e,500
0x82,0x7f,562
0x82,0x80,516
0x82,0x81,500
0x82,0x82,494
0x82,0x83,492
0x82,0x84,510
0x82,0x85,506
0x82,0x86,518
0x82,0x87,498
0x82,0x88,518
0x82,0x89,518
0x82,0x8a,550
0x82,0x8b,492
0x82,0x8c,532
0x82,0x8d,528
0x82,0x8e,526
0x82,0x8f,554
0x82,0x90,538
0x82,0x91,476
0x82,0x92,462
0x82,0x93,534
0x82,0x94,456
0x82,0x95,544
0x82,0x96,516
0x82,0x97,516
0x82,0x98,502
0x82,0x99,476
0x82,0x9a,526
0x82,0x9b,500
0x82,0x9c,506
0x82,0x9d,542
0x82,0x9e,500
0x82,0x9f,520
0x82,0xa0,508
0x82,0xa1,484
0x82,0xa2,516
0x82,0xa3,486
0x82,0xa4,490
0x82,0xa5,482
0x82,0xa6,506
0x82,0xa7,516
0x82,0xa8,526
0x82,0xa9,500
0x82,0xaa,484
0x82,0xab,520
0x82,0xac,496
0x82,0xad,468
0x82,0xae,538
0x82,0xaf,522
0x82,0xb0,486
0x82,0xb1,524
0x82,0xb2,494
0x82,0xb3,528
0x82,0xb4,502
0x82,0xb5,516
0x82,0xb6,542
0x82,0xb7,542
0x82,0xb8,522
0x82,0xb9,524
0x82,0xba,468
0x82,0xbb,552
0x82,0xbc,528
0x82,0xbd,506
0x82,0xbe,526
0x82,0xbf,482
0x82,0xc0,502
0x82,0xc1,514
0x82,0xc2,500
0x82,0xc3,536
0x82,0xc4,462
0x82,0xc5,470
0x82,0xc6,544
0x82,0xc7,548
0x82,0xc8,496
0x82,0xc9,576
0x82,0xca,494
0x82,0xcb,492
0x82,0xcc,478
0x82,0xcd,492
0x82,0xce,522
0x82,0xcf,502
0x82,0xd0,528
0x82,0xd1,524
0x82,0xd2,556
0x82,0xd3,506
0x82,0xd4,502
0x82,0xd5,502
0x82,0xd6,488
0x82,0xd7,496
0x82,0xd8,482
0x82,0xd9,496
0x82,0xda,494
0x82,0xdb,498
0x82,0xdc,528
0x82,0xdd,478
0x82,0xde,482
0x82,0xdf,516
0x82,0xe0,508
0x82,0xe1,516
0x82,0xe2,498
0x82,0xe3,526
0x82,0xe4,484
0x82,0xe5,524
0x82,0xe6,500
0x82,0xe7,494
0x82,0xe8,500
0x82,0xe9,476
0x82,0xea,468
0x82,0xeb,496
0x82,0xec,540
0x82,0xed,530
0x82,0xee,506
0x82,0xef,512
0x82,0xf0,520
0x82,0xf1,532
0x82,0xf2,494
0x82,0xf3,510
0x82,0xf4,544
0x82,0xf5,530
0x82,0xf6,510
0x82,0xf7,518
0x82,0xf8,520
0x82,0xf9,502
0x82,0xfa,552
0x82,0xfb,492
0x82,0xfc,508
0x82,0xfd,538
0x82,0xfe,490
0x82,0xff,510
0x83,0x00,256
0x83,0x01,462
0x83,0x02,552
0x83,0x03,518
0x83,0x04,510
0x83,0x05,468
0x83,0x06,490
0x83,0x07,516
0x83,0x08,540
0x83,0x09,506
0x83,0x0a,552
0x83,0x0b,522
0x83,0x0c,482
0x83,0x0d,506
0x83,0x0e,528
0x83,0x0f,528
0x83,0x10,498
0x83,0x11,492
0x83,0x12,454
0x83,0x13,498
0x83,0x14,518
0x83,0x15,526
0x83,0x16,544
0x83,0x17,510
0x83,0x18,510
0x83,0x19,526
0x83,0x1a,512
0x83,0x1b,528
0x83,0x1c,538
0x83,0x1d,500
0x83,0x1e,540
0x83,0x1f,532
0x83,0x20,486
0x83,0x21,474
0x83,0x22,518
0x83,0x23,502
0x83,0x24,522
0x83,0x25,652
0x83,0x26,420
0x83,0x27,516
0x83,0x28,538
0x83,0x29,490
0x83,0x2a,556
0x83,0x2b,526
0x83,0x2c,514
0x83,0x2d,532
0x83,0x2e,568
0x83,0x2f,518
0x83,0x30,484
0x83,0x31,492
0x83,0x32,546
0x83,0x33,560
0x83,0x34,510
0x83,0x35,486
0x83,0x36,500
0x83,0x37,500
0x83,0x38,520
0x83,0x39,504
0x83,0x3a,532
0x83,0x3b,506
0x83,0x3c,464
0x83,0x3d,560
0x83,0x3e,536
0x83,0x3f,504
0x83,0x40,532
0x83,0x41,492
0x83,0x42,488
0x83,0x43,494
0x83,0x44,478
0x83,0x45,518
0x83,0x46,462
0x83,0x47,508
0x83,0x48,522
0x83,0x49,502
0x83,0x4a,510
0x83,0x4b,528
0x83,0x4c,524
0x83,0x4d,544
0x83,0x4e,474
0x83,0x4f,558
0x83,0x50,528
0x83,0x51,490
0x83,0x52,500
0x83,0x53,512
0x83,0x54,512
0x83,0x55,522
0x83,0x56,554
0x83,0x57,482
0x83,0x58,500
0x83,0x59,524
0x83,0x5a,484
0x83,0x5b,516
0x83,0x5c,524
0x83,0x5d,506
0x83,0x5e,520
0x83,0x5f,520
0x83,0x60,518
0x83,0x61,536
0x83,0x62,520
0x83,0x63,508
0x83,0x64,526
0x83,0x65,464
0x83,0x66,522
0x83,0x67,514
0x83,0x68,518
0x83,0x69,514
0x83,0x6a,488
0x83,0x6b,460
0x83,0x6c,498
0x83,0x6d,528
0x83,0x6e,556
0x83,0x6f,538
0x83,0x70,496
0x83,0x71,482
0x83,0x72,532
0x83,0x73,482
0x83,0x74,514
0x83,0x75,446
0x83,0x76,512
0x83,0x77,498
0x83,0x78,492
0x83,0x79,492
0x83,0x7a,548
0x83,0x7b,528
0x83,0x7c,504
0x83,0x7d,508
0x83,0x7e,496
0x83,0x7f,464
0x83,0x80,474
0x83,0x81,512
0x83,0x82,498
0x83,0x83,520
0x83,0x84,506
0x83,0x85,522
0x83,0x86,506
0x83,0x87,532
0x83,0x88,546
0x83,0x89,498
0x83,0x8a,502
0x83,0x8b,508
0x83,0x8c,524
0x83,0x8d,546
0x83,0x8e,556
0x83,0x8f,480
0x83,0x90,502
0x83,0x91,566
0x83,0x92,540
0x83,0x93,484
0x83,0x94,484
0x83,0x95,504
0x83,0x96,494
0x83,0x97,490
0x83,0x98,582
0x83,0x99,454
0x83,0x9a,468
0x83,0x9b,520
0x83,0x9c,534
0x83,0x9d,504
0x83,0x9e,538
0x83,0x9f,526
0x83,0xa0,538
0x83,0xa1,506
0x83,0xa2,480
0x83,0xa3,544
0x83,0xa4,494
0x83,0xa5,522
0x83,0xa6,496
0x83,0xa7,490
0x83,0xa8,518
0x83,0xa9,486
0x83,0xaa,466
0x83,0xab,492
0x83,0xac,512
0x83,0xad,484
0x83,0xae,532
0x83,0xaf,480
0x83,0xb0,560
0x83,0xb1,508
0x83,0xb2,528
0x83,0xb3,530
0x83,0xb4,514
0x83,0xb5,556
0x83,0xb6,524
0x83,0xb7,540
0x83,0xb8,486
0x83,0xb9,532
0x83,0xba,540
0x83,0xbb,532
0x83,0xbc,488
0x83,0xbd,498
0x83,0xbe,504
0x83,0xbf,528
0x83,0xc0,536
0x83,0xc1,524
0x83,0xc2,472
0x83,0xc3,518
0x83,0xc4,534
0x83,0xc5,474
0x83,0xc6,520
0x83,0xc7,516
0x83,0xc8,518
0x83,0xc9,512
0x83,0xca,496
0x83,0xcb,512
0x83,0xcc,512
0x83,0xcd,488
0x83,0xce,500
0x83,0xcf,532
0x83,0xd0,502
0x83,0xd1,524
0x83,0xd2,530
0x83,0xd3,488
0x83,0xd4,490
0x83,0xd5,514
0x83,0xd6,506
0x83,0xd7,490
0x83,0xd8,530
0x83,0xd9,500
0x83,0xda,530
0x83,0xdb,476
0x83,0xdc,512
0x83,0xdd,588
0x83,0xde,528
0x83,0xdf,486
0x83,0xe0,486
0x83,0xe1,506
0x83,0xe2,530
0x83,0xe3,492
0x83,0xe4,532
0x83,0xe5,494
0x83,0xe6,494
0x83,0xe7,464
0x83,0xe8,482
0x83,0xe9,500
0x83,0xea,494
0x83,0xeb,492
0x83,0xec,468
0x83,0xed,468
0x83,0xee,496
0x83,0xef,492
0x83,0xf0,512
0x83,0xf1,536
0x83,0xf2,494
0x83,0xf3,466
0x83,0xf4,498
0x83,0xf5,504
0x83,0xf6,518
0x83,0xf7,540
0x83,0xf8,532
0x83,0xf9,510
0x83,0xfa,508
0x83,0xfb,552
0x83,0xfc,514
0x83,0xfd,536
0x83,0xfe,538
0x83,0xff,470
0x84,0x00,256
0x84,0x01,552
0x84,0x02,434
0x84,0x03,498
0x84,0x04,496
0x84,0x05,502
0x84,0x06,488
0x84,0x07,522
0x84,0x08,486
0x84,0x09,510
0x84,0x0a,522
0x84,0x0b,554
0x84,0x0c,478
0x84,0x0d,504
0x84,0x0e,502
0x84,0x0f,532
0x84,0x10,476
0x84,0x11,520
0x84,0x12,462
0x84,0x13,506
0x84,0x14,498
0x84,0x15,502
0x84,0x16,456
0x84,0x17,526
0x84,0x18,488
0x84,0x19,530
0x84,0x1a,470
0x84,0x1b,518
0x84,0x1c,518
0x84,0x1d,522
0x84,0x1e,510
0x84,0x1f,514
0x84,0x20,536
0x84,0x21,494
0x84,0x22,440
0x84,0x23,536
0x84,0x24,472
0x84,0x25,566
0x84,0x26,470
0x84,0x27,496
0x84,0x28,540
0x84,0x29,510
0x84,0x2a,496
0x84,0x2b,492
0x84,0x2c,482
0x84,0x2d,534
0x84,0x2e,508
0x84,0x2f,534
0x84,0x30,586
0x84,0x31,536
0x84,0x32,466
0x84,0x33,504
0x84,0x34,442
0x84,0x35,504
0x84,0x36,444
0x84,0x37,490
0x84,0x38,512
0x84,0x39,464
0x84,0x3a,512
0x84,0x3b,508
0x84,0x3c,480
0x84,0x3d,496
0x84,0x3e,486
0x84,0x3f,520
0x84,0x40,492
0x84,0x41,526
0x84,0x42,488
0x84,0x43,500
0x84,0x44,510
0x84,0x45,540
0x84,0x46,486
0x84,0x47,490
0x84,0x48,470
0x84,0x49,514
0x84,0x4a,516
0x84,0x4b,494
0x84,0x4c,516
0x84,0x4d,486
0x84,0x4e,498
0x84,0x4f,494
0x84,0x50,510
0x84,0x51,472
0x84,0x52,492
0x84,0x53,490
0x84,0x54,498
0x84,0x55,576
0x84,0x56,570
0x84,0x57,504
0x84,0x58,488
0x84,0x59,508
0x84,0x5a,546
0x84,0x5b,538
0x84,0x5c,486
0x84,0x5d,568
0x84,0x5e,492
0x84,0x5f,512
0x84,0x60,516
0x84,0x61,516
0x84,0x62,528
0x84,0x63,506
0x84,0x64,474
0x84,0x65,530
0x84,0x66,570
0x84,0x67,504
0x84,0x68,532
0x84,0x69,496
0x84,0x6a,494
0x84,0x6b,490
0x84,0x6c,498
0x84,0x6d,506
0x84,0x6e,506
0x84,0x6f,508
0x84,0x70,538
0x84,0x71,534
0x84,0x72,524
0x84,0x73,504
0x84,0x74,494
0x84,0x75,546
0x84,0x76,494
0x84,0x77,542
0x84,0x78,488
0x84,0x79,518
0x84,0x7a,476
0x84,0x7b,492
0x84,0x7c,520
0x84,0x7d,500
0x84,0x7e,508
0x84,0x7f,504
0x84,0x80,594
0x84,0x81,536
0x84,0x82,466
0x84,0x83,502
0x84,0x84,482
0x84,0x85,490
0x84,0x86,520
0x84,0x87,496
0x84,0x88,524
0x84,0x89,500
0x84,0x8a,564
0x84,0x8b,510
0x84,0x8c,484
0x84,0x8d,514
0x84,0x8e,536
0x84,0x8f,492
0x84,0x90,514
0x84,0x91,476
0x84,0x92,522
0x84,0x93,482
0x84,0x94,482
0x84,0x95,512
0x84,0x96,508
0x84,0x97,504
0x84,0x98,562
0x84,0x99,486
0x84,0x9a,498
0x84,0x9b,496
0x84,0x9c,488
0x84,0x9d,548
0x84,0x9e,468
0x84,0x9f,508
0x84,0xa0,492
0x84,0xa1,524
0x84,0xa2,512
0x84,0xa3,498
0x84,0xa4,538
0x84,0xa5,510
0x84,0xa6,500
0x84,0xa7,534
0x84,0xa8,498
0x84,0xa9,554
0x84,0xaa,486
0x84,0xab,524
0x84,0xac,530
0x84,0xad,502
0x84,0xae,554
0x84,0xaf,502
0x84,0xb0,500
0x84,0xb1,480
0x84,0xb2,494
0x84,0xb3,516
0x84,0xb4,508
0x84,0xb5,504
0x84,0xb6,532
0x84,0xb7,538
0x84,0xb8,516
0x84,0xb9,498
0x84,0xba,518
0x84,0xbb,480
0x84,0xbc,460
0x84,0xbd,512
0x84,0xbe,484
0x84,0xbf,542
0x84,0xc0,550
0x84,0xc1,486
0x84,0xc2,492
0x84,0xc3,512
0x84,0xc4,544
0x84,0xc5,508
0x84,0xc6,488
0x84,0xc7,542
0x84,0xc8,562
0x84,0xc9,482
0x84,0xca,516
0x84,0xcb,508
0x84,0xcc,530
0x84,0xcd,506
0x84,0xce,536
0x84,0xcf,512
0x84,0xd0,494
0x84,0xd1,556
0x84,0xd2,532
0x84,0xd3,490
0x84,0xd4,480
0x84,0xd5,526
0x84,0xd6,478
0x84,0xd7,476
0x84,0xd8,512
0x84,0xd9,502
0x84,0xda,522
0x84,0xdb,490
0x84,0xdc,542
0x84,0xdd,544
0x84,0xde,496
0x84,0xdf,524
0x84,0xe0,510
0x84,0xe1,544
0x84,0xe2,496
0x84,0xe3,558
0x84,0xe4,496
0x84,0xe5,486
0x84,0xe6,492
0x84,0xe7,514
0x84,0xe8,486
0x84,0xe9,562
0x84,0xea,552
0x84,0xeb,504
0x84,0xec,548
0x84,0xed,544
0x84,0xee,530
0x84,0xef,538
0x84,0xf0,500
0x84,0xf1,508
0x84,0xf2,486
0x84,0xf3,508
0x84,0xf4,528
0x84,0xf5,512
0x84,0xf6,476
0x84,0xf7,528
0x84,0xf8,516
0x84,0xf9,512
0x84,0xfa,508
0x84,0xfb,504
0x84,0xfc,558
0x84,0xfd,510
0x84,0xfe,544
0x84,0xff,506
0x85,0x00,256
0x85,0x01,550
0x85,0x02,524
0x85,0x03,504
0x85,0x04,516
0x85,0x05,500
0x85,0x06,484
0x85,0x07,510
0x85,0x08,502
0x85,0x09,516
0x85,0x0a,522
0x85,0x0b,506
0x85,0x0c,528
0x85,0x0d,514
0x85,0x0e,502
0x85,0x0f,542
0x85,0x10,480
0x85,0x11,482
0x85,0x12,392
0x85,0x13,518
0x85,0x14,530
0x85,0x15,512
0x85,0x16,474
0x85,0x17,524
0x85,0x18,516
0x85,0x19,490
0x85,0x1a,524
0x85,0x1b,538
0x85,0x1c,544
0x85,0x1d,502
0x85,0x1e,522
0x85,0x1f,506
0x85,0x20,566
0x85,0x21,500
0x85,0x22,514
0x85,0x23,520
0x85,0x24,628
0x85,0x25,522
0x85,0x26,624
0x85,0x27,500
0x85,0x28,506
0x85,0x29,506
0x85,0x2a,530
0x85,0x2b,516
0x85,0x2c,516
0x85,0x2d,490
0x85,0x2e,520
0x85,0x2f,522
0x85,0x30,840
0x85,0x31,474
0x85,0x32,496
0x85,0x33,502
0x85,0x34,452
0x85,0x35,522
0x85,0x36,464
0x85,0x37,516
0x85,0x38,516
0x85,0x39,482
0x85,0x3a,514
0x85,0x3b,456
0x85,0x3c,500
0x85,0x3d,514
0x85,0x3e,518
0x85,0x3f,534
0x85,0x40,570
0x85,0x41,504
0x85,0x42,532
0x85,0x43,540
0x85,0x44,530
0x85,0x45,508
0x85,0x46,572
0x85,0x47,502
0x85,0x48,466
0x85,0x49,532
0x85,0x4a,500
0x85,0x4b,508
0x85,0x4c,550
0x85,0x4d,538
0x85,0x4e,466
0x85,0x4f,560
0x85,0x50,524
0x85,0x51,490
0x85,0x52,506
0x85,0x53,514
0x85,0x54,518
0x85,0x55,510
0x85,0x56,496
0x85,0x57,538
0x85,0x58,492
0x85,0x59,496
0x85,0x5a,572
0x85,0x5b,494
0x85,0x5c,518
0x85,0x5d,466
0x85,0x5e,498
0x85,0x5f,472
0x85,0x60,510
0x85,0x61,542
0x85,0x62,536
0x85,0x63,512
0x85,0x64,550
0x85,0x65,500
0x85,0x66,554
0x85,0x67,536
0x85,0x68,504
0x85,0x69,574
0x85,0x6a,500
0x85,0x6b,500
0x85,0x6c,514
0x85,0x6d,526
0x85,0x6e,504
0x85,0x6f,526
0x85,0x70,482
0x85,0x71,496
0x85,0x72,546
0x85,0x73,524
0x85,0x74,518
0x85,0x75,542
0x85,0x76,528
0x85,0x77,494
0x85,0x78,510
0x85,0x79,536
0x85,0x7a,510
0x85,0x7b,548
0x85,0x7c,548
0x85,0x7d,506
0x85,0x7e,518
0x85,0x7f,498
0x85,0x80,456
0x85,0x81,490
0x85,0x82,486
0x85,0x83,504
0x85,0x84,506
0x85,0x85,514
0x85,0x86,502
0x85,0x87,576
0x85,0x88,490
0x85,0x89,506
0x85,0x8a,478
0x85,0x8b,462
0x85,0x8c,512
0x85,0x8d,506
0x85,0x8e,498
0x85,0x8f,518
0x85,0x90,484
0x85,0x91,506
0x85,0x92,510
0x85,0x93,514
0x85,0x94,492
0x85,0x95,494
0x85,0x96,504
0x85,0x97,520
0x85,0x98,506
0x85,0x99,524
0x85,0x9a,498
0x85,0x9b,500
0x85,0x9c,542
0x85,0x9d,516
0x85,0x9e,520
0x85,0x9f,516
0x85,0xa0,548
0x85,0xa1,556
0x85,0xa2,538
0x85,0xa3,516
0x85,0xa4,494
0x85,0xa5,530
0x85,0xa6,522
0x85,0xa7,480
0x85,0xa8,494
0x85,0xa9,550
0x85,0xaa,552
0x85,0xab,536
0x85,0xac,504
0x85,0xad,488
0x85,0xae,530
0x85,0xaf,490
0x85,0xb0,492
0x85,0xb1,496
0x85,0xb2,510
0x85,0xb3,490
0x85,0xb4,498
0x85,0xb5,492
0x85,0xb6,512
0x85,0xb7,524
0x85,0xb8,518
0x85,0xb9,490
0x85,0xba,508
0x85,0xbb,456
0x85,0xbc,496
0x85,0xbd,520
0x85,0xbe,486
0x85,0xbf,496
0x85,0xc0,504
0x85,0xc1,474
0x85,0xc2,496
0x85,0xc3,486
0x85,0xc4,588
0x85,0xc5,498
0x85,0xc6,518
0x85,0xc7,496
0x85,0xc8,494
0x85,0xc9,496
0x85,0xca,508
0x85,0xcb,480
0x85,0xcc,524
0x85,0xcd,514
0x85,0xce,466
0x85,0xcf,488
0x85,0xd0,510
0x85,0xd1,502
0x85,0xd2,536
0x85,0xd3,492
0x85,0xd4,508
0x85,0xd5,560
0x85,0xd6,508
0x85,0xd7,488
0x85,0xd8,520
0x85,0xd9,522
0x85,0xda,490
0x85,0xdb,488
0x85,0xdc,494
0x85,0xdd,492
0x85,0xde,514
0x85,0xdf,570
0x85,0xe0,514
0x85,0xe1,536
0x85,0xe2,460
0x85,0xe3,484
0x85,0xe4,510
0x85,0xe5,474
0x85,0xe6,484
0x85,0xe7,480
0x85,0xe8,478
0x85,0xe9,506
0x85,0xea,524
0x85,0xeb,536
0x85,0xec,502
0x85,0xed,498
0x85,0xee,496
0x85,0xef,470
0x85,0xf0,488
0x85,0xf1,520
0x85,0xf2,502
0x85,0xf3,472
0x85,0xf4,528
0x85,0xf5,530
0x85,0xf6,540
0x85,0xf7,496
0x85,0xf8,526
0x85,0xf9,492
0x85,0xfa,512
0x85,0xfb,492
0x85,0xfc,490
0x85,0xfd,500
0x85,0xfe,500
0x85,0xff,482
0x86,0x00,256
0x86,0x01,572
0x86,0x02,456
0x86,0x03,478
0x86,0x04,532
0x86,0x05,472
0x86,0x06,514
0x86,0x07,514
0x86,0x08,456
0x86,0x09,518
0x86,0x0a,510
0x86,0x0b,504
0x86,0x0c,490
0x86,0x0d,550
0x86,0x0e,502
0x86,0x0f,518
0x86,0x10,520
0x86,0x11,468
0x86,0x12,524
0x86,0x13,520
0x86,0x14,500
0x86,0x15,544
0x86,0x16,482
0x86,0x17,502
0x86,0x18,530
0x86,0x19,562
0x86,0x1a,526
0x86,0x1b,494
0x86,0x1c,492
0x86,0x1d,510
0x86,0x1e,482
0x86,0x1f,494
0x86,0x20,498
0x86,0x21,534
0x86,0x22,524
0x86,0x23,518
0x86,0x24,508
0x86,0x25,498
0x86,0x26,476
0x86,0x27,488
0x86,0x28,512
0x86,0x29,536
0x86,0x2a,510
0x86,0x2b,560
0x86,0x2c,518
0x86,0x2d,476
0x86,0x2e,508
0x86,0x2f,514
0x86,0x30,476
0x86,0x31,484
0x86,0x32,542
0x86,0x33,482
0x86,0x34,530
0x86,0x35,548
0x86,0x36,470
0x86,0x37,508
0x86,0x38,504
0x86,0x39,560
0x86,0x3a,516
0x86,0x3b,512
0x86,0x3c,480
0x86,0x3d,482
0x86,0x3e,494
0x86,0x3f,534
0x86,0x40,530
0x86,0x41,512
0x86,0x42,498
0x86,0x43,548
0x86,0x44,508
0x86,0x45,522
0x86,0x46,490
0x86,0x47,488
0x86,0x48,492
0x86,0x49,540
0x86,0x4a,532
0x86,0x4b,528
0x86,0x4c,506
0x86,0x4d,500
0x86,0x4e,466
0x86,0x4f,524
0x86,0x50,546
0x86,0x51,564
0x86,0x52,514
0x86,0x53,482
0x86,0x54,510
0x86,0x55,528
0x86,0x56,468
0x86,0x57,568
0x86,0x58,464
0x86,0x59,504
0x86,0x5a,568
0x86,0x5b,500
0x86,0x5c,546
0x86,0x5d,518
0x86,0x5e,512
0x86,0x5f,520
0x86,0x60,492
0x86,0x61,514
0x86,0x62,496
0x86,0x63,510
0x86,0x64,532
0x86,0x65,502
0x86,0x66,508
0x86,0x67,542
0x86,0x68,498
0x86,0x69,502
0x86,0x6a,552
0x86,0x6b,532
0x86,0x6c,508
0x86,0x6d,532
0x86,0x6e,508
0x86,0x6f,522
0x86,0x70,514
0x86,0x71,494
0x86,0x72,492
0x86,0x73,506
0x86,0x74,514
0x86,0x75,534
0x86,0x76,458
0x86,0x77,510
0x86,0x78,486
0x86,0x79,508
0x86,0x7a,520
0x86,0x7b,506
0x86,0x7c,518
0x86,0x7d,486
0x86,0x7e,502
0x86,0x7f,498
0x86,0x80,512
0x86,0x81,506
0x86,0x82,522
0x86,0x83,530
0x86,0x84,460
0x86,0x85,506
0x86,0x86,488
0x86,0x87,500
0x86,0x88,554
0x86,0x89,518
0x86,0x8a,514
0x86,0x8b,546
0x86,0x8c,490
0x86,0x8d,532
0x86,0x8e,528
0x86,0x8f,540
0x86,0x90,478
0x86,0x91,484
0x86,0x92,518
0x86,0x93,488
0x86,0x94,488
0x86,0x95,500
0x86,0x96,520
0x86,0x97,526
0x86,0x98,494
0x86,0x99,486
0x86,0x9a,526
0x86,0x9b,486
0x86,0x9c,512
0x86,0x9d,516
0x86,0x9e,498
0x86,0x9f,544
0x86,0xa0,482
0x86,0xa1,510
0x86,0xa2,516
0x86,0xa3,518
0x86,0xa4,470
0x86,0xa5,518
0x86,0xa6,516
0x86,0xa7,478
0x86,0xa8,514
0x86,0xa9,520
0x86,0xaa,498
0x86,0xab,480
0x86,0xac,510
0x86,0xad,510
0x86,0xae,492
0x86,0xaf,504
0x86,0xb0,514
0x86,0xb1,472
0x86,0xb2,516
0x86,0xb3,534
0x86,0xb4,506
0x86,0xb5,454
0x86,0xb6,508
0x86,0xb7,538
0x86,0xb8,486
0x86,0xb9,494
0x86,0xba,504
0x86,0xbb,510
0x86,0xbc,552
0x86,0xbd,528
0x86,0xbe,496
0x86,0xbf,522
0x86,0xc0,506
0x86,0xc1,514
0x86,0xc2,544
0x86,0xc3,536
0x86,0xc4,502
0x86,0xc5,520
0x86,0xc6,488
0x86,0xc7,496
0x86,0xc8,526
0x86,0xc9,486
0x86,0xca,492
0x86,0xcb,494
0x86,0xcc,538
0x86,0xcd,532
0x86,0xce,504
0x86,0xcf,528
0x86,0xd0,520
0x86,0xd1,472
0x86,0xd2,480
0x86,0xd3,526
0x86,0xd4,514
0x86,0xd5,546
0x86,0xd6,518
0x86,0xd7,468
0x86,0xd8,508
0x86,0xd9,536
0x86,0xda,466
0x86,0xdb,528
0x86,0xdc,472
0x86,0xdd,476
0x86,0xde,498
0x86,0xdf,474
0x86,0xe0,466
0x86,0xe1,514
0x86,0xe2,506
0x86,0xe3,494
0x86,0xe4,520
0x86,0xe5,510
0x86,0xe6,516
0x86,0xe7,518
0x86,0xe8,498
0x86,0xe9,540
0x86,0xea,552
0x86,0xeb,492
0x86,0xec,558
0x86,0xed,474
0x86,0xee,508
0x86,0xef,466
0x86,0xf0,522
0x86,0xf1,482
0x86,0xf2,542
0x86,0xf3,512
0x86,0xf4,494
0x86,0xf5,488
0x86,0xf6,518
0x86,0xf7,542
0x86,0xf8,460
0x86,0xf9,524
0x86,0xfa,496
0x86,0xfb,532
0x86,0xfc,508
0x86,0xfd,534
0x86,0xfe,558
0x86,0xff,504
0x87,0x00,256
0x87,0x01,486
0x87,0x02,512
0x87,0x03,532
0x87,0x04,546
0x87,0x05,528
0x87,0x06,500
0x87,0x07,524
0x87,0x08,542
0x87,0x09,512
0x87,0x0a,482
0x87,0x0b,476
0x87,0x0c,528
0x87,0x0d,534
0x87,0x0e,510
0x87,0x0f,496
0x87,0x10,514
0x87,0x11,510
0x87,0x12,456
0x87,0x13,488
0x87,0x14,538
0x87,0x15,514
0x87,0x16,486
0x87,0x17,546
0x87,0x18,480
0x87,0x19,504
0x87,0x1a,510
0x87,0x1b,538
0x87,0x1c,534
0x87,0x1d,478
0x87,0x1e,500
0x87,0x1f,474
0x87,0x20,576
0x87,0x21,532
0x87,0x22,462
0x87,0x23,502
0x87,0x24,430
0x87,0x25,516
0x87,0x26,536
0x87,0x27,482
0x87,0x28,474
0x87,0x29,506
0x87,0x2a,532
0x87,0x2b,510
0x87,0x2c,492
0x87,0x2d,512
0x87,0x2e,474
0x87,0x2f,528
0x87,0x30,554
0x87,0x31,530
0x87,0x32,498
0x87,0x33,572
0x87,0x34,528
0x87,0x35,496
0x87,0x36,542
0x87,0x37,490
0x87,0x38,506
0x87,0x39,508
0x87,0x3a,500
0x87,0x3b,476
0x87,0x3c,524
0x87,0x3d,520
0x87,0x3e,504
0x87,0x3f,440
0x87,0x40,530
0x87,0x41,514
0x87,0x42,490
0x87,0x43,484
0x87,0x44,474
0x87,0x45,490
0x87,0x46,520
0x87,0x47,588
0x87,0x48,464
0x87,0x49,514
0x87,0x4a,470
0x87,0x4b,536
0x87,0x4c,512
0x87,0x4d,518
0x87,0x4e,552
0x87,0x4f,504
0x87,0x50,472
0x87,0x51,504
0x87,0x52,506
0x87,0x53,494
0x87,0x54,536
0x87,0x55,488
0x87,0x56,524
0x87,0x57,490
0x87,0x58,504
0x87,0x59,496
0x87,0x5a,512
0x87,0x5b,518
0x87,0x5c,498
0x87,0x5d,494
0x87,0x5e,520
0x87,0x5f,510
0x87,0x60,496
0x87,0x61,516
0x87,0x62,478
0x87,0x63,486
0x87,0x64,530
0x87,0x65,506
0x87,0x66,474
0x87,0x67,502
0x87,0x68,474
0x87,0x69,496
0x87,0x6a,492
0x87,0x6b,452
0x87,0x6c,520
0x87,0x6d,490
0x87,0x6e,478
0x87,0x6f,482
0x87,0x70,520
0x87,0x71,550
0x87,0x72,510
0x87,0x73,476
0x87,0x74,504
0x87,0x75,506
0x87,0x76,506
0x87,0x77,514
0x87,0x78,486
0x87,0x79,512
0x87,0x7a,530
0x87,0x7b,526
0x87,0x7c,520
0x87,0x7d,524
0x87,0x7e,474
0x87,0x7f,524
0x87,0x80,450
0x87,0x81,480
0x87,0x82,498
0x87,0x83,496
0x87,0x84,510
0x87,0x85,466
0x87,0x86,484
0x87,0x87,546
0x87,0x88,502
0x87,0x89,510
0x87,0x8a,510
0x87,0x8b,502
0x87,0x8c,492
0x87,0x8d,544
0x87,0x8e,540
0x87,0x8f,544
0x87,0x90,518
0x87,0x91,522
0x87,0x92,454
0x87,0x93,522
0x87,0x94,526
0x87,0x95,510
0x87,0x96,476
0x87,0x97,544
0x87,0x98,538
0x87,0x99,528
0x87,0x9a,508
0x87,0x9b,484
0x87,0x9c,522
0x87,0x9d,520
0x87,0x9e,518
0x87,0x9f,488
0x87,0xa0,530
0x87,0xa1,562
0x87,0xa2,554
0x87,0xa3,524
0x87,0xa4,496
0x87,0xa5,502
0x87,0xa6,526
0x87,0xa7,496
0x87,0xa8,510
0x87,0xa9,532
0x87,0xaa,492
0x87,0xab,528
0x87,0xac,496
0x87,0xad,544
0x87,0xae,484
0x87,0xaf,494
0x87,0xb0,472
0x87,0xb1,498
0x87,0xb2,466
0x87,0xb3,510
0x87,0xb4,528
0x87,0xb5,534
0x87,0xb6,488
0x87,0xb7,474
0x87,0xb8,526
0x87,0xb9,484
0x87,0xba,474
0x87,0xbb,484
0x87,0xbc,490
0x87,0xbd,522
0x87,0xbe,512
0x87,0xbf,500
0x87,0xc0,482
0x87,0xc1,516
0x87,0xc2,482
0x87,0xc3,506
0x87,0xc4,512
0x87,0xc5,516
0x87,0xc6,532
0x87,0xc7,494
0x87,0xc8,496
0x87,0xc9,482
0x87,0xca,508
0x87,0xcb,514
0x87,0xcc,478
0x87,0xcd,480
0x87,0xce,512
0x87,0xcf,492
0x87,0xd0,550
0x87,0xd1,476
0x87,0xd2,512
0x87,0xd3,482
0x87,0xd4,520
0x87,0xd5,524
0x87,0xd6,548
0x87,0xd7,496
0x87,0xd8,518
0x87,0xd9,542
0x87,0xda,492
0x87,0xdb,516
0x87,0xdc,522
0x87,0xdd,480
0x87,0xde,536
0x87,0xdf,514
0x87,0xe0,516
0x87,0xe1,510
0x87,0xe2,532
0x87,0xe3,518
0x87,0xe4,524
0x87,0xe5,502
0x87,0xe6,546
0x87,0xe7,494
0x87,0xe8,510
0x87,0xe9,478
0x87,0xea,472
0x87,0xeb,528
0x87,0xec,540
0x87,0xed,514
0x87,0xee,526
0x87,0xef,546
0x87,0xf0,576
0x87,0xf1,528
0x87,0xf2,514
0x87,0xf3,478
0x87,0xf4,484
0x87,0xf5,512
0x87,0xf6,516
0x87,0xf7,504
0x87,0xf8,498
0x87,0xf9,490
0x87,0xfa,554
0x87,0xfb,492
0x87,0xfc,482
0x87,0xfd,508
0x87,0xfe,494
0x87,0xff,490
0x88,0x00,256
0x88,0x01,468
0x88,0x02,494
0x88,0x03,476
0x88,0x04,502
0x88,0x05,494
0x88,0x06,562
0x88,0x07,496
0x88,0x08,514
0x88,0x09,500
0x88,0x0a,484
0x88,0x0b,498
0x88,0x0c,474
0x88,0x0d,504
0x88,0x0e,490
0x88,0x0f,508
0x88,0x10,536
0x88,0x11,472
0x88,0x12,386
0x88,0x13,488
0x88,0x14,514
0x88,0x15,498
0x88,0x16,456
0x88,0x17,568
0x88,0x18,504
0x88,0x19,576
0x88,0x1a,544
0x88,0x1b,508
0x88,0x1c,512
0x88,0x1d,470
0x88,0x1e,480
0x88,0x1f,512
0x88,0x20,480
0x88,0x21,508
0x88,0x22,506
0x88,0x23,508
0x88,0x24,450
0x88,0x25,524
0x88,0x26,414
0x88,0x27,510
0x88,0x28,494
0x88,0x29,468
0x88,0x2a,494
0x88,0x2b,506
0x88,0x2c,508
0x88,0x2d,466
0x88,0x2e,474
0x88,0x2f,570
0x88,0x30,376
0x88,0x31,498
0x88,0x32,460
0x88,0x33,524
0x88,0x34,464
0x88,0x35,504
0x88,0x36,522
0x88,0x37,510
0x88,0x38,490
0x88,0x39,530
0x88,0x3a,480
0x88,0x3b,522
0x88,0x3c,500
0x88,0x3d,522
0x88,0x3e,508
0x88,0x3f,564
0x88,0x40,504
0x88,0x41,524
0x88,0x42,490
0x88,0x43,538
0x88,0x44,488
0x88,0x45,504
0x88,0x46,546
0x88,0x47,518
0x88,0x48,488
0x88,0x49,532
0x88,0x4a,530
0x88,0x4b,488
0x88,0x4c,514
0x88,0x4d,556
0x88,0x4e,506
0x88,0x4f,500
0x88,0x50,494
0x88,0x51,566
0x88,0x52,546
0x88,0x53,514
0x88,0x54,492
0x88,0x55,502
0x88,0x56,562
0x88,0x57,494
0x88,0x58,518
0x88,0x59,486
0x88,0x5a,536
0x88,0x5b,520
0x88,0x5c,544
0x88,0x5d,514
0x88,0x5e,486
0x88,0x5f,500
0x88,0x60,576
0x88,0x61,498
0x88,0x62,518
0x88,0x63,568
0x88,0x64,494
0x88,0x65,514
0x88,0x66,476
0x88,0x67,478
0x88,0x68,498
0x88,0x69,516
0x88,0x6a,544
0x88,0x6b,536
0x88,0x6c,536
0x88,0x6d,472
0x88,0x6e,498
0x88,0x6f,550
0x88,0x70,502
0x88,0x71,502
0x88,0x72,496
0x88,0x73,554
0x88,0x74,522
0x88,0x75,512
0x88,0x76,512
0x88,0x77,480
0x88,0x78,508
0x88,0x79,486
0x88,0x7a,496
0x88,0x7b,540
0x88,0x7c,566
0x88,0x7d,500
0x88,0x7e,482
0x88,0x7f,496
0x88,0x80,494
0x88,0x81,512
0x88,0x82,502
0x88,0x83,506
0x88,0x84,492
0x88,0x85,504
0x88,0x86,558
0x88,0x87,524
0x88,0x88,514
0x88,0x89,480
0x88,0x8a,518
0x88,0x8b,540
0x88,0x8c,468
0x88,0x8d,530
0x88,0x8e,530
0x88,0x8f,512
0x88,0x90,510
0x88,0x91,536
0x88,0x92,522
0x88,0x93,482
0x88,0x94,486
0x88,0x95,484
0x88,0x96,478
0x88,0x97,508
0x88,0x98,490
0x88,0x99,522
0x88,0x9a,524
0x88,0x9b,524
0x88,0x9c,500
0x88,0x9d,488
0x88,0x9e,518
0x88,0x9f,490
0x88,0xa0,490
0x88,0xa1,488
0x88,0xa2,478
0x88,0xa3,476
0x88,0xa4,558
0x88,0xa5,486
0x88,0xa6,516
0x88,0xa7,494
0x88,0xa8,496
0x88,0xa9,492
0x88,0xaa,546
0x88,0xab,506
0x88,0xac,492
0x88,0xad,544
0x88,0xae,504
0x88,0xaf,518
0x88,0xb0,472
0x88,0xb1,478
0x88,0xb2,506
0x88,0xb3,494
0x88,0xb4,528
0x88,0xb5,556
0x88,0xb6,580
0x88,0xb7,518
0x88,0xb8,506
0x88,0xb9,528
0x88,0xba,504
0x88,0xbb,504
0x88,0xbc,564
0x88,0xbd,496
0x88,0xbe,526
0x88,0xbf,496
0x88,0xc0,482
0x88,0xc1,510
0x88,0xc2,480
0x88,0xc3,532
0x88,0xc4,538
0x88,0xc5,546
0x88,0xc6,506
0x88,0xc7,524
0x88,0xc8,532
0x88,0xc9,462
0x88,0xca,524
0x88,0xcb,540
0x88,0xcc,524
0x88,0xcd,526
0x88,0xce,516
0x88,0xcf,506
0x88,0xd0,532
0x88,0xd1,482
0x88,0xd2,522
0x88,0xd3,474
0x88,0xd4,532
0x88,0xd5,532
0x88,0xd6,502
0x88,0xd7,514
0x88,0xd8,500
0x88,0xd9,494
0x88,0xda,506
0x88,0xdb,482
0x88,0xdc,514
0x88,0xdd,468
0x88,0xde,544
0x88,0xdf,518
0x88,0xe0,510
0x88,0xe1,502
0x88,0xe2,534
0x88,0xe3,530
0x88,0xe4,486
0x88,0xe5,524
0x88,0xe6,474
0x88,0xe7,492
0x88,0xe8,502
0x88,0xe9,480
0x88,0xea,496
0x88,0xeb,528
0x88,0xec,516
0x88,0xed,536
0x88,0xee,496
0x88,0xef,496
0x88,0xf0,508
0x88,0xf1,524
0x88,0xf2,550
0x88,0xf3,492
0x88,0xf4,496
0x88,0xf5,500
0x88,0xf6,536
0x88,0xf7,510
0x88,0xf8,556
0x88,0xf9,480
0x88,0xfa,494
0x88,0xfb,486
0x88,0xfc,494
0x88,0xfd,518
0x88,0xfe,504
0x88,0xff,544
0x89,0x00,256
0x89,0x01,500
0x89,0x02,522
0x89,0x03,478
0x89,0x04,498
0x89,0x05,504
0x89,0x06,596
0x89,0x07,520
0x89,0x08,464
0x89,0x09,494
0x89,0x0a,504
0x89,0x0b,506
0x89,0x0c,512
0x89,0x0d,560
0x89,0x0e,530
0x89,0x0f,524
0x89,0x10,478
0x89,0x11,516
0x89,0x12,520
0x89,0x13,530
0x89,0x14,502
0x89,0x15,494
0x89,0x16,534
0x89,0x17,480
0x89,0x18,536
0x89,0x19,538
0x89,0x1a,490
0x89,0x1b,522
0x89,0x1c,502
0x89,0x1d,532
0x89,0x1e,496
0x89,0x1f,528
0x89,0x20,490
0x89,0x21,546
0x89,0x22,442
0x89,0x23,542
0x89,0x24,558
0x89,0x25,482
0x89,0x26,382
0x89,0x27,468
0x89,0x28,528
0x89,0x29,530
0x89,0x2a,502
0x89,0x2b,500
0x89,0x2c,476
0x89,0x2d,510
0x89,0x2e,472
0x89,0x2f,522
0x89,0x30,464
0x89,0x31,524
0x89,0x32,512
0x89,0x33,514
0x89,0x34,546
0x89,0x35,526
0x89,0x36,476
0x89,0x37,500
0x89,0x38,486
0x89,0x39,518
0x89,0x3a,520
0x89,0x3b,496
0x89,0x3c,488
0x89,0x3d,554
0x89,0x3e,484
0x89,0x3f,544
0x89,0x40,532
0x89,0x41,522
0x89,0x42,458
0x89,0x43,526
0x89,0x44,534
0x89,0x45,462
0x89,0x46,496
0x89,0x47,476
0x89,0x48,556
0x89,0x49,534
0x89,0x4a,536
0x89,0x4b,502
0x89,0x4c,470
0x89,0x4d,488
0x89,0x4e,470
0x89,0x4f,482
0x89,0x50,524
0x89,0x51,524
0x89,0x52,534
0x89,0x53,554
0x89,0x54,480
0x89,0x55,488
0x89,0x56,488
0x89,0x57,538
0x89,0x58,508
0x89,0x59,472
0x89,0x5a,510
0x89,0x5b,514
0x89,0x5c,480
0x89,0x5d,528
0x89,0x5e,500
0x89,0x5f,480
0x89,0x60,542
0x89,0x61,524
0x89,0x62,526
0x89,0x63,508
0x89,0x64,478
0x89,0x65,510
0x89,0x66,490
0x89,0x67,496
0x89,0x68,500
0x89,0x69,496
0x89,0x6a,470
0x89,0x6b,526
0x89,0x6c,504
0x89,0x6d,538
0x89,0x6e,520
0x89,0x6f,484
0x89,0x70,548
0x89,0x71,566
0x89,0x72,482
0x89,0x73,480
0x89,0x74,498
0x89,0x75,546
0x89,0x76,528
0x89,0x77,512
0x89,0x78,478
0x89,0x79,494
0x89,0x7a,514
0x89,0x7b,522
0x89,0x7c,536
0x89,0x7d,510
0x89,0x7e,528
0x89,0x7f,504
0x89,0x80,532
0x89,0x81,508
0x89,0x82,462
0x89,0x83,526
0x89,0x84,512
0x89,0x85,498
0x89,0x86,490
0x89,0x87,572
0x89,0x88,488
0x89,0x89,504
0x89,0x8a,516
0x89,0x8b,490
0x89,0x8c,472
0x89,0x8d,498
0x89,0x8e,512
0x89,0x8f,506
0x89,0x90,504
0x89,0x91,532
0x89,0x92,450
0x89,0x93,454
0x89,0x94,494
0x89,0x95,492
0x89,0x96,508
0x89,0x97,518
0x89,0x98,468
0x89,0x99,500
0x89,0x9a,530
0x89,0x9b,492
0x89,0x9c,524
0x89,0x9d,460
0x89,0x9e,494
0x89,0x9f,510
0x89,0xa0,526
0x89,0xa1,504
0x89,0xa2,480
0x89,0xa3,510
0x89,0xa4,460
0x89,0xa5,546
0x89,0xa6,532
0x89,0xa7,524
0x89,0xa8,500
0x89,0xa9,454
0x89,0xaa,530
0x89,0xab,508
0x89,0xac,512
0x89,0xad,534
0x89,0xae,544
0x89,0xaf,530
0x89,0xb0,538
0x89,0xb1,466
0x89,0xb2,502
0x89,0xb3,506
0x89,0xb4,520
0x89,0xb5,510
0x89,0xb6,514
0x89,0xb7,494
0x89,0xb8,498
0x89,0xb9,496
0x89,0xba,504
0x89,0xbb,504
0x89,0xbc,562
0x89,0xbd,512
0x89,0xbe,508
0x89,0xbf,522
0x89,0xc0,538
0x89,0xc1,462
0x89,0xc2,462
0x89,0xc3,538
0x89,0xc4,528
0x89,0xc5,492
0x89,0xc6,486
0x89,0xc7,484
0x89,0xc8,472
0x89,0xc9,458
0x89,0xca,474
0x89,0xcb,508
0x89,0xcc,522
0x89,0xcd,506
0x89,0xce,500
0x89,0xcf,468
0x89,0xd0,514
0x89,0xd1,502
0x89,0xd2,504
0x89,0xd3,482
0x89,0xd4,500
0x89,0xd5,512
0x89,0xd6,478
0x89,0xd7,484
0x89,0xd8,542
0x89,0xd9,496
0x89,0xda,510
0x89,0xdb,534
0x89,0xdc,462
0x89,0xdd,484
0x89,0xde,514
0x89,0xdf,516
0x89,0xe0,514
0x89,0xe1,492
0x89,0xe2,550
0x89,0xe3,520
0x89,0xe4,520
0x89,0xe5,492
0x89,0xe6,524
0x89,0xe7,492
0x89,0xe8,552
0x89,0xe9,478
0x89,0xea,470
0x89,0xeb,534
0x89,0xec,510
0x89,0xed,528
0x89,0xee,480
0x89,0xef,518
0x89,0xf0,512
0x89,0xf1,508
0x89,0xf2,518
0x89,0xf3,534
0x89,0xf4,518
0x89,0xf5,516
0x89,0xf6,506
0x89,0xf7,474
0x89,0xf8,574
0x89,0xf9,540
0x89,0xfa,516
0x89,0xfb,502
0x89,0xfc,548
0x89,0xfd,556
0x89,0xfe,496
0x89,0xff,458
0x8a,0x00,256
0x8a,0x01,462
0x8a,0x02,530
0x8a,0x03,496
0x8a,0x04,514
0x8a,0x05,530
0x8a,0x06,502
0x8a,0x07,502
0x8a,0x08,514
0x8a,0x09,534
0x8a,0x0a,498
0x8a,0x0b,578
0x8a,0x0c,528
0x8a,0x0d,506
0x8a,0x0e,490
0x8a,0x0f,544
0x8a,0x10,506
0x8a,0x11,528
0x8a,0x12,400
0x8a,0x13,520
0x8a,0x14,458
0x8a,0x15,478
0x8a,0x16,528
0x8a,0x17,488
0x8a,0x18,506
0x8a,0x19,490
0x8a,0x1a,504
0x8a,0x1b,500
0x8a,0x1c,504
0x8a,0x1d,498
0x8a,0x1e,456
0x8a,0x1f,516
0x8a,0x20,450
0x8a,0x21,472
0x8a,0x22,544
0x8a,0x23,508
0x8a,0x24,408
0x8a,0x25,544
0x8a,0x26,450
0x8a,0x27,540
0x8a,0x28,498
0x8a,0x29,526
0x8a,0x2a,502
0x8a,0x2b,486
0x8a,0x2c,516
0x8a,0x2d,484
0x8a,0x2e,490
0x8a,0x2f,488
0x8a,0x30,420
0x8a,0x31,520
0x8a,0x32,486
0x8a,0x33,558
0x8a,0x34,464
0x8a,0x35,502
0x8a,0x36,516
0x8a,0x37,486
0x8a,0x38,494
0x8a,0x39,526
0x8a,0x3a,582
0x8a,0x3b,492
0x8a,0x3c,516
0x8a,0x3d,498
0x8a,0x3e,536
0x8a,0x3f,496
0x8a,0x40,548
0x8a,0x41,512
0x8a,0x42,506
0x8a,0x43,516
0x8a,0x44,506
0x8a,0x45,532
0x8a,0x46,518
0x8a,0x47,520
0x8a,0x48,522
0x8a,0x49,498
0x8a,0x4a,552
0x8a,0x4b,524
0x8a,0x4c,480
0x8a,0x4d,526
0x8a,0x4e,548
0x8a,0x4f,482
0x8a,0x50,474
0x8a,0x51,508
0x8a,0x52,472
0x8a,0x53,510
0x8a,0x54,518
0x8a,0x55,520
0x8a,0x56,492
0x8a,0x57,502
0x8a,0x58,506
0x8a,0x59,480
0x8a,0x5a,552
0x8a,0x5b,466
0x8a,0x5c,482
0x8a,0x5d,546
0x8a,0x5e,504
0x8a,0x5f,480
0x8a,0x60,528
0x8a,0x61,494
0x8a,0x62,564
0x8a,0x63,508
0x8a,0x64,496
0x8a,0x65,492
0x8a,0x66,500
0x8a,0x67,522
0x8a,0x68,566
0x8a,0x69,520
0x8a,0x6a,480
0x8a,0x6b,506
0x8a,0x6c,534
0x8a,0x6d,538
0x8a,0x6e,510
0x8a,0x6f,514
0x8a,0x70,444
0x8a,0x71,514
0x8a,0x72,542
0x8a,0x73,512
0x8a,0x74,482
0x8a,0x75,502
0x8a,0x76,554
0x8a,0x77,504
0x8a,0x78,498
0x8a,0x79,504
0x8a,0x7a,530
0x8a,0x7b,476
0x8a,0x7c,462
0x8a,0x7d,510
0x8a,0x7e,482
0x8a,0x7f,524
0x8a,0x80,554
0x8a,0x81,526
0x8a,0x82,502
0x8a,0x83,504
0x8a,0x84,528
0x8a,0x85,494
0x8a,0x86,498
0x8a,0x87,522
0x8a,0x88,528
0x8a,0x89,506
0x8a,0x8a,480
0x8a,0x8b,578
0x8a,0x8c,520
0x8a,0x8d,534
0x8a,0x8e,532
0x8a,0x8f,516
0x8a,0x90,498
0x8a,0x91,484
0x8a,0x92,518
0x8a,0x93,490
0x8a,0x94,504
0x8a,0x95,470
0x8a,0x96,544
0x8a,0x97,528
0x8a,0x98,510
0x8a,0x99,482
0x8a,0x9a,546
0x8a,0x9b,530
0x8a,0x9c,510
0x8a,0x9d,532
0x8a,0x9e,522
0x8a,0x9f,518
0x8a,0xa0,490
0x8a,0xa1,510
0x8a,0xa2,524
0x8a,0xa3,504
0x8a,0xa4,512
0x8a,0xa5,508
0x8a,0xa6,518
0x8a,0xa7,514
0x8a,0xa8,496
0x8a,0xa9,522
0x8a,0xaa,512
0x8a,0xab,514
0x8a,0xac,492
0x8a,0xad,540
0x8a,0xae,494
0x8a,0xaf,508
0x8a,0xb0,508
0x8a,0xb1,490
0x8a,0xb2,512
0x8a,0xb3,516
0x8a,0xb4,488
0x8a,0xb5,506
0x8a,0xb6,482
0x8a,0xb7,498
0x8a,0xb8,480
0x8a,0xb9,498
0x8a,0xba,492
0x8a,0xbb,478
0x8a,0xbc,492
0x8a,0xbd,506
0x8a,0xbe,512
0x8a,0xbf,526
0x8a,0xc0,514
0x8a,0xc1,500
0x8a,0xc2,486
0x8a,0xc3,506
0x8a,0xc4,504
0x8a,0xc5,486
0x8a,0xc6,506
0x8a,0xc7,510
0x8a,0xc8,500
0x8a,0xc9,502
0x8a,0xca,520
0x8a,0xcb,518
0x8a,0xcc,494
0x8a,0xcd,498
0x8a,0xce,548
0x8a,0xcf,566
0x8a,0xd0,516
0x8a,0xd1,482
0x8a,0xd2,482
0x8a,0xd3,510
0x8a,0xd4,486
0x8a,0xd5,518
0x8a,0xd6,504
0x8a,0xd7,500
0x8a,0xd8,492
0x8a,0xd9,522
0x8a,0xda,486
0x8a,0xdb,516
0x8a,0xdc,464
0x8a,0xdd,522
0x8a,0xde,498
0x8a,0xdf,526
0x8a,0xe0,542
0x8a,0xe1,490
0x8a,0xe2,504
0x8a,0xe3,492
0x8a,0xe4,482
0x8a,0xe5,524
0x8a,0xe6,528
0x8a,0xe7,494
0x8a,0xe8,560
0x8a,0xe9,552
0x8a,0xea,516
0x8a,0xeb,502
0x8a,0xec,500
0x8a,0xed,550
0x8a,0xee,518
0x8a,0xef,512
0x8a,0xf0,510
0x8a,0xf1,576
0x8a,0xf2,508
0x8a,0xf3,506
0x8a,0xf4,484
0x8a,0xf5,524
0x8a,0xf6,502
0x8a,0xf7,506
0x8a,0xf8,480
0x8a,0xf9,502
0x8a,0xfa,508
0x8a,0xfb,494
0x8a,0xfc,532
0x8a,0xfd,500
0x8a,0xfe,494
0x8a,0xff,476
0x8b,0x00,256
0x8b,0x01,474
0x8b,0x02,516
0x8b,0x03,538
0x8b,0x04,506
0x8b,0x05,526
0x8b,0x06,482
0x8b,0x07,510
0x8b,0x08,560
0x8b,0x09,470
0x8b,0x0a,510
0x8b,0x0b,568
0x8b,0x0c,512
0x8b,0x0d,518
0x8b,0x0e,510
0x8b,0x0f,470
0x8b,0x10,448
0x8b,0x11,518
0x8b,0x12,446
0x8b,0x13,488
0x8b,0x14,526
0x8b,0x15,532
0x8b,0x16,498
0x8b,0x17,496
0x8b,0x18,488
0x8b,0x19,484
0x8b,0x1a,516
0x8b,0x1b,484
0x8b,0x1c,504
0x8b,0x1d,524
0x8b,0x1e,516
0x8b,0x1f,542
0x8b,0x20,540
0x8b,0x21,530
0x8b,0x22,514
0x8b,0x23,500
0x8b,0x24,496
0x8b,0x25,560
0x8b,0x26,552
0x8b,0x27,496
0x8b,0x28,530
0x8b,0x29,518
0x8b,0x2a,468
0x8b,0x2b,502
0x8b,0x2c,512
0x8b,0x2d,520
0x8b,0x2e,534
0x8b,0x2f,540
0x8b,0x30,432
0x8b,0x31,544
0x8b,0x32,490
0x8b,0x33,546
0x8b,0x34,494
0x8b,0x35,510
0x8b,0x36,470
0x8b,0x37,506
0x8b,0x38,528
0x8b,0x39,506
0x8b,0x3a,482
0x8b,0x3b,522
0x8b,0x3c,518
0x8b,0x3d,532
0x8b,0x3e,524
0x8b,0x3f,486
0x8b,0x40,542
0x8b,0x41,468
0x8b,0x42,550
0x8b,0x43,528
0x8b,0x44,498
0x8b,0x45,542
0x8b,0x46,500
0x8b,0x47,504
0x8b,0x48,510
0x8b,0x49,522
0x8b,0x4a,472
0x8b,0x4b,530
0x8b,0x4c,496
0x8b,0x4d,536
0x8b,0x4e,560
0x8b,0x4f,498
0x8b,0x50,490
0x8b,0x51,518
0x8b,0x52,514
0x8b,0x53,508
0x8b,0x54,458
0x8b,0x55,530
0x8b,0x56,528
0x8b,0x57,530
0x8b,0x58,488
0x8b,0x59,492
0x8b,0x5a,474
0x8b,0x5b,484
0x8b,0x5c,488
0x8b,0x5d,506
0x8b,0x5e,504
0x8b,0x5f,496
0x8b,0x60,464
0x8b,0x61,502
0x8b,0x62,524
0x8b,0x63,492
0x8b,0x64,510
0x8b,0x65,522
0x8b,0x66,522
0x8b,0x67,508
0x8b,0x68,570
0x8b,0x69,528
0x8b,0x6a,488
0x8b,0x6b,494
0x8b,0x6c,516
0x8b,0x6d,500
0x8b,0x6e,512
0x8b,0x6f,492
0x8b,0x70,496
0x8b,0x71,514
0x8b,0x72,502
0x8b,0x73,508
0x8b,0x74,494
0x8b,0x75,512
0x8b,0x76,532
0x8b,0x77,530
0x8b,0x78,532
0x8b,0x79,504
0x8b,0x7a,492
0x8b,0x7b,482
0x8b,0x7c,522
0x8b,0x7d,516
0x8b,0x7e,502
0x8b,0x7f,552
0x8b,0x80,484
0x8b,0x81,474
0x8b,0x82,506
0x8b,0x83,500
0x8b,0x84,486
0x8b,0x85,510
0x8b,0x86,492
0x8b,0x87,494
0x8b,0x88,500
0x8b,0x89,496
0x8b,0x8a,500
0x8b,0x8b,486
0x8b,0x8c,500
0x8b,0x8d,526
0x8b,0x8e,468
0x8b,0x8f,496
0x8b,0x90,506
0x8b,0x91,588
0x8b,0x92,530
0x8b,0x93,478
0x8b,0x94,506
0x8b,0x95,506
0x8b,0x96,510
0x8b,0x97,554
0x8b,0x98,562
0x8b,0x99,518
0x8b,0x9a,492
0x8b,0x9b,518
0x8b,0x9c,494
0x8b,0x9d,512
0x8b,0x9e,520
0x8b,0x9f,542
0x8b,0xa0,502
0x8b,0xa1,546
0x8b,0xa2,464
0x8b,0xa3,498
0x8b,0xa4,534
0x8b,0xa5,508
0x8b,0xa6,492
0x8b,0xa7,532
0x8b,0xa8,484
0x8b,0xa9,492
0x8b,0xaa,528
0x8b,0xab,496
0x8b,0xac,502
0x8b,0xad,500
0x8b,0xae,484
0x8b,0xaf,528
0x8b,0xb0,536
0x8b,0xb1,502
0x8b,0xb2,504
0x8b,0xb3,526
0x8b,0xb4,510
0x8b,0xb5,472
0x8b,0xb6,494
0x8b,0xb7,574
0x8b,0xb8,488
0x8b,0xb9,528
0x8b,0xba,508
0x8b,0xbb,460
0x8b,0xbc,546
0x8b,0xbd,530
0x8b,0xbe,514
0x8b,0xbf,508
0x8b,0xc0,504
0x8b,0xc1,510
0x8b,0xc2,520
0x8b,0xc3,464
0x8b,0xc4,500
0x8b,0xc5,512
0x8b,0xc6,542
0x8b,0xc7,490
0x8b,0xc8,516
0x8b,0xc9,480
0x8b,0xca,468
0x8b,0xcb,506
0x8b,0xcc,532
0x8b,0xcd,530
0x8b,0xce,486
0x8b,0xcf,484
0x8b,0xd0,512
0x8b,0xd1,514
0x8b,0xd2,520
0x8b,0xd3,482
0x8b,0xd4,550
0x8b,0xd5,496
0x8b,0xd6,502
0x8b,0xd7,594
0x8b,0xd8,466
0x8b,0xd9,524
0x8b,0xda,514
0x8b,0xdb,494
0x8b,0xdc,510
0x8b,0xdd,492
0x8b,0xde,528
0x8b,0xdf,516
0x8b,0xe0,522
0x8b,0xe1,514
0x8b,0xe2,522
0x8b,0xe3,486
0x8b,0xe4,492
0x8b,0xe5,512
0x8b,0xe6,514
0x8b,0xe7,508
0x8b,0xe8,528
0x8b,0xe9,476
0x8b,0xea,502
0x8b,0xeb,496
0x8b,0xec,500
0x8b,0xed,496
0x8b,0xee,506
0x8b,0xef,544
0x8b,0xf0,532
0x8b,0xf1,494
0x8b,0xf2,488
0x8b,0xf3,496
0x8b,0xf4,488
0x8b,0xf5,502
0x8b,0xf6,498
0x8b,0xf7,520
0x8b,0xf8,512
0x8b,0xf9,514
0x8b,0xfa,530
0x8b,0xfb,546
0x8b,0xfc,520
0x8b,0xfd,522
0x8b,0xfe,530
0x8b,0xff,508
0x8c,0x00,256
0x8c,0x01,558
0x8c,0x02,798
0x8c,0x03,498
0x8c,0x04,556
0x8c,0x05,480
0x8c,0x06,480
0x8c,0x07,520
0x8c,0x08,516
0x8c,0x09,518
0x8c,0x0a,504
0x8c,0x0b,502
0x8c,0x0c,562
0x8c,0x0d,566
0x8c,0x0e,508
0x8c,0x0f,538
0x8c,0x10,516
0x8c,0x11,512
0x8c,0x12,448
0x8c,0x13,512
0x8c,0x14,466
0x8c,0x15,506
0x8c,0x16,726
0x8c,0x17,584
0x8c,0x18,512
0x8c,0x19,530
0x8c,0x1a,476
0x8c,0x1b,494
0x8c,0x1c,550
0x8c,0x1d,512
0x8c,0x1e,498
0x8c,0x1f,540
0x8c,0x20,496
0x8c,0x21,500
0x8c,0x22,510
0x8c,0x23,496
0x8c,0x24,456
0x8c,0x25,506
0x8c,0x26,414
0x8c,0x27,506
0x8c,0x28,466
0x8c,0x29,530
0x8c,0x2a,528
0x8c,0x2b,512
0x8c,0x2c,528
0x8c,0x2d,474
0x8c,0x2e,520
0x8c,0x2f,510
0x8c,0x30,652
0x8c,0x31,488
0x8c,0x32,532
0x8c,0x33,506
0x8c,0x34,526
0x8c,0x35,494
0x8c,0x36,540
0x8c,0x37,526
0x8c,0x38,536
0x8c,0x39,522
0x8c,0x3a,572
0x8c,0x3b,458
0x8c,0x3c,500
0x8c,0x3d,506
0x8c,0x3e,504
0x8c,0x3f,502
0x8c,0x40,496
0x8c,0x41,522
0x8c,0x42,508
0x8c,0x43,492
0x8c,0x44,458
0x8c,0x45,530
0x8c,0x46,492
0x8c,0x47,496
0x8c,0x48,524
0x8c,0x49,486
0x8c,0x4a,522
0x8c,0x4b,544
0x8c,0x4c,500
0x8c,0x4d,522
0x8c,0x4e,522
0x8c,0x4f,498
0x8c,0x50,530
0x8c,0x51,522
0x8c,0x52,506
0x8c,0x53,526
0x8c,0x54,532
0x8c,0x55,470
0x8c,0x56,468
0x8c,0x57,498
0x8c,0x58,488
0x8c,0x59,498
0x8c,0x5a,522
0x8c,0x5b,534
0x8c,0x5c,498
0x8c,0x5d,504
0x8c,0x5e,494
0x8c,0x5f,498
0x8c,0x60,514
0x8c,0x61,498
0x8c,0x62,512
0x8c,0x63,496
0x8c,0x64,510
0x8c,0x65,538
0x8c,0x66,496
0x8c,0x67,530
0x8c,0x68,484
0x8c,0x69,504
0x8c,0x6a,510
0x8c,0x6b,494
0x8c,0x6c,504
0x8c,0x6d,540
0x8c,0x6e,502
0x8c,0x6f,492
0x8c,0x70,510
0x8c,0x71,526
0x8c,0x72,558
0x8c,0x73,496
0x8c,0x74,506
0x8c,0x75,514
0x8c,0x76,506
0x8c,0x77,532
0x8c,0x78,498
0x8c,0x79,520
0x8c,0x7a,482
0x8c,0x7b,512
0x8c,0x7c,536
0x8c,0x7d,492
0x8c,0x7e,500
0x8c,0x7f,524
0x8c,0x80,512
0x8c,0x81,512
0x8c,0x82,534
0x8c,0x83,512
0x8c,0x84,558
0x8c,0x85,506
0x8c,0x86,514
0x8c,0x87,488
0x8c,0x88,546
0x8c,0x89,496
0x8c,0x8a,550
0x8c,0x8b,536
0x8c,0x8c,524
0x8c,0x8d,524
0x8c,0x8e,532
0x8c,0x8f,484
0x8c,0x90,526
0x8c,0x91,512
0x8c,0x92,476
0x8c,0x93,516
0x8c,0x94,500
0x8c,0x95,512
0x8c,0x96,532
0x8c,0x97,532
0x8c,0x98,500
0x8c,0x99,454
0x8c,0x9a,500
0x8c,0x9b,524
0x8c,0x9c,560
0x8c,0x9d,542
0x8c,0x9e,488
0x8c,0x9f,526
0x8c,0xa0,518
0x8c,0xa1,530
0x8c,0xa2,500
0x8c,0xa3,536
0x8c,0xa4,518
0x8c,0xa5,554
0x8c,0xa6,538
0x8c,0xa7,494
0x8c,0xa8,474
0x8c,0xa9,534
0x8c,0xaa,572
0x8c,0xab,512
0x8c,0xac,504
0x8c,0xad,456
0x8c,0xae,524
0x8c,0xaf,556
0x8c,0xb0,512
0x8c,0xb1,506
0x8c,0xb2,564
0x8c,0xb3,538
0x8c,0xb4,456
0x8c,0xb5,528
0x8c,0xb6,506
0x8c,0xb7,508
0x8c,0xb8,538
0x8c,0xb9,496
0x8c,0xba,512
0x8c,0xbb,452
0x8c,0xbc,488
0x8c,0xbd,500
0x8c,0xbe,496
0x8c,0xbf,516
0x8c,0xc0,488
0x8c,0xc1,558
0x8c,0xc2,500
0x8c,0xc3,514
0x8c,0xc4,506
0x8c,0xc5,546
0x8c,0xc6,568
0x8c,0xc7,504
0x8c,0xc8,488
0x8c,0xc9,552
0x8c,0xca,542
0x8c,0xcb,538
0x8c,0xcc,556
0x8c,0xcd,502
0x8c,0xce,532
0x8c,0xcf,554
0x8c,0xd0,498
0x8c,0xd1,528
0x8c,0xd2,496
0x8c,0xd3,504
0x8c,0xd4,502
0x8c,0xd5,528
0x8c,0xd6,504
0x8c,0xd7,484
0x8c,0xd8,486
0x8c,0xd9,490
0x8c,0xda,536
0x8c,0xdb,492
0x8c,0xdc,490
0x8c,0xdd,522
0x8c,0xde,522
0x8c,0xdf,510
0x8c,0xe0,514
0x8c,0xe1,518
0x8c,0xe2,496
0x8c,0xe3,484
0x8c,0xe4,540
0x8c,0xe5,526
0x8c,0xe6,522
0x8c,0xe7,562
0x8c,0xe8,500
0x8c,0xe9,562
0x8c,0xea,508
0x8c,0xeb,532
0x8c,0xec,480
0x8c,0xed,496
0x8c,0xee,508
0x8c,0xef,520
0x8c,0xf0,464
0x8c,0xf1,488
0x8c,0xf2,542
0x8c,0xf3,496
0x8c,0xf4,496
0x8c,0xf5,546
0x8c,0xf6,562
0x8c,0xf7,546
0x8c,0xf8,514
0x8c,0xf9,490
0x8c,0xfa,528
0x8c,0xfb,510
0x8c,0xfc,516
0x8c,0xfd,506
0x8c,0xfe,490
0x8c,0xff,520
0x8d,0x00,256
0x8d,0x01,488
0x8d,0x02,452
0x8d,0x03,466
0x8d,0x04,566
0x8d,0x05,496
0x8d,0x06,480
0x8d,0x07,488
0x8d,0x08,500
0x8d,0x09,498
0x8d,0x0a,474
0x8d,0x0b,552
0x8d,0x0c,510
0x8d,0x0d,498
0x8d,0x0e,518
0x8d,0x0f,520
0x8d,0x10,514
0x8d,0x11,508
0x8d,0x12,398
0x8d,0x13,526
0x8d,0x14,518
0x8d,0x15,512
0x8d,0x16,514
0x8d,0x17,520
0x8d,0x18,484
0x8d,0x19,494
0x8d,0x1a,508
0x8d,0x1b,492
0x8d,0x1c,516
0x8d,0x1d,490
0x8d,0x1e,498
0x8d,0x1f,552
0x8d,0x20,514
0x8d,0x21,504
0x8d,0x22,542
0x8d,0x23,506
0x8d,0x24,580
0x8d,0x25,536
0x8d,0x26,386
0x8d,0x27,514
0x8d,0x28,486
0x8d,0x29,454
0x8d,0x2a,528
0x8d,0x2b,494
0x8d,0x2c,544
0x8d,0x2d,492
0x8d,0x2e,562
0x8d,0x2f,534
0x8d,0x30,456
0x8d,0x31,528
0x8d,0x32,520
0x8d,0x33,534
0x8d,0x34,502
0x8d,0x35,492
0x8d,0x36,548
0x8d,0x37,482
0x8d,0x38,504
0x8d,0x39,518
0x8d,0x3a,452
0x8d,0x3b,500
0x8d,0x3c,528
0x8d,0x3d,508
0x8d,0x3e,520
0x8d,0x3f,488
0x8d,0x40,500
0x8d,0x41,482
0x8d,0x42,532
0x8d,0x43,466
0x8d,0x44,506
0x8d,0x45,514
0x8d,0x46,536
0x8d,0x47,482
0x8d,0x48,508
0x8d,0x49,494
0x8d,0x4a,502
0x8d,0x4b,512
0x8d,0x4c,516
0x8d,0x4d,540
0x8d,0x4e,498
0x8d,0x4f,532
0x8d,0x50,520
0x8d,0x51,528
0x8d,0x52,514
0x8d,0x53,496
0x8d,0x54,512
0x8d,0x55,486
0x8d,0x56,566
0x8d,0x57,544
0x8d,0x58,532
0x8d,0x59,516
0x8d,0x5a,508
0x8d,0x5b,516
0x8d,0x5c,524
0x8d,0x5d,518
0x8d,0x5e,496
0x8d,0x5f,508
0x8d,0x60,482
0x8d,0x61,504
0x8d,0x62,512
0x8d,0x63,508
0x8d,0x64,502
0x8d,0x65,508
0x8d,0x66,538
0x8d,0x67,512
0x8d,0x68,546
0x8d,0x69,504
0x8d,0x6a,518
0x8d,0x6b,494
0x8d,0x6c,512
0x8d,0x6d,494
0x8d,0x6e,516
0x8d,0x6f,460
0x8d,0x70,532
0x8d,0x71,468
0x8d,0x72,520
0x8d,0x73,518
0x8d,0x74,514
0x8d,0x75,508
0x8d,0x76,526
0x8d,0x77,516
0x8d,0x78,526
0x8d,0x79,470
0x8d,0x7a,514
0x8d,0x7b,512
0x8d,0x7c,498
0x8d,0x7d,502
0x8d,0x7e,488
0x8d,0x7f,474
0x8d,0x80,538
0x8d,0x81,532
0x8d,0x82,528
0x8d,0x83,490
0x8d,0x84,508
0x8d,0x85,514
0x8d,0x86,530
0x8d,0x87,522
0x8d,0x88,512
0x8d,0x89,546
0x8d,0x8a,490
0x8d,0x8b,500
0x8d,0x8c,498
0x8d,0x8d,534
0x8d,0x8e,518
0x8d,0x8f,498
0x8d,0x90,502
0x8d,0x91,486
0x8d,0x92,482
0x8d,0x93,514
0x8d,0x94,500
0x8d,0x95,518
0x8d,0x96,474
0x8d,0x97,484
0x8d,0x98,526
0x8d,0x99,510
0x8d,0x9a,496
0x8d,0x9b,512
0x8d,0x9c,498
0x8d,0x9d,482
0x8d,0x9e,480
0x8d,0x9f,554
0x8d,0xa0,506
0x8d,0xa1,486
0x8d,0xa2,522
0x8d,0xa3,518
0x8d,0xa4,492
0x8d,0xa5,510
0x8d,0xa6,512
0x8d,0xa7,500
0x8d,0xa8,538
0x8d,0xa9,560
0x8d,0xaa,514
0x8d,0xab,500
0x8d,0xac,532
0x8d,0xad,460
0x8d,0xae,512
0x8d,0xaf,520
0x8d,0xb0,512
0x8d,0xb1,534
0x8d,0xb2,538
0x8d,0xb3,498
0x8d,0xb4,550
0x8d,0xb5,514
0x8d,0xb6,506
0x8d,0xb7,474
0x8d,0xb8,504
0x8d,0xb9,518
0x8d,0xba,484
0x8d,0xbb,492
0x8d,0xbc,534
0x8d,0xbd,522
0x8d,0xbe,532
0x8d,0xbf,524
0x8d,0xc0,542
0x8d,0xc1,542
0x8d,0xc2,462
0x8d,0xc3,574
0x8d,0xc4,506
0x8d,0xc5,510
0x8d,0xc6,502
0x8d,0xc7,498
0x8d,0xc8,518
0x8d,0xc9,500
0x8d,0xca,530
0x8d,0xcb,526
0x8d,0xcc,480
0x8d,0xcd,470
0x8d,0xce,524
0x8d,0xcf,520
0x8d,0xd0,512
0x8d,0xd1,552
0x8d,0xd2,476
0x8d,0xd3,514
0x8d,0xd4,520
0x8d,0xd5,508
0x8d,0xd6,526
0x8d,0xd7,478
0x8d,0xd8,546
0x8d,0xd9,510
0x8d,0xda,532
0x8d,0xdb,492
0x8d,0xdc,480
0x8d,0xdd,494
0x8d,0xde,508
0x8d,0xdf,518
0x8d,0xe0,500
0x8d,0xe1,510
0x8d,0xe2,506
0x8d,0xe3,530
0x8d,0xe4,476
0x8d,0xe5,524
0x8d,0xe6,516
0x8d,0xe7,494
0x8d,0xe8,498
0x8d,0xe9,494
0x8d,0xea,516
0x8d,0xeb,514
0x8d,0xec,528
0x8d,0xed,596
0x8d,0xee,508
0x8d,0xef,502
0x8d,0xf0,492
0x8d,0xf1,488
0x8d,0xf2,532
0x8d,0xf3,504
0x8d,0xf4,476
0x8d,0xf5,468
0x8d,0xf6,504
0x8d,0xf7,510
0x8d,0xf8,518
0x8d,0xf9,464
0x8d,0xfa,510
0x8d,0xfb,518
0x8d,0xfc,494
0x8d,0xfd,500
0x8d,0xfe,502
0x8d,0xff,502
0x8e,0x00,256
0x8e,0x01,934
0x8e,0x02,476
0x8e,0x03,522
0x8e,0x04,476
0x8e,0x05,520
0x8e,0x06,520
0x8e,0x07,516
0x8e,0x08,468
0x8e,0x09,550
0x8e,0x0a,530
0x8e,0x0b,600
0x8e,0x0c,550
0x8e,0x0d,552
0x8e,0x0e,490
0x8e,0x0f,504
0x8e,0x10,496
0x8e,0x11,516
0x8e,0x12,504
0x8e,0x13,490
0x8e,0x14,472
0x8e,0x15,566
0x8e,0x16,510
0x8e,0x17,540
0x8e,0x18,500
0x8e,0x19,516
0x8e,0x1a,512
0x8e,0x1b,548
0x8e,0x1c,486
0x8e,0x1d,502
0x8e,0x1e,518
0x8e,0x1f,520
0x8e,0x20,548
0x8e,0x21,490
0x8e,0x22,494
0x8e,0x23,502
0x8e,0x24,436
0x8e,0x25,572
0x8e,0x26,414
0x8e,0x27,576
0x8e,0x28,526
0x8e,0x29,510
0x8e,0x2a,512
0x8e,0x2b,514
0x8e,0x2c,530
0x8e,0x2d,504
0x8e,0x2e,584
0x8e,0x2f,494
0x8e,0x30,504
0x8e,0x31,490
0x8e,0x32,538
0x8e,0x33,524
0x8e,0x34,494
0x8e,0x35,530
0x8e,0x36,480
0x8e,0x37,506
0x8e,0x38,534
0x8e,0x39,538
0x8e,0x3a,530
0x8e,0x3b,514
0x8e,0x3c,474
0x8e,0x3d,544
0x8e,0x3e,534
0x8e,0x3f,500
0x8e,0x40,498
0x8e,0x41,510
0x8e,0x42,554
0x8e,0x43,522
0x8e,0x44,520
0x8e,0x45,572
0x8e,0x46,510
0x8e,0x47,482
0x8e,0x48,528
0x8e,0x49,490
0x8e,0x4a,530
0x8e,0x4b,510
0x8e,0x4c,516
0x8e,0x4d,490
0x8e,0x4e,508
0x8e,0x4f,554
0x8e,0x50,472
0x8e,0x51,550
0x8e,0x52,538
0x8e,0x53,548
0x8e,0x54,484
0x8e,0x55,484
0x8e,0x56,492
0x8e,0x57,496
0x8e,0x58,516
0x8e,0x59,518
0x8e,0x5a,512
0x8e,0x5b,490
0x8e,0x5c,534
0x8e,0x5d,502
0x8e,0x5e,488
0x8e,0x5f,516
0x8e,0x60,520
0x8e,0x61,516
0x8e,0x62,512
0x8e,0x63,506
0x8e,0x64,504
0x8e,0x65,572
0x8e,0x66,470
0x8e,0x67,526
0x8e,0x68,496
0x8e,0x69,508
0x8e,0x6a,502
0x8e,0x6b,506
0x8e,0x6c,532
0x8e,0x6d,510
0x8e,0x6e,532
0x8e,0x6f,504
0x8e,0x70,508
0x8e,0x71,510
0x8e,0x72,504
0x8e,0x73,524
0x8e,0x74,530
0x8e,0x75,524
0x8e,0x76,554
0x8e,0x77,498
0x8e,0x78,518
0x8e,0x79,540
0x8e,0x7a,514
0x8e,0x7b,534
0x8e,0x7c,536
0x8e,0x7d,474
0x8e,0x7e,526
0x8e,0x7f,576
0x8e,0x80,508
0x8e,0x81,492
0x8e,0x82,540
0x8e,0x83,546
0x8e,0x84,520
0x8e,0x85,556
0x8e,0x86,528
0x8e,0x87,510
0x8e,0x88,482
0x8e,0x89,490
0x8e,0x8a,470
0x8e,0x8b,504
0x8e,0x8c,476
0x8e,0x8d,492
0x8e,0x8e,520
0x8e,0x8f,488
0x8e,0x90,456
0x8e,0x91,518
0x8e,0x92,486
0x8e,0x93,682
0x8e,0x94,508
0x8e,0x95,522
0x8e,0x96,524
0x8e,0x97,570
0x8e,0x98,528
0x8e,0x99,544
0x8e,0x9a,508
0x8e,0x9b,492
0x8e,0x9c,478
0x8e,0x9d,512
0x8e,0x9e,500
0x8e,0x9f,494
0x8e,0xa0,494
0x8e,0xa1,546
0x8e,0xa2,518
0x8e,0xa3,550
0x8e,0xa4,502
0x8e,0xa5,558
0x8e,0xa6,512
0x8e,0xa7,540
0x8e,0xa8,504
0x8e,0xa9,490
0x8e,0xaa,508
0x8e,0xab,496
0x8e,0xac,482
0x8e,0xad,504
0x8e,0xae,532
0x8e,0xaf,516
0x8e,0xb0,506
0x8e,0xb1,502
0x8e,0xb2,524
0x8e,0xb3,506
0x8e,0xb4,514
0x8e,0xb5,564
0x8e,0xb6,480
0x8e,0xb7,490
0x8e,0xb8,492
0x8e,0xb9,496
0x8e,0xba,486
0x8e,0xbb,534
0x8e,0xbc,502
0x8e,0xbd,494
0x8e,0xbe,502
0x8e,0xbf,524
0x8e,0xc0,546
0x8e,0xc1,528
0x8e,0xc2,544
0x8e,0xc3,526
0x8e,0xc4,504
0x8e,0xc5,496
0x8e,0xc6,520
0x8e,0xc7,470
0x8e,0xc8,474
0x8e,0xc9,512
0x8e,0xca,504
0x8e,0xcb,492
0x8e,0xcc,530
0x8e,0xcd,474
0x8e,0xce,496
0x8e,0xcf,468
0x8e,0xd0,480
0x8e,0xd1,522
0x8e,0xd2,514
0x8e,0xd3,502
0x8e,0xd4,510
0x8e,0xd5,520
0x8e,0xd6,534
0x8e,0xd7,516
0x8e,0xd8,494
0x8e,0xd9,500
0x8e,0xda,538
0x8e,0xdb,468
0x8e,0xdc,500
0x8e,0xdd,472
0x8e,0xde,526
0x8e,0xdf,484
0x8e,0xe0,506
0x8e,0xe1,522
0x8e,0xe2,520
0x8e,0xe3,500
0x8e,0xe4,526
0x8e,0xe5,550
0x8e,0xe6,576
0x8e,0xe7,490
0x8e,0xe8,522
0x8e,0xe9,514
0x8e,0xea,472
0x8e,0xeb,486
0x8e,0xec,514
0x8e,0xed,550
0x8e,0xee,534
0x8e,0xef,528
0x8e,0xf0,506
0x8e,0xf1,496
0x8e,0xf2,492
0x8e,0xf3,560
0x8e,0xf4,516
0x8e,0xf5,506
0x8e,0xf6,474
0x8e,0xf7,480
0x8e,0xf8,504
0x8e,0xf9,486
0x8e,0xfa,528
0x8e,0xfb,502
0x8e,0xfc,504
0x8e,0xfd,486
0x8e,0xfe,502
0x8e,0xff,472
0x8f,0x00,256
0x8f,0x01,530
0x8f,0x02,472
0x8f,0x03,516
0x8f,0x04,512
0x8f,0x05,498
0x8f,0x06,498
0x8f,0x07,498
0x8f,0x08,516
0x8f,0x09,494
0x8f,0x0a,576
0x8f,0x0b,562
0x8f,0x0c,502
0x8f,0x0d,484
0x8f,0x0e,504
0x8f,0x0f,506
0x8f,0x10,562
0x8f,0x11,510
0x8f,0x12,404
0x8f,0x13,524
0x8f,0x14,526
0x8f,0x15,480
0x8f,0x16,496
0x8f,0x17,468
0x8f,0x18,512
0x8f,0x19,492
0x8f,0x1a,492
0x8f,0x1b,520
0x8f,0x1c,498
0x8f,0x1d,506
0x8f,0x1e,534
0x8f,0x1f,500
0x8f,0x20,514
0x8f,0x21,550
0x8f,0x22,520
0x8f,0x23,488
0x8f,0x24,616
0x8f,0x25,508
0x8f,0x26,468
0x8f,0x27,510
0x8f,0x28,562
0x8f,0x29,530
0x8f,0x2a,512
0x8f,0x2b,486
0x8f,0x2c,518
0x8f,0x2d,500
0x8f,0x2e,534
0x8f,0x2f,492
0x8f,0x30,476
0x8f,0x31,470
0x8f,0x32,488
0x8f,0x33,498
0x8f,0x34,462
0x8f,0x35,510
0x8f,0x36,556
0x8f,0x37,498
0x8f,0x38,486
0x8f,0x39,476
0x8f,0x3a,508
0x8f,0x3b,484
0x8f,0x3c,470
0x8f,0x3d,544
0x8f,0x3e,492
0x8f,0x3f,484
0x8f,0x40,502
0x8f,0x41,490
0x8f,0x42,514
0x8f,0x43,506
0x8f,0x44,540
0x8f,0x45,538
0x8f,0x46,504
0x8f,0x47,476
0x8f,0x48,528
0x8f,0x49,524
0x8f,0x4a,506
0x8f,0x4b,504
0x8f,0x4c,506
0x8f,0x4d,474
0x8f,0x4e,628
0x8f,0x4f,482
0x8f,0x50,524
0x8f,0x51,544
0x8f,0x52,480
0x8f,0x53,536
0x8f,0x54,492
0x8f,0x55,480
0x8f,0x56,550
0x8f,0x57,534
0x8f,0x58,534
0x8f,0x59,492
0x8f,0x5a,508
0x8f,0x5b,536
0x8f,0x5c,504
0x8f,0x5d,480
0x8f,0x5e,570
0x8f,0x5f,526
0x8f,0x60,516
0x8f,0x61,520
0x8f,0x62,496
0x8f,0x63,482
0x8f,0x64,502
0x8f,0x65,518
0x8f,0x66,496
0x8f,0x67,508
0x8f,0x68,522
0x8f,0x69,496
0x8f,0x6a,496
0x8f,0x6b,514
0x8f,0x6c,492
0x8f,0x6d,504
0x8f,0x6e,518
0x8f,0x6f,494
0x8f,0x70,490
0x8f,0x71,516
0x8f,0x72,492
0x8f,0x73,514
0x8f,0x74,526
0x8f,0x75,462
0x8f,0x76,542
0x8f,0x77,506
0x8f,0x78,530
0x8f,0x79,502
0x8f,0x7a,478
0x8f,0x7b,510
0x8f,0x7c,572
0x8f,0x7d,496
0x8f,0x7e,516
0x8f,0x7f,520
0x8f,0x80,556
0x8f,0x81,500
0x8f,0x82,526
0x8f,0x83,522
0x8f,0x84,482
0x8f,0x85,512
0x8f,0x86,544
0x8f,0x87,508
0x8f,0x88,508
0x8f,0x89,536
0x8f,0x8a,490
0x8f,0x8b,484
0x8f,0x8c,544
0x8f,0x8d,508
0x8f,0x8e,520
0x8f,0x8f,508
0x8f,0x90,452
0x8f,0x91,492
0x8f,0x92,518
0x8f,0x93,746
0x8f,0x94,536
0x8f,0x95,482
0x8f,0x96,514
0x8f,0x97,512
0x8f,0x98,498
0x8f,0x99,668
0x8f,0x9a,470
0x8f,0x9b,484
0x8f,0x9c,498
0x8f,0x9d,482
0x8f,0x9e,528
0x8f,0x9f,504
0x8f,0xa0,480
0x8f,0xa1,528
0x8f,0xa2,518
0x8f,0xa3,468
0x8f,0xa4,522
0x8f,0xa5,548
0x8f,0xa6,498
0x8f,0xa7,490
0x8f,0xa8,484
0x8f,0xa9,512
0x8f,0xaa,522
0x8f,0xab,488
0x8f,0xac,492
0x8f,0xad,548
0x8f,0xae,532
0x8f,0xaf,490
0x8f,0xb0,484
0x8f,0xb1,514
0x8f,0xb2,518
0x8f,0xb3,544
0x8f,0xb4,526
0x8f,0xb5,516
0x8f,0xb6,530
0x8f,0xb7,486
0x8f,0xb8,520
0x8f,0xb9,526
0x8f,0xba,512
0x8f,0xbb,518
0x8f,0xbc,486
0x8f,0xbd,500
0x8f,0xbe,496
0x8f,0xbf,528
0x8f,0xc0,526
0x8f,0xc1,514
0x8f,0xc2,510
0x8f,0xc3,508
0x8f,0xc4,522
0x8f,0xc5,510
0x8f,0xc6,478
0x8f,0xc7,532
0x8f,0xc8,506
0x8f,0xc9,580
0x8f,0xca,496
0x8f,0xcb,448
0x8f,0xcc,484
0x8f,0xcd,526
0x8f,0xce,508
0x8f,0xcf,474
0x8f,0xd0,486
0x8f,0xd1,522
0x8f,0xd2,522
0x8f,0xd3,548
0x8f,0xd4,498
0x8f,0xd5,498
0x8f,0xd6,540
0x8f,0xd7,592
0x8f,0xd8,484
0x8f,0xd9,478
0x8f,0xda,514
0x8f,0xdb,498
0x8f,0xdc,504
0x8f,0xdd,500
0x8f,0xde,462
0x8f,0xdf,514
0x8f,0xe0,500
0x8f,0xe1,550
0x8f,0xe2,528
0x8f,0xe3,510
0x8f,0xe4,504
0x8f,0xe5,542
0x8f,0xe6,518
0x8f,0xe7,502
0x8f,0xe8,512
0x8f,0xe9,484
0x8f,0xea,502
0x8f,0xeb,498
0x8f,0xec,506
0x8f,0xed,508
0x8f,0xee,518
0x8f,0xef,478
0x8f,0xf0,522
0x8f,0xf1,476
0x8f,0xf2,504
0x8f,0xf3,518
0x8f,0xf4,544
0x8f,0xf5,534
0x8f,0xf6,480
0x8f,0xf7,516
0x8f,0xf8,502
0x8f,0xf9,444
0x8f,0xfa,532
0x8f,0xfb,476
0x8f,0xfc,476
0x8f,0xfd,500
0x8f,0xfe,518
0x8f,0xff,484
0x90,0x00,256
0x90,0x01,500
0x90,0x02,524
0x90,0x03,512
0x90,0x04,568
0x90,0x05,534
0x90,0x06,496
0x90,0x07,518
0x90,0x08,504
0x90,0x09,508
0x90,0x0a,472
0x90,0x0b,518
0x90,0x0c,496
0x90,0x0d,518
0x90,0x0e,494
0x90,0x0f,512
0x90,0x10,542
0x90,0x11,522
0x90,0x12,478
0x90,0x13,526
0x90,0x14,446
0x90,0x15,484
0x90,0x16,506
0x90,0x17,486
0x90,0x18,518
0x90,0x19,528
0x90,0x1a,504
0x90,0x1b,556
0x90,0x1c,564
0x90,0x1d,512
0x90,0x1e,510
0x90,0x1f,482
0x90,0x20,568
0x90,0x21,510
0x90,0x22,488
0x90,0x23,494
0x90,0x24,446
0x90,0x25,494
0x90,0x26,444
0x90,0x27,510
0x90,0x28,532
0x90,0x29,490
0x90,0x2a,512
0x90,0x2b,504
0x90,0x2c,530
0x90,0x2d,522
0x90,0x2e,566
0x90,0x2f,508
0x90,0x30,460
0x90,0x31,522
0x90,0x32,614
0x90,0x33,530
0x90,0x34,458
0x90,0x35,546
0x90,0x36,504
0x90,0x37,506
0x90,0x38,506
0x90,0x39,544
0x90,0x3a,478
0x90,0x3b,534
0x90,0x3c,520
0x90,0x3d,544
0x90,0x3e,532
0x90,0x3f,542
0x90,0x40,500
0x90,0x41,540
0x90,0x42,500
0x90,0x43,516
0x90,0x44,520
0x90,0x45,520
0x90,0x46,498
0x90,0x47,520
0x90,0x48,494
0x90,0x49,478
0x90,0x4a,462
0x90,0x4b,530
0x90,0x4c,488
0x90,0x4d,512
0x90,0x4e,516
0x90,0x4f,518
0x90,0x50,458
0x90,0x51,498
0x90,0x52,582
0x90,0x53,542
0x90,0x54,546
0x90,0x55,516
0x90,0x56,464
0x90,0x57,494
0x90,0x58,516
0x90,0x59,520
0x90,0x5a,482
0x90,0x5b,498
0x90,0x5c,470
0x90,0x5d,484
0x90,0x5e,514
0x90,0x5f,516
0x90,0x60,518
0x90,0x61,524
0x90,0x62,484
0x90,0x63,524
0x90,0x64,522
0x90,0x65,504
0x90,0x66,486
0x90,0x67,530
0x90,0x68,478
0x90,0x69,526
0x90,0x6a,490
0x90,0x6b,504
0x90,0x6c,514
0x90,0x6d,482
0x90,0x6e,486
0x90,0x6f,518
0x90,0x70,494
0x90,0x71,550
0x90,0x72,502
0x90,0x73,528
0x90,0x74,500
0x90,0x75,506
0x90,0x76,492
0x90,0x77,478
0x90,0x78,508
0x90,0x79,550
0x90,0x7a,552
0x90,0x7b,562
0x90,0x7c,530
0x90,0x7d,508
0x90,0x7e,532
0x90,0x7f,510
0x90,0x80,496
0x90,0x81,514
0x90,0x82,546
0x90,0x83,508
0x90,0x84,522
0x90,0x85,502
0x90,0x86,510
0x90,0x87,498
0x90,0x88,522
0x90,0x89,530
0x90,0x8a,504
0x90,0x8b,472
0x90,0x8c,474
0x90,0x8d,506
0x90,0x8e,526
0x90,0x8f,560
0x90,0x90,480
0x90,0x91,476
0x90,0x92,542
0x90,0x93,494
0x90,0x94,526
0x90,0x95,502
0x90,0x96,516
0x90,0x97,494
0x90,0x98,510
0x90,0x99,502
0x90,0x9a,554
0x90,0x9b,528
0x90,0x9c,548
0x90,0x9d,498
0x90,0x9e,524
0x90,0x9f,512
0x90,0xa0,528
0x90,0xa1,508
0x90,0xa2,468
0x90,0xa3,488
0x90,0xa4,544
0x90,0xa5,474
0x90,0xa6,518
0x90,0xa7,518
0x90,0xa8,528
0x90,0xa9,552
0x90,0xaa,518
0x90,0xab,550
0x90,0xac,578
0x90,0xad,494
0x90,0xae,510
0x90,0xaf,542
0x90,0xb0,496
0x90,0xb1,492
0x90,0xb2,520
0x90,0xb3,486
0x90,0xb4,494
0x90,0xb5,542
0x90,0xb6,488
0x90,0xb7,468
0x90,0xb8,514
0x90,0xb9,482
0x90,0xba,486
0x90,0xbb,526
0x90,0xbc,482
0x90,0xbd,522
0x90,0xbe,510
0x90,0xbf,546
0x90,0xc0,484
0x90,0xc1,518
0x90,0xc2,498
0x90,0xc3,480
0x90,0xc4,504
0x90,0xc5,512
0x90,0xc6,532
0x90,0xc7,532
0x90,0xc8,522
0x90,0xc9,526
0x90,0xca,522
0x90,0xcb,532
0x90,0xcc,474
0x90,0xcd,508
0x90,0xce,514
0x90,0xcf,506
0x90,0xd0,522
0x90,0xd1,500
0x90,0xd2,484
0x90,0xd3,486
0x90,0xd4,510
0x90,0xd5,532
0x90,0xd6,480
0x90,0xd7,568
0x90,0xd8,496
0x90,0xd9,532
0x90,0xda,526
0x90,0xdb,502
0x90,0xdc,586
0x90,0xdd,456
0x90,0xde,528
0x90,0xdf,512
0x90,0xe0,502
0x90,0xe1,542
0x90,0xe2,494
0x90,0xe3,542
0x90,0xe4,512
0x90,0xe5,492
0x90,0xe6,480
0x90,0xe7,484
0x90,0xe8,506
0x90,0xe9,564
0x90,0xea,510
0x90,0xeb,524
0x90,0xec,472
0x90,0xed,516
0x90,0xee,538
0x90,0xef,506
0x90,0xf0,544
0x90,0xf1,496
0x90,0xf2,448
0x90,0xf3,514
0x90,0xf4,540
0x90,0xf5,536
0x90,0xf6,506
0x90,0xf7,508
0x90,0xf8,500
0x90,0xf9,544
0x90,0xfa,520
0x90,0xfb,506
0x90,0xfc,530
0x90,0xfd,550
0x90,0xfe,482
0x90,0xff,476
0x91,0x00,256
0x91,0x01,486
0x91,0x02,1340
0x91,0x03,624
0x91,0x04,516
0x91,0x05,532
0x91,0x06,484
0x91,0x07,530
0x91,0x08,530
0x91,0x09,598
0x91,0x0a,548
0x91,0x0b,530
0x91,0x0c,530
0x91,0x0d,484
0x91,0x0e,504
0x91,0x0f,496
0x91,0x10,522
0x91,0x11,560
0x91,0x12,438
0x91,0x13,492
0x91,0x14,534
0x91,0x15,474
0x91,0x16,536
0x91,0x17,556
0x91,0x18,524
0x91,0x19,490
0x91,0x1a,536
0x91,0x1b,554
0x91,0x1c,546
0x91,0x1d,532
0x91,0x1e,484
0x91,0x1f,492
0x91,0x20,526
0x91,0x21,522
0x91,0x22,500
0x91,0x23,456
0x91,0x24,522
0x91,0x25,484
0x91,0x26,3984
0x91,0x27,556
0x91,0x28,536
0x91,0x29,504
0x91,0x2a,546
0x91,0x2b,600
0x91,0x2c,538
0x91,0x2d,520
0x91,0x2e,504
0x91,0x2f,502
0x91,0x30,550
0x91,0x31,490
0x91,0x32,822
0x91,0x33,534
0x91,0x34,550
0x91,0x35,514
0x91,0x36,556
0x91,0x37,508
0x91,0x38,578
0x91,0x39,544
0x91,0x3a,508
0x91,0x3b,518
0x91,0x3c,458
0x91,0x3d,474
0x91,0x3e,504
0x91,0x3f,508
0x91,0x40,514
0x91,0x41,478
0x91,0x42,466
0x91,0x43,530
0x91,0x44,514
0x91,0x45,520
0x91,0x46,586
0x91,0x47,554
0x91,0x48,474
0x91,0x49,496
0x91,0x4a,518
0x91,0x4b,500
0x91,0x4c,536
0x91,0x4d,592
0x91,0x4e,518
0x91,0x4f,480
0x91,0x50,494
0x91,0x51,484
0x91,0x52,564
0x91,0x53,498
0x91,0x54,508
0x91,0x55,520
0x91,0x56,542
0x91,0x57,488
0x91,0x58,582
0x91,0x59,502
0x91,0x5a,506
0x91,0x5b,454
0x91,0x5c,522
0x91,0x5d,482
0x91,0x5e,562
0x91,0x5f,514
0x91,0x60,502
0x91,0x61,482
0x91,0x62,560
0x91,0x63,496
0x91,0x64,526
0x91,0x65,516
0x91,0x66,522
0x91,0x67,516
0x91,0x68,554
0x91,0x69,528
0x91,0x6a,506
0x91,0x6b,528
0x91,0x6c,472
0x91,0x6d,526
0x91,0x6e,504
0x91,0x6f,570
0x91,0x70,518
0x91,0x71,524
0x91,0x72,496
0x91,0x73,524
0x91,0x74,516
0x91,0x75,482
0x91,0x76,554
0x91,0x77,524
0x91,0x78,512
0x91,0x79,496
0x91,0x7a,548
0x91,0x7b,530
0x91,0x7c,506
0x91,0x7d,620
0x91,0x7e,510
0x91,0x7f,520
0x91,0x80,478
0x91,0x81,526
0x91,0x82,542
0x91,0x83,546
0x91,0x84,476
0x91,0x85,548
0x91,0x86,498
0x91,0x87,490
0x91,0x88,580
0x91,0x89,580
0x91,0x8a,500
0x91,0x8b,528
0x91,0x8c,536
0x91,0x8d,500
0x91,0x8e,512
0x91,0x8f,526
0x91,0x90,578
0x91,0x91,598
0x91,0x92,480
0x91,0x93,470
0x91,0x94,512
0x91,0x95,510
0x91,0x96,534
0x91,0x97,486
0x91,0x98,530
0x91,0x99,472
0x91,0x9a,530
0x91,0x9b,562
0x91,0x9c,522
0x91,0x9d,492
0x91,0x9e,532
0x91,0x9f,526
0x91,0xa0,532
0x91,0xa1,588
0x91,0xa2,502
0x91,0xa3,514
0x91,0xa4,494
0x91,0xa5,510
0x91,0xa6,526
0x91,0xa7,560
0x91,0xa8,520
0x91,0xa9,530
0x91,0xaa,544
0x91,0xab,544
0x91,0xac,534
0x91,0xad,556
0x91,0xae,510
0x91,0xaf,518
0x91,0xb0,538
0x91,0xb1,536
0x91,0xb2,512
0x91,0xb3,572
0x91,0xb4,638
0x91,0xb5,554
0x91,0xb6,460
0x91,0xb7,462
0x91,0xb8,552
0x91,0xb9,548
0x91,0xba,520
0x91,0xbb,520
0x91,0xbc,478
0x91,0xbd,480
0x91,0xbe,548
0x91,0xbf,534
0x91,0xc0,506
0x91,0xc1,554
0x91,0xc2,470
0x91,0xc3,520
0x91,0xc4,488
0x91,0xc5,488
0x91,0xc6,534
0x91,0xc7,552
0x91,0xc8,552
0x91,0xc9,474
0x91,0xca,564
0x91,0xcb,534
0x91,0xcc,552
0x91,0xcd,536
0x91,0xce,486
0x91,0xcf,526
0x91,0xd0,480
0x91,0xd1,562
0x91,0xd2,490
0x91,0xd3,524
0x91,0xd4,520
0x91,0xd5,566
0x91,0xd6,484
0x91,0xd7,524
0x91,0xd8,540
0x91,0xd9,554
0x91,0xda,536
0x91,0xdb,504
0x91,0xdc,504
0x91,0xdd,560
0x91,0xde,476
0x91,0xdf,548
0x91,0xe0,502
0x91,0xe1,460
0x91,0xe2,488
0x91,0xe3,536
0x91,0xe4,550
0x91,0xe5,566
0x91,0xe6,508
0x91,0xe7,510
0x91,0xe8,520
0x91,0xe9,518
0x91,0xea,468
0x91,0xeb,504
0x91,0xec,486
0x91,0xed,554
0x91,0xee,560
0x91,0xef,574
0x91,0xf0,652
0x91,0xf1,562
0x91,0xf2,496
0x91,0xf3,516
0x91,0xf4,498
0x91,0xf5,492
0x91,0xf6,566
0x91,0xf7,604
0x91,0xf8,522
0x91,0xf9,488
0x91,0xfa,504
0x91,0xfb,536
0x91,0xfc,556
0x91,0xfd,558
0x91,0xfe,528
0x91,0xff,524
0x92,0x00,256
0x92,0x01,530
0x92,0x02,472
0x92,0x03,516
0x92,0x04,512
0x92,0x05,498
0x92,0x06,498
0x92,0x07,498
0x92,0x08,516
0x92,0x09,494
0x92,0x0a,576
0x92,0x0b,562
0x92,0x0c,502
0x92,0x0d,484
0x92,0x0e,504
0x92,0x0f,506
0x92,0x10,562
0x92,0x11,510
0x92,0x12,404
0x92,0x13,524
0x92,0x14,526
0x92,0x15,480
0x92,0x16,496
0x92,0x17,468
0x92,0x18,512
0x92,0x19,492
0x92,0x1a,492
0x92,0x1b,520
0x92,0x1c,498
0x92,0x1d,506
0x92,0x1e,534
0x92,0x1f,500
0x92,0x20,514
0x92,0x21,550
0x92,0x22,520
0x92,0x23,488
0x92,0x24,616
0x92,0x25,508
0x92,0x26,468
0x92,0x27,510
0x92,0x28,562
0x92,0x29,530
0x92,0x2a,512
0x92,0x2b,486
0x92,0x2c,518
0x92,0x2d,500
0x92,0x2e,534
0x92,0x2f,492
0x92,0x30,476
0x92,0x31,470
0x92,0x32,488
0x92,0x33,498
0x92,0x34,462
0x92,0x35,510
0x92,0x36,556
0x92,0x37,498
0x92,0x38,486
0x92,0x39,476
0x92,0x3a,508
0x92,0x3b,484
0x92,0x3c,470
0x92,0x3d,544
0x92,0x3e,492
0x92,0x3f,484
0x92,0x40,502
0x92,0x41,490
0x92,0x42,514
0x92,0x43,506
0x92,0x44,540
0x92,0x45,538
0x92,0x46,504
0x92,0x47,476
0x92,0x48,528
0x92,0x49,524
0x92,0x4a,506
0x92,0x4b,504
0x92,0x4c,506
0x92,0x4d,474
0x92,0x4e,628
0x92,0x4f,482
0x92,0x50,524
0x92,0x51,544
0x92,0x52,480
0x92,0x53,536
0x92,0x54,492
0x92,0x55,480
0x92,0x56,550
0x92,0x57,534
0x92,0x58,534
0x92,0x59,492
0x92,0x5a,508
0x92,0x5b,536
0x92,0x5c,504
0x92,0x5d,480
0x92,0x5e,570
0x92,0x5f,526
0x92,0x60,516
0x92,0x61,520
0x92,0x62,496
0x92,0x63,482
0x92,0x64,502
0x92,0x65,518
0x92,0x66,496
0x92,0x67,508
0x92,0x68,522
0x92,0x69,496
0x92,0x6a,496
0x92,0x6b,514
0x92,0x6c,492
0x92,0x6d,504
0x92,0x6e,518
0x92,0x6f,494
0x92,0x70,490
0x92,0x71,516
0x92,0x72,492
0x92,0x73,514
0x92,0x74,526
0x92,0x75,462
0x92,0x76,542
0x92,0x77,506
0x92,0x78,530
0x92,0x79,502
0x92,0x7a,478
0x92,0x7b,510
0x92,0x7c,572
0x92,0x7d,496
0x92,0x7e,516
0x92,0x7f,520
0x92,0x80,556
0x92,0x81,500
0x92,0x82,526
0x92,0x83,522
0x92,0x84,482
0x92,0x85,512
0x92,0x86,544
0x92,0x87,508
0x92,0x88,508
0x92,0x89,536
0x92,0x8a,490
0x92,0x8b,484
0x92,0x8c,544
0x92,0x8d,508
0x92,0x8e,520
0x92,0x8f,508
0x92,0x90,452
0x92,0x91,492
0x92,0x92,518
0x92,0x93,746
0x92,0x94,536
0x92,0x95,482
0x92,0x96,514
0x92,0x97,512
0x92,0x98,498
0x92,0x99,668
0x92,0x9a,470
0x92,0x9b,484
0x92,0x9c,498
0x92,0x9d,482
0x92,0x9e,528
0x92,0x9f,504
0x92,0xa0,480
0x92,0xa1,528
0x92,0xa2,518
0x92,0xa3,468
0x92,0xa4,522
0x92,0xa5,548
0x92,0xa6,498
0x92,0xa7,490
0x92,0xa8,484
0x92,0xa9,512
0x92,0xaa,522
0x92,0xab,488
0x92,0xac,492
0x92,0xad,548
0x92,0xae,532
0x92,0xaf,490
0x92,0xb0,484
0x92,0xb1,514
0x92,0xb2,518
0x92,0xb3,544
0x92,0xb4,526
0x92,0xb5,516
0x92,0xb6,530
0x92,0xb7,486
0x92,0xb8,520
0x92,0xb9,526
0x92,0xba,512
0x92,0xbb,518
0x92,0xbc,486
0x92,0xbd,500
0x92,0xbe,496
0x92,0xbf,528
0x92,0xc0,526
0x92,0xc1,514
0x92,0xc2,510
0x92,0xc3,508
0x92,0xc4,522
0x92,0xc5,510
0x92,0xc6,478
0x92,0xc7,532
0x92,0xc8,506
0x92,0xc9,580
0x92,0xca,496
0x92,0xcb,448
0x92,0xcc,484
0x92,0xcd,526
0x92,0xce,508
0x92,0xcf,474
0x92,0xd0,486
0x92,0xd1,522
0x92,0xd2,522
0x92,0xd3,548
0x92,0xd4,498
0x92,0xd5,498
0x92,0xd6,540
0x92,0xd7,592
0x92,0xd8,484
0x92,0xd9,478
0x92,0xda,514
0x92,0xdb,498
0x92,0xdc,504
0x92,0xdd,500
0x92,0xde,462
0x92,0xdf,514
0x92,0xe0,500
0x92,0xe1,550
0x92,0xe2,528
0x92,0xe3,510
0x92,0xe4,504
0x92,0xe5,542
0x92,0xe6,518
0x92,0xe7,502
0x92,0xe8,512
0x92,0xe9,484
0x92,0xea,502
0x92,0xeb,498
0x92,0xec,506
0x92,0xed,508
0x92,0xee,518
0x92,0xef,478
0x92,0xf0,522
0x92,0xf1,476
0x92,0xf2,504
0x92,0xf3,518
0x92,0xf4,544
0x92,0xf5,534
0x92,0xf6,480
0x92,0xf7,516
0x92,0xf8,502
0x92,0xf9,444
0x92,0xfa,532
0x92,0xfb,476
0x92,0xfc,476
0x92,0xfd,500
0x92,0xfe,518
0x92,0xff,484
0x93,0x00,256
0x93,0x01,494
0x93,0x02,488
0x93,0x03,534
0x93,0x04,490
0x93,0x05,466
0x93,0x06,498
0x93,0x07,494
0x93,0x08,472
0x93,0x09,508
0x93,0x0a,526
0x93,0x0b,648
0x93,0x0c,528
0x93,0x0d,552
0x93,0x0e,500
0x93,0x0f,486
0x93,0x10,492
0x93,0x11,498
0x93,0x12,522
0x93,0x13,536
0x93,0x14,476
0x93,0x15,566
0x93,0x16,488
0x93,0x17,528
0x93,0x18,512
0x93,0x19,522
0x93,0x1a,538
0x93,0x1b,502
0x93,0x1c,510
0x93,0x1d,510
0x93,0x1e,526
0x93,0x1f,476
0x93,0x20,490
0x93,0x21,496
0x93,0x22,528
0x93,0x23,464
0x93,0x24,434
0x93,0x25,518
0x93,0x26,446
0x93,0x27,526
0x93,0x28,518
0x93,0x29,476
0x93,0x2a,474
0x93,0x2b,530
0x93,0x2c,538
0x93,0x2d,526
0x93,0x2e,508
0x93,0x2f,446
0x93,0x30,452
0x93,0x31,502
0x93,0x32,478
0x93,0x33,518
0x93,0x34,472
0x93,0x35,534
0x93,0x36,470
0x93,0x37,528
0x93,0x38,494
0x93,0x39,506
0x93,0x3a,604
0x93,0x3b,492
0x93,0x3c,468
0x93,0x3d,552
0x93,0x3e,508
0x93,0x3f,504
0x93,0x40,466
0x93,0x41,518
0x93,0x42,496
0x93,0x43,498
0x93,0x44,530
0x93,0x45,530
0x93,0x46,510
0x93,0x47,544
0x93,0x48,536
0x93,0x49,502
0x93,0x4a,516
0x93,0x4b,516
0x93,0x4c,526
0x93,0x4d,462
0x93,0x4e,518
0x93,0x4f,518
0x93,0x50,522
0x93,0x51,530
0x93,0x52,486
0x93,0x53,534
0x93,0x54,466
0x93,0x55,498
0x93,0x56,506
0x93,0x57,502
0x93,0x58,470
0x93,0x59,486
0x93,0x5a,530
0x93,0x5b,472
0x93,0x5c,500
0x93,0x5d,480
0x93,0x5e,520
0x93,0x5f,516
0x93,0x60,532
0x93,0x61,518
0x93,0x62,488
0x93,0x63,516
0x93,0x64,496
0x93,0x65,484
0x93,0x66,518
0x93,0x67,490
0x93,0x68,542
0x93,0x69,492
0x93,0x6a,518
0x93,0x6b,568
0x93,0x6c,496
0x93,0x6d,474
0x93,0x6e,554
0x93,0x6f,476
0x93,0x70,520
0x93,0x71,496
0x93,0x72,520
0x93,0x73,504
0x93,0x74,572
0x93,0x75,526
0x93,0x76,468
0x93,0x77,516
0x93,0x78,502
0x93,0x79,538
0x93,0x7a,480
0x93,0x7b,530
0x93,0x7c,502
0x93,0x7d,488
0x93,0x7e,480
0x93,0x7f,498
0x93,0x80,518
0x93,0x81,558
0x93,0x82,530
0x93,0x83,484
0x93,0x84,506
0x93,0x85,524
0x93,0x86,484
0x93,0x87,518
0x93,0x88,474
0x93,0x89,508
0x93,0x8a,492
0x93,0x8b,516
0x93,0x8c,460
0x93,0x8d,562
0x93,0x8e,502
0x93,0x8f,512
0x93,0x90,498
0x93,0x91,492
0x93,0x92,522
0x93,0x93,582
0x93,0x94,516
0x93,0x95,576
0x93,0x96,486
0x93,0x97,504
0x93,0x98,788
0x93,0x99,532
0x93,0x9a,520
0x93,0x9b,520
0x93,0x9c,488
0x93,0x9d,492
0x93,0x9e,478
0x93,0x9f,562
0x93,0xa0,558
0x93,0xa1,458
0x93,0xa2,514
0x93,0xa3,522
0x93,0xa4,528
0x93,0xa5,490
0x93,0xa6,518
0x93,0xa7,546
0x93,0xa8,466
0x93,0xa9,456
0x93,0xaa,524
0x93,0xab,492
0x93,0xac,548
0x93,0xad,524
0x93,0xae,578
0x93,0xaf,488
0x93,0xb0,514
0x93,0xb1,466
0x93,0xb2,536
0x93,0xb3,504
0x93,0xb4,460
0x93,0xb5,522
0x93,0xb6,530
0x93,0xb7,494
0x93,0xb8,484
0x93,0xb9,530
0x93,0xba,502
0x93,0xbb,442
0x93,0xbc,480
0x93,0xbd,542
0x93,0xbe,532
0x93,0xbf,488
0x93,0xc0,476
0x93,0xc1,512
0x93,0xc2,550
0x93,0xc3,516
0x93,0xc4,572
0x93,0xc5,508
0x93,0xc6,526
0x93,0xc7,526
0x93,0xc8,552
0x93,0xc9,550
0x93,0xca,492
0x93,0xcb,500
0x93,0xcc,512
0x93,0xcd,508
0x93,0xce,500
0x93,0xcf,536
0x93,0xd0,516
0x93,0xd1,534
0x93,0xd2,520
0x93,0xd3,512
0x93,0xd4,520
0x93,0xd5,478
0x93,0xd6,810
0x93,0xd7,498
0x93,0xd8,474
0x93,0xd9,538
0x93,0xda,540
0x93,0xdb,534
0x93,0xdc,612
0x93,0xdd,776
0x93,0xde,502
0x93,0xdf,504
0x93,0xe0,582
0x93,0xe1,514
0x93,0xe2,530
0x93,0xe3,468
0x93,0xe4,526
0x93,0xe5,488
0x93,0xe6,496
0x93,0xe7,510
0x93,0xe8,532
0x93,0xe9,518
0x93,0xea,514
0x93,0xeb,518
0x93,0xec,496
0x93,0xed,460
0x93,0xee,514
0x93,0xef,520
0x93,0xf0,504
0x93,0xf1,508
0x93,0xf2,498
0x93,0xf3,536
0x93,0xf4,524
0x93,0xf5,524
0x93,0xf6,510
0x93,0xf7,510
0x93,0xf8,476
0x93,0xf9,510
0x93,0xfa,516
0x93,0xfb,490
0x93,0xfc,510
0x93,0xfd,518
0x93,0xfe,502
0x93,0xff,494
0x94,0x00,256
0x94,0x01,504
0x94,0x02,548
0x94,0x03,530
0x94,0x04,586
0x94,0x05,520
0x94,0x06,540
0x94,0x07,532
0x94,0x08,520
0x94,0x09,512
0x94,0x0a,610
0x94,0x0b,536
0x94,0x0c,512
0x94,0x0d,486
0x94,0x0e,520
0x94,0x0f,506
0x94,0x10,578
0x94,0x11,496
0x94,0x12,462
0x94,0x13,486
0x94,0x14,482
0x94,0x15,480
0x94,0x16,480
0x94,0x17,542
0x94,0x18,492
0x94,0x19,498
0x94,0x1a,534
0x94,0x1b,514
0x94,0x1c,518
0x94,0x1d,534
0x94,0x1e,532
0x94,0x1f,516
0x94,0x20,516
0x94,0x21,542
0x94,0x22,676
0x94,0x23,488
0x94,0x24,406
0x94,0x25,508
0x94,0x26,754
0x94,0x27,540
0x94,0x28,496
0x94,0x29,514
0x94,0x2a,510
0x94,0x2b,518
0x94,0x2c,506
0x94,0x2d,480
0x94,0x2e,538
0x94,0x2f,500
0x94,0x30,446
0x94,0x31,524
0x94,0x32,522
0x94,0x33,488
0x94,0x34,598
0x94,0x35,548
0x94,0x36,562
0x94,0x37,494
0x94,0x38,492
0x94,0x39,516
0x94,0x3a,504
0x94,0x3b,502
0x94,0x3c,552
0x94,0x3d,536
0x94,0x3e,526
0x94,0x3f,502
0x94,0x40,514
0x94,0x41,496
0x94,0x42,532
0x94,0x43,504
0x94,0x44,476
0x94,0x45,542
0x94,0x46,496
0x94,0x47,512
0x94,0x48,494
0x94,0x49,492
0x94,0x4a,492
0x94,0x4b,556
0x94,0x4c,528
0x94,0x4d,500
0x94,0x4e,482
0x94,0x4f,474
0x94,0x50,508
0x94,0x51,520
0x94,0x52,522
0x94,0x53,506
0x94,0x54,492
0x94,0x55,512
0x94,0x56,534
0x94,0x57,508
0x94,0x58,538
0x94,0x59,550
0x94,0x5a,458
0x94,0x5b,508
0x94,0x5c,498
0x94,0x5d,528
0x94,0x5e,470
0x94,0x5f,532
0x94,0x60,500
0x94,0x61,498
0x94,0x62,482
0x94,0x63,538
0x94,0x64,494
0x94,0x65,584
0x94,0x66,508
0x94,0x67,492
0x94,0x68,454
0x94,0x69,488
0x94,0x6a,492
0x94,0x6b,484
0x94,0x6c,524
0x94,0x6d,532
0x94,0x6e,504
0x94,0x6f,516
0x94,0x70,536
0x94,0x71,522
0x94,0x72,516
0x94,0x73,496
0x94,0x74,544
0x94,0x75,528
0x94,0x76,522
0x94,0x77,510
0x94,0x78,494
0x94,0x79,530
0x94,0x7a,524
0x94,0x7b,516
0x94,0x7c,530
0x94,0x7d,482
0x94,0x7e,540
0x94,0x7f,506
0x94,0x80,492
0x94,0x81,504
0x94,0x82,504
0x94,0x83,500
0x94,0x84,520
0x94,0x85,522
0x94,0x86,480
0x94,0x87,498
0x94,0x88,478
0x94,0x89,498
0x94,0x8a,526
0x94,0x8b,516
0x94,0x8c,534
0x94,0x8d,496
0x94,0x8e,490
0x94,0x8f,514
0x94,0x90,556
0x94,0x91,500
0x94,0x92,486
0x94,0x93,532
0x94,0x94,498
0x94,0x95,510
0x94,0x96,508
0x94,0x97,486
0x94,0x98,474
0x94,0x99,532
0x94,0x9a,536
0x94,0x9b,518
0x94,0x9c,510
0x94,0x9d,522
0x94,0x9e,502
0x94,0x9f,494
0x94,0xa0,502
0x94,0xa1,492
0x94,0xa2,522
0x94,0xa3,530
0x94,0xa4,462
0x94,0xa5,530
0x94,0xa6,502
0x94,0xa7,522
0x94,0xa8,552
0x94,0xa9,482
0x94,0xaa,510
0x94,0xab,522
0x94,0xac,536
0x94,0xad,514
0x94,0xae,520
0x94,0xaf,538
0x94,0xb0,536
0x94,0xb1,502
0x94,0xb2,524
0x94,0xb3,480
0x94,0xb4,504
0x94,0xb5,476
0x94,0xb6,532
0x94,0xb7,502
0x94,0xb8,496
0x94,0xb9,514
0x94,0xba,510
0x94,0xbb,500
0x94,0xbc,490
0x94,0xbd,516
0x94,0xbe,528
0x94,0xbf,516
0x94,0xc0,492
0x94,0xc1,510
0x94,0xc2,510
0x94,0xc3,466
0x94,0xc4,536
0x94,0xc5,526
0x94,0xc6,506
0x94,0xc7,522
0x94,0xc8,550
0x94,0xc9,502
0x94,0xca,554
0x94,0xcb,532
0x94,0xcc,544
0x94,0xcd,478
0x94,0xce,506
0x94,0xcf,510
0x94,0xd0,576
0x94,0xd1,538
0x94,0xd2,520
0x94,0xd3,530
0x94,0xd4,518
0x94,0xd5,564
0x94,0xd6,502
0x94,0xd7,542
0x94,0xd8,524
0x94,0xd9,502
0x94,0xda,540
0x94,0xdb,500
0x94,0xdc,518
0x94,0xdd,468
0x94,0xde,528
0x94,0xdf,490
0x94,0xe0,528
0x94,0xe1,484
0x94,0xe2,542
0x94,0xe3,524
0x94,0xe4,478
0x94,0xe5,488
0x94,0xe6,522
0x94,0xe7,502
0x94,0xe8,518
0x94,0xe9,508
0x94,0xea,554
0x94,0xeb,512
0x94,0xec,506
0x94,0xed,508
0x94,0xee,510
0x94,0xef,500
0x94,0xf0,512
0x94,0xf1,532
0x94,0xf2,484
0x94,0xf3,496
0x94,0xf4,514
0x94,0xf5,528
0x94,0xf6,530
0x94,0xf7,490
0x94,0xf8,480
0x94,0xf9,508
0x94,0xfa,518
0x94,0xfb,514
0x94,0xfc,520
0x94,0xfd,522
0x94,0xfe,532
0x94,0xff,544
0x95,0x00,256
0x95,0x01,532
0x95,0x02,508
0x95,0x03,500
0x95,0x04,552
0x95,0x05,508
0x95,0x06,474
0x95,0x07,498
0x95,0x08,496
0x95,0x09,532
0x95,0x0a,548
0x95,0x0b,540
0x95,0x0c,510
0x95,0x0d,488
0x95,0x0e,498
0x95,0x0f,492
0x95,0x10,500
0x95,0x11,490
0x95,0x12,476
0x95,0x13,498
0x95,0x14,488
0x95,0x15,526
0x95,0x16,464
0x95,0x17,546
0x95,0x18,528
0x95,0x19,472
0x95,0x1a,514
0x95,0x1b,502
0x95,0x1c,508
0x95,0x1d,516
0x95,0x1e,548
0x95,0x1f,524
0x95,0x20,502
0x95,0x21,532
0x95,0x22,546
0x95,0x23,566
0x95,0x24,576
0x95,0x25,488
0x95,0x26,514
0x95,0x27,498
0x95,0x28,534
0x95,0x29,542
0x95,0x2a,548
0x95,0x2b,484
0x95,0x2c,472
0x95,0x2d,532
0x95,0x2e,504
0x95,0x2f,532
0x95,0x30,492
0x95,0x31,504
0x95,0x32,532
0x95,0x33,456
0x95,0x34,564
0x95,0x35,474
0x95,0x36,482
0x95,0x37,492
0x95,0x38,544
0x95,0x39,496
0x95,0x3a,502
0x95,0x3b,506
0x95,0x3c,526
0x95,0x3d,486
0x95,0x3e,512
0x95,0x3f,516
0x95,0x40,494
0x95,0x41,530
0x95,0x42,562
0x95,0x43,482
0x95,0x44,478
0x95,0x45,554
0x95,0x46,506
0x95,0x47,488
0x95,0x48,556
0x95,0x49,494
0x95,0x4a,504
0x95,0x4b,486
0x95,0x4c,494
0x95,0x4d,468
0x95,0x4e,502
0x95,0x4f,466
0x95,0x50,506
0x95,0x51,518
0x95,0x52,472
0x95,0x53,486
0x95,0x54,528
0x95,0x55,536
0x95,0x56,492
0x95,0x57,502
0x95,0x58,502
0x95,0x59,500
0x95,0x5a,506
0x95,0x5b,498
0x95,0x5c,508
0x95,0x5d,542
0x95,0x5e,502
0x95,0x5f,542
0x95,0x60,536
0x95,0x61,504
0x95,0x62,508
0x95,0x63,494
0x95,0x64,548
0x95,0x65,476
0x95,0x66,524
0x95,0x67,508
0x95,0x68,518
0x95,0x69,546
0x95,0x6a,502
0x95,0x6b,500
0x95,0x6c,522
0x95,0x6d,522
0x95,0x6e,544
0x95,0x6f,502
0x95,0x70,544
0x95,0x71,482
0x95,0x72,510
0x95,0x73,508
0x95,0x74,486
0x95,0x75,488
0x95,0x76,542
0x95,0x77,464
0x95,0x78,508
0x95,0x79,506
0x95,0x7a,518
0x95,0x7b,532
0x95,0x7c,492
0x95,0x7d,540
0x95,0x7e,566
0x95,0x7f,502
0x95,0x80,508
0x95,0x81,514
0x95,0x82,494
0x95,0x83,550
0x95,0x84,486
0x95,0x85,532
0x95,0x86,560
0x95,0x87,464
0x95,0x88,476
0x95,0x89,496
0x95,0x8a,478
0x95,0x8b,528
0x95,0x8c,548
0x95,0x8d,470
0x95,0x8e,512
0x95,0x8f,518
0x95,0x90,510
0x95,0x91,508
0x95,0x92,474
0x95,0x93,474
0x95,0x94,502
0x95,0x95,520
0x95,0x96,500
0x95,0x97,516
0x95,0x98,540
0x95,0x99,502
0x95,0x9a,536
0x95,0x9b,504
0x95,0x9c,502
0x95,0x9d,536
0x95,0x9e,490
0x95,0x9f,530
0x95,0xa0,502
0x95,0xa1,484
0x95,0xa2,478
0x95,0xa3,508
0x95,0xa4,494
0x95,0xa5,514
0x95,0xa6,528
0x95,0xa7,524
0x95,0xa8,466
0x95,0xa9,470
0x95,0xaa,490
0x95,0xab,504
0x95,0xac,498
0x95,0xad,492
0x95,0xae,540
0x95,0xaf,522
0x95,0xb0,536
0x95,0xb1,510
0x95,0xb2,476
0x95,0xb3,482
0x95,0xb4,558
0x95,0xb5,488
0x95,0xb6,532
0x95,0xb7,550
0x95,0xb8,538
0x95,0xb9,540
0x95,0xba,526
0x95,0xbb,510
0x95,0xbc,520
0x95,0xbd,574
0x95,0xbe,506
0x95,0xbf,508
0x95,0xc0,498
0x95,0xc1,498
0x95,0xc2,542
0x95,0xc3,524
0x95,0xc4,494
0x95,0xc5,484
0x95,0xc6,506
0x95,0xc7,478
0x95,0xc8,498
0x95,0xc9,514
0x95,0xca,520
0x95,0xcb,524
0x95,0xcc,498
0x95,0xcd,564
0x95,0xce,532
0x95,0xcf,476
0x95,0xd0,508
0x95,0xd1,508
0x95,0xd2,522
0x95,0xd3,496
0x95,0xd4,548
0x95,0xd5,574
0x95,0xd6,564
0x95,0xd7,490
0x95,0xd8,488
0x95,0xd9,474
0x95,0xda,504
0x95,0xdb,502
0x95,0xdc,532
0x95,0xdd,488
0x95,0xde,552
0x95,0xdf,478
0x95,0xe0,490
0x95,0xe1,504
0x95,0xe2,496
0x95,0xe3,510
0x95,0xe4,544
0x95,0xe5,494
0x95,0xe6,488
0x95,0xe7,532
0x95,0xe8,512
0x95,0xe9,490
0x95,0xea,552
0x95,0xeb,508
0x95,0xec,526
0x95,0xed,496
0x95,0xee,512
0x95,0xef,492
0x95,0xf0,514
0x95,0xf1,468
0x95,0xf2,510
0x95,0xf3,504
0x95,0xf4,500
0x95,0xf5,488
0x95,0xf6,550
0x95,0xf7,522
0x95,0xf8,510
0x95,0xf9,506
0x95,0xfa,504
0x95,0xfb,506
0x95,0xfc,450
0x95,0xfd,458
0x95,0xfe,472
0x95,0xff,508
0x96,0x00,256
0x96,0x01,558
0x96,0x02,798
0x96,0x03,498
0x96,0x04,556
0x96,0x05,480
0x96,0x06,480
0x96,0x07,520
0x96,0x08,516
0x96,0x09,518
0x96,0x0a,504
0x96,0x0b,502
0x96,0x0c,562
0x96,0x0d,566
0x96,0x0e,508
0x96,0x0f,538
0x96,0x10,516
0x96,0x11,512
0x96,0x12,448
0x96,0x13,512
0x96,0x14,466
0x96,0x15,506
0x96,0x16,726
0x96,0x17,584
0x96,0x18,512
0x96,0x19,530
0x96,0x1a,476
0x96,0x1b,494
0x96,0x1c,550
0x96,0x1d,512
0x96,0x1e,498
0x96,0x1f,540
0x96,0x20,496
0x96,0x21,500
0x96,0x22,510
0x96,0x23,496
0x96,0x24,456
0x96,0x25,506
0x96,0x26,414
0x96,0x27,506
0x96,0x28,466
0x96,0x29,530
0x96,0x2a,528
0x96,0x2b,512
0x96,0x2c,528
0x96,0x2d,474
0x96,0x2e,520
0x96,0x2f,510
0x96,0x30,652
0x96,0x31,488
0x96,0x32,532
0x96,0x33,506
0x96,0x34,526
0x96,0x35,494
0x96,0x36,540
0x96,0x37,526
0x96,0x38,536
0x96,0x39,522
0x96,0x3a,572
0x96,0x3b,458
0x96,0x3c,500
0x96,0x3d,506
0x96,0x3e,504
0x96,0x3f,502
0x96,0x40,496
0x96,0x41,522
0x96,0x42,508
0x96,0x43,492
0x96,0x44,458
0x96,0x45,530
0x96,0x46,492
0x96,0x47,496
0x96,0x48,524
0x96,0x49,486
0x96,0x4a,522
0x96,0x4b,544
0x96,0x4c,500
0x96,0x4d,522
0x96,0x4e,522
0x96,0x4f,498
0x96,0x50,530
0x96,0x51,522
0x96,0x52,506
0x96,0x53,526
0x96,0x54,532
0x96,0x55,470
0x96,0x56,468
0x96,0x57,498
0x96,0x58,488
0x96,0x59,498
0x96,0x5a,522
0x96,0x5b,534
0x96,0x5c,498
0x96,0x5d,504
0x96,0x5e,494
0x96,0x5f,498
0x96,0x60,514
0x96,0x61,498
0x96,0x62,512
0x96,0x63,496
0x96,0x64,510
0x96,0x65,538
0x96,0x66,496
0x96,0x67,530
0x96,0x68,484
0x96,0x69,504
0x96,0x6a,510
0x96,0x6b,494
0x96,0x6c,504
0x96,0x6d,540
0x96,0x6e,502
0x96,0x6f,492
0x96,0x70,510
0x96,0x71,526
0x96,0x72,558
0x96,0x73,496
0x96,0x74,506
0x96,0x75,514
0x96,0x76,506
0x96,0x77,532
0x96,0x78,498
0x96,0x79,520
0x96,0x7a,482
0x96,0x7b,512
0x96,0x7c,536
0x96,0x7d,492
0x96,0x7e,500
0x96,0x7f,524
0x96,0x80,512
0x96,0x81,512
0x96,0x82,534
0x96,0x83,512
0x96,0x84,558
0x96,0x85,506
0x96,0x86,514
0x96,0x87,488
0x96,0x88,546
0x96,0x89,496
0x96,0x8a,550
0x96,0x8b,536
0x96,0x8c,524
0x96,0x8d,524
0x96,0x8e,532
0x96,0x8f,484
0x96,0x90,526
0x96,0x91,512
0x96,0x92,476
0x96,0x93,516
0x96,0x94,500
0x96,0x95,512
0x96,0x96,532
0x96,0x97,532
0x96,0x98,500
0x96,0x99,454
0x96,0x9a,500
0x96,0x9b,524
0x96,0x9c,560
0x96,0x9d,542
0x96,0x9e,488
0x96,0x9f,526
0x96,0xa0,518
0x96,0xa1,530
0x96,0xa2,500
0x96,0xa3,536
0x96,0xa4,518
0x96,0xa5,554
0x96,0xa6,538
0x96,0xa7,494
0x96,0xa8,474
0x96,0xa9,534
0x96,0xaa,572
0x96,0xab,512
0x96,0xac,504
0x96,0xad,456
0x96,0xae,524
0x96,0xaf,556
0x96,0xb0,512
0x96,0xb1,506
0x96,0xb2,564
0x96,0xb3,538
0x96,0xb4,456
0x96,0xb5,528
0x96,0xb6,506
0x96,0xb7,508
0x96,0xb8,538
0x96,0xb9,496
0x96,0xba,512
0x96,0xbb,452
0x96,0xbc,488
0x96,0xbd,500
0x96,0xbe,496
0x96,0xbf,516
0x96,0xc0,488
0x96,0xc1,558
0x96,0xc2,500
0x96,0xc3,514
0x96,0xc4,506
0x96,0xc5,546
0x96,0xc6,568
0x96,0xc7,504
0x96,0xc8,488
0x96,0xc9,552
0x96,0xca,542
0x96,0xcb,538
0x96,0xcc,556
0x96,0xcd,502
0x96,0xce,532
0x96,0xcf,554
0x96,0xd0,498
0x96,0xd1,528
0x96,0xd2,496
0x96,0xd3,504
0x96,0xd4,502
0x96,0xd5,528
0x96,0xd6,504
0x96,0xd7,484
0x96,0xd8,486
0x96,0xd9,490
0x96,0xda,536
0x96,0xdb,492
0x96,0xdc,490
0x96,0xdd,522
0x96,0xde,522
0x96,0xdf,510
0x96,0xe0,514
0x96,0xe1,518
0x96,0xe2,496
0x96,0xe3,484
0x96,0xe4,540
0x96,0xe5,526
0x96,0xe6,522
0x96,0xe7,562
0x96,0xe8,500
0x96,0xe9,562
0x96,0xea,508
0x96,0xeb,532
0x96,0xec,480
0x96,0xed,496
0x96,0xee,508
0x96,0xef,520
0x96,0xf0,464
0x96,0xf1,488
0x96,0xf2,542
0x96,0xf3,496
0x96,0xf4,496
0x96,0xf5,546
0x96,0xf6,562
0x96,0xf7,546
0x96,0xf8,514
0x96,0xf9,490
0x96,0xfa,528
0x96,0xfb,510
0x96,0xfc,516
0x96,0xfd,506
0x96,0xfe,490
0x96,0xff,520
0x97,0x00,256
0x97,0x01,478
0x97,0x02,470
0x97,0x03,538
0x97,0x04,490
0x97,0x05,526
0x97,0x06,556
0x97,0x07,502
0x97,0x08,506
0x97,0x09,498
0x97,0x0a,478
0x97,0x0b,528
0x97,0x0c,486
0x97,0x0d,588
0x97,0x0e,498
0x97,0x0f,482
0x97,0x10,492
0x97,0x11,490
0x97,0x12,508
0x97,0x13,556
0x97,0x14,548
0x97,0x15,540
0x97,0x16,486
0x97,0x17,516
0x97,0x18,512
0x97,0x19,520
0x97,0x1a,530
0x97,0x1b,530
0x97,0x1c,490
0x97,0x1d,530
0x97,0x1e,542
0x97,0x1f,544
0x97,0x20,496
0x97,0x21,494
0x97,0x22,454
0x97,0x23,508
0x97,0x24,424
0x97,0x25,526
0x97,0x26,522
0x97,0x27,468
0x97,0x28,518
0x97,0x29,510
0x97,0x2a,490
0x97,0x2b,528
0x97,0x2c,530
0x97,0x2d,502
0x97,0x2e,488
0x97,0x2f,572
0x97,0x30,810
0x97,0x31,480
0x97,0x32,484
0x97,0x33,526
0x97,0x34,538
0x97,0x35,492
0x97,0x36,554
0x97,0x37,504
0x97,0x38,530
0x97,0x39,494
0x97,0x3a,482
0x97,0x3b,524
0x97,0x3c,554
0x97,0x3d,498
0x97,0x3e,468
0x97,0x3f,510
0x97,0x40,518
0x97,0x41,514
0x97,0x42,522
0x97,0x43,550
0x97,0x44,502
0x97,0x45,486
0x97,0x46,532
0x97,0x47,514
0x97,0x48,504
0x97,0x49,546
0x97,0x4a,538
0x97,0x4b,564
0x97,0x4c,488
0x97,0x4d,504
0x97,0x4e,534
0x97,0x4f,476
0x97,0x50,504
0x97,0x51,504
0x97,0x52,502
0x97,0x53,496
0x97,0x54,506
0x97,0x55,506
0x97,0x56,478
0x97,0x57,510
0x97,0x58,490
0x97,0x59,534
0x97,0x5a,482
0x97,0x5b,508
0x97,0x5c,516
0x97,0x5d,484
0x97,0x5e,522
0x97,0x5f,484
0x97,0x60,548
0x97,0x61,536
0x97,0x62,516
0x97,0x63,504
0x97,0x64,496
0x97,0x65,546
0x97,0x66,518
0x97,0x67,482
0x97,0x68,530
0x97,0x69,504
0x97,0x6a,472
0x97,0x6b,546
0x97,0x6c,502
0x97,0x6d,524
0x97,0x6e,526
0x97,0x6f,516
0x97,0x70,502
0x97,0x71,510
0x97,0x72,546
0x97,0x73,518
0x97,0x74,534
0x97,0x75,464
0x97,0x76,512
0x97,0x77,482
0x97,0x78,524
0x97,0x79,554
0x97,0x7a,574
0x97,0x7b,462
0x97,0x7c,522
0x97,0x7d,482
0x97,0x7e,504
0x97,0x7f,464
0x97,0x80,494
0x97,0x81,504
0x97,0x82,490
0x97,0x83,496
0x97,0x84,558
0x97,0x85,512
0x97,0x86,530
0x97,0x87,516
0x97,0x88,502
0x97,0x89,512
0x97,0x8a,534
0x97,0x8b,512
0x97,0x8c,516
0x97,0x8d,560
0x97,0x8e,532
0x97,0x8f,472
0x97,0x90,508
0x97,0x91,486
0x97,0x92,468
0x97,0x93,486
0x97,0x94,496
0x97,0x95,508
0x97,0x96,560
0x97,0x97,518
0x97,0x98,442
0x97,0x99,498
0x97,0x9a,466
0x97,0x9b,482
0x97,0x9c,496
0x97,0x9d,482
0x97,0x9e,490
0x97,0x9f,522
0x97,0xa0,522
0x97,0xa1,460
0x97,0xa2,500
0x97,0xa3,580
0x97,0xa4,500
0x97,0xa5,498
0x97,0xa6,508
0x97,0xa7,490
0x97,0xa8,524
0x97,0xa9,518
0x97,0xaa,514
0x97,0xab,536
0x97,0xac,556
0x97,0xad,528
0x97,0xae,478
0x97,0xaf,516
0x97,0xb0,520
0x97,0xb1,552
0x97,0xb2,560
0x97,0xb3,498
0x97,0xb4,470
0x97,0xb5,496
0x97,0xb6,522
0x97,0xb7,524
0x97,0xb8,510
0x97,0xb9,526
0x97,0xba,522
0x97,0xbb,500
0x97,0xbc,518
0x97,0xbd,532
0x97,0xbe,496
0x97,0xbf,494
0x97,0xc0,508
0x97,0xc1,520
0x97,0xc2,502
0x97,0xc3,512
0x97,0xc4,520
0x97,0xc5,508
0x97,0xc6,516
0x97,0xc7,498
0x97,0xc8,528
0x97,0xc9,524
0x97,0xca,520
0x97,0xcb,498
0x97,0xcc,512
0x97,0xcd,492
0x97,0xce,484
0x97,0xcf,506
0x97,0xd0,524
0x97,0xd1,508
0x97,0xd2,514
0x97,0xd3,510
0x97,0xd4,540
0x97,0xd5,482
0x97,0xd6,482
0x97,0xd7,486
0x97,0xd8,532
0x97,0xd9,536
0x97,0xda,496
0x97,0xdb,496
0x97,0xdc,554
0x97,0xdd,508
0x97,0xde,520
0x97,0xdf,512
0x97,0xe0,484
0x97,0xe1,488
0x97,0xe2,524
0x97,0xe3,500
0x97,0xe4,546
0x97,0xe5,488
0x97,0xe6,472
0x97,0xe7,460
0x97,0xe8,522
0x97,0xe9,520
0x97,0xea,516
0x97,0xeb,542
0x97,0xec,516
0x97,0xed,540
0x97,0xee,534
0x97,0xef,552
0x97,0xf0,528
0x97,0xf1,510
0x97,0xf2,528
0x97,0xf3,490
0x97,0xf4,518
0x97,0xf5,528
0x97,0xf6,524
0x97,0xf7,484
0x97,0xf8,542
0x97,0xf9,542
0x97,0xfa,502
0x97,0xfb,554
0x97,0xfc,502
0x97,0xfd,554
0x97,0xfe,510
0x97,0xff,506
0x98,0x00,256
0x98,0x01,490
0x98,0x02,554
0x98,0x03,514
0x98,0x04,500
0x98,0x05,462
0x98,0x06,498
0x98,0x07,538
0x98,0x08,538
0x98,0x09,532
0x98,0x0a,460
0x98,0x0b,470
0x98,0x0c,500
0x98,0x0d,488
0x98,0x0e,506
0x98,0x0f,528
0x98,0x10,530
0x98,0x11,484
0x98,0x12,522
0x98,0x13,518
0x98,0x14,578
0x98,0x15,476
0x98,0x16,580
0x98,0x17,480
0x98,0x18,492
0x98,0x19,482
0x98,0x1a,566
0x98,0x1b,532
0x98,0x1c,544
0x98,0x1d,498
0x98,0x1e,548
0x98,0x1f,546
0x98,0x20,472
0x98,0x21,510
0x98,0x22,504
0x98,0x23,528
0x98,0x24,776
0x98,0x25,482
0x98,0x26,394
0x98,0x27,488
0x98,0x28,500
0x98,0x29,508
0x98,0x2a,522
0x98,0x2b,530
0x98,0x2c,470
0x98,0x2d,482
0x98,0x2e,508
0x98,0x2f,468
0x98,0x30,442
0x98,0x31,518
0x98,0x32,518
0x98,0x33,534
0x98,0x34,486
0x98,0x35,508
0x98,0x36,472
0x98,0x37,500
0x98,0x38,512
0x98,0x39,522
0x98,0x3a,502
0x98,0x3b,590
0x98,0x3c,522
0x98,0x3d,504
0x98,0x3e,506
0x98,0x3f,476
0x98,0x40,540
0x98,0x41,544
0x98,0x42,488
0x98,0x43,568
0x98,0x44,498
0x98,0x45,482
0x98,0x46,472
0x98,0x47,560
0x98,0x48,492
0x98,0x49,494
0x98,0x4a,540
0x98,0x4b,542
0x98,0x4c,494
0x98,0x4d,548
0x98,0x4e,524
0x98,0x4f,554
0x98,0x50,506
0x98,0x51,546
0x98,0x52,512
0x98,0x53,556
0x98,0x54,508
0x98,0x55,544
0x98,0x56,478
0x98,0x57,490
0x98,0x58,508
0x98,0x59,556
0x98,0x5a,512
0x98,0x5b,476
0x98,0x5c,494
0x98,0x5d,514
0x98,0x5e,522
0x98,0x5f,500
0x98,0x60,482
0x98,0x61,520
0x98,0x62,528
0x98,0x63,500
0x98,0x64,482
0x98,0x65,528
0x98,0x66,506
0x98,0x67,524
0x98,0x68,512
0x98,0x69,512
0x98,0x6a,504
0x98,0x6b,502
0x98,0x6c,508
0x98,0x6d,522
0x98,0x6e,568
0x98,0x6f,512
0x98,0x70,548
0x98,0x71,492
0x98,0x72,512
0x98,0x73,538
0x98,0x74,516
0x98,0x75,526
0x98,0x76,474
0x98,0x77,538
0x98,0x78,476
0x98,0x79,500
0x98,0x7a,506
0x98,0x7b,494
0x98,0x7c,538
0x98,0x7d,506
0x98,0x7e,464
0x98,0x7f,486
0x98,0x80,520
0x98,0x81,494
0x98,0x82,480
0x98,0x83,498
0x98,0x84,490
0x98,0x85,510
0x98,0x86,504
0x98,0x87,498
0x98,0x88,482
0x98,0x89,496
0x98,0x8a,480
0x98,0x8b,440
0x98,0x8c,510
0x98,0x8d,520
0x98,0x8e,502
0x98,0x8f,512
0x98,0x90,510
0x98,0x91,516
0x98,0x92,530
0x98,0x93,550
0x98,0x94,524
0x98,0x95,482
0x98,0x96,540
0x98,0x97,510
0x98,0x98,550
0x98,0x99,532
0x98,0x9a,510
0x98,0x9b,494
0x98,0x9c,536
0x98,0x9d,540
0x98,0x9e,470
0x98,0x9f,520
0x98,0xa0,480
0x98,0xa1,520
0x98,0xa2,512
0x98,0xa3,596
0x98,0xa4,512
0x98,0xa5,518
0x98,0xa6,502
0x98,0xa7,520
0x98,0xa8,488
0x98,0xa9,542
0x98,0xaa,528
0x98,0xab,500
0x98,0xac,498
0x98,0xad,528
0x98,0xae,498
0x98,0xaf,558
0x98,0xb0,482
0x98,0xb1,536
0x98,0xb2,482
0x98,0xb3,490
0x98,0xb4,516
0x98,0xb5,524
0x98,0xb6,502
0x98,0xb7,466
0x98,0xb8,526
0x98,0xb9,526
0x98,0xba,580
0x98,0xbb,488
0x98,0xbc,566
0x98,0xbd,506
0x98,0xbe,474
0x98,0xbf,514
0x98,0xc0,500
0x98,0xc1,536
0x98,0xc2,528
0x98,0xc3,538
0x98,0xc4,506
0x98,0xc5,518
0x98,0xc6,536
0x98,0xc7,522
0x98,0xc8,494
0x98,0xc9,540
0x98,0xca,532
0x98,0xcb,518
0x98,0xcc,522
0x98,0xcd,522
0x98,0xce,490
0x98,0xcf,482
0x98,0xd0,504
0x98,0xd1,556
0x98,0xd2,512
0x98,0xd3,536
0x98,0xd4,550
0x98,0xd5,512
0x98,0xd6,542
0x98,0xd7,466
0x98,0xd8,560
0x98,0xd9,516
0x98,0xda,490
0x98,0xdb,516
0x98,0xdc,488
0x98,0xdd,498
0x98,0xde,502
0x98,0xdf,532
0x98,0xe0,522
0x98,0xe1,520
0x98,0xe2,516
0x98,0xe3,510
0x98,0xe4,490
0x98,0xe5,516
0x98,0xe6,568
0x98,0xe7,532
0x98,0xe8,480
0x98,0xe9,526
0x98,0xea,504
0x98,0xeb,528
0x98,0xec,500
0x98,0xed,544
0x98,0xee,520
0x98,0xef,512
0x98,0xf0,522
0x98,0xf1,506
0x98,0xf2,480
0x98,0xf3,532
0x98,0xf4,518
0x98,0xf5,506
0x98,0xf6,490
0x98,0xf7,498
0x98,0xf8,510
0x98,0xf9,546
0x98,0xfa,546
0x98,0xfb,518
0x98,0xfc,494
0x98,0xfd,478
0x98,0xfe,494
0x98,0xff,544
0x99,0x00,256
0x99,0x01,624
0x99,0x02,454
0x99,0x03,464
0x99,0x04,504
0x99,0x05,520
0x99,0x06,490
0x99,0x07,484
0x99,0x08,554
0x99,0x09,480
0x99,0x0a,530
0x99,0x0b,472
0x99,0x0c,502
0x99,0x0d,490
0x99,0x0e,524
0x99,0x0f,460
0x99,0x10,536
0x99,0x11,510
0x99,0x12,444
0x99,0x13,532
0x99,0x14,514
0x99,0x15,478
0x99,0x16,522
0x99,0x17,484
0x99,0x18,516
0x99,0x19,496
0x99,0x1a,488
0x99,0x1b,518
0x99,0x1c,524
0x99,0x1d,524
0x99,0x1e,530
0x99,0x1f,504
0x99,0x20,548
0x99,0x21,520
0x99,0x22,484
0x99,0x23,492
0x99,0x24,594
0x99,0x25,536
0x99,0x26,394
0x99,0x27,526
0x99,0x28,534
0x99,0x29,520
0x99,0x2a,526
0x99,0x2b,512
0x99,0x2c,516
0x99,0x2d,476
0x99,0x2e,484
0x99,0x2f,514
0x99,0x30,388
0x99,0x31,462
0x99,0x32,520
0x99,0x33,500
0x99,0x34,516
0x99,0x35,498
0x99,0x36,440
0x99,0x37,478
0x99,0x38,542
0x99,0x39,502
0x99,0x3a,494
0x99,0x3b,488
0x99,0x3c,486
0x99,0x3d,532
0x99,0x3e,540
0x99,0x3f,500
0x99,0x40,498
0x99,0x41,510
0x99,0x42,560
0x99,0x43,504
0x99,0x44,508
0x99,0x45,572
0x99,0x46,502
0x99,0x47,490
0x99,0x48,560
0x99,0x49,522
0x99,0x4a,586
0x99,0x4b,480
0x99,0x4c,548
0x99,0x4d,528
0x99,0x4e,536
0x99,0x4f,492
0x99,0x50,500
0x99,0x51,556
0x99,0x52,504
0x99,0x53,488
0x99,0x54,482
0x99,0x55,506
0x99,0x56,502
0x99,0x57,498
0x99,0x58,504
0x99,0x59,490
0x99,0x5a,554
0x99,0x5b,470
0x99,0x5c,520
0x99,0x5d,520
0x99,0x5e,532
0x99,0x5f,486
0x99,0x60,516
0x99,0x61,532
0x99,0x62,500
0x99,0x63,512
0x99,0x64,494
0x99,0x65,520
0x99,0x66,514
0x99,0x67,488
0x99,0x68,520
0x99,0x69,492
0x99,0x6a,480
0x99,0x6b,472
0x99,0x6c,496
0x99,0x6d,508
0x99,0x6e,512
0x99,0x6f,486
0x99,0x70,458
0x99,0x71,510
0x99,0x72,510
0x99,0x73,518
0x99,0x74,478
0x99,0x75,490
0x99,0x76,568
0x99,0x77,496
0x99,0x78,494
0x99,0x79,512
0x99,0x7a,492
0x99,0x7b,528
0x99,0x7c,508
0x99,0x7d,514
0x99,0x7e,500
0x99,0x7f,498
0x99,0x80,484
0x99,0x81,516
0x99,0x82,540
0x99,0x83,540
0x99,0x84,498
0x99,0x85,516
0x99,0x86,466
0x99,0x87,492
0x99,0x88,516
0x99,0x89,544
0x99,0x8a,506
0x99,0x8b,540
0x99,0x8c,500
0x99,0x8d,508
0x99,0x8e,508
0x99,0x8f,464
0x99,0x90,466
0x99,0x91,536
0x99,0x92,458
0x99,0x93,548
0x99,0x94,500
0x99,0x95,492
0x99,0x96,494
0x99,0x97,532
0x99,0x98,464
0x99,0x99,502
0x99,0x9a,562
0x99,0x9b,510
0x99,0x9c,466
0x99,0x9d,514
0x99,0x9e,494
0x99,0x9f,522
0x99,0xa0,528
0x99,0xa1,508
0x99,0xa2,500
0x99,0xa3,472
0x99,0xa4,498
0x99,0xa5,538
0x99,0xa6,532
0x99,0xa7,524
0x99,0xa8,516
0x99,0xa9,488
0x99,0xaa,526
0x99,0xab,462
0x99,0xac,528
0x99,0xad,500
0x99,0xae,518
0x99,0xaf,496
0x99,0xb0,444
0x99,0xb1,496
0x99,0xb2,504
0x99,0xb3,490
0x99,0xb4,476
0x99,0xb5,514
0x99,0xb6,558
0x99,0xb7,556
0x99,0xb8,492
0x99,0xb9,482
0x99,0xba,514
0x99,0xbb,486
0x99,0xbc,500
0x99,0xbd,514
0x99,0xbe,462
0x99,0xbf,490
0x99,0xc0,492
0x99,0xc1,472
0x99,0xc2,532
0x99,0xc3,492
0x99,0xc4,500
0x99,0xc5,540
0x99,0xc6,520
0x99,0xc7,486
0x99,0xc8,504
0x99,0xc9,528
0x99,0xca,478
0x99,0xcb,514
0x99,0xcc,480
0x99,0xcd,470
0x99,0xce,508
0x99,0xcf,480
0x99,0xd0,536
0x99,0xd1,554
0x99,0xd2,498
0x99,0xd3,506
0x99,0xd4,578
0x99,0xd5,532
0x99,0xd6,508
0x99,0xd7,458
0x99,0xd8,524
0x99,0xd9,518
0x99,0xda,522
0x99,0xdb,520
0x99,0xdc,484
0x99,0xdd,524
0x99,0xde,478
0x99,0xdf,478
0x99,0xe0,524
0x99,0xe1,486
0x99,0xe2,468
0x99,0xe3,508
0x99,0xe4,530
0x99,0xe5,496
0x99,0xe6,518
0x99,0xe7,542
0x99,0xe8,536
0x99,0xe9,464
0x99,0xea,520
0x99,0xeb,508
0x99,0xec,514
0x99,0xed,504
0x99,0xee,510
0x99,0xef,498
0x99,0xf0,522
0x99,0xf1,554
0x99,0xf2,514
0x99,0xf3,520
0x99,0xf4,536
0x99,0xf5,520
0x99,0xf6,512
0x99,0xf7,486
0x99,0xf8,530
0x99,0xf9,536
0x99,0xfa,494
0x99,0xfb,542
0x99,0xfc,500
0x99,0xfd,486
0x99,0xfe,534
0x99,0xff,530
0x9a,0x00,256
0x9a,0x01,476
0x9a,0x02,510
0x9a,0x03,504
0x9a,0x04,532
0x9a,0x05,514
0x9a,0x06,470
0x9a,0x07,490
0x9a,0x08,540
0x9a,0x09,536
0x9a,0x0a,464
0x9a,0x0b,502
0x9a,0x0c,482
0x9a,0x0d,536
0x9a,0x0e,506
0x9a,0x0f,496
0x9a,0x10,472
0x9a,0x11,512
0x9a,0x12,456
0x9a,0x13,500
0x9a,0x14,464
0x9a,0x15,510
0x9a,0x16,460
0x9a,0x17,492
0x9a,0x18,522
0x9a,0x19,512
0x9a,0x1a,528
0x9a,0x1b,468
0x9a,0x1c,494
0x9a,0x1d,508
0x9a,0x1e,506
0x9a,0x1f,536
0x9a,0x20,488
0x9a,0x21,496
0x9a,0x22,430
0x9a,0x23,504
0x9a,0x24,388
0x9a,0x25,504
0x9a,0x26,628
0x9a,0x27,462
0x9a,0x28,504
0x9a,0x29,476
0x9a,0x2a,528
0x9a,0x2b,498
0x9a,0x2c,478
0x9a,0x2d,506
0x9a,0x2e,510
0x9a,0x2f,536
0x9a,0x30,380
0x9a,0x31,506
0x9a,0x32,458
0x9a,0x33,506
0x9a,0x34,456
0x9a,0x35,534
0x9a,0x36,494
0x9a,0x37,542
0x9a,0x38,462
0x9a,0x39,456
0x9a,0x3a,496
0x9a,0x3b,530
0x9a,0x3c,486
0x9a,0x3d,534
0x9a,0x3e,536
0x9a,0x3f,528
0x9a,0x40,512
0x9a,0x41,488
0x9a,0x42,520
0x9a,0x43,502
0x9a,0x44,510
0x9a,0x45,518
0x9a,0x46,502
0x9a,0x47,518
0x9a,0x48,504
0x9a,0x49,480
0x9a,0x4a,490
0x9a,0x4b,516
0x9a,0x4c,524
0x9a,0x4d,548
0x9a,0x4e,512
0x9a,0x4f,508
0x9a,0x50,522
0x9a,0x51,542
0x9a,0x52,492
0x9a,0x53,484
0x9a,0x54,502
0x9a,0x55,552
0x9a,0x56,516
0x9a,0x57,522
0x9a,0x58,532
0x9a,0x59,504
0x9a,0x5a,456
0x9a,0x5b,508
0x9a,0x5c,512
0x9a,0x5d,532
0x9a,0x5e,556
0x9a,0x5f,532
0x9a,0x60,518
0x9a,0x61,540
0x9a,0x62,516
0x9a,0x63,478
0x9a,0x64,490
0x9a,0x65,516
0x9a,0x66,564
0x9a,0x67,536
0x9a,0x68,528
0x9a,0x69,498
0x9a,0x6a,494
0x9a,0x6b,530
0x9a,0x6c,522
0x9a,0x6d,508
0x9a,0x6e,548
0x9a,0x6f,494
0x9a,0x70,542
0x9a,0x71,540
0x9a,0x72,498
0x9a,0x73,544
0x9a,0x74,480
0x9a,0x75,480
0x9a,0x76,474
0x9a,0x77,504
0x9a,0x78,512
0x9a,0x79,522
0x9a,0x7a,520
0x9a,0x7b,528
0x9a,0x7c,514
0x9a,0x7d,542
0x9a,0x7e,522
0x9a,0x7f,498
0x9a,0x80,532
0x9a,0x81,506
0x9a,0x82,486
0x9a,0x83,516
0x9a,0x84,478
0x9a,0x85,496
0x9a,0x86,522
0x9a,0x87,508
0x9a,0x88,520
0x9a,0x89,524
0x9a,0x8a,504
0x9a,0x8b,480
0x9a,0x8c,478
0x9a,0x8d,508
0x9a,0x8e,494
0x9a,0x8f,524
0x9a,0x90,512
0x9a,0x91,458
0x9a,0x92,514
0x9a,0x93,524
0x9a,0x94,516
0x9a,0x95,528
0x9a,0x96,508
0x9a,0x97,498
0x9a,0x98,512
0x9a,0x99,484
0x9a,0x9a,510
0x9a,0x9b,486
0x9a,0x9c,506
0x9a,0x9d,508
0x9a,0x9e,496
0x9a,0x9f,558
0x9a,0xa0,464
0x9a,0xa1,516
0x9a,0xa2,458
0x9a,0xa3,498
0x9a,0xa4,484
0x9a,0xa5,474
0x9a,0xa6,510
0x9a,0xa7,484
0x9a,0xa8,484
0x9a,0xa9,530
0x9a,0xaa,476
0x9a,0xab,522
0x9a,0xac,548
0x9a,0xad,514
0x9a,0xae,508
0x9a,0xaf,490
0x9a,0xb0,470
0x9a,0xb1,508
0x9a,0xb2,486
0x9a,0xb3,522
0x9a,0xb4,514
0x9a,0xb5,516
0x9a,0xb6,516
0x9a,0xb7,512
0x9a,0xb8,486
0x9a,0xb9,496
0x9a,0xba,490
0x9a,0xbb,494
0x9a,0xbc,500
0x9a,0xbd,516
0x9a,0xbe,500
0x9a,0xbf,532
0x9a,0xc0,484
0x9a,0xc1,538
0x9a,0xc2,508
0x9a,0xc3,506
0x9a,0xc4,496
0x9a,0xc5,472
0x9a,0xc6,502
0x9a,0xc7,476
0x9a,0xc8,532
0x9a,0xc9,530
0x9a,0xca,526
0x9a,0xcb,498
0x9a,0xcc,482
0x9a,0xcd,508
0x9a,0xce,490
0x9a,0xcf,504
0x9a,0xd0,486
0x9a,0xd1,504
0x9a,0xd2,556
0x9a,0xd3,518
0x9a,0xd4,504
0x9a,0xd5,488
0x9a,0xd6,492
0x9a,0xd7,496
0x9a,0xd8,478
0x9a,0xd9,478
0x9a,0xda,562
0x9a,0xdb,522
0x9a,0xdc,556
0x9a,0xdd,516
0x9a,0xde,488
0x9a,0xdf,500
0x9a,0xe0,520
0x9a,0xe1,510
0x9a,0xe2,546
0x9a,0xe3,548
0x9a,0xe4,490
0x9a,0xe5,536
0x9a,0xe6,500
0x9a,0xe7,460
0x9a,0xe8,494
0x9a,0xe9,514
0x9a,0xea,470
0x9a,0xeb,492
0x9a,0xec,532
0x9a,0xed,444
0x9a,0xee,486
0x9a,0xef,518
0x9a,0xf0,504
0x9a,0xf1,494
0x9a,0xf2,566
0x9a,0xf3,534
0x9a,0xf4,494
0x9a,0xf5,496
0x9a,0xf6,536
0x9a,0xf7,492
0x9a,0xf8,504
0x9a,0xf9,496
0x9a,0xfa,518
0x9a,0xfb,516
0x9a,0xfc,512
0x9a,0xfd,510
0x9a,0xfe,530
0x9a,0xff,528
0x9b,0x00,256
0x9b,0x01,504
0x9b,0x02,518
0x9b,0x03,522
0x9b,0x04,504
0x9b,0x05,496
0x9b,0x06,480
0x9b,0x07,488
0x9b,0x08,496
0x9b,0x09,498
0x9b,0x0a,514
0x9b,0x0b,480
0x9b,0x0c,506
0x9b,0x0d,472
0x9b,0x0e,516
0x9b,0x0f,544
0x9b,0x10,496
0x9b,0x11,506
0x9b,0x12,486
0x9b,0x13,514
0x9b,0x14,510
0x9b,0x15,502
0x9b,0x16,488
0x9b,0x17,578
0x9b,0x18,546
0x9b,0x19,524
0x9b,0x1a,550
0x9b,0x1b,514
0x9b,0x1c,544
0x9b,0x1d,494
0x9b,0x1e,502
0x9b,0x1f,454
0x9b,0x20,468
0x9b,0x21,478
0x9b,0x22,468
0x9b,0x23,476
0x9b,0x24,532
0x9b,0x25,486
0x9b,0x26,428
0x9b,0x27,542
0x9b,0x28,544
0x9b,0x29,494
0x9b,0x2a,500
0x9b,0x2b,522
0x9b,0x2c,516
0x9b,0x2d,516
0x9b,0x2e,504
0x9b,0x2f,508
0x9b,0x30,568
0x9b,0x31,486
0x9b,0x32,472
0x9b,0x33,490
0x9b,0x34,498
0x9b,0x35,518
0x9b,0x36,480
0x9b,0x37,480
0x9b,0x38,494
0x9b,0x39,510
0x9b,0x3a,480
0x9b,0x3b,534
0x9b,0x3c,538
0x9b,0x3d,560
0x9b,0x3e,492
0x9b,0x3f,512
0x9b,0x40,490
0x9b,0x41,524
0x9b,0x42,496
0x9b,0x43,516
0x9b,0x44,518
0x9b,0x45,536
0x9b,0x46,506
0x9b,0x47,512
0x9b,0x48,484
0x9b,0x49,492
0x9b,0x4a,492
0x9b,0x4b,474
0x9b,0x4c,504
0x9b,0x4d,496
0x9b,0x4e,514
0x9b,0x4f,580
0x9b,0x50,528
0x9b,0x51,538
0x9b,0x52,514
0x9b,0x53,520
0x9b,0x54,468
0x9b,0x55,508
0x9b,0x56,484
0x9b,0x57,500
0x9b,0x58,500
0x9b,0x59,506
0x9b,0x5a,542
0x9b,0x5b,508
0x9b,0x5c,518
0x9b,0x5d,516
0x9b,0x5e,522
0x9b,0x5f,508
0x9b,0x60,484
0x9b,0x61,492
0x9b,0x62,506
0x9b,0x63,606
0x9b,0x64,482
0x9b,0x65,512
0x9b,0x66,468
0x9b,0x67,526
0x9b,0x68,516
0x9b,0x69,496
0x9b,0x6a,556
0x9b,0x6b,512
0x9b,0x6c,546
0x9b,0x6d,550
0x9b,0x6e,470
0x9b,0x6f,476
0x9b,0x70,530
0x9b,0x71,496
0x9b,0x72,508
0x9b,0x73,524
0x9b,0x74,552
0x9b,0x75,482
0x9b,0x76,506
0x9b,0x77,520
0x9b,0x78,518
0x9b,0x79,500
0x9b,0x7a,502
0x9b,0x7b,492
0x9b,0x7c,522
0x9b,0x7d,508
0x9b,0x7e,466
0x9b,0x7f,506
0x9b,0x80,528
0x9b,0x81,544
0x9b,0x82,506
0x9b,0x83,520
0x9b,0x84,478
0x9b,0x85,498
0x9b,0x86,520
0x9b,0x87,526
0x9b,0x88,500
0x9b,0x89,518
0x9b,0x8a,542
0x9b,0x8b,510
0x9b,0x8c,536
0x9b,0x8d,506
0x9b,0x8e,510
0x9b,0x8f,512
0x9b,0x90,500
0x9b,0x91,522
0x9b,0x92,512
0x9b,0x93,500
0x9b,0x94,482
0x9b,0x95,522
0x9b,0x96,482
0x9b,0x97,500
0x9b,0x98,498
0x9b,0x99,520
0x9b,0x9a,538
0x9b,0x9b,494
0x9b,0x9c,516
0x9b,0x9d,496
0x9b,0x9e,502
0x9b,0x9f,508
0x9b,0xa0,494
0x9b,0xa1,504
0x9b,0xa2,522
0x9b,0xa3,576
0x9b,0xa4,476
0x9b,0xa5,532
0x9b,0xa6,504
0x9b,0xa7,500
0x9b,0xa8,500
0x9b,0xa9,468
0x9b,0xaa,544
0x9b,0xab,546
0x9b,0xac,492
0x9b,0xad,548
0x9b,0xae,516
0x9b,0xaf,528
0x9b,0xb0,506
0x9b,0xb1,518
0x9b,0xb2,498
0x9b,0xb3,526
0x9b,0xb4,526
0x9b,0xb5,530
0x9b,0xb6,500
0x9b,0xb7,536
0x9b,0xb8,538
0x9b,0xb9,530
0x9b,0xba,484
0x9b,0xbb,484
0x9b,0xbc,500
0x9b,0xbd,502
0x9b,0xbe,504
0x9b,0xbf,506
0x9b,0xc0,502
0x9b,0xc1,522
0x9b,0xc2,548
0x9b,0xc3,490
0x9b,0xc4,492
0x9b,0xc5,488
0x9b,0xc6,538
0x9b,0xc7,466
0x9b,0xc8,544
0x9b,0xc9,526
0x9b,0xca,520
0x9b,0xcb,466
0x9b,0xcc,480
0x9b,0xcd,480
0x9b,0xce,524
0x9b,0xcf,524
0x9b,0xd0,510
0x9b,0xd1,506
0x9b,0xd2,500
0x9b,0xd3,530
0x9b,0xd4,518
0x9b,0xd5,504
0x9b,0xd6,512
0x9b,0xd7,526
0x9b,0xd8,486
0x9b,0xd9,498
0x9b,0xda,544
0x9b,0xdb,534
0x9b,0xdc,498
0x9b,0xdd,486
0x9b,0xde,500
0x9b,0xdf,520
0x9b,0xe0,526
0x9b,0xe1,490
0x9b,0xe2,502
0x9b,0xe3,498
0x9b,0xe4,504
0x9b,0xe5,512
0x9b,0xe6,552
0x9b,0xe7,554
0x9b,0xe8,534
0x9b,0xe9,482
0x9b,0xea,506
0x9b,0xeb,540
0x9b,0xec,472
0x9b,0xed,514
0x9b,0xee,542
0x9b,0xef,516
0x9b,0xf0,526
0x9b,0xf1,548
0x9b,0xf2,526
0x9b,0xf3,552
0x9b,0xf4,534
0x9b,0xf5,504
0x9b,0xf6,502
0x9b,0xf7,472
0x9b,0xf8,462
0x9b,0xf9,506
0x9b,0xfa,492
0x9b,0xfb,540
0x9b,0xfc,488
0x9b,0xfd,494
0x9b,0xfe,486
0x9b,0xff,530
0x9c,0x00,256
0x9c,0x01,476
0x9c,0x02,530
0x9c,0x03,512
0x9c,0x04,480
0x9c,0x05,536
0x9c,0x06,484
0x9c,0x07,508
0x9c,0x08,482
0x9c,0x09,488
0x9c,0x0a,526
0x9c,0x0b,520
0x9c,0x0c,518
0x9c,0x0d,474
0x9c,0x0e,456
0x9c,0x0f,474
0x9c,0x10,488
0x9c,0x11,548
0x9c,0x12,394
0x9c,0x13,556
0x9c,0x14,538
0x9c,0x15,468
0x9c,0x16,498
0x9c,0x17,540
0x9c,0x18,482
0x9c,0x19,470
0x9c,0x1a,530
0x9c,0x1b,524
0x9c,0x1c,500
0x9c,0x1d,508
0x9c,0x1e,518
0x9c,0x1f,520
0x9c,0x20,510
0x9c,0x21,494
0x9c,0x22,506
0x9c,0x23,554
0x9c,0x24,688
0x9c,0x25,512
0x9c,0x26,516
0x9c,0x27,636
0x9c,0x28,534
0x9c,0x29,482
0x9c,0x2a,524
0x9c,0x2b,492
0x9c,0x2c,536
0x9c,0x2d,584
0x9c,0x2e,494
0x9c,0x2f,492
0x9c,0x30,400
0x9c,0x31,602
0x9c,0x32,576
0x9c,0x33,524
0x9c,0x34,464
0x9c,0x35,504
0x9c,0x36,456
0x9c,0x37,530
0x9c,0x38,552
0x9c,0x39,538
0x9c,0x3a,498
0x9c,0x3b,476
0x9c,0x3c,524
0x9c,0x3d,512
0x9c,0x3e,516
0x9c,0x3f,530
0x9c,0x40,470
0x9c,0x41,492
0x9c,0x42,532
0x9c,0x43,472
0x9c,0x44,564
0x9c,0x45,542
0x9c,0x46,504
0x9c,0x47,524
0x9c,0x48,494
0x9c,0x49,502
0x9c,0x4a,456
0x9c,0x4b,464
0x9c,0x4c,522
0x9c,0x4d,500
0x9c,0x4e,460
0x9c,0x4f,508
0x9c,0x50,508
0x9c,0x51,524
0x9c,0x52,502
0x9c,0x53,490
0x9c,0x54,460
0x9c,0x55,528
0x9c,0x56,518
0x9c,0x57,498
0x9c,0x58,506
0x9c,0x59,514
0x9c,0x5a,550
0x9c,0x5b,524
0x9c,0x5c,504
0x9c,0x5d,502
0x9c,0x5e,552
0x9c,0x5f,494
0x9c,0x60,522
0x9c,0x61,482
0x9c,0x62,552
0x9c,0x63,550
0x9c,0x64,516
0x9c,0x65,502
0x9c,0x66,510
0x9c,0x67,538
0x9c,0x68,624
0x9c,0x69,546
0x9c,0x6a,502
0x9c,0x6b,494
0x9c,0x6c,498
0x9c,0x6d,524
0x9c,0x6e,512
0x9c,0x6f,504
0x9c,0x70,502
0x9c,0x71,530
0x9c,0x72,492
0x9c,0x73,546
0x9c,0x74,480
0x9c,0x75,516
0x9c,0x76,478
0x9c,0x77,496
0x9c,0x78,490
0x9c,0x79,514
0x9c,0x7a,500
0x9c,0x7b,552
0x9c,0x7c,540
0x9c,0x7d,524
0x9c,0x7e,522
0x9c,0x7f,480
0x9c,0x80,476
0x9c,0x81,480
0x9c,0x82,512
0x9c,0x83,512
0x9c,0x84,528
0x9c,0x85,520
0x9c,0x86,486
0x9c,0x87,506
0x9c,0x88,512
0x9c,0x89,530
0x9c,0x8a,532
0x9c,0x8b,514
0x9c,0x8c,500
0x9c,0x8d,554
0x9c,0x8e,502
0x9c,0x8f,460
0x9c,0x90,498
0x9c,0x91,540
0x9c,0x92,608
0x9c,0x93,526
0x9c,0x94,486
0x9c,0x95,490
0x9c,0x96,482
0x9c,0x97,506
0x9c,0x98,516
0x9c,0x99,496
0x9c,0x9a,494
0x9c,0x9b,526
0x9c,0x9c,534
0x9c,0x9d,480
0x9c,0x9e,506
0x9c,0x9f,474
0x9c,0xa0,566
0x9c,0xa1,496
0x9c,0xa2,506
0x9c,0xa3,454
0x9c,0xa4,530
0x9c,0xa5,490
0x9c,0xa6,488
0x9c,0xa7,502
0x9c,0xa8,554
0x9c,0xa9,512
0x9c,0xaa,466
0x9c,0xab,514
0x9c,0xac,528
0x9c,0xad,526
0x9c,0xae,504
0x9c,0xaf,498
0x9c,0xb0,502
0x9c,0xb1,534
0x9c,0xb2,522
0x9c,0xb3,526
0x9c,0xb4,482
0x9c,0xb5,552
0x9c,0xb6,476
0x9c,0xb7,530
0x9c,0xb8,504
0x9c,0xb9,520
0x9c,0xba,498
0x9c,0xbb,516
0x9c,0xbc,552
0x9c,0xbd,480
0x9c,0xbe,522
0x9c,0xbf,498
0x9c,0xc0,502
0x9c,0xc1,514
0x9c,0xc2,502
0x9c,0xc3,494
0x9c,0xc4,486
0x9c,0xc5,502
0x9c,0xc6,522
0x9c,0xc7,470
0x9c,0xc8,544
0x9c,0xc9,482
0x9c,0xca,520
0x9c,0xcb,504
0x9c,0xcc,518
0x9c,0xcd,460
0x9c,0xce,508
0x9c,0xcf,516
0x9c,0xd0,486
0x9c,0xd1,506
0x9c,0xd2,520
0x9c,0xd3,482
0x9c,0xd4,538
0x9c,0xd5,522
0x9c,0xd6,560
0x9c,0xd7,532
0x9c,0xd8,514
0x9c,0xd9,522
0x9c,0xda,514
0x9c,0xdb,492
0x9c,0xdc,542
0x9c,0xdd,522
0x9c,0xde,528
0x9c,0xdf,520
0x9c,0xe0,516
0x9c,0xe1,492
0x9c,0xe2,510
0x9c,0xe3,536
0x9c,0xe4,510
0x9c,0xe5,518
0x9c,0xe6,486
0x9c,0xe7,510
0x9c,0xe8,464
0x9c,0xe9,512
0x9c,0xea,474
0x9c,0xeb,482
0x9c,0xec,456
0x9c,0xed,492
0x9c,0xee,530
0x9c,0xef,548
0x9c,0xf0,538
0x9c,0xf1,518
0x9c,0xf2,492
0x9c,0xf3,464
0x9c,0xf4,506
0x9c,0xf5,492
0x9c,0xf6,520
0x9c,0xf7,492
0x9c,0xf8,514
0x9c,0xf9,490
0x9c,0xfa,494
0x9c,0xfb,512
0x9c,0xfc,508
0x9c,0xfd,520
0x9c,0xfe,518
0x9c,0xff,480
0x9d,0x00,256
0x9d,0x01,490
0x9d,0x02,490
0x9d,0x03,538
0x9d,0x04,512
0x9d,0x05,504
0x9d,0x06,504
0x9d,0x07,478
0x9d,0x08,532
0x9d,0x09,494
0x9d,0x0a,516
0x9d,0x0b,506
0x9d,0x0c,524
0x9d,0x0d,522
0x9d,0x0e,490
0x9d,0x0f,482
0x9d,0x10,472
0x9d,0x11,522
0x9d,0x12,450
0x9d,0x13,486
0x9d,0x14,570
0x9d,0x15,502
0x9d,0x16,470
0x9d,0x17,524
0x9d,0x18,460
0x9d,0x19,492
0x9d,0x1a,486
0x9d,0x1b,526
0x9d,0x1c,520
0x9d,0x1d,554
0x9d,0x1e,484
0x9d,0x1f,518
0x9d,0x20,480
0x9d,0x21,488
0x9d,0x22,590
0x9d,0x23,498
0x9d,0x24,832
0x9d,0x25,460
0x9d,0x26,412
0x9d,0x27,482
0x9d,0x28,514
0x9d,0x29,500
0x9d,0x2a,494
0x9d,0x2b,556
0x9d,0x2c,516
0x9d,0x2d,528
0x9d,0x2e,532
0x9d,0x2f,512
0x9d,0x30,776
0x9d,0x31,520
0x9d,0x32,488
0x9d,0x33,492
0x9d,0x34,490
0x9d,0x35,498
0x9d,0x36,452
0x9d,0x37,508
0x9d,0x38,490
0x9d,0x39,518
0x9d,0x3a,488
0x9d,0x3b,522
0x9d,0x3c,526
0x9d,0x3d,512
0x9d,0x3e,464
0x9d,0x3f,478
0x9d,0x40,480
0x9d,0x41,598
0x9d,0x42,504
0x9d,0x43,534
0x9d,0x44,504
0x9d,0x45,534
0x9d,0x46,470
0x9d,0x47,544
0x9d,0x48,504
0x9d,0x49,520
0x9d,0x4a,530
0x9d,0x4b,528
0x9d,0x4c,504
0x9d,0x4d,536
0x9d,0x4e,500
0x9d,0x4f,492
0x9d,0x50,526
0x9d,0x51,536
0x9d,0x52,526
0x9d,0x53,504
0x9d,0x54,502
0x9d,0x55,574
0x9d,0x56,498
0x9d,0x57,528
0x9d,0x58,496
0x9d,0x59,522
0x9d,0x5a,516
0x9d,0x5b,490
0x9d,0x5c,508
0x9d,0x5d,544
0x9d,0x5e,502
0x9d,0x5f,516
0x9d,0x60,532
0x9d,0x61,500
0x9d,0x62,516
0x9d,0x63,488
0x9d,0x64,510
0x9d,0x65,504
0x9d,0x66,562
0x9d,0x67,512
0x9d,0x68,496
0x9d,0x69,454
0x9d,0x6a,522
0x9d,0x6b,510
0x9d,0x6c,556
0x9d,0x6d,534
0x9d,0x6e,518
0x9d,0x6f,516
0x9d,0x70,500
0x9d,0x71,470
0x9d,0x72,518
0x9d,0x73,522
0x9d,0x74,540
0x9d,0x75,506
0x9d,0x76,522
0x9d,0x77,532
0x9d,0x78,496
0x9d,0x79,486
0x9d,0x7a,518
0x9d,0x7b,516
0x9d,0x7c,526
0x9d,0x7d,514
0x9d,0x7e,546
0x9d,0x7f,546
0x9d,0x80,514
0x9d,0x81,496
0x9d,0x82,502
0x9d,0x83,516
0x9d,0x84,504
0x9d,0x85,506
0x9d,0x86,510
0x9d,0x87,526
0x9d,0x88,508
0x9d,0x89,484
0x9d,0x8a,520
0x9d,0x8b,506
0x9d,0x8c,506
0x9d,0x8d,502
0x9d,0x8e,484
0x9d,0x8f,520
0x9d,0x90,472
0x9d,0x91,486
0x9d,0x92,516
0x9d,0x93,510
0x9d,0x94,516
0x9d,0x95,516
0x9d,0x96,544
0x9d,0x97,486
0x9d,0x98,478
0x9d,0x99,534
0x9d,0x9a,488
0x9d,0x9b,528
0x9d,0x9c,480
0x9d,0x9d,502
0x9d,0x9e,528
0x9d,0x9f,502
0x9d,0xa0,500
0x9d,0xa1,534
0x9d,0xa2,536
0x9d,0xa3,534
0x9d,0xa4,516
0x9d,0xa5,508
0x9d,0xa6,472
0x9d,0xa7,474
0x9d,0xa8,506
0x9d,0xa9,696
0x9d,0xaa,526
0x9d,0xab,538
0x9d,0xac,500
0x9d,0xad,490
0x9d,0xae,544
0x9d,0xaf,482
0x9d,0xb0,570
0x9d,0xb1,488
0x9d,0xb2,548
0x9d,0xb3,494
0x9d,0xb4,498
0x9d,0xb5,512
0x9d,0xb6,492
0x9d,0xb7,454
0x9d,0xb8,518
0x9d,0xb9,510
0x9d,0xba,574
0x9d,0xbb,540
0x9d,0xbc,548
0x9d,0xbd,540
0x9d,0xbe,502
0x9d,0xbf,506
0x9d,0xc0,526
0x9d,0xc1,502
0x9d,0xc2,512
0x9d,0xc3,534
0x9d,0xc4,476
0x9d,0xc5,482
0x9d,0xc6,500
0x9d,0xc7,512
0x9d,0xc8,488
0x9d,0xc9,554
0x9d,0xca,514
0x9d,0xcb,500
0x9d,0xcc,512
0x9d,0xcd,522
0x9d,0xce,492
0x9d,0xcf,518
0x9d,0xd0,502
0x9d,0xd1,536
0x9d,0xd2,548
0x9d,0xd3,506
0x9d,0xd4,488
0x9d,0xd5,468
0x9d,0xd6,508
0x9d,0xd7,562
0x9d,0xd8,534
0x9d,0xd9,488
0x9d,0xda,514
0x9d,0xdb,552
0x9d,0xdc,518
0x9d,0xdd,496
0x9d,0xde,500
0x9d,0xdf,476
0x9d,0xe0,472
0x9d,0xe1,520
0x9d,0xe2,496
0x9d,0xe3,520
0x9d,0xe4,520
0x9d,0xe5,488
0x9d,0xe6,504
0x9d,0xe7,558
0x9d,0xe8,512
0x9d,0xe9,556
0x9d,0xea,506
0x9d,0xeb,508
0x9d,0xec,502
0x9d,0xed,562
0x9d,0xee,468
0x9d,0xef,538
0x9d,0xf0,500
0x9d,0xf1,508
0x9d,0xf2,454
0x9d,0xf3,534
0x9d,0xf4,566
0x9d,0xf5,480
0x9d,0xf6,504
0x9d,0xf7,500
0x9d,0xf8,518
0x9d,0xf9,520
0x9d,0xfa,486
0x9d,0xfb,484
0x9d,0xfc,518
0x9d,0xfd,498
0x9d,0xfe,530
0x9d,0xff,578
0x9e,0x00,256
0x9e,0x01,486
0x9e,0x02,476
0x9e,0x03,488
0x9e,0x04,522
0x9e,0x05,542
0x9e,0x06,488
0x9e,0x07,506
0x9e,0x08,546
0x9e,0x09,548
0x9e,0x0a,466
0x9e,0x0b,512
0x9e,0x0c,504
0x9e,0x0d,484
0x9e,0x0e,508
0x9e,0x0f,486
0x9e,0x10,514
0x9e,0x11,498
0x9e,0x12,492
0x9e,0x13,514
0x9e,0x14,500
0x9e,0x15,548
0x9e,0x16,746
0x9e,0x17,544
0x9e,0x18,484
0x9e,0x19,520
0x9e,0x1a,504
0x9e,0x1b,494
0x9e,0x1c,526
0x9e,0x1d,586
0x9e,0x1e,454
0x9e,0x1f,444
0x9e,0x20,480
0x9e,0x21,536
0x9e,0x22,442
0x9e,0x23,492
0x9e,0x24,560
0x9e,0x25,542
0x9e,0x26,398
0x9e,0x27,506
0x9e,0x28,470
0x9e,0x29,538
0x9e,0x2a,534
0x9e,0x2b,530
0x9e,0x2c,550
0x9e,0x2d,500
0x9e,0x2e,504
0x9e,0x2f,508
0x9e,0x30,452
0x9e,0x31,502
0x9e,0x32,614
0x9e,0x33,532
0x9e,0x34,474
0x9e,0x35,524
0x9e,0x36,478
0x9e,0x37,512
0x9e,0x38,498
0x9e,0x39,554
0x9e,0x3a,534
0x9e,0x3b,524
0x9e,0x3c,490
0x9e,0x3d,544
0x9e,0x3e,516
0x9e,0x3f,500
0x9e,0x40,506
0x9e,0x41,538
0x9e,0x42,504
0x9e,0x43,486
0x9e,0x44,530
0x9e,0x45,438
0x9e,0x46,500
0x9e,0x47,520
0x9e,0x48,526
0x9e,0x49,492
0x9e,0x4a,486
0x9e,0x4b,540
0x9e,0x4c,532
0x9e,0x4d,552
0x9e,0x4e,508
0x9e,0x4f,514
0x9e,0x50,502
0x9e,0x51,518
0x9e,0x52,518
0x9e,0x53,458
0x9e,0x54,538
0x9e,0x55,554
0x9e,0x56,514
0x9e,0x57,516
0x9e,0x58,492
0x9e,0x59,492
0x9e,0x5a,500
0x9e,0x5b,472
0x9e,0x5c,570
0x9e,0x5d,528
0x9e,0x5e,490
0x9e,0x5f,524
0x9e,0x60,502
0x9e,0x61,518
0x9e,0x62,512
0x9e,0x63,514
0x9e,0x64,578
0x9e,0x65,500
0x9e,0x66,478
0x9e,0x67,508
0x9e,0x68,522
0x9e,0x69,518
0x9e,0x6a,524
0x9e,0x6b,458
0x9e,0x6c,454
0x9e,0x6d,518
0x9e,0x6e,476
0x9e,0x6f,500
0x9e,0x70,540
0x9e,0x71,580
0x9e,0x72,554
0x9e,0x73,524
0x9e,0x74,570
0x9e,0x75,546
0x9e,0x76,526
0x9e,0x77,490
0x9e,0x78,492
0x9e,0x79,534
0x9e,0x7a,516
0x9e,0x7b,486
0x9e,0x7c,532
0x9e,0x7d,532
0x9e,0x7e,482
0x9e,0x7f,554
0x9e,0x80,496
0x9e,0x81,480
0x9e,0x82,544
0x9e,0x83,528
0x9e,0x84,544
0x9e,0x85,548
0x9e,0x86,572
0x9e,0x87,488
0x9e,0x88,502
0x9e,0x89,490
0x9e,0x8a,562
0x9e,0x8b,512
0x9e,0x8c,494
0x9e,0x8d,566
0x9e,0x8e,506
0x9e,0x8f,466
0x9e,0x90,528
0x9e,0x91,544
0x9e,0x92,512
0x9e,0x93,530
0x9e,0x94,580
0x9e,0x95,506
0x9e,0x96,544
0x9e,0x97,520
0x9e,0x98,528
0x9e,0x99,500
0x9e,0x9a,508
0x9e,0x9b,510
0x9e,0x9c,536
0x9e,0x9d,498
0x9e,0x9e,504
0x9e,0x9f,514
0x9e,0xa0,528
0x9e,0xa1,512
0x9e,0xa2,524
0x9e,0xa3,534
0x9e,0xa4,510
0x9e,0xa5,514
0x9e,0xa6,512
0x9e,0xa7,544
0x9e,0xa8,456
0x9e,0xa9,550
0x9e,0xaa,524
0x9e,0xab,540
0x9e,0xac,468
0x9e,0xad,494
0x9e,0xae,512
0x9e,0xaf,494
0x9e,0xb0,590
0x9e,0xb1,538
0x9e,0xb2,506
0x9e,0xb3,514
0x9e,0xb4,496
0x9e,0xb5,568
0x9e,0xb6,516
0x9e,0xb7,492
0x9e,0xb8,570
0x9e,0xb9,524
0x9e,0xba,518
0x9e,0xbb,526
0x9e,0xbc,474
0x9e,0xbd,470
0x9e,0xbe,508
0x9e,0xbf,510
0x9e,0xc0,490
0x9e,0xc1,534
0x9e,0xc2,524
0x9e,0xc3,506
0x9e,0xc4,518
0x9e,0xc5,496
0x9e,0xc6,552
0x9e,0xc7,510
0x9e,0xc8,516
0x9e,0xc9,522
0x9e,0xca,480
0x9e,0xcb,512
0x9e,0xcc,570
0x9e,0xcd,552
0x9e,0xce,480
0x9e,0xcf,558
0x9e,0xd0,534
0x9e,0xd1,526
0x9e,0xd2,474
0x9e,0xd3,494
0x9e,0xd4,554
0x9e,0xd5,502
0x9e,0xd6,592
0x9e,0xd7,504
0x9e,0xd8,536
0x9e,0xd9,518
0x9e,0xda,510
0x9e,0xdb,502
0x9e,0xdc,492
0x9e,0xdd,492
0x9e,0xde,490
0x9e,0xdf,516
0x9e,0xe0,494
0x9e,0xe1,544
0x9e,0xe2,518
0x9e,0xe3,568
0x9e,0xe4,528
0x9e,0xe5,554
0x9e,0xe6,564
0x9e,0xe7,490
0x9e,0xe8,506
0x9e,0xe9,532
0x9e,0xea,530
0x9e,0xeb,492
0x9e,0xec,546
0x9e,0xed,556
0x9e,0xee,530
0x9e,0xef,562
0x9e,0xf0,506
0x9e,0xf1,494
0x9e,0xf2,482
0x9e,0xf3,498
0x9e,0xf4,478
0x9e,0xf5,510
0x9e,0xf6,530
0x9e,0xf7,528
0x9e,0xf8,516
0x9e,0xf9,506
0x9e,0xfa,546
0x9e,0xfb,490
0x9e,0xfc,510
0x9e,0xfd,530
0x9e,0xfe,486
0x9e,0xff,500
0x9f,0x00,256
0x9f,0x01,484
0x9f,0x02,556
0x9f,0x03,524
0x9f,0x04,538
0x9f,0x05,482
0x9f,0x06,512
0x9f,0x07,500
0x9f,0x08,516
0x9f,0x09,484
0x9f,0x0a,514
0x9f,0x0b,486
0x9f,0x0c,504
0x9f,0x0d,498
0x9f,0x0e,528
0x9f,0x0f,508
0x9f,0x10,554
0x9f,0x11,506
0x9f,0x12,494
0x9f,0x13,494
0x9f,0x14,502
0x9f,0x15,506
0x9f,0x16,468
0x9f,0x17,490
0x9f,0x18,516
0x9f,0x19,484
0x9f,0x1a,508
0x9f,0x1b,500
0x9f,0x1c,518
0x9f,0x1d,496
0x9f,0x1e,478
0x9f,0x1f,526
0x9f,0x20,516
0x9f,0x21,492
0x9f,0x22,524
0x9f,0x23,510
0x9f,0x24,392
0x9f,0x25,488
0x9f,0x26,618
0x9f,0x27,492
0x9f,0x28,480
0x9f,0x29,478
0x9f,0x2a,488
0x9f,0x2b,516
0x9f,0x2c,484
0x9f,0x2d,524
0x9f,0x2e,524
0x9f,0x2f,496
0x9f,0x30,440
0x9f,0x31,506
0x9f,0x32,482
0x9f,0x33,526
0x9f,0x34,516
0x9f,0x35,500
0x9f,0x36,520
0x9f,0x37,512
0x9f,0x38,540
0x9f,0x39,476
0x9f,0x3a,482
0x9f,0x3b,496
0x9f,0x3c,486
0x9f,0x3d,504
0x9f,0x3e,514
0x9f,0x3f,490
0x9f,0x40,520
0x9f,0x41,532
0x9f,0x42,514
0x9f,0x43,484
0x9f,0x44,532
0x9f,0x45,492
0x9f,0x46,578
0x9f,0x47,484
0x9f,0x48,562
0x9f,0x49,514
0x9f,0x4a,460
0x9f,0x4b,492
0x9f,0x4c,514
0x9f,0x4d,512
0x9f,0x4e,550
0x9f,0x4f,526
0x9f,0x50,526
0x9f,0x51,502
0x9f,0x52,504
0x9f,0x53,490
0x9f,0x54,576
0x9f,0x55,500
0x9f,0x56,488
0x9f,0x57,494
0x9f,0x58,536
0x9f,0x59,520
0x9f,0x5a,520
0x9f,0x5b,596
0x9f,0x5c,486
0x9f,0x5d,492
0x9f,0x5e,488
0x9f,0x5f,488
0x9f,0x60,540
0x9f,0x61,558
0x9f,0x62,496
0x9f,0x63,508
0x9f,0x64,478
0x9f,0x65,524
0x9f,0x66,518
0x9f,0x67,508
0x9f,0x68,498
0x9f,0x69,498
0x9f,0x6a,528
0x9f,0x6b,588
0x9f,0x6c,494
0x9f,0x6d,534
0x9f,0x6e,486
0x9f,0x6f,482
0x9f,0x70,502
0x9f,0x71,482
0x9f,0x72,484
0x9f,0x73,504
0x9f,0x74,508
0x9f,0x75,494
0x9f,0x76,524
0x9f,0x77,504
0x9f,0x78,552
0x9f,0x79,518
0x9f,0x7a,518
0x9f,0x7b,516
0x9f,0x7c,532
0x9f,0x7d,470
0x9f,0x7e,458
0x9f,0x7f,504
0x9f,0x80,494
0x9f,0x81,530
0x9f,0x82,526
0x9f,0x83,514
0x9f,0x84,484
0x9f,0x85,538
0x9f,0x86,548
0x9f,0x87,516
0x9f,0x88,500
0x9f,0x89,490
0x9f,0x8a,514
0x9f,0x8b,550
0x9f,0x8c,542
0x9f,0x8d,494
0x9f,0x8e,512
0x9f,0x8f,482
0x9f,0x90,504
0x9f,0x91,552
0x9f,0x92,460
0x9f,0x93,510
0x9f,0x94,518
0x9f,0x95,518
0x9f,0x96,498
0x9f,0x97,480
0x9f,0x98,500
0x9f,0x99,504
0x9f,0x9a,512
0x9f,0x9b,496
0x9f,0x9c,486
0x9f,0x9d,460
0x9f,0x9e,542
0x9f,0x9f,504
0x9f,0xa0,518
0x9f,0xa1,482
0x9f,0xa2,482
0x9f,0xa3,470
0x9f,0xa4,494
0x9f,0xa5,544
0x9f,0xa6,504
0x9f,0xa7,502
0x9f,0xa8,502
0x9f,0xa9,540
0x9f,0xaa,532
0x9f,0xab,504
0x9f,0xac,518
0x9f,0xad,500
0x9f,0xae,588
0x9f,0xaf,508
0x9f,0xb0,546
0x9f,0xb1,560
0x9f,0xb2,480
0x9f,0xb3,506
0x9f,0xb4,510
0x9f,0xb5,526
0x9f,0xb6,532
0x9f,0xb7,528
0x9f,0xb8,472
0x9f,0xb9,496
0x9f,0xba,500
0x9f,0xbb,510
0x9f,0xbc,526
0x9f,0xbd,530
0x9f,0xbe,508
0x9f,0xbf,546
0x9f,0xc0,520
0x9f,0xc1,560
0x9f,0xc2,476
0x9f,0xc3,510
0x9f,0xc4,532
0x9f,0xc5,498
0x9f,0xc6,518
0x9f,0xc7,494
0x9f,0xc8,488
0x9f,0xc9,544
0x9f,0xca,552
0x9f,0xcb,510
0x9f,0xcc,482
0x9f,0xcd,508
0x9f,0xce,482
0x9f,0xcf,472
0x9f,0xd0,512
0x9f,0xd1,474
0x9f,0xd2,480
0x9f,0xd3,538
0x9f,0xd4,502
0x9f,0xd5,508
0x9f,0xd6,490
0x9f,0xd7,506
0x9f,0xd8,492
0x9f,0xd9,492
0x9f,0xda,532
0x9f,0xdb,480
0x9f,0xdc,486
0x9f,0xdd,458
0x9f,0xde,498
0x9f,0xdf,544
0x9f,0xe0,532
0x9f,0xe1,512
0x9f,0xe2,502
0x9f,0xe3,512
0x9f,0xe4,522
0x9f,0xe5,496
0x9f,0xe6,514
0x9f,0xe7,496
0x9f,0xe8,562
0x9f,0xe9,488
0x9f,0xea,526
0x9f,0xeb,534
0x9f,0xec,492
0x9f,0xed,506
0x9f,0xee,524
0x9f,0xef,516
0x9f,0xf0,496
0x9f,0xf1,476
0x9f,0xf2,526
0x9f,0xf3,520
0x9f,0xf4,474
0x9f,0xf5,522
0x9f,0xf6,512
0x9f,0xf7,504
0x9f,0xf8,532
0x9f,0xf9,548
0x9f,0xfa,478
0x9f,0xfb,484
0x9f,0xfc,518
0x9f,0xfd,538
0x9f,0xfe,474
0x9f,0xff,534
0xa0,0x00,256
0xa0,0x01,566
0xa0,0x02,498
0xa0,0x03,496
0xa0,0x04,498
0xa0,0x05,494
0xa0,0x06,486
0xa0,0x07,522
0xa0,0x08,482
0xa0,0x09,494
0xa0,0x0a,492
0xa0,0x0b,540
0xa0,0x0c,500
0xa0,0x0d,526
0xa0,0x0e,520
0xa0,0x0f,508
0xa0,0x10,522
0xa0,0x11,522
0xa0,0x12,390
0xa0,0x13,492
0xa0,0x14,472
0xa0,0x15,522
0xa0,0x16,464
0xa0,0x17,490
0xa0,0x18,536
0xa0,0x19,552
0xa0,0x1a,572
0xa0,0x1b,490
0xa0,0x1c,520
0xa0,0x1d,478
0xa0,0x1e,516
0xa0,0x1f,508
0xa0,0x20,544
0xa0,0x21,526
0xa0,0x22,562
0xa0,0x23,538
0xa0,0x24,454
0xa0,0x25,510
0xa0,0x26,504
0xa0,0x27,522
0xa0,0x28,504
0xa0,0x29,528
0xa0,0x2a,520
0xa0,0x2b,510
0xa0,0x2c,512
0xa0,0x2d,492
0xa0,0x2e,520
0xa0,0x2f,532
0xa0,0x30,522
0xa0,0x31,486
0xa0,0x32,504
0xa0,0x33,506
0xa0,0x34,496
0xa0,0x35,504
0xa0,0x36,448
0xa0,0x37,642
0xa0,0x38,544
0xa0,0x39,482
0xa0,0x3a,534
0xa0,0x3b,490
0xa0,0x3c,542
0xa0,0x3d,504
0xa0,0x3e,524
0xa0,0x3f,514
0xa0,0x40,520
0xa0,0x41,474
0xa0,0x42,516
0xa0,0x43,488
0xa0,0x44,532
0xa0,0x45,470
0xa0,0x46,520
0xa0,0x47,522
0xa0,0x48,518
0xa0,0x49,490
0xa0,0x4a,500
0xa0,0x4b,524
0xa0,0x4c,544
0xa0,0x4d,468
0xa0,0x4e,558
0xa0,0x4f,460
0xa0,0x50,508
0xa0,0x51,486
0xa0,0x52,530
0xa0,0x53,506
0xa0,0x54,506
0xa0,0x55,488
0xa0,0x56,524
0xa0,0x57,594
0xa0,0x58,516
0xa0,0x59,538
0xa0,0x5a,524
0xa0,0x5b,484
0xa0,0x5c,528
0xa0,0x5d,538
0xa0,0x5e,518
0xa0,0x5f,478
0xa0,0x60,550
0xa0,0x61,512
0xa0,0x62,478
0xa0,0x63,506
0xa0,0x64,516
0xa0,0x65,462
0xa0,0x66,504
0xa0,0x67,480
0xa0,0x68,572
0xa0,0x69,484
0xa0,0x6a,536
0xa0,0x6b,542
0xa0,0x6c,522
0xa0,0x6d,518
0xa0,0x6e,506
0xa0,0x6f,494
0xa0,0x70,524
0xa0,0x71,528
0xa0,0x72,486
0xa0,0x73,522
0xa0,0x74,484
0xa0,0x75,500
0xa0,0x76,526
0xa0,0x77,540
0xa0,0x78,512
0xa0,0x79,530
0xa0,0x7a,504
0xa0,0x7b,522
0xa0,0x7c,576
0xa0,0x7d,504
0xa0,0x7e,464
0xa0,0x7f,552
0xa0,0x80,520
0xa0,0x81,488
0xa0,0x82,496
0xa0,0x83,542
0xa0,0x84,480
0xa0,0x85,502
0xa0,0x86,524
0xa0,0x87,508
0xa0,0x88,484
0xa0,0x89,566
0xa0,0x8a,516
0xa0,0x8b,518
0xa0,0x8c,486
0xa0,0x8d,496
0xa0,0x8e,490
0xa0,0x8f,496
0xa0,0x90,468
0xa0,0x91,538
0xa0,0x92,510
0xa0,0x93,556
0xa0,0x94,510
0xa0,0x95,510
0xa0,0x96,488
0xa0,0x97,542
0xa0,0x98,488
0xa0,0x99,526
0xa0,0x9a,484
0xa0,0x9b,502
0xa0,0x9c,530
0xa0,0x9d,532
0xa0,0x9e,518
0xa0,0x9f,506
0xa0,0xa0,546
0xa0,0xa1,494
0xa0,0xa2,534
0xa0,0xa3,506
0xa0,0xa4,530
0xa0,0xa5,518
0xa0,0xa6,494
0xa0,0xa7,524
0xa0,0xa8,504
0xa0,0xa9,536
0xa0,0xaa,516
0xa0,0xab,534
0xa0,0xac,524
0xa0,0xad,526
0xa0,0xae,502
0xa0,0xaf,498
0xa0,0xb0,470
0xa0,0xb1,510
0xa0,0xb2,470
0xa0,0xb3,496
0xa0,0xb4,468
0xa0,0xb5,526
0xa0,0xb6,492
0xa0,0xb7,534
0xa0,0xb8,516
0xa0,0xb9,448
0xa0,0xba,542
0xa0,0xbb,496
0xa0,0xbc,504
0xa0,0xbd,492
0xa0,0xbe,496
0xa0,0xbf,490
0xa0,0xc0,514
0xa0,0xc1,490
0xa0,0xc2,512
0xa0,0xc3,532
0xa0,0xc4,540
0xa0,0xc5,536
0xa0,0xc6,512
0xa0,0xc7,492
0xa0,0xc8,544
0xa0,0xc9,544
0xa0,0xca,524
0xa0,0xcb,512
0xa0,0xcc,520
0xa0,0xcd,528
0xa0,0xce,516
0xa0,0xcf,518
0xa0,0xd0,502
0xa0,0xd1,536
0xa0,0xd2,500
0xa0,0xd3,492
0xa0,0xd4,542
0xa0,0xd5,526
0xa0,0xd6,508
0xa0,0xd7,520
0xa0,0xd8,502
0xa0,0xd9,516
0xa0,0xda,516
0xa0,0xdb,448
0xa0,0xdc,558
0xa0,0xdd,466
0xa0,0xde,500
0xa0,0xdf,470
0xa0,0xe0,484
0xa0,0xe1,484
0xa0,0xe2,484
0xa0,0xe3,550
0xa0,0xe4,476
0xa0,0xe5,524
0xa0,0xe6,482
0xa0,0xe7,554
0xa0,0xe8,496
0xa0,0xe9,532
0xa0,0xea,472
0xa0,0xeb,514
0xa0,0xec,528
0xa0,0xed,476
0xa0,0xee,532
0xa0,0xef,516
0xa0,0xf0,474
0xa0,0xf1,510
0xa0,0xf2,492
0xa0,0xf3,510
0xa0,0xf4,540
0xa0,0xf5,510
0xa0,0xf6,492
0xa0,0xf7,506
0xa0,0xf8,522
0xa0,0xf9,512
0xa0,0xfa,480
0xa0,0xfb,466
0xa0,0xfc,512
0xa0,0xfd,520
0xa0,0xfe,476
0xa0,0xff,492
0xa1,0x00,256
0xa1,0x01,502
0xa1,0x02,500
0xa1,0x03,510
0xa1,0x04,520
0xa1,0x05,510
0xa1,0x06,572
0xa1,0x07,506
0xa1,0x08,544
0xa1,0x09,502
0xa1,0x0a,478
0xa1,0x0b,528
0xa1,0x0c,528
0xa1,0x0d,466
0xa1,0x0e,526
0xa1,0x0f,502
0xa1,0x10,568
0xa1,0x11,522
0xa1,0x12,514
0xa1,0x13,500
0xa1,0x14,572
0xa1,0x15,536
0xa1,0x16,444
0xa1,0x17,468
0xa1,0x18,534
0xa1,0x19,494
0xa1,0x1a,504
0xa1,0x1b,494
0xa1,0x1c,498
0xa1,0x1d,504
0xa1,0x1e,522
0xa1,0x1f,530
0xa1,0x20,530
0xa1,0x21,490
0xa1,0x22,496
0xa1,0x23,578
0xa1,0x24,506
0xa1,0x25,480
0xa1,0x26,466
0xa1,0x27,514
0xa1,0x28,482
0xa1,0x29,506
0xa1,0x2a,486
0xa1,0x2b,504
0xa1,0x2c,504
0xa1,0x2d,518
0xa1,0x2e,538
0xa1,0x2f,504
0xa1,0x30,458
0xa1,0x31,492
0xa1,0x32,498
0xa1,0x33,482
0xa1,0x34,648
0xa1,0x35,532
0xa1,0x36,608
0xa1,0x37,532
0xa1,0x38,540
0xa1,0x39,508
0xa1,0x3a,494
0xa1,0x3b,486
0xa1,0x3c,550
0xa1,0x3d,522
0xa1,0x3e,580
0xa1,0x3f,556
0xa1,0x40,536
0xa1,0x41,508
0xa1,0x42,520
0xa1,0x43,546
0xa1,0x44,544
0xa1,0x45,478
0xa1,0x46,502
0xa1,0x47,496
0xa1,0x48,544
0xa1,0x49,504
0xa1,0x4a,470
0xa1,0x4b,524
0xa1,0x4c,544
0xa1,0x4d,508
0xa1,0x4e,526
0xa1,0x4f,488
0xa1,0x50,514
0xa1,0x51,486
0xa1,0x52,512
0xa1,0x53,514
0xa1,0x54,508
0xa1,0x55,510
0xa1,0x56,534
0xa1,0x57,538
0xa1,0x58,496
0xa1,0x59,490
0xa1,0x5a,464
0xa1,0x5b,506
0xa1,0x5c,548
0xa1,0x5d,576
0xa1,0x5e,524
0xa1,0x5f,534
0xa1,0x60,558
0xa1,0x61,504
0xa1,0x62,520
0xa1,0x63,470
0xa1,0x64,534
0xa1,0x65,506
0xa1,0x66,480
0xa1,0x67,532
0xa1,0x68,506
0xa1,0x69,494
0xa1,0x6a,532
0xa1,0x6b,584
0xa1,0x6c,462
0xa1,0x6d,510
0xa1,0x6e,506
0xa1,0x6f,546
0xa1,0x70,528
0xa1,0x71,528
0xa1,0x72,542
0xa1,0x73,544
0xa1,0x74,508
0xa1,0x75,486
0xa1,0x76,512
0xa1,0x77,540
0xa1,0x78,568
0xa1,0x79,528
0xa1,0x7a,570
0xa1,0x7b,514
0xa1,0x7c,502
0xa1,0x7d,472
0xa1,0x7e,488
0xa1,0x7f,452
0xa1,0x80,508
0xa1,0x81,544
0xa1,0x82,560
0xa1,0x83,524
0xa1,0x84,456
0xa1,0x85,536
0xa1,0x86,550
0xa1,0x87,502
0xa1,0x88,576
0xa1,0x89,490
0xa1,0x8a,476
0xa1,0x8b,532
0xa1,0x8c,508
0xa1,0x8d,528
0xa1,0x8e,522
0xa1,0x8f,506
0xa1,0x90,504
0xa1,0x91,468
0xa1,0x92,498
0xa1,0x93,508
0xa1,0x94,532
0xa1,0x95,450
0xa1,0x96,454
0xa1,0x97,492
0xa1,0x98,600
0xa1,0x99,482
0xa1,0x9a,506
0xa1,0x9b,482
0xa1,0x9c,506
0xa1,0x9d,560
0xa1,0x9e,540
0xa1,0x9f,516
0xa1,0xa0,492
0xa1,0xa1,492
0xa1,0xa2,480
0xa1,0xa3,514
0xa1,0xa4,526
0xa1,0xa5,502
0xa1,0xa6,500
0xa1,0xa7,498
0xa1,0xa8,498
0xa1,0xa9,504
0xa1,0xaa,488
0xa1,0xab,502
0xa1,0xac,510
0xa1,0xad,554
0xa1,0xae,522
0xa1,0xaf,564
0xa1,0xb0,496
0xa1,0xb1,524
0xa1,0xb2,514
0xa1,0xb3,518
0xa1,0xb4,504
0xa1,0xb5,498
0xa1,0xb6,496
0xa1,0xb7,494
0xa1,0xb8,528
0xa1,0xb9,534
0xa1,0xba,544
0xa1,0xbb,496
0xa1,0xbc,512
0xa1,0xbd,516
0xa1,0xbe,486
0xa1,0xbf,482
0xa1,0xc0,512
0xa1,0xc1,490
0xa1,0xc2,530
0xa1,0xc3,498
0xa1,0xc4,512
0xa1,0xc5,542
0xa1,0xc6,514
0xa1,0xc7,536
0xa1,0xc8,514
0xa1,0xc9,542
0xa1,0xca,484
0xa1,0xcb,540
0xa1,0xcc,536
0xa1,0xcd,504
0xa1,0xce,538
0xa1,0xcf,508
0xa1,0xd0,524
0xa1,0xd1,498
0xa1,0xd2,530
0xa1,0xd3,482
0xa1,0xd4,500
0xa1,0xd5,518
0xa1,0xd6,570
0xa1,0xd7,484
0xa1,0xd8,518
0xa1,0xd9,490
0xa1,0xda,520
0xa1,0xdb,500
0xa1,0xdc,512
0xa1,0xdd,544
0xa1,0xde,530
0xa1,0xdf,524
0xa1,0xe0,520
0xa1,0xe1,516
0xa1,0xe2,498
0xa1,0xe3,506
0xa1,0xe4,504
0xa1,0xe5,510
0xa1,0xe6,472
0xa1,0xe7,468
0xa1,0xe8,512
0xa1,0xe9,484
0xa1,0xea,506
0xa1,0xeb,504
0xa1,0xec,520
0xa1,0xed,460
0xa1,0xee,494
0xa1,0xef,502
0xa1,0xf0,556
0xa1,0xf1,556
0xa1,0xf2,504
0xa1,0xf3,568
0xa1,0xf4,524
0xa1,0xf5,526
0xa1,0xf6,486
0xa1,0xf7,508
0xa1,0xf8,538
0xa1,0xf9,516
0xa1,0xfa,518
0xa1,0xfb,526
0xa1,0xfc,516
0xa1,0xfd,524
0xa1,0xfe,514
0xa1,0xff,496
0xa2,0x00,256
0xa2,0x01,522
0xa2,0x02,522
0xa2,0x03,524
0xa2,0x04,506
0xa2,0x05,566
0xa2,0x06,554
0xa2,0x07,482
0xa2,0x08,542
0xa2,0x09,536
0xa2,0x0a,482
0xa2,0x0b,510
0xa2,0x0c,506
0xa2,0x0d,510
0xa2,0x0e,518
0xa2,0x0f,492
0xa2,0x10,572
0xa2,0x11,520
0xa2,0x12,444
0xa2,0x13,522
0xa2,0x14,506
0xa2,0x15,506
0xa2,0x16,570
0xa2,0x17,516
0xa2,0x18,444
0xa2,0x19,488
0xa2,0x1a,496
0xa2,0x1b,500
0xa2,0x1c,520
0xa2,0x1d,508
0xa2,0x1e,538
0xa2,0x1f,530
0xa2,0x20,474
0xa2,0x21,566
0xa2,0x22,482
0xa2,0x23,492
0xa2,0x24,458
0xa2,0x25,496
0xa2,0x26,452
0xa2,0x27,506
0xa2,0x28,530
0xa2,0x29,488
0xa2,0x2a,486
0xa2,0x2b,494
0xa2,0x2c,530
0xa2,0x2d,478
0xa2,0x2e,520
0xa2,0x2f,538
0xa2,0x30,404
0xa2,0x31,488
0xa2,0x32,484
0xa2,0x33,526
0xa2,0x34,512
0xa2,0x35,512
0xa2,0x36,492
0xa2,0x37,506
0xa2,0x38,480
0xa2,0x39,512
0xa2,0x3a,498
0xa2,0x3b,536
0xa2,0x3c,486
0xa2,0x3d,546
0xa2,0x3e,498
0xa2,0x3f,534
0xa2,0x40,508
0xa2,0x41,506
0xa2,0x42,512
0xa2,0x43,506
0xa2,0x44,470
0xa2,0x45,442
0xa2,0x46,552
0xa2,0x47,490
0xa2,0x48,506
0xa2,0x49,512
0xa2,0x4a,530
0xa2,0x4b,518
0xa2,0x4c,516
0xa2,0x4d,478
0xa2,0x4e,492
0xa2,0x4f,474
0xa2,0x50,508
0xa2,0x51,520
0xa2,0x52,490
0xa2,0x53,544
0xa2,0x54,546
0xa2,0x55,582
0xa2,0x56,536
0xa2,0x57,528
0xa2,0x58,532
0xa2,0x59,534
0xa2,0x5a,506
0xa2,0x5b,516
0xa2,0x5c,542
0xa2,0x5d,532
0xa2,0x5e,488
0xa2,0x5f,496
0xa2,0x60,518
0xa2,0x61,510
0xa2,0x62,524
0xa2,0x63,502
0xa2,0x64,534
0xa2,0x65,500
0xa2,0x66,540
0xa2,0x67,524
0xa2,0x68,516
0xa2,0x69,512
0xa2,0x6a,492
0xa2,0x6b,516
0xa2,0x6c,458
0xa2,0x6d,498
0xa2,0x6e,508
0xa2,0x6f,522
0xa2,0x70,524
0xa2,0x71,548
0xa2,0x72,500
0xa2,0x73,530
0xa2,0x74,476
0xa2,0x75,508
0xa2,0x76,520
0xa2,0x77,516
0xa2,0x78,506
0xa2,0x79,494
0xa2,0x7a,526
0xa2,0x7b,542
0xa2,0x7c,492
0xa2,0x7d,496
0xa2,0x7e,506
0xa2,0x7f,480
0xa2,0x80,512
0xa2,0x81,508
0xa2,0x82,494
0xa2,0x83,520
0xa2,0x84,522
0xa2,0x85,552
0xa2,0x86,500
0xa2,0x87,500
0xa2,0x88,498
0xa2,0x89,538
0xa2,0x8a,488
0xa2,0x8b,488
0xa2,0x8c,522
0xa2,0x8d,532
0xa2,0x8e,504
0xa2,0x8f,508
0xa2,0x90,564
0xa2,0x91,536
0xa2,0x92,488
0xa2,0x93,494
0xa2,0x94,502
0xa2,0x95,522
0xa2,0x96,512
0xa2,0x97,492
0xa2,0x98,488
0xa2,0x99,466
0xa2,0x9a,536
0xa2,0x9b,506
0xa2,0x9c,526
0xa2,0x9d,498
0xa2,0x9e,496
0xa2,0x9f,478
0xa2,0xa0,494
0xa2,0xa1,466
0xa2,0xa2,492
0xa2,0xa3,524
0xa2,0xa4,462
0xa2,0xa5,482
0xa2,0xa6,484
0xa2,0xa7,498
0xa2,0xa8,492
0xa2,0xa9,486
0xa2,0xaa,512
0xa2,0xab,490
0xa2,0xac,510
0xa2,0xad,524
0xa2,0xae,516
0xa2,0xaf,498
0xa2,0xb0,502
0xa2,0xb1,522
0xa2,0xb2,528
0xa2,0xb3,510
0xa2,0xb4,478
0xa2,0xb5,516
0xa2,0xb6,530
0xa2,0xb7,518
0xa2,0xb8,514
0xa2,0xb9,510
0xa2,0xba,510
0xa2,0xbb,526
0xa2,0xbc,534
0xa2,0xbd,512
0xa2,0xbe,512
0xa2,0xbf,518
0xa2,0xc0,522
0xa2,0xc1,514
0xa2,0xc2,470
0xa2,0xc3,484
0xa2,0xc4,534
0xa2,0xc5,514
0xa2,0xc6,488
0xa2,0xc7,502
0xa2,0xc8,510
0xa2,0xc9,506
0xa2,0xca,486
0xa2,0xcb,486
0xa2,0xcc,522
0xa2,0xcd,524
0xa2,0xce,496
0xa2,0xcf,492
0xa2,0xd0,526
0xa2,0xd1,502
0xa2,0xd2,512
0xa2,0xd3,488
0xa2,0xd4,524
0xa2,0xd5,502
0xa2,0xd6,554
0xa2,0xd7,512
0xa2,0xd8,456
0xa2,0xd9,478
0xa2,0xda,490
0xa2,0xdb,488
0xa2,0xdc,510
0xa2,0xdd,536
0xa2,0xde,512
0xa2,0xdf,522
0xa2,0xe0,480
0xa2,0xe1,476
0xa2,0xe2,560
0xa2,0xe3,452
0xa2,0xe4,536
0xa2,0xe5,494
0xa2,0xe6,480
0xa2,0xe7,486
0xa2,0xe8,506
0xa2,0xe9,472
0xa2,0xea,542
0xa2,0xeb,522
0xa2,0xec,468
0xa2,0xed,492
0xa2,0xee,484
0xa2,0xef,540
0xa2,0xf0,506
0xa2,0xf1,536
0xa2,0xf2,498
0xa2,0xf3,534
0xa2,0xf4,548
0xa2,0xf5,476
0xa2,0xf6,486
0xa2,0xf7,514
0xa2,0xf8,478
0xa2,0xf9,482
0xa2,0xfa,516
0xa2,0xfb,488
0xa2,0xfc,508
0xa2,0xfd,490
0xa2,0xfe,508
0xa2,0xff,514
0xa3,0x00,256
0xa3,0x01,550
0xa3,0x02,450
0xa3,0x03,516
0xa3,0x04,494
0xa3,0x05,534
0xa3,0x06,562
0xa3,0x07,502
0xa3,0x08,478
0xa3,0x09,494
0xa3,0x0a,530
0xa3,0x0b,502
0xa3,0x0c,546
0xa3,0x0d,492
0xa3,0x0e,512
0xa3,0x0f,530
0xa3,0x10,516
0xa3,0x11,490
0xa3,0x12,522
0xa3,0x13,502
0xa3,0x14,472
0xa3,0x15,516
0xa3,0x16,574
0xa3,0x17,462
0xa3,0x18,532
0xa3,0x19,498
0xa3,0x1a,488
0xa3,0x1b,484
0xa3,0x1c,492
0xa3,0x1d,504
0xa3,0x1e,494
0xa3,0x1f,556
0xa3,0x20,496
0xa3,0x21,536
0xa3,0x22,530
0xa3,0x23,520
0xa3,0x24,484
0xa3,0x25,474
0xa3,0x26,404
0xa3,0x27,526
0xa3,0x28,522
0xa3,0x29,502
0xa3,0x2a,530
0xa3,0x2b,494
0xa3,0x2c,532
0xa3,0x2d,504
0xa3,0x2e,486
0xa3,0x2f,532
0xa3,0x30,438
0xa3,0x31,558
0xa3,0x32,502
0xa3,0x33,490
0xa3,0x34,538
0xa3,0x35,502
0xa3,0x36,544
0xa3,0x37,480
0xa3,0x38,504
0xa3,0x39,476
0xa3,0x3a,522
0xa3,0x3b,480
0xa3,0x3c,502
0xa3,0x3d,486
0xa3,0x3e,498
0xa3,0x3f,456
0xa3,0x40,484
0xa3,0x41,544
0xa3,0x42,492
0xa3,0x43,486
0xa3,0x44,504
0xa3,0x45,496
0xa3,0x46,510
0xa3,0x47,512
0xa3,0x48,520
0xa3,0x49,490
0xa3,0x4a,500
0xa3,0x4b,496
0xa3,0x4c,520
0xa3,0x4d,508
0xa3,0x4e,494
0xa3,0x4f,494
0xa3,0x50,536
0xa3,0x51,516
0xa3,0x52,552
0xa3,0x53,504
0xa3,0x54,584
0xa3,0x55,542
0xa3,0x56,538
0xa3,0x57,490
0xa3,0x58,506
0xa3,0x59,492
0xa3,0x5a,462
0xa3,0x5b,522
0xa3,0x5c,496
0xa3,0x5d,568
0xa3,0x5e,522
0xa3,0x5f,512
0xa3,0x60,490
0xa3,0x61,496
0xa3,0x62,506
0xa3,0x63,478
0xa3,0x64,524
0xa3,0x65,490
0xa3,0x66,518
0xa3,0x67,536
0xa3,0x68,522
0xa3,0x69,510
0xa3,0x6a,536
0xa3,0x6b,482
0xa3,0x6c,538
0xa3,0x6d,518
0xa3,0x6e,502
0xa3,0x6f,538
0xa3,0x70,500
0xa3,0x71,502
0xa3,0x72,502
0xa3,0x73,528
0xa3,0x74,540
0xa3,0x75,478
0xa3,0x76,558
0xa3,0x77,520
0xa3,0x78,512
0xa3,0x79,484
0xa3,0x7a,474
0xa3,0x7b,520
0xa3,0x7c,492
0xa3,0x7d,540
0xa3,0x7e,594
0xa3,0x7f,464
0xa3,0x80,510
0xa3,0x81,492
0xa3,0x82,508
0xa3,0x83,488
0xa3,0x84,480
0xa3,0x85,530
0xa3,0x86,494
0xa3,0x87,490
0xa3,0x88,568
0xa3,0x89,508
0xa3,0x8a,474
0xa3,0x8b,522
0xa3,0x8c,526
0xa3,0x8d,530
0xa3,0x8e,502
0xa3,0x8f,502
0xa3,0x90,498
0xa3,0x91,488
0xa3,0x92,504
0xa3,0x93,480
0xa3,0x94,568
0xa3,0x95,520
0xa3,0x96,556
0xa3,0x97,516
0xa3,0x98,446
0xa3,0x99,492
0xa3,0x9a,508
0xa3,0x9b,524
0xa3,0x9c,536
0xa3,0x9d,520
0xa3,0x9e,518
0xa3,0x9f,536
0xa3,0xa0,478
0xa3,0xa1,478
0xa3,0xa2,488
0xa3,0xa3,506
0xa3,0xa4,484
0xa3,0xa5,502
0xa3,0xa6,500
0xa3,0xa7,488
0xa3,0xa8,468
0xa3,0xa9,470
0xa3,0xaa,504
0xa3,0xab,476
0xa3,0xac,466
0xa3,0xad,514
0xa3,0xae,516
0xa3,0xaf,512
0xa3,0xb0,500
0xa3,0xb1,520
0xa3,0xb2,508
0xa3,0xb3,540
0xa3,0xb4,486
0xa3,0xb5,552
0xa3,0xb6,528
0xa3,0xb7,484
0xa3,0xb8,486
0xa3,0xb9,568
0xa3,0xba,552
0xa3,0xbb,542
0xa3,0xbc,512
0xa3,0xbd,470
0xa3,0xbe,494
0xa3,0xbf,522
0xa3,0xc0,572
0xa3,0xc1,544
0xa3,0xc2,486
0xa3,0xc3,492
0xa3,0xc4,510
0xa3,0xc5,504
0xa3,0xc6,512
0xa3,0xc7,520
0xa3,0xc8,470
0xa3,0xc9,550
0xa3,0xca,486
0xa3,0xcb,488
0xa3,0xcc,518
0xa3,0xcd,550
0xa3,0xce,522
0xa3,0xcf,542
0xa3,0xd0,496
0xa3,0xd1,512
0xa3,0xd2,466
0xa3,0xd3,506
0xa3,0xd4,530
0xa3,0xd5,498
0xa3,0xd6,544
0xa3,0xd7,498
0xa3,0xd8,508
0xa3,0xd9,502
0xa3,0xda,488
0xa3,0xdb,508
0xa3,0xdc,530
0xa3,0xdd,512
0xa3,0xde,510
0xa3,0xdf,526
0xa3,0xe0,540
0xa3,0xe1,522
0xa3,0xe2,500
0xa3,0xe3,512
0xa3,0xe4,530
0xa3,0xe5,522
0xa3,0xe6,486
0xa3,0xe7,546
0xa3,0xe8,512
0xa3,0xe9,518
0xa3,0xea,508
0xa3,0xeb,488
0xa3,0xec,522
0xa3,0xed,466
0xa3,0xee,478
0xa3,0xef,530
0xa3,0xf0,548
0xa3,0xf1,526
0xa3,0xf2,512
0xa3,0xf3,484
0xa3,0xf4,460
0xa3,0xf5,486
0xa3,0xf6,500
0xa3,0xf7,486
0xa3,0xf8,496
0xa3,0xf9,488
0xa3,0xfa,546
0xa3,0xfb,516
0xa3,0xfc,498
0xa3,0xfd,488
0xa3,0xfe,478
0xa3,0xff,490
0xa4,0x00,256
0xa4,0x01,572
0xa4,0x02,456
0xa4,0x03,478
0xa4,0x04,532
0xa4,0x05,472
0xa4,0x06,514
0xa4,0x07,514
0xa4,0x08,456
0xa4,0x09,518
0xa4,0x0a,510
0xa4,0x0b,504
0xa4,0x0c,490
0xa4,0x0d,550
0xa4,0x0e,502
0xa4,0x0f,518
0xa4,0x10,520
0xa4,0x11,468
0xa4,0x12,524
0xa4,0x13,520
0xa4,0x14,500
0xa4,0x15,544
0xa4,0x16,482
0xa4,0x17,502
0xa4,0x18,530
0xa4,0x19,562
0xa4,0x1a,526
0xa4,0x1b,494
0xa4,0x1c,492
0xa4,0x1d,510
0xa4,0x1e,482
0xa4,0x1f,494
0xa4,0x20,498
0xa4,0x21,534
0xa4,0x22,524
0xa4,0x23,518
0xa4,0x24,508
0xa4,0x25,498
0xa4,0x26,476
0xa4,0x27,488
0xa4,0x28,512
0xa4,0x29,536
0xa4,0x2a,510
0xa4,0x2b,560
0xa4,0x2c,518
0xa4,0x2d,476
0xa4,0x2e,508
0xa4,0x2f,514
0xa4,0x30,476
0xa4,0x31,484
0xa4,0x32,542
0xa4,0x33,482
0xa4,0x34,530
0xa4,0x35,548
0xa4,0x36,470
0xa4,0x37,508
0xa4,0x38,504
0xa4,0x39,560
0xa4,0x3a,516
0xa4,0x3b,512
0xa4,0x3c,480
0xa4,0x3d,482
0xa4,0x3e,494
0xa4,0x3f,534
0xa4,0x40,530
0xa4,0x41,512
0xa4,0x42,498
0xa4,0x43,548
0xa4,0x44,508
0xa4,0x45,522
0xa4,0x46,490
0xa4,0x47,488
0xa4,0x48,492
0xa4,0x49,540
0xa4,0x4a,532
0xa4,0x4b,528
0xa4,0x4c,506
0xa4,0x4d,500
0xa4,0x4e,466
0xa4,0x4f,524
0xa4,0x50,546
0xa4,0x51,564
0xa4,0x52,514
0xa4,0x53,482
0xa4,0x54,510
0xa4,0x55,528
0xa4,0x56,468
0xa4,0x57,568
0xa4,0x58,464
0xa4,0x59,504
0xa4,0x5a,568
0xa4,0x5b,500
0xa4,0x5c,546
0xa4,0x5d,518
0xa4,0x5e,512
0xa4,0x5f,520
0xa4,0x60,492
0xa4,0x61,514
0xa4,0x62,496
0xa4,0x63,510
0xa4,0x64,532
0xa4,0x65,502
0xa4,0x66,508
0xa4,0x67,542
0xa4,0x68,498
0xa4,0x69,502
0xa4,0x6a,552
0xa4,0x6b,532
0xa4,0x6c,508
0xa4,0x6d,532
0xa4,0x6e,508
0xa4,0x6f,522
0xa4,0x70,514
0xa4,0x71,494
0xa4,0x72,492
0xa4,0x73,506
0xa4,0x74,514
0xa4,0x75,534
0xa4,0x76,458
0xa4,0x77,510
0xa4,0x78,486
0xa4,0x79,508
0xa4,0x7a,520
0xa4,0x7b,506
0xa4,0x7c,518
0xa4,0x7d,486
0xa4,0x7e,502
0xa4,0x7f,498
0xa4,0x80,512
0xa4,0x81,506
0xa4,0x82,522
0xa4,0x83,530
0xa4,0x84,460
0xa4,0x85,506
0xa4,0x86,488
0xa4,0x87,500
0xa4,0x88,554
0xa4,0x89,518
0xa4,0x8a,514
0xa4,0x8b,546
0xa4,0x8c,490
0xa4,0x8d,532
0xa4,0x8e,528
0xa4,0x8f,540
0xa4,0x90,478
0xa4,0x91,484
0xa4,0x92,518
0xa4,0x93,488
0xa4,0x94,488
0xa4,0x95,500
0xa4,0x96,520
0xa4,0x97,526
0xa4,0x98,494
0xa4,0x99,486
0xa4,0x9a,526
0xa4,0x9b,486
0xa4,0x9c,512
0xa4,0x9d,516
0xa4,0x9e,498
0xa4,0x9f,544
0xa4,0xa0,482
0xa4,0xa1,510
0xa4,0xa2,516
0xa4,0xa3,518
0xa4,0xa4,470
0xa4,0xa5,518
0xa4,0xa6,516
0xa4,0xa7,478
0xa4,0xa8,514
0xa4,0xa9,520
0xa4,0xaa,498
0xa4,0xab,480
0xa4,0xac,510
0xa4,0xad,510
0xa4,0xae,492
0xa4,0xaf,504
0xa4,0xb0,514
0xa4,0xb1,472
0xa4,0xb2,516
0xa4,0xb3,534
0xa4,0xb4,506
0xa4,0xb5,454
0xa4,0xb6,508
0xa4,0xb7,538
0xa4,0xb8,486
0xa4,0xb9,494
0xa4,0xba,504
0xa4,0xbb,510
0xa4,0xbc,552
0xa4,0xbd,528
0xa4,0xbe,496
0xa4,0xbf,522
0xa4,0xc0,506
0xa4,0xc1,514
0xa4,0xc2,544
0xa4,0xc3,536
0xa4,0xc4,502
0xa4,0xc5,520
0xa4,0xc6,488
0xa4,0xc7,496
0xa4,0xc8,526
0xa4,0xc9,486
0xa4,0xca,492
0xa4,0xcb,494
0xa4,0xcc,538
0xa4,0xcd,532
0xa4,0xce,504
0xa4,0xcf,528
0xa4,0xd0,520
0xa4,0xd1,472
0xa4,0xd2,480
0xa4,0xd3,526
0xa4,0xd4,514
0xa4,0xd5,546
0xa4,0xd6,518
0xa4,0xd7,468
0xa4,0xd8,508
0xa4,0xd9,536
0xa4,0xda,466
0xa4,0xdb,528
0xa4,0xdc,472
0xa4,0xdd,476
0xa4,0xde,498
0xa4,0xdf,474
0xa4,0xe0,466
0xa4,0xe1,514
0xa4,0xe2,506
0xa4,0xe3,494
0xa4,0xe4,520
0xa4,0xe5,510
0xa4,0xe6,516
0xa4,0xe7,518
0xa4,0xe8,498
0xa4,0xe9,540
0xa4,0xea,552
0xa4,0xeb,492
0xa4,0xec,558
0xa4,0xed,474
0xa4,0xee,508
0xa4,0xef,466
0xa4,0xf0,522
0xa4,0xf1,482
0xa4,0xf2,542
0xa4,0xf3,512
0xa4,0xf4,494
0xa4,0xf5,488
0xa4,0xf6,518
0xa4,0xf7,542
0xa4,0xf8,460
0xa4,0xf9,524
0xa4,0xfa,496
0xa4,0xfb,532
0xa4,0xfc,508
0xa4,0xfd,534
0xa4,0xfe,558
0xa4,0xff,504
0xa5,0x00,256
0xa5,0x01,454
0xa5,0x02,452
0xa5,0x03,480
0xa5,0x04,490
0xa5,0x05,492
0xa5,0x06,500
0xa5,0x07,470
0xa5,0x08,506
0xa5,0x09,474
0xa5,0x0a,504
0xa5,0x0b,490
0xa5,0x0c,504
0xa5,0x0d,512
0xa5,0x0e,504
0xa5,0x0f,524
0xa5,0x10,474
0xa5,0x11,516
0xa5,0x12,450
0xa5,0x13,526
0xa5,0x14,536
0xa5,0x15,574
0xa5,0x16,512
0xa5,0x17,538
0xa5,0x18,532
0xa5,0x19,488
0xa5,0x1a,496
0xa5,0x1b,478
0xa5,0x1c,474
0xa5,0x1d,476
0xa5,0x1e,534
0xa5,0x1f,494
0xa5,0x20,480
0xa5,0x21,526
0xa5,0x22,488
0xa5,0x23,502
0xa5,0x24,572
0xa5,0x25,552
0xa5,0x26,476
0xa5,0x27,456
0xa5,0x28,520
0xa5,0x29,464
0xa5,0x2a,498
0xa5,0x2b,496
0xa5,0x2c,540
0xa5,0x2d,514
0xa5,0x2e,496
0xa5,0x2f,560
0xa5,0x30,442
0xa5,0x31,520
0xa5,0x32,506
0xa5,0x33,512
0xa5,0x34,486
0xa5,0x35,512
0xa5,0x36,430
0xa5,0x37,510
0xa5,0x38,508
0xa5,0x39,492
0xa5,0x3a,536
0xa5,0x3b,518
0xa5,0x3c,484
0xa5,0x3d,534
0xa5,0x3e,478
0xa5,0x3f,512
0xa5,0x40,498
0xa5,0x41,494
0xa5,0x42,484
0xa5,0x43,500
0xa5,0x44,488
0xa5,0x45,494
0xa5,0x46,544
0xa5,0x47,512
0xa5,0x48,512
0xa5,0x49,506
0xa5,0x4a,542
0xa5,0x4b,496
0xa5,0x4c,490
0xa5,0x4d,530
0xa5,0x4e,482
0xa5,0x4f,494
0xa5,0x50,514
0xa5,0x51,502
0xa5,0x52,566
0xa5,0x53,504
0xa5,0x54,540
0xa5,0x55,496
0xa5,0x56,500
0xa5,0x57,462
0xa5,0x58,474
0xa5,0x59,494
0xa5,0x5a,504
0xa5,0x5b,566
0xa5,0x5c,512
0xa5,0x5d,516
0xa5,0x5e,494
0xa5,0x5f,484
0xa5,0x60,464
0xa5,0x61,470
0xa5,0x62,546
0xa5,0x63,532
0xa5,0x64,558
0xa5,0x65,514
0xa5,0x66,520
0xa5,0x67,518
0xa5,0x68,526
0xa5,0x69,502
0xa5,0x6a,480
0xa5,0x6b,498
0xa5,0x6c,506
0xa5,0x6d,480
0xa5,0x6e,538
0xa5,0x6f,512
0xa5,0x70,534
0xa5,0x71,524
0xa5,0x72,532
0xa5,0x73,540
0xa5,0x74,530
0xa5,0x75,482
0xa5,0x76,516
0xa5,0x77,524
0xa5,0x78,534
0xa5,0x79,526
0xa5,0x7a,488
0xa5,0x7b,526
0xa5,0x7c,492
0xa5,0x7d,486
0xa5,0x7e,470
0xa5,0x7f,508
0xa5,0x80,534
0xa5,0x81,514
0xa5,0x82,482
0xa5,0x83,500
0xa5,0x84,498
0xa5,0x85,516
0xa5,0x86,526
0xa5,0x87,514
0xa5,0x88,532
0xa5,0x89,510
0xa5,0x8a,526
0xa5,0x8b,474
0xa5,0x8c,530
0xa5,0x8d,522
0xa5,0x8e,494
0xa5,0x8f,472
0xa5,0x90,540
0xa5,0x91,482
0xa5,0x92,484
0xa5,0x93,486
0xa5,0x94,530
0xa5,0x95,516
0xa5,0x96,490
0xa5,0x97,508
0xa5,0x98,500
0xa5,0x99,546
0xa5,0x9a,486
0xa5,0x9b,534
0xa5,0x9c,518
0xa5,0x9d,504
0xa5,0x9e,516
0xa5,0x9f,488
0xa5,0xa0,490
0xa5,0xa1,490
0xa5,0xa2,516
0xa5,0xa3,512
0xa5,0xa4,500
0xa5,0xa5,476
0xa5,0xa6,482
0xa5,0xa7,522
0xa5,0xa8,520
0xa5,0xa9,542
0xa5,0xaa,484
0xa5,0xab,494
0xa5,0xac,522
0xa5,0xad,520
0xa5,0xae,484
0xa5,0xaf,530
0xa5,0xb0,482
0xa5,0xb1,546
0xa5,0xb2,510
0xa5,0xb3,536
0xa5,0xb4,512
0xa5,0xb5,468
0xa5,0xb6,486
0xa5,0xb7,522
0xa5,0xb8,528
0xa5,0xb9,454
0xa5,0xba,590
0xa5,0xbb,488
0xa5,0xbc,540
0xa5,0xbd,498
0xa5,0xbe,514
0xa5,0xbf,542
0xa5,0xc0,548
0xa5,0xc1,484
0xa5,0xc2,508
0xa5,0xc3,518
0xa5,0xc4,486
0xa5,0xc5,522
0xa5,0xc6,488
0xa5,0xc7,536
0xa5,0xc8,502
0xa5,0xc9,514
0xa5,0xca,560
0xa5,0xcb,514
0xa5,0xcc,472
0xa5,0xcd,512
0xa5,0xce,506
0xa5,0xcf,488
0xa5,0xd0,510
0xa5,0xd1,562
0xa5,0xd2,526
0xa5,0xd3,484
0xa5,0xd4,540
0xa5,0xd5,530
0xa5,0xd6,530
0xa5,0xd7,498
0xa5,0xd8,496
0xa5,0xd9,596
0xa5,0xda,470
0xa5,0xdb,486
0xa5,0xdc,506
0xa5,0xdd,534
0xa5,0xde,504
0xa5,0xdf,506
0xa5,0xe0,496
0xa5,0xe1,496
0xa5,0xe2,500
0xa5,0xe3,560
0xa5,0xe4,502
0xa5,0xe5,474
0xa5,0xe6,484
0xa5,0xe7,504
0xa5,0xe8,522
0xa5,0xe9,510
0xa5,0xea,512
0xa5,0xeb,516
0xa5,0xec,518
0xa5,0xed,488
0xa5,0xee,514
0xa5,0xef,508
0xa5,0xf0,508
0xa5,0xf1,512
0xa5,0xf2,552
0xa5,0xf3,512
0xa5,0xf4,564
0xa5,0xf5,494
0xa5,0xf6,530
0xa5,0xf7,480
0xa5,0xf8,518
0xa5,0xf9,544
0xa5,0xfa,516
0xa5,0xfb,540
0xa5,0xfc,508
0xa5,0xfd,500
0xa5,0xfe,486
0xa5,0xff,492
0xa6,0x00,256
0xa6,0x01,498
0xa6,0x02,540
0xa6,0x03,524
0xa6,0x04,516
0xa6,0x05,514
0xa6,0x06,522
0xa6,0x07,502
0xa6,0x08,482
0xa6,0x09,516
0xa6,0x0a,474
0xa6,0x0b,476
0xa6,0x0c,518
0xa6,0x0d,534
0xa6,0x0e,500
0xa6,0x0f,550
0xa6,0x10,488
0xa6,0x11,542
0xa6,0x12,478
0xa6,0x13,482
0xa6,0x14,516
0xa6,0x15,488
0xa6,0x16,526
0xa6,0x17,506
0xa6,0x18,552
0xa6,0x19,542
0xa6,0x1a,522
0xa6,0x1b,512
0xa6,0x1c,546
0xa6,0x1d,490
0xa6,0x1e,486
0xa6,0x1f,516
0xa6,0x20,534
0xa6,0x21,524
0xa6,0x22,522
0xa6,0x23,506
0xa6,0x24,424
0xa6,0x25,546
0xa6,0x26,402
0xa6,0x27,498
0xa6,0x28,494
0xa6,0x29,476
0xa6,0x2a,506
0xa6,0x2b,486
0xa6,0x2c,488
0xa6,0x2d,500
0xa6,0x2e,474
0xa6,0x2f,496
0xa6,0x30,480
0xa6,0x31,490
0xa6,0x32,496
0xa6,0x33,566
0xa6,0x34,478
0xa6,0x35,536
0xa6,0x36,516
0xa6,0x37,504
0xa6,0x38,472
0xa6,0x39,488
0xa6,0x3a,518
0xa6,0x3b,534
0xa6,0x3c,514
0xa6,0x3d,504
0xa6,0x3e,522
0xa6,0x3f,528
0xa6,0x40,504
0xa6,0x41,542
0xa6,0x42,576
0xa6,0x43,540
0xa6,0x44,578
0xa6,0x45,500
0xa6,0x46,514
0xa6,0x47,538
0xa6,0x48,512
0xa6,0x49,574
0xa6,0x4a,516
0xa6,0x4b,524
0xa6,0x4c,492
0xa6,0x4d,516
0xa6,0x4e,466
0xa6,0x4f,516
0xa6,0x50,540
0xa6,0x51,506
0xa6,0x52,522
0xa6,0x53,498
0xa6,0x54,480
0xa6,0x55,468
0xa6,0x56,514
0xa6,0x57,518
0xa6,0x58,478
0xa6,0x59,520
0xa6,0x5a,520
0xa6,0x5b,450
0xa6,0x5c,530
0xa6,0x5d,506
0xa6,0x5e,530
0xa6,0x5f,506
0xa6,0x60,538
0xa6,0x61,534
0xa6,0x62,524
0xa6,0x63,554
0xa6,0x64,510
0xa6,0x65,508
0xa6,0x66,482
0xa6,0x67,486
0xa6,0x68,478
0xa6,0x69,514
0xa6,0x6a,544
0xa6,0x6b,548
0xa6,0x6c,484
0xa6,0x6d,480
0xa6,0x6e,494
0xa6,0x6f,478
0xa6,0x70,490
0xa6,0x71,482
0xa6,0x72,528
0xa6,0x73,502
0xa6,0x74,492
0xa6,0x75,492
0xa6,0x76,492
0xa6,0x77,510
0xa6,0x78,518
0xa6,0x79,544
0xa6,0x7a,514
0xa6,0x7b,500
0xa6,0x7c,538
0xa6,0x7d,494
0xa6,0x7e,482
0xa6,0x7f,484
0xa6,0x80,530
0xa6,0x81,552
0xa6,0x82,518
0xa6,0x83,516
0xa6,0x84,518
0xa6,0x85,478
0xa6,0x86,490
0xa6,0x87,486
0xa6,0x88,516
0xa6,0x89,496
0xa6,0x8a,488
0xa6,0x8b,554
0xa6,0x8c,532
0xa6,0x8d,524
0xa6,0x8e,492
0xa6,0x8f,514
0xa6,0x90,568
0xa6,0x91,510
0xa6,0x92,644
0xa6,0x93,450
0xa6,0x94,496
0xa6,0x95,506
0xa6,0x96,504
0xa6,0x97,528
0xa6,0x98,476
0xa6,0x99,496
0xa6,0x9a,510
0xa6,0x9b,514
0xa6,0x9c,502
0xa6,0x9d,510
0xa6,0x9e,504
0xa6,0x9f,470
0xa6,0xa0,500
0xa6,0xa1,506
0xa6,0xa2,504
0xa6,0xa3,526
0xa6,0xa4,564
0xa6,0xa5,504
0xa6,0xa6,510
0xa6,0xa7,498
0xa6,0xa8,520
0xa6,0xa9,524
0xa6,0xaa,524
0xa6,0xab,548
0xa6,0xac,516
0xa6,0xad,514
0xa6,0xae,486
0xa6,0xaf,486
0xa6,0xb0,472
0xa6,0xb1,448
0xa6,0xb2,502
0xa6,0xb3,488
0xa6,0xb4,520
0xa6,0xb5,510
0xa6,0xb6,488
0xa6,0xb7,524
0xa6,0xb8,464
0xa6,0xb9,482
0xa6,0xba,510
0xa6,0xbb,516
0xa6,0xbc,566
0xa6,0xbd,534
0xa6,0xbe,482
0xa6,0xbf,520
0xa6,0xc0,524
0xa6,0xc1,536
0xa6,0xc2,508
0xa6,0xc3,512
0xa6,0xc4,518
0xa6,0xc5,524
0xa6,0xc6,476
0xa6,0xc7,496
0xa6,0xc8,510
0xa6,0xc9,490
0xa6,0xca,480
0xa6,0xcb,514
0xa6,0xcc,502
0xa6,0xcd,518
0xa6,0xce,492
0xa6,0xcf,496
0xa6,0xd0,484
0xa6,0xd1,498
0xa6,0xd2,468
0xa6,0xd3,512
0xa6,0xd4,456
0xa6,0xd5,544
0xa6,0xd6,484
0xa6,0xd7,518
0xa6,0xd8,500
0xa6,0xd9,494
0xa6,0xda,486
0xa6,0xdb,514
0xa6,0xdc,530
0xa6,0xdd,482
0xa6,0xde,518
0xa6,0xdf,484
0xa6,0xe0,542
0xa6,0xe1,494
0xa6,0xe2,472
0xa6,0xe3,562
0xa6,0xe4,518
0xa6,0xe5,500
0xa6,0xe6,578
0xa6,0xe7,538
0xa6,0xe8,516
0xa6,0xe9,538
0xa6,0xea,488
0xa6,0xeb,502
0xa6,0xec,496
0xa6,0xed,502
0xa6,0xee,494
0xa6,0xef,522
0xa6,0xf0,496
0xa6,0xf1,510
0xa6,0xf2,480
0xa6,0xf3,530
0xa6,0xf4,506
0xa6,0xf5,500
0xa6,0xf6,502
0xa6,0xf7,488
0xa6,0xf8,540
0xa6,0xf9,522
0xa6,0xfa,496
0xa6,0xfb,494
0xa6,0xfc,512
0xa6,0xfd,522
0xa6,0xfe,462
0xa6,0xff,538
0xa7,0x00,256
0xa7,0x01,486
0xa7,0x02,464
0xa7,0x03,524
0xa7,0x04,490
0xa7,0x05,522
0xa7,0x06,500
0xa7,0x07,526
0xa7,0x08,522
0xa7,0x09,482
0xa7,0x0a,544
0xa7,0x0b,500
0xa7,0x0c,510
0xa7,0x0d,502
0xa7,0x0e,532
0xa7,0x0f,490
0xa7,0x10,498
0xa7,0x11,536
0xa7,0x12,530
0xa7,0x13,476
0xa7,0x14,468
0xa7,0x15,482
0xa7,0x16,560
0xa7,0x17,512
0xa7,0x18,522
0xa7,0x19,532
0xa7,0x1a,474
0xa7,0x1b,488
0xa7,0x1c,516
0xa7,0x1d,514
0xa7,0x1e,490
0xa7,0x1f,532
0xa7,0x20,460
0xa7,0x21,500
0xa7,0x22,504
0xa7,0x23,516
0xa7,0x24,460
0xa7,0x25,526
0xa7,0x26,472
0xa7,0x27,552
0xa7,0x28,486
0xa7,0x29,492
0xa7,0x2a,512
0xa7,0x2b,542
0xa7,0x2c,572
0xa7,0x2d,516
0xa7,0x2e,484
0xa7,0x2f,506
0xa7,0x30,438
0xa7,0x31,544
0xa7,0x32,526
0xa7,0x33,492
0xa7,0x34,492
0xa7,0x35,496
0xa7,0x36,534
0xa7,0x37,514
0xa7,0x38,502
0xa7,0x39,554
0xa7,0x3a,500
0xa7,0x3b,476
0xa7,0x3c,504
0xa7,0x3d,502
0xa7,0x3e,486
0xa7,0x3f,506
0xa7,0x40,500
0xa7,0x41,500
0xa7,0x42,528
0xa7,0x43,544
0xa7,0x44,514
0xa7,0x45,604
0xa7,0x46,506
0xa7,0x47,482
0xa7,0x48,508
0xa7,0x49,484
0xa7,0x4a,466
0xa7,0x4b,504
0xa7,0x4c,538
0xa7,0x4d,512
0xa7,0x4e,472
0xa7,0x4f,502
0xa7,0x50,534
0xa7,0x51,502
0xa7,0x52,492
0xa7,0x53,474
0xa7,0x54,538
0xa7,0x55,522
0xa7,0x56,526
0xa7,0x57,510
0xa7,0x58,530
0xa7,0x59,510
0xa7,0x5a,502
0xa7,0x5b,500
0xa7,0x5c,502
0xa7,0x5d,500
0xa7,0x5e,550
0xa7,0x5f,504
0xa7,0x60,534
0xa7,0x61,530
0xa7,0x62,542
0xa7,0x63,536
0xa7,0x64,478
0xa7,0x65,498
0xa7,0x66,508
0xa7,0x67,502
0xa7,0x68,522
0xa7,0x69,566
0xa7,0x6a,486
0xa7,0x6b,496
0xa7,0x6c,494
0xa7,0x6d,506
0xa7,0x6e,510
0xa7,0x6f,480
0xa7,0x70,530
0xa7,0x71,526
0xa7,0x72,490
0xa7,0x73,528
0xa7,0x74,562
0xa7,0x75,526
0xa7,0x76,492
0xa7,0x77,464
0xa7,0x78,504
0xa7,0x79,494
0xa7,0x7a,544
0xa7,0x7b,500
0xa7,0x7c,530
0xa7,0x7d,500
0xa7,0x7e,508
0xa7,0x7f,520
0xa7,0x80,502
0xa7,0x81,518
0xa7,0x82,510
0xa7,0x83,490
0xa7,0x84,494
0xa7,0x85,474
0xa7,0x86,540
0xa7,0x87,506
0xa7,0x88,510
0xa7,0x89,500
0xa7,0x8a,504
0xa7,0x8b,476
0xa7,0x8c,520
0xa7,0x8d,522
0xa7,0x8e,480
0xa7,0x8f,486
0xa7,0x90,496
0xa7,0x91,510
0xa7,0x92,564
0xa7,0x93,510
0xa7,0x94,486
0xa7,0x95,524
0xa7,0x96,498
0xa7,0x97,486
0xa7,0x98,526
0xa7,0x99,512
0xa7,0x9a,488
0xa7,0x9b,498
0xa7,0x9c,528
0xa7,0x9d,506
0xa7,0x9e,504
0xa7,0x9f,546
0xa7,0xa0,522
0xa7,0xa1,478
0xa7,0xa2,490
0xa7,0xa3,528
0xa7,0xa4,518
0xa7,0xa5,490
0xa7,0xa6,492
0xa7,0xa7,498
0xa7,0xa8,518
0xa7,0xa9,504
0xa7,0xaa,470
0xa7,0xab,542
0xa7,0xac,498
0xa7,0xad,540
0xa7,0xae,496
0xa7,0xaf,518
0xa7,0xb0,520
0xa7,0xb1,504
0xa7,0xb2,502
0xa7,0xb3,540
0xa7,0xb4,530
0xa7,0xb5,538
0xa7,0xb6,476
0xa7,0xb7,492
0xa7,0xb8,498
0xa7,0xb9,512
0xa7,0xba,530
0xa7,0xbb,538
0xa7,0xbc,524
0xa7,0xbd,520
0xa7,0xbe,562
0xa7,0xbf,480
0xa7,0xc0,506
0xa7,0xc1,512
0xa7,0xc2,490
0xa7,0xc3,482
0xa7,0xc4,480
0xa7,0xc5,486
0xa7,0xc6,522
0xa7,0xc7,496
0xa7,0xc8,520
0xa7,0xc9,510
0xa7,0xca,482
0xa7,0xcb,504
0xa7,0xcc,498
0xa7,0xcd,524
0xa7,0xce,512
0xa7,0xcf,496
0xa7,0xd0,512
0xa7,0xd1,514
0xa7,0xd2,522
0xa7,0xd3,500
0xa7,0xd4,508
0xa7,0xd5,510
0xa7,0xd6,468
0xa7,0xd7,464
0xa7,0xd8,514
0xa7,0xd9,484
0xa7,0xda,512
0xa7,0xdb,504
0xa7,0xdc,536
0xa7,0xdd,476
0xa7,0xde,504
0xa7,0xdf,504
0xa7,0xe0,518
0xa7,0xe1,512
0xa7,0xe2,474
0xa7,0xe3,498
0xa7,0xe4,500
0xa7,0xe5,498
0xa7,0xe6,468
0xa7,0xe7,522
0xa7,0xe8,492
0xa7,0xe9,494
0xa7,0xea,484
0xa7,0xeb,510
0xa7,0xec,484
0xa7,0xed,536
0xa7,0xee,486
0xa7,0xef,520
0xa7,0xf0,498
0xa7,0xf1,518
0xa7,0xf2,506
0xa7,0xf3,536
0xa7,0xf4,514
0xa7,0xf5,490
0xa7,0xf6,504
0xa7,0xf7,504
0xa7,0xf8,512
0xa7,0xf9,524
0xa7,0xfa,516
0xa7,0xfb,502
0xa7,0xfc,506
0xa7,0xfd,530
0xa7,0xfe,526
0xa7,0xff,496
0xa8,0x00,256
0xa8,0x01,502
0xa8,0x02,514
0xa8,0x03,506
0xa8,0x04,488
0xa8,0x05,518
0xa8,0x06,458
0xa8,0x07,486
0xa8,0x08,494
0xa8,0x09,500
0xa8,0x0a,568
0xa8,0x0b,520
0xa8,0x0c,528
0xa8,0x0d,478
0xa8,0x0e,538
0xa8,0x0f,522
0xa8,0x10,474
0xa8,0x11,480
0xa8,0x12,386
0xa8,0x13,526
0xa8,0x14,554
0xa8,0x15,528
0xa8,0x16,486
0xa8,0x17,468
0xa8,0x18,510
0xa8,0x19,586
0xa8,0x1a,536
0xa8,0x1b,512
0xa8,0x1c,478
0xa8,0x1d,518
0xa8,0x1e,518
0xa8,0x1f,622
0xa8,0x20,524
0xa8,0x21,548
0xa8,0x22,476
0xa8,0x23,532
0xa8,0x24,388
0xa8,0x25,562
0xa8,0x26,574
0xa8,0x27,510
0xa8,0x28,524
0xa8,0x29,468
0xa8,0x2a,494
0xa8,0x2b,518
0xa8,0x2c,560
0xa8,0x2d,490
0xa8,0x2e,516
0xa8,0x2f,536
0xa8,0x30,424
0xa8,0x31,504
0xa8,0x32,474
0xa8,0x33,518
0xa8,0x34,462
0xa8,0x35,524
0xa8,0x36,462
0xa8,0x37,498
0xa8,0x38,468
0xa8,0x39,536
0xa8,0x3a,464
0xa8,0x3b,460
0xa8,0x3c,506
0xa8,0x3d,464
0xa8,0x3e,578
0xa8,0x3f,534
0xa8,0x40,530
0xa8,0x41,518
0xa8,0x42,506
0xa8,0x43,494
0xa8,0x44,462
0xa8,0x45,486
0xa8,0x46,504
0xa8,0x47,504
0xa8,0x48,494
0xa8,0x49,568
0xa8,0x4a,524
0xa8,0x4b,518
0xa8,0x4c,494
0xa8,0x4d,514
0xa8,0x4e,448
0xa8,0x4f,464
0xa8,0x50,498
0xa8,0x51,506
0xa8,0x52,472
0xa8,0x53,530
0xa8,0x54,550
0xa8,0x55,526
0xa8,0x56,544
0xa8,0x57,534
0xa8,0x58,520
0xa8,0x59,488
0xa8,0x5a,518
0xa8,0x5b,518
0xa8,0x5c,576
0xa8,0x5d,490
0xa8,0x5e,496
0xa8,0x5f,498
0xa8,0x60,562
0xa8,0x61,468
0xa8,0x62,462
0xa8,0x63,506
0xa8,0x64,566
0xa8,0x65,500
0xa8,0x66,508
0xa8,0x67,504
0xa8,0x68,494
0xa8,0x69,520
0xa8,0x6a,466
0xa8,0x6b,528
0xa8,0x6c,542
0xa8,0x6d,520
0xa8,0x6e,522
0xa8,0x6f,510
0xa8,0x70,504
0xa8,0x71,516
0xa8,0x72,522
0xa8,0x73,550
0xa8,0x74,510
0xa8,0x75,472
0xa8,0x76,490
0xa8,0x77,488
0xa8,0x78,498
0xa8,0x79,506
0xa8,0x7a,556
0xa8,0x7b,546
0xa8,0x7c,546
0xa8,0x7d,500
0xa8,0x7e,538
0xa8,0x7f,524
0xa8,0x80,508
0xa8,0x81,556
0xa8,0x82,526
0xa8,0x83,496
0xa8,0x84,502
0xa8,0x85,514
0xa8,0x86,522
0xa8,0x87,506
0xa8,0x88,508
0xa8,0x89,492
0xa8,0x8a,562
0xa8,0x8b,510
0xa8,0x8c,518
0xa8,0x8d,538
0xa8,0x8e,462
0xa8,0x8f,500
0xa8,0x90,466
0xa8,0x91,496
0xa8,0x92,466
0xa8,0x93,532
0xa8,0x94,536
0xa8,0x95,554
0xa8,0x96,522
0xa8,0x97,514
0xa8,0x98,488
0xa8,0x99,506
0xa8,0x9a,458
0xa8,0x9b,516
0xa8,0x9c,510
0xa8,0x9d,526
0xa8,0x9e,500
0xa8,0x9f,494
0xa8,0xa0,582
0xa8,0xa1,568
0xa8,0xa2,520
0xa8,0xa3,502
0xa8,0xa4,530
0xa8,0xa5,480
0xa8,0xa6,506
0xa8,0xa7,542
0xa8,0xa8,536
0xa8,0xa9,494
0xa8,0xaa,474
0xa8,0xab,518
0xa8,0xac,544
0xa8,0xad,504
0xa8,0xae,518
0xa8,0xaf,502
0xa8,0xb0,514
0xa8,0xb1,492
0xa8,0xb2,518
0xa8,0xb3,522
0xa8,0xb4,504
0xa8,0xb5,542
0xa8,0xb6,552
0xa8,0xb7,476
0xa8,0xb8,494
0xa8,0xb9,478
0xa8,0xba,506
0xa8,0xbb,480
0xa8,0xbc,596
0xa8,0xbd,472
0xa8,0xbe,500
0xa8,0xbf,468
0xa8,0xc0,508
0xa8,0xc1,546
0xa8,0xc2,520
0xa8,0xc3,502
0xa8,0xc4,540
0xa8,0xc5,550
0xa8,0xc6,496
0xa8,0xc7,552
0xa8,0xc8,558
0xa8,0xc9,486
0xa8,0xca,520
0xa8,0xcb,516
0xa8,0xcc,510
0xa8,0xcd,532
0xa8,0xce,484
0xa8,0xcf,540
0xa8,0xd0,546
0xa8,0xd1,502
0xa8,0xd2,484
0xa8,0xd3,512
0xa8,0xd4,546
0xa8,0xd5,488
0xa8,0xd6,474
0xa8,0xd7,456
0xa8,0xd8,532
0xa8,0xd9,492
0xa8,0xda,512
0xa8,0xdb,540
0xa8,0xdc,494
0xa8,0xdd,494
0xa8,0xde,532
0xa8,0xdf,474
0xa8,0xe0,504
0xa8,0xe1,528
0xa8,0xe2,524
0xa8,0xe3,528
0xa8,0xe4,504
0xa8,0xe5,544
0xa8,0xe6,552
0xa8,0xe7,536
0xa8,0xe8,500
0xa8,0xe9,478
0xa8,0xea,518
0xa8,0xeb,492
0xa8,0xec,512
0xa8,0xed,476
0xa8,0xee,456
0xa8,0xef,502
0xa8,0xf0,478
0xa8,0xf1,510
0xa8,0xf2,516
0xa8,0xf3,526
0xa8,0xf4,534
0xa8,0xf5,490
0xa8,0xf6,516
0xa8,0xf7,496
0xa8,0xf8,532
0xa8,0xf9,502
0xa8,0xfa,482
0xa8,0xfb,512
0xa8,0xfc,540
0xa8,0xfd,520
0xa8,0xfe,536
0xa8,0xff,482
0xa9,0x00,256
0xa9,0x01,466
0xa9,0x02,474
0xa9,0x03,516
0xa9,0x04,546
0xa9,0x05,516
0xa9,0x06,666
0xa9,0x07,506
0xa9,0x08,524
0xa9,0x09,506
0xa9,0x0a,506
0xa9,0x0b,504
0xa9,0x0c,516
0xa9,0x0d,510
0xa9,0x0e,526
0xa9,0x0f,510
0xa9,0x10,700
0xa9,0x11,526
0xa9,0x12,526
0xa9,0x13,556
0xa9,0x14,510
0xa9,0x15,496
0xa9,0x16,558
0xa9,0x17,524
0xa9,0x18,522
0xa9,0x19,486
0xa9,0x1a,516
0xa9,0x1b,488
0xa9,0x1c,486
0xa9,0x1d,502
0xa9,0x1e,524
0xa9,0x1f,490
0xa9,0x20,544
0xa9,0x21,550
0xa9,0x22,478
0xa9,0x23,526
0xa9,0x24,430
0xa9,0x25,482
0xa9,0x26,644
0xa9,0x27,514
0xa9,0x28,488
0xa9,0x29,518
0xa9,0x2a,530
0xa9,0x2b,506
0xa9,0x2c,492
0xa9,0x2d,514
0xa9,0x2e,502
0xa9,0x2f,472
0xa9,0x30,414
0xa9,0x31,484
0xa9,0x32,534
0xa9,0x33,514
0xa9,0x34,886
0xa9,0x35,518
0xa9,0x36,1012
0xa9,0x37,536
0xa9,0x38,520
0xa9,0x39,536
0xa9,0x3a,526
0xa9,0x3b,506
0xa9,0x3c,584
0xa9,0x3d,562
0xa9,0x3e,492
0xa9,0x3f,496
0xa9,0x40,542
0xa9,0x41,494
0xa9,0x42,530
0xa9,0x43,498
0xa9,0x44,502
0xa9,0x45,446
0xa9,0x46,548
0xa9,0x47,526
0xa9,0x48,486
0xa9,0x49,506
0xa9,0x4a,492
0xa9,0x4b,508
0xa9,0x4c,526
0xa9,0x4d,474
0xa9,0x4e,498
0xa9,0x4f,468
0xa9,0x50,484
0xa9,0x51,506
0xa9,0x52,540
0xa9,0x53,492
0xa9,0x54,540
0xa9,0x55,506
0xa9,0x56,498
0xa9,0x57,474
0xa9,0x58,504
0xa9,0x59,476
0xa9,0x5a,504
0xa9,0x5b,538
0xa9,0x5c,460
0xa9,0x5d,468
0xa9,0x5e,506
0xa9,0x5f,524
0xa9,0x60,484
0xa9,0x61,532
0xa9,0x62,480
0xa9,0x63,476
0xa9,0x64,608
0xa9,0x65,536
0xa9,0x66,478
0xa9,0x67,514
0xa9,0x68,508
0xa9,0x69,500
0xa9,0x6a,500
0xa9,0x6b,502
0xa9,0x6c,536
0xa9,0x6d,498
0xa9,0x6e,512
0xa9,0x6f,546
0xa9,0x70,536
0xa9,0x71,504
0xa9,0x72,536
0xa9,0x73,490
0xa9,0x74,496
0xa9,0x75,466
0xa9,0x76,448
0xa9,0x77,474
0xa9,0x78,546
0xa9,0x79,534
0xa9,0x7a,490
0xa9,0x7b,474
0xa9,0x7c,500
0xa9,0x7d,530
0xa9,0x7e,528
0xa9,0x7f,516
0xa9,0x80,510
0xa9,0x81,514
0xa9,0x82,542
0xa9,0x83,504
0xa9,0x84,574
0xa9,0x85,562
0xa9,0x86,488
0xa9,0x87,492
0xa9,0x88,534
0xa9,0x89,528
0xa9,0x8a,536
0xa9,0x8b,500
0xa9,0x8c,528
0xa9,0x8d,476
0xa9,0x8e,490
0xa9,0x8f,506
0xa9,0x90,492
0xa9,0x91,474
0xa9,0x92,438
0xa9,0x93,508
0xa9,0x94,492
0xa9,0x95,552
0xa9,0x96,538
0xa9,0x97,504
0xa9,0x98,444
0xa9,0x99,484
0xa9,0x9a,498
0xa9,0x9b,518
0xa9,0x9c,506
0xa9,0x9d,512
0xa9,0x9e,520
0xa9,0x9f,528
0xa9,0xa0,476
0xa9,0xa1,490
0xa9,0xa2,488
0xa9,0xa3,502
0xa9,0xa4,516
0xa9,0xa5,496
0xa9,0xa6,578
0xa9,0xa7,554
0xa9,0xa8,444
0xa9,0xa9,522
0xa9,0xaa,490
0xa9,0xab,516
0xa9,0xac,502
0xa9,0xad,546
0xa9,0xae,500
0xa9,0xaf,544
0xa9,0xb0,502
0xa9,0xb1,500
0xa9,0xb2,528
0xa9,0xb3,518
0xa9,0xb4,520
0xa9,0xb5,492
0xa9,0xb6,490
0xa9,0xb7,490
0xa9,0xb8,518
0xa9,0xb9,504
0xa9,0xba,502
0xa9,0xbb,532
0xa9,0xbc,552
0xa9,0xbd,478
0xa9,0xbe,538
0xa9,0xbf,510
0xa9,0xc0,576
0xa9,0xc1,550
0xa9,0xc2,514
0xa9,0xc3,546
0xa9,0xc4,556
0xa9,0xc5,554
0xa9,0xc6,514
0xa9,0xc7,528
0xa9,0xc8,506
0xa9,0xc9,454
0xa9,0xca,486
0xa9,0xcb,534
0xa9,0xcc,510
0xa9,0xcd,482
0xa9,0xce,484
0xa9,0xcf,506
0xa9,0xd0,530
0xa9,0xd1,520
0xa9,0xd2,498
0xa9,0xd3,518
0xa9,0xd4,500
0xa9,0xd5,534
0xa9,0xd6,462
0xa9,0xd7,508
0xa9,0xd8,538
0xa9,0xd9,530
0xa9,0xda,540
0xa9,0xdb,504
0xa9,0xdc,496
0xa9,0xdd,494
0xa9,0xde,502
0xa9,0xdf,550
0xa9,0xe0,528
0xa9,0xe1,560
0xa9,0xe2,516
0xa9,0xe3,524
0xa9,0xe4,482
0xa9,0xe5,580
0xa9,0xe6,524
0xa9,0xe7,510
0xa9,0xe8,530
0xa9,0xe9,572
0xa9,0xea,510
0xa9,0xeb,516
0xa9,0xec,542
0xa9,0xed,510
0xa9,0xee,498
0xa9,0xef,518
0xa9,0xf0,454
0xa9,0xf1,496
0xa9,0xf2,478
0xa9,0xf3,474
0xa9,0xf4,474
0xa9,0xf5,504
0xa9,0xf6,494
0xa9,0xf7,520
0xa9,0xf8,496
0xa9,0xf9,508
0xa9,0xfa,504
0xa9,0xfb,504
0xa9,0xfc,524
0xa9,0xfd,532
0xa9,0xfe,476
0xa9,0xff,518
0xaa,0x00,256
0xaa,0x01,570
0xaa,0x02,468
0xaa,0x03,522
0xaa,0x04,550
0xaa,0x05,530
0xaa,0x06,552
0xaa,0x07,532
0xaa,0x08,516
0xaa,0x09,514
0xaa,0x0a,548
0xaa,0x0b,530
0xaa,0x0c,510
0xaa,0x0d,502
0xaa,0x0e,510
0xaa,0x0f,524
0xaa,0x10,526
0xaa,0x11,488
0xaa,0x12,406
0xaa,0x13,464
0xaa,0x14,562
0xaa,0x15,498
0xaa,0x16,482
0xaa,0x17,560
0xaa,0x18,504
0xaa,0x19,494
0xaa,0x1a,570
0xaa,0x1b,522
0xaa,0x1c,492
0xaa,0x1d,518
0xaa,0x1e,486
0xaa,0x1f,506
0xaa,0x20,518
0xaa,0x21,506
0xaa,0x22,692
0xaa,0x23,490
0xaa,0x24,632
0xaa,0x25,516
0xaa,0x26,506
0xaa,0x27,504
0xaa,0x28,482
0xaa,0x29,528
0xaa,0x2a,510
0xaa,0x2b,568
0xaa,0x2c,520
0xaa,0x2d,472
0xaa,0x2e,480
0xaa,0x2f,544
0xaa,0x30,396
0xaa,0x31,482
0xaa,0x32,504
0xaa,0x33,486
0xaa,0x34,484
0xaa,0x35,500
0xaa,0x36,540
0xaa,0x37,484
0xaa,0x38,544
0xaa,0x39,522
0xaa,0x3a,496
0xaa,0x3b,558
0xaa,0x3c,506
0xaa,0x3d,594
0xaa,0x3e,552
0xaa,0x3f,500
0xaa,0x40,536
0xaa,0x41,480
0xaa,0x42,494
0xaa,0x43,482
0xaa,0x44,546
0xaa,0x45,574
0xaa,0x46,564
0xaa,0x47,508
0xaa,0x48,480
0xaa,0x49,510
0xaa,0x4a,504
0xaa,0x4b,554
0xaa,0x4c,494
0xaa,0x4d,522
0xaa,0x4e,526
0xaa,0x4f,496
0xaa,0x50,530
0xaa,0x51,508
0xaa,0x52,472
0xaa,0x53,538
0xaa,0x54,548
0xaa,0x55,504
0xaa,0x56,524
0xaa,0x57,500
0xaa,0x58,540
0xaa,0x59,538
0xaa,0x5a,516
0xaa,0x5b,476
0xaa,0x5c,498
0xaa,0x5d,492
0xaa,0x5e,526
0xaa,0x5f,514
0xaa,0x60,544
0xaa,0x61,596
0xaa,0x62,512
0xaa,0x63,522
0xaa,0x64,536
0xaa,0x65,508
0xaa,0x66,544
0xaa,0x67,494
0xaa,0x68,494
0xaa,0x69,492
0xaa,0x6a,578
0xaa,0x6b,520
0xaa,0x6c,522
0xaa,0x6d,520
0xaa,0x6e,510
0xaa,0x6f,528
0xaa,0x70,498
0xaa,0x71,538
0xaa,0x72,478
0xaa,0x73,470
0xaa,0x74,516
0xaa,0x75,514
0xaa,0x76,560
0xaa,0x77,522
0xaa,0x78,508
0xaa,0x79,520
0xaa,0x7a,532
0xaa,0x7b,494
0xaa,0x7c,534
0xaa,0x7d,504
0xaa,0x7e,508
0xaa,0x7f,516
0xaa,0x80,506
0xaa,0x81,522
0xaa,0x82,548
0xaa,0x83,516
0xaa,0x84,548
0xaa,0x85,472
0xaa,0x86,548
0xaa,0x87,516
0xaa,0x88,512
0xaa,0x89,490
0xaa,0x8a,512
0xaa,0x8b,544
0xaa,0x8c,534
0xaa,0x8d,552
0xaa,0x8e,518
0xaa,0x8f,496
0xaa,0x90,528
0xaa,0x91,474
0xaa,0x92,460
0xaa,0x93,506
0xaa,0x94,532
0xaa,0x95,550
0xaa,0x96,552
0xaa,0x97,520
0xaa,0x98,526
0xaa,0x99,510
0xaa,0x9a,506
0xaa,0x9b,462
0xaa,0x9c,490
0xaa,0x9d,522
0xaa,0x9e,462
0xaa,0x9f,532
0xaa,0xa0,556
0xaa,0xa1,526
0xaa,0xa2,570
0xaa,0xa3,508
0xaa,0xa4,504
0xaa,0xa5,502
0xaa,0xa6,482
0xaa,0xa7,504
0xaa,0xa8,544
0xaa,0xa9,490
0xaa,0xaa,516
0xaa,0xab,552
0xaa,0xac,498
0xaa,0xad,490
0xaa,0xae,520
0xaa,0xaf,478
0xaa,0xb0,506
0xaa,0xb1,516
0xaa,0xb2,492
0xaa,0xb3,526
0xaa,0xb4,494
0xaa,0xb5,476
0xaa,0xb6,512
0xaa,0xb7,534
0xaa,0xb8,518
0xaa,0xb9,558
0xaa,0xba,520
0xaa,0xbb,564
0xaa,0xbc,510
0xaa,0xbd,516
0xaa,0xbe,552
0xaa,0xbf,494
0xaa,0xc0,526
0xaa,0xc1,502
0xaa,0xc2,524
0xaa,0xc3,548
0xaa,0xc4,518
0xaa,0xc5,520
0xaa,0xc6,548
0xaa,0xc7,480
0xaa,0xc8,518
0xaa,0xc9,502
0xaa,0xca,504
0xaa,0xcb,514
0xaa,0xcc,504
0xaa,0xcd,538
0xaa,0xce,520
0xaa,0xcf,502
0xaa,0xd0,506
0xaa,0xd1,522
0xaa,0xd2,536
0xaa,0xd3,518
0xaa,0xd4,548
0xaa,0xd5,490
0xaa,0xd6,510
0xaa,0xd7,478
0xaa,0xd8,518
0xaa,0xd9,522
0xaa,0xda,548
0xaa,0xdb,522
0xaa,0xdc,508
0xaa,0xdd,564
0xaa,0xde,570
0xaa,0xdf,512
0xaa,0xe0,486
0xaa,0xe1,520
0xaa,0xe2,510
0xaa,0xe3,490
0xaa,0xe4,528
0xaa,0xe5,506
0xaa,0xe6,540
0xaa,0xe7,488
0xaa,0xe8,498
0xaa,0xe9,520
0xaa,0xea,498
0xaa,0xeb,512
0xaa,0xec,460
0xaa,0xed,564
0xaa,0xee,486
0xaa,0xef,518
0xaa,0xf0,524
0xaa,0xf1,504
0xaa,0xf2,526
0xaa,0xf3,478
0xaa,0xf4,530
0xaa,0xf5,490
0xaa,0xf6,550
0xaa,0xf7,522
0xaa,0xf8,528
0xaa,0xf9,552
0xaa,0xfa,500
0xaa,0xfb,498
0xaa,0xfc,512
0xaa,0xfd,556
0xaa,0xfe,514
0xaa,0xff,516
0xab,0x00,256
0xab,0x01,500
0xab,0x02,474
0xab,0x03,490
0xab,0x04,490
0xab,0x05,516
0xab,0x06,572
0xab,0x07,504
0xab,0x08,524
0xab,0x09,504
0xab,0x0a,506
0xab,0x0b,486
0xab,0x0c,510
0xab,0x0d,500
0xab,0x0e,534
0xab,0x0f,502
0xab,0x10,508
0xab,0x11,474
0xab,0x12,406
0xab,0x13,502
0xab,0x14,456
0xab,0x15,488
0xab,0x16,578
0xab,0x17,496
0xab,0x18,520
0xab,0x19,536
0xab,0x1a,480
0xab,0x1b,528
0xab,0x1c,528
0xab,0x1d,496
0xab,0x1e,500
0xab,0x1f,520
0xab,0x20,516
0xab,0x21,510
0xab,0x22,450
0xab,0x23,494
0xab,0x24,384
0xab,0x25,508
0xab,0x26,446
0xab,0x27,482
0xab,0x28,536
0xab,0x29,522
0xab,0x2a,508
0xab,0x2b,494
0xab,0x2c,514
0xab,0x2d,550
0xab,0x2e,516
0xab,0x2f,524
0xab,0x30,410
0xab,0x31,612
0xab,0x32,510
0xab,0x33,562
0xab,0x34,462
0xab,0x35,482
0xab,0x36,478
0xab,0x37,528
0xab,0x38,486
0xab,0x39,496
0xab,0x3a,574
0xab,0x3b,522
0xab,0x3c,490
0xab,0x3d,530
0xab,0x3e,502
0xab,0x3f,494
0xab,0x40,512
0xab,0x41,504
0xab,0x42,512
0xab,0x43,494
0xab,0x44,550
0xab,0x45,514
0xab,0x46,488
0xab,0x47,494
0xab,0x48,544
0xab,0x49,496
0xab,0x4a,536
0xab,0x4b,478
0xab,0x4c,486
0xab,0x4d,540
0xab,0x4e,512
0xab,0x4f,506
0xab,0x50,552
0xab,0x51,476
0xab,0x52,492
0xab,0x53,522
0xab,0x54,518
0xab,0x55,518
0xab,0x56,514
0xab,0x57,526
0xab,0x58,526
0xab,0x59,522
0xab,0x5a,494
0xab,0x5b,500
0xab,0x5c,518
0xab,0x5d,542
0xab,0x5e,456
0xab,0x5f,492
0xab,0x60,522
0xab,0x61,490
0xab,0x62,540
0xab,0x63,522
0xab,0x64,502
0xab,0x65,492
0xab,0x66,508
0xab,0x67,508
0xab,0x68,520
0xab,0x69,496
0xab,0x6a,516
0xab,0x6b,492
0xab,0x6c,504
0xab,0x6d,484
0xab,0x6e,484
0xab,0x6f,522
0xab,0x70,516
0xab,0x71,518
0xab,0x72,538
0xab,0x73,482
0xab,0x74,530
0xab,0x75,528
0xab,0x76,570
0xab,0x77,510
0xab,0x78,498
0xab,0x79,476
0xab,0x7a,490
0xab,0x7b,506
0xab,0x7c,492
0xab,0x7d,506
0xab,0x7e,494
0xab,0x7f,520
0xab,0x80,510
0xab,0x81,468
0xab,0x82,482
0xab,0x83,488
0xab,0x84,518
0xab,0x85,500
0xab,0x86,536
0xab,0x87,512
0xab,0x88,516
0xab,0x89,490
0xab,0x8a,524
0xab,0x8b,476
0xab,0x8c,472
0xab,0x8d,530
0xab,0x8e,482
0xab,0x8f,546
0xab,0x90,488
0xab,0x91,578
0xab,0x92,604
0xab,0x93,522
0xab,0x94,506
0xab,0x95,458
0xab,0x96,494
0xab,0x97,520
0xab,0x98,524
0xab,0x99,524
0xab,0x9a,538
0xab,0x9b,492
0xab,0x9c,500
0xab,0x9d,488
0xab,0x9e,520
0xab,0x9f,538
0xab,0xa0,478
0xab,0xa1,560
0xab,0xa2,580
0xab,0xa3,544
0xab,0xa4,500
0xab,0xa5,474
0xab,0xa6,506
0xab,0xa7,468
0xab,0xa8,486
0xab,0xa9,536
0xab,0xaa,514
0xab,0xab,524
0xab,0xac,534
0xab,0xad,514
0xab,0xae,576
0xab,0xaf,498
0xab,0xb0,498
0xab,0xb1,516
0xab,0xb2,514
0xab,0xb3,482
0xab,0xb4,494
0xab,0xb5,490
0xab,0xb6,498
0xab,0xb7,480
0xab,0xb8,532
0xab,0xb9,552
0xab,0xba,504
0xab,0xbb,462
0xab,0xbc,476
0xab,0xbd,494
0xab,0xbe,516
0xab,0xbf,510
0xab,0xc0,514
0xab,0xc1,496
0xab,0xc2,542
0xab,0xc3,524
0xab,0xc4,526
0xab,0xc5,524
0xab,0xc6,552
0xab,0xc7,530
0xab,0xc8,506
0xab,0xc9,464
0xab,0xca,520
0xab,0xcb,542
0xab,0xcc,544
0xab,0xcd,494
0xab,0xce,502
0xab,0xcf,504
0xab,0xd0,510
0xab,0xd1,546
0xab,0xd2,514
0xab,0xd3,486
0xab,0xd4,476
0xab,0xd5,500
0xab,0xd6,524
0xab,0xd7,498
0xab,0xd8,514
0xab,0xd9,516
0xab,0xda,494
0xab,0xdb,518
0xab,0xdc,532
0xab,0xdd,548
0xab,0xde,546
0xab,0xdf,538
0xab,0xe0,468
0xab,0xe1,544
0xab,0xe2,534
0xab,0xe3,496
0xab,0xe4,520
0xab,0xe5,548
0xab,0xe6,514
0xab,0xe7,496
0xab,0xe8,522
0xab,0xe9,520
0xab,0xea,558
0xab,0xeb,566
0xab,0xec,528
0xab,0xed,500
0xab,0xee,502
0xab,0xef,500
0xab,0xf0,492
0xab,0xf1,448
0xab,0xf2,466
0xab,0xf3,506
0xab,0xf4,482
0xab,0xf5,506
0xab,0xf6,500
0xab,0xf7,484
0xab,0xf8,514
0xab,0xf9,516
0xab,0xfa,522
0xab,0xfb,474
0xab,0xfc,468
0xab,0xfd,532
0xab,0xfe,510
0xab,0xff,512
0xac,0x00,256
0xac,0x01,472
0xac,0x02,436
0xac,0x03,460
0xac,0x04,544
0xac,0x05,500
0xac,0x06,532
0xac,0x07,496
0xac,0x08,480
0xac,0x09,486
0xac,0x0a,594
0xac,0x0b,546
0xac,0x0c,516
0xac,0x0d,504
0xac,0x0e,518
0xac,0x0f,540
0xac,0x10,494
0xac,0x11,492
0xac,0x12,424
0xac,0x13,552
0xac,0x14,480
0xac,0x15,546
0xac,0x16,444
0xac,0x17,526
0xac,0x18,508
0xac,0x19,476
0xac,0x1a,538
0xac,0x1b,470
0xac,0x1c,520
0xac,0x1d,498
0xac,0x1e,468
0xac,0x1f,550
0xac,0x20,516
0xac,0x21,512
0xac,0x22,572
0xac,0x23,504
0xac,0x24,464
0xac,0x25,500
0xac,0x26,398
0xac,0x27,530
0xac,0x28,498
0xac,0x29,534
0xac,0x2a,526
0xac,0x2b,482
0xac,0x2c,502
0xac,0x2d,496
0xac,0x2e,480
0xac,0x2f,534
0xac,0x30,448
0xac,0x31,522
0xac,0x32,470
0xac,0x33,470
0xac,0x34,452
0xac,0x35,512
0xac,0x36,522
0xac,0x37,498
0xac,0x38,544
0xac,0x39,530
0xac,0x3a,530
0xac,0x3b,498
0xac,0x3c,522
0xac,0x3d,512
0xac,0x3e,506
0xac,0x3f,470
0xac,0x40,524
0xac,0x41,532
0xac,0x42,498
0xac,0x43,552
0xac,0x44,534
0xac,0x45,532
0xac,0x46,470
0xac,0x47,498
0xac,0x48,506
0xac,0x49,516
0xac,0x4a,512
0xac,0x4b,502
0xac,0x4c,524
0xac,0x4d,490
0xac,0x4e,546
0xac,0x4f,578
0xac,0x50,490
0xac,0x51,506
0xac,0x52,528
0xac,0x53,494
0xac,0x54,528
0xac,0x55,494
0xac,0x56,492
0xac,0x57,572
0xac,0x58,536
0xac,0x59,494
0xac,0x5a,480
0xac,0x5b,518
0xac,0x5c,512
0xac,0x5d,482
0xac,0x5e,548
0xac,0x5f,540
0xac,0x60,480
0xac,0x61,476
0xac,0x62,494
0xac,0x63,520
0xac,0x64,524
0xac,0x65,494
0xac,0x66,524
0xac,0x67,528
0xac,0x68,468
0xac,0x69,532
0xac,0x6a,470
0xac,0x6b,496
0xac,0x6c,508
0xac,0x6d,512
0xac,0x6e,500
0xac,0x6f,518
0xac,0x70,488
0xac,0x71,514
0xac,0x72,534
0xac,0x73,496
0xac,0x74,524
0xac,0x75,472
0xac,0x76,470
0xac,0x77,502
0xac,0x78,526
0xac,0x79,504
0xac,0x7a,502
0xac,0x7b,498
0xac,0x7c,482
0xac,0x7d,498
0xac,0x7e,488
0xac,0x7f,522
0xac,0x80,514
0xac,0x81,558
0xac,0x82,498
0xac,0x83,522
0xac,0x84,506
0xac,0x85,538
0xac,0x86,492
0xac,0x87,514
0xac,0x88,550
0xac,0x89,502
0xac,0x8a,500
0xac,0x8b,506
0xac,0x8c,522
0xac,0x8d,528
0xac,0x8e,474
0xac,0x8f,530
0xac,0x90,520
0xac,0x91,498
0xac,0x92,556
0xac,0x93,510
0xac,0x94,498
0xac,0x95,540
0xac,0x96,478
0xac,0x97,504
0xac,0x98,556
0xac,0x99,508
0xac,0x9a,466
0xac,0x9b,528
0xac,0x9c,504
0xac,0x9d,516
0xac,0x9e,498
0xac,0x9f,470
0xac,0xa0,480
0xac,0xa1,556
0xac,0xa2,512
0xac,0xa3,470
0xac,0xa4,472
0xac,0xa5,488
0xac,0xa6,520
0xac,0xa7,542
0xac,0xa8,520
0xac,0xa9,548
0xac,0xaa,478
0xac,0xab,490
0xac,0xac,506
0xac,0xad,512
0xac,0xae,528
0xac,0xaf,512
0xac,0xb0,596
0xac,0xb1,544
0xac,0xb2,528
0xac,0xb3,494
0xac,0xb4,538
0xac,0xb5,508
0xac,0xb6,490
0xac,0xb7,540
0xac,0xb8,554
0xac,0xb9,524
0xac,0xba,494
0xac,0xbb,528
0xac,0xbc,526
0xac,0xbd,524
0xac,0xbe,500
0xac,0xbf,536
0xac,0xc0,508
0xac,0xc1,468
0xac,0xc2,534
0xac,0xc3,500
0xac,0xc4,492
0xac,0xc5,534
0xac,0xc6,506
0xac,0xc7,532
0xac,0xc8,530
0xac,0xc9,526
0xac,0xca,506
0xac,0xcb,504
0xac,0xcc,514
0xac,0xcd,496
0xac,0xce,484
0xac,0xcf,466
0xac,0xd0,510
0xac,0xd1,496
0xac,0xd2,538
0xac,0xd3,480
0xac,0xd4,494
0xac,0xd5,474
0xac,0xd6,500
0xac,0xd7,516
0xac,0xd8,528
0xac,0xd9,490
0xac,0xda,496
0xac,0xdb,514
0xac,0xdc,526
0xac,0xdd,466
0xac,0xde,482
0xac,0xdf,470
0xac,0xe0,540
0xac,0xe1,524
0xac,0xe2,504
0xac,0xe3,530
0xac,0xe4,502
0xac,0xe5,534
0xac,0xe6,614
0xac,0xe7,566
0xac,0xe8,484
0xac,0xe9,530
0xac,0xea,534
0xac,0xeb,484
0xac,0xec,530
0xac,0xed,492
0xac,0xee,478
0xac,0xef,516
0xac,0xf0,502
0xac,0xf1,528
0xac,0xf2,548
0xac,0xf3,494
0xac,0xf4,530
0xac,0xf5,498
0xac,0xf6,522
0xac,0xf7,530
0xac,0xf8,494
0xac,0xf9,506
0xac,0xfa,478
0xac,0xfb,458
0xac,0xfc,496
0xac,0xfd,514
0xac,0xfe,480
0xac,0xff,494
0xad,0x00,256
0xad,0x01,472
0xad,0x02,436
0xad,0x03,460
0xad,0x04,544
0xad,0x05,500
0xad,0x06,532
0xad,0x07,496
0xad,0x08,480
0xad,0x09,486
0xad,0x0a,594
0xad,0x0b,546
0xad,0x0c,516
0xad,0x0d,504
0xad,0x0e,518
0xad,0x0f,540
0xad,0x10,494
0xad,0x11,492
0xad,0x12,424
0xad,0x13,552
0xad,0x14,480
0xad,0x15,546
0xad,0x16,444
0xad,0x17,526
0xad,0x18,508
0xad,0x19,476
0xad,0x1a,538
0xad,0x1b,470
0xad,0x1c,520
0xad,0x1d,498
0xad,0x1e,468
0xad,0x1f,550
0xad,0x20,516
0xad,0x21,512
0xad,0x22,572
0xad,0x23,504
0xad,0x24,464
0xad,0x25,500
0xad,0x26,398
0xad,0x27,530
0xad,0x28,498
0xad,0x29,534
0xad,0x2a,526
0xad,0x2b,482
0xad,0x2c,502
0xad,0x2d,496
0xad,0x2e,480
0xad,0x2f,534
0xad,0x30,448
0xad,0x31,522
0xad,0x32,470
0xad,0x33,470
0xad,0x34,452
0xad,0x35,512
0xad,0x36,522
0xad,0x37,498
0xad,0x38,544
0xad,0x39,530
0xad,0x3a,530
0xad,0x3b,498
0xad,0x3c,522
0xad,0x3d,512
0xad,0x3e,506
0xad,0x3f,470
0xad,0x40,524
0xad,0x41,532
0xad,0x42,498
0xad,0x43,552
0xad,0x44,534
0xad,0x45,532
0xad,0x46,470
0xad,0x47,498
0xad,0x48,506
0xad,0x49,516
0xad,0x4a,512
0xad,0x4b,502
0xad,0x4c,524
0xad,0x4d,490
0xad,0x4e,546
0xad,0x4f,578
0xad,0x50,490
0xad,0x51,506
0xad,0x52,528
0xad,0x53,494
0xad,0x54,528
0xad,0x55,494
0xad,0x56,492
0xad,0x57,572
0xad,0x58,536
0xad,0x59,494
0xad,0x5a,480
0xad,0x5b,518
0xad,0x5c,512
0xad,0x5d,482
0xad,0x5e,548
0xad,0x5f,540
0xad,0x60,480
0xad,0x61,476
0xad,0x62,494
0xad,0x63,520
0xad,0x64,524
0xad,0x65,494
0xad,0x66,524
0xad,0x67,528
0xad,0x68,468
0xad,0x69,532
0xad,0x6a,470
0xad,0x6b,496
0xad,0x6c,508
0xad,0x6d,512
0xad,0x6e,500
0xad,0x6f,518
0xad,0x70,488
0xad,0x71,514
0xad,0x72,534
0xad,0x73,496
0xad,0x74,524
0xad,0x75,472
0xad,0x76,470
0xad,0x77,502
0xad,0x78,526
0xad,0x79,504
0xad,0x7a,502
0xad,0x7b,498
0xad,0x7c,482
0xad,0x7d,498
0xad,0x7e,488
0xad,0x7f,522
0xad,0x80,514
0xad,0x81,558
0xad,0x82,498
0xad,0x83,522
0xad,0x84,506
0xad,0x85,538
0xad,0x86,492
0xad,0x87,514
0xad,0x88,550
0xad,0x89,502
0xad,0x8a,500
0xad,0x8b,506
0xad,0x8c,522
0xad,0x8d,528
0xad,0x8e,474
0xad,0x8f,530
0xad,0x90,520
0xad,0x91,498
0xad,0x92,556
0xad,0x93,510
0xad,0x94,498
0xad,0x95,540
0xad,0x96,478
0xad,0x97,504
0xad,0x98,556
0xad,0x99,508
0xad,0x9a,466
0xad,0x9b,528
0xad,0x9c,504
0xad,0x9d,516
0xad,0x9e,498
0xad,0x9f,470
0xad,0xa0,480
0xad,0xa1,556
0xad,0xa2,512
0xad,0xa3,470
0xad,0xa4,472
0xad,0xa5,488
0xad,0xa6,520
0xad,0xa7,542
0xad,0xa8,520
0xad,0xa9,548
0xad,0xaa,478
0xad,0xab,490
0xad,0xac,506
0xad,0xad,512
0xad,0xae,528
0xad,0xaf,512
0xad,0xb0,596
0xad,0xb1,544
0xad,0xb2,528
0xad,0xb3,494
0xad,0xb4,538
0xad,0xb5,508
0xad,0xb6,490
0xad,0xb7,540
0xad,0xb8,554
0xad,0xb9,524
0xad,0xba,494
0xad,0xbb,528
0xad,0xbc,526
0xad,0xbd,524
0xad,0xbe,500
0xad,0xbf,536
0xad,0xc0,508
0xad,0xc1,468
0xad,0xc2,534
0xad,0xc3,500
0xad,0xc4,492
0xad,0xc5,534
0xad,0xc6,506
0xad,0xc7,532
0xad,0xc8,530
0xad,0xc9,526
0xad,0xca,506
0xad,0xcb,504
0xad,0xcc,514
0xad,0xcd,496
0xad,0xce,484
0xad,0xcf,466
0xad,0xd0,510
0xad,0xd1,496
0xad,0xd2,538
0xad,0xd3,480
0xad,0xd4,494
0xad,0xd5,474
0xad,0xd6,500
0xad,0xd7,516
0xad,0xd8,528
0xad,0xd9,490
0xad,0xda,496
0xad,0xdb,514
0xad,0xdc,526
0xad,0xdd,466
0xad,0xde,482
0xad,0xdf,470
0xad,0xe0,540
0xad,0xe1,524
0xad,0xe2,504
0xad,0xe3,530
0xad,0xe4,502
0xad,0xe5,534
0xad,0xe6,614
0xad,0xe7,566
0xad,0xe8,484
0xad,0xe9,530
0xad,0xea,534
0xad,0xeb,484
0xad,0xec,530
0xad,0xed,492
0xad,0xee,478
0xad,0xef,516
0xad,0xf0,502
0xad,0xf1,528
0xad,0xf2,548
0xad,0xf3,494
0xad,0xf4,530
0xad,0xf5,498
0xad,0xf6,522
0xad,0xf7,530
0xad,0xf8,494
0xad,0xf9,506
0xad,0xfa,478
0xad,0xfb,458
0xad,0xfc,496
0xad,0xfd,514
0xad,0xfe,480
0xad,0xff,494
0xae,0x00,256
0xae,0x01,494
0xae,0x02,478
0xae,0x03,528
0xae,0x04,510
0xae,0x05,532
0xae,0x06,546
0xae,0x07,504
0xae,0x08,486
0xae,0x09,510
0xae,0x0a,490
0xae,0x0b,526
0xae,0x0c,510
0xae,0x0d,472
0xae,0x0e,506
0xae,0x0f,520
0xae,0x10,514
0xae,0x11,528
0xae,0x12,530
0xae,0x13,456
0xae,0x14,508
0xae,0x15,516
0xae,0x16,502
0xae,0x17,556
0xae,0x18,492
0xae,0x19,494
0xae,0x1a,508
0xae,0x1b,502
0xae,0x1c,486
0xae,0x1d,482
0xae,0x1e,524
0xae,0x1f,496
0xae,0x20,500
0xae,0x21,512
0xae,0x22,468
0xae,0x23,512
0xae,0x24,386
0xae,0x25,518
0xae,0x26,532
0xae,0x27,502
0xae,0x28,494
0xae,0x29,530
0xae,0x2a,502
0xae,0x2b,516
0xae,0x2c,512
0xae,0x2d,504
0xae,0x2e,468
0xae,0x2f,514
0xae,0x30,536
0xae,0x31,522
0xae,0x32,566
0xae,0x33,550
0xae,0x34,576
0xae,0x35,498
0xae,0x36,562
0xae,0x37,502
0xae,0x38,524
0xae,0x39,490
0xae,0x3a,524
0xae,0x3b,472
0xae,0x3c,546
0xae,0x3d,504
0xae,0x3e,524
0xae,0x3f,530
0xae,0x40,494
0xae,0x41,508
0xae,0x42,530
0xae,0x43,528
0xae,0x44,492
0xae,0x45,504
0xae,0x46,556
0xae,0x47,492
0xae,0x48,506
0xae,0x49,506
0xae,0x4a,530
0xae,0x4b,542
0xae,0x4c,514
0xae,0x4d,498
0xae,0x4e,482
0xae,0x4f,476
0xae,0x50,580
0xae,0x51,484
0xae,0x52,478
0xae,0x53,548
0xae,0x54,540
0xae,0x55,552
0xae,0x56,498
0xae,0x57,524
0xae,0x58,472
0xae,0x59,486
0xae,0x5a,468
0xae,0x5b,490
0xae,0x5c,468
0xae,0x5d,486
0xae,0x5e,554
0xae,0x5f,482
0xae,0x60,494
0xae,0x61,476
0xae,0x62,538
0xae,0x63,500
0xae,0x64,540
0xae,0x65,496
0xae,0x66,524
0xae,0x67,500
0xae,0x68,538
0xae,0x69,580
0xae,0x6a,508
0xae,0x6b,522
0xae,0x6c,502
0xae,0x6d,496
0xae,0x6e,556
0xae,0x6f,512
0xae,0x70,486
0xae,0x71,500
0xae,0x72,526
0xae,0x73,536
0xae,0x74,486
0xae,0x75,506
0xae,0x76,496
0xae,0x77,512
0xae,0x78,514
0xae,0x79,530
0xae,0x7a,538
0xae,0x7b,560
0xae,0x7c,496
0xae,0x7d,486
0xae,0x7e,518
0xae,0x7f,526
0xae,0x80,488
0xae,0x81,538
0xae,0x82,492
0xae,0x83,548
0xae,0x84,470
0xae,0x85,508
0xae,0x86,538
0xae,0x87,484
0xae,0x88,496
0xae,0x89,518
0xae,0x8a,524
0xae,0x8b,502
0xae,0x8c,516
0xae,0x8d,486
0xae,0x8e,508
0xae,0x8f,504
0xae,0x90,530
0xae,0x91,524
0xae,0x92,452
0xae,0x93,546
0xae,0x94,546
0xae,0x95,534
0xae,0x96,566
0xae,0x97,516
0xae,0x98,510
0xae,0x99,490
0xae,0x9a,450
0xae,0x9b,536
0xae,0x9c,514
0xae,0x9d,468
0xae,0x9e,496
0xae,0x9f,540
0xae,0xa0,524
0xae,0xa1,484
0xae,0xa2,488
0xae,0xa3,538
0xae,0xa4,558
0xae,0xa5,560
0xae,0xa6,594
0xae,0xa7,544
0xae,0xa8,510
0xae,0xa9,522
0xae,0xaa,500
0xae,0xab,488
0xae,0xac,488
0xae,0xad,532
0xae,0xae,534
0xae,0xaf,514
0xae,0xb0,498
0xae,0xb1,522
0xae,0xb2,488
0xae,0xb3,492
0xae,0xb4,538
0xae,0xb5,506
0xae,0xb6,500
0xae,0xb7,484
0xae,0xb8,490
0xae,0xb9,498
0xae,0xba,498
0xae,0xbb,532
0xae,0xbc,478
0xae,0xbd,470
0xae,0xbe,502
0xae,0xbf,494
0xae,0xc0,482
0xae,0xc1,478
0xae,0xc2,498
0xae,0xc3,464
0xae,0xc4,530
0xae,0xc5,518
0xae,0xc6,480
0xae,0xc7,556
0xae,0xc8,500
0xae,0xc9,512
0xae,0xca,498
0xae,0xcb,518
0xae,0xcc,498
0xae,0xcd,508
0xae,0xce,516
0xae,0xcf,482
0xae,0xd0,508
0xae,0xd1,542
0xae,0xd2,486
0xae,0xd3,588
0xae,0xd4,496
0xae,0xd5,506
0xae,0xd6,470
0xae,0xd7,512
0xae,0xd8,552
0xae,0xd9,500
0xae,0xda,548
0xae,0xdb,522
0xae,0xdc,432
0xae,0xdd,496
0xae,0xde,542
0xae,0xdf,498
0xae,0xe0,534
0xae,0xe1,542
0xae,0xe2,546
0xae,0xe3,498
0xae,0xe4,480
0xae,0xe5,508
0xae,0xe6,474
0xae,0xe7,484
0xae,0xe8,504
0xae,0xe9,476
0xae,0xea,516
0xae,0xeb,510
0xae,0xec,506
0xae,0xed,458
0xae,0xee,498
0xae,0xef,512
0xae,0xf0,578
0xae,0xf1,538
0xae,0xf2,526
0xae,0xf3,494
0xae,0xf4,532
0xae,0xf5,500
0xae,0xf6,508
0xae,0xf7,534
0xae,0xf8,510
0xae,0xf9,506
0xae,0xfa,516
0xae,0xfb,496
0xae,0xfc,504
0xae,0xfd,512
0xae,0xfe,540
0xae,0xff,486
0xaf,0x00,256
0xaf,0x01,460
0xaf,0x02,520
0xaf,0x03,492
0xaf,0x04,478
0xaf,0x05,492
0xaf,0x06,498
0xaf,0x07,506
0xaf,0x08,530
0xaf,0x09,508
0xaf,0x0a,458
0xaf,0x0b,460
0xaf,0x0c,544
0xaf,0x0d,516
0xaf,0x0e,522
0xaf,0x0f,518
0xaf,0x10,518
0xaf,0x11,514
0xaf,0x12,468
0xaf,0x13,510
0xaf,0x14,460
0xaf,0x15,522
0xaf,0x16,564
0xaf,0x17,490
0xaf,0x18,500
0xaf,0x19,498
0xaf,0x1a,504
0xaf,0x1b,538
0xaf,0x1c,512
0xaf,0x1d,502
0xaf,0x1e,512
0xaf,0x1f,480
0xaf,0x20,480
0xaf,0x21,498
0xaf,0x22,484
0xaf,0x23,514
0xaf,0x24,452
0xaf,0x25,502
0xaf,0x26,398
0xaf,0x27,496
0xaf,0x28,486
0xaf,0x29,542
0xaf,0x2a,508
0xaf,0x2b,574
0xaf,0x2c,506
0xaf,0x2d,526
0xaf,0x2e,524
0xaf,0x2f,464
0xaf,0x30,658
0xaf,0x31,590
0xaf,0x32,492
0xaf,0x33,506
0xaf,0x34,546
0xaf,0x35,496
0xaf,0x36,540
0xaf,0x37,500
0xaf,0x38,486
0xaf,0x39,536
0xaf,0x3a,512
0xaf,0x3b,528
0xaf,0x3c,558
0xaf,0x3d,540
0xaf,0x3e,510
0xaf,0x3f,480
0xaf,0x40,502
0xaf,0x41,486
0xaf,0x42,508
0xaf,0x43,490
0xaf,0x44,526
0xaf,0x45,478
0xaf,0x46,494
0xaf,0x47,522
0xaf,0x48,496
0xaf,0x49,498
0xaf,0x4a,532
0xaf,0x4b,492
0xaf,0x4c,488
0xaf,0x4d,478
0xaf,0x4e,516
0xaf,0x4f,476
0xaf,0x50,484
0xaf,0x51,514
0xaf,0x52,548
0xaf,0x53,536
0xaf,0x54,480
0xaf,0x55,514
0xaf,0x56,518
0xaf,0x57,510
0xaf,0x58,526
0xaf,0x59,510
0xaf,0x5a,534
0xaf,0x5b,534
0xaf,0x5c,482
0xaf,0x5d,522
0xaf,0x5e,496
0xaf,0x5f,576
0xaf,0x60,550
0xaf,0x61,512
0xaf,0x62,522
0xaf,0x63,464
0xaf,0x64,462
0xaf,0x65,506
0xaf,0x66,516
0xaf,0x67,476
0xaf,0x68,460
0xaf,0x69,488
0xaf,0x6a,504
0xaf,0x6b,530
0xaf,0x6c,520
0xaf,0x6d,570
0xaf,0x6e,500
0xaf,0x6f,510
0xaf,0x70,486
0xaf,0x71,474
0xaf,0x72,512
0xaf,0x73,496
0xaf,0x74,538
0xaf,0x75,536
0xaf,0x76,488
0xaf,0x77,494
0xaf,0x78,522
0xaf,0x79,502
0xaf,0x7a,484
0xaf,0x7b,468
0xaf,0x7c,566
0xaf,0x7d,528
0xaf,0x7e,542
0xaf,0x7f,512
0xaf,0x80,526
0xaf,0x81,502
0xaf,0x82,518
0xaf,0x83,512
0xaf,0x84,532
0xaf,0x85,502
0xaf,0x86,530
0xaf,0x87,534
0xaf,0x88,504
0xaf,0x89,514
0xaf,0x8a,526
0xaf,0x8b,510
0xaf,0x8c,546
0xaf,0x8d,506
0xaf,0x8e,506
0xaf,0x8f,562
0xaf,0x90,476
0xaf,0x91,510
0xaf,0x92,496
0xaf,0x93,456
0xaf,0x94,490
0xaf,0x95,526
0xaf,0x96,500
0xaf,0x97,492
0xaf,0x98,458
0xaf,0x99,494
0xaf,0x9a,482
0xaf,0x9b,480
0xaf,0x9c,556
0xaf,0x9d,480
0xaf,0x9e,540
0xaf,0x9f,472
0xaf,0xa0,508
0xaf,0xa1,498
0xaf,0xa2,516
0xaf,0xa3,538
0xaf,0xa4,502
0xaf,0xa5,530
0xaf,0xa6,498
0xaf,0xa7,476
0xaf,0xa8,518
0xaf,0xa9,508
0xaf,0xaa,554
0xaf,0xab,554
0xaf,0xac,482
0xaf,0xad,478
0xaf,0xae,508
0xaf,0xaf,546
0xaf,0xb0,520
0xaf,0xb1,548
0xaf,0xb2,514
0xaf,0xb3,498
0xaf,0xb4,480
0xaf,0xb5,512
0xaf,0xb6,516
0xaf,0xb7,538
0xaf,0xb8,522
0xaf,0xb9,502
0xaf,0xba,508
0xaf,0xbb,530
0xaf,0xbc,504
0xaf,0xbd,518
0xaf,0xbe,478
0xaf,0xbf,532
0xaf,0xc0,494
0xaf,0xc1,490
0xaf,0xc2,470
0xaf,0xc3,478
0xaf,0xc4,534
0xaf,0xc5,528
0xaf,0xc6,474
0xaf,0xc7,546
0xaf,0xc8,516
0xaf,0xc9,488
0xaf,0xca,502
0xaf,0xcb,488
0xaf,0xcc,490
0xaf,0xcd,520
0xaf,0xce,532
0xaf,0xcf,522
0xaf,0xd0,576
0xaf,0xd1,468
0xaf,0xd2,576
0xaf,0xd3,518
0xaf,0xd4,550
0xaf,0xd5,494
0xaf,0xd6,520
0xaf,0xd7,502
0xaf,0xd8,532
0xaf,0xd9,554
0xaf,0xda,492
0xaf,0xdb,576
0xaf,0xdc,484
0xaf,0xdd,504
0xaf,0xde,488
0xaf,0xdf,464
0xaf,0xe0,510
0xaf,0xe1,508
0xaf,0xe2,510
0xaf,0xe3,556
0xaf,0xe4,516
0xaf,0xe5,498
0xaf,0xe6,634
0xaf,0xe7,490
0xaf,0xe8,492
0xaf,0xe9,530
0xaf,0xea,500
0xaf,0xeb,458
0xaf,0xec,554
0xaf,0xed,654
0xaf,0xee,512
0xaf,0xef,480
0xaf,0xf0,472
0xaf,0xf1,490
0xaf,0xf2,508
0xaf,0xf3,524
0xaf,0xf4,508
0xaf,0xf5,480
0xaf,0xf6,528
0xaf,0xf7,496
0xaf,0xf8,520
0xaf,0xf9,458
0xaf,0xfa,538
0xaf,0xfb,516
0xaf,0xfc,512
0xaf,0xfd,502
0xaf,0xfe,506
0xaf,0xff,560
0xb0,0x00,256
0xb0,0x01,490
0xb0,0x02,552
0xb0,0x03,490
0xb0,0x04,586
0xb0,0x05,518
0xb0,0x06,554
0xb0,0x07,550
0xb0,0x08,496
0xb0,0x09,492
0xb0,0x0a,574
0xb0,0x0b,490
0xb0,0x0c,470
0xb0,0x0d,526
0xb0,0x0e,506
0xb0,0x0f,560
0xb0,0x10,502
0xb0,0x11,502
0xb0,0x12,404
0xb0,0x13,488
0xb0,0x14,508
0xb0,0x15,502
0xb0,0x16,556
0xb0,0x17,512
0xb0,0x18,510
0xb0,0x19,524
0xb0,0x1a,476
0xb0,0x1b,490
0xb0,0x1c,510
0xb0,0x1d,528
0xb0,0x1e,526
0xb0,0x1f,494
0xb0,0x20,524
0xb0,0x21,512
0xb0,0x22,520
0xb0,0x23,544
0xb0,0x24,412
0xb0,0x25,486
0xb0,0x26,528
0xb0,0x27,524
0xb0,0x28,500
0xb0,0x29,494
0xb0,0x2a,500
0xb0,0x2b,510
0xb0,0x2c,548
0xb0,0x2d,528
0xb0,0x2e,502
0xb0,0x2f,496
0xb0,0x30,404
0xb0,0x31,488
0xb0,0x32,498
0xb0,0x33,566
0xb0,0x34,468
0xb0,0x35,526
0xb0,0x36,476
0xb0,0x37,508
0xb0,0x38,516
0xb0,0x39,504
0xb0,0x3a,478
0xb0,0x3b,498
0xb0,0x3c,486
0xb0,0x3d,524
0xb0,0x3e,482
0xb0,0x3f,498
0xb0,0x40,536
0xb0,0x41,512
0xb0,0x42,512
0xb0,0x43,502
0xb0,0x44,554
0xb0,0x45,560
0xb0,0x46,536
0xb0,0x47,518
0xb0,0x48,528
0xb0,0x49,540
0xb0,0x4a,492
0xb0,0x4b,504
0xb0,0x4c,524
0xb0,0x4d,506
0xb0,0x4e,510
0xb0,0x4f,608
0xb0,0x50,488
0xb0,0x51,444
0xb0,0x52,496
0xb0,0x53,530
0xb0,0x54,512
0xb0,0x55,554
0xb0,0x56,534
0xb0,0x57,500
0xb0,0x58,490
0xb0,0x59,570
0xb0,0x5a,480
0xb0,0x5b,478
0xb0,0x5c,538
0xb0,0x5d,488
0xb0,0x5e,496
0xb0,0x5f,494
0xb0,0x60,530
0xb0,0x61,564
0xb0,0x62,580
0xb0,0x63,520
0xb0,0x64,548
0xb0,0x65,534
0xb0,0x66,544
0xb0,0x67,496
0xb0,0x68,488
0xb0,0x69,536
0xb0,0x6a,522
0xb0,0x6b,512
0xb0,0x6c,556
0xb0,0x6d,496
0xb0,0x6e,506
0xb0,0x6f,514
0xb0,0x70,512
0xb0,0x71,508
0xb0,0x72,498
0xb0,0x73,494
0xb0,0x74,498
0xb0,0x75,488
0xb0,0x76,502
0xb0,0x77,520
0xb0,0x78,476
0xb0,0x79,494
0xb0,0x7a,518
0xb0,0x7b,482
0xb0,0x7c,552
0xb0,0x7d,544
0xb0,0x7e,488
0xb0,0x7f,488
0xb0,0x80,534
0xb0,0x81,536
0xb0,0x82,496
0xb0,0x83,520
0xb0,0x84,542
0xb0,0x85,536
0xb0,0x86,534
0xb0,0x87,512
0xb0,0x88,484
0xb0,0x89,502
0xb0,0x8a,492
0xb0,0x8b,570
0xb0,0x8c,494
0xb0,0x8d,512
0xb0,0x8e,532
0xb0,0x8f,590
0xb0,0x90,558
0xb0,0x91,550
0xb0,0x92,508
0xb0,0x93,536
0xb0,0x94,452
0xb0,0x95,480
0xb0,0x96,548
0xb0,0x97,544
0xb0,0x98,514
0xb0,0x99,592
0xb0,0x9a,530
0xb0,0x9b,496
0xb0,0x9c,518
0xb0,0x9d,510
0xb0,0x9e,506
0xb0,0x9f,494
0xb0,0xa0,496
0xb0,0xa1,504
0xb0,0xa2,532
0xb0,0xa3,522
0xb0,0xa4,498
0xb0,0xa5,512
0xb0,0xa6,482
0xb0,0xa7,518
0xb0,0xa8,524
0xb0,0xa9,518
0xb0,0xaa,478
0xb0,0xab,500
0xb0,0xac,524
0xb0,0xad,524
0xb0,0xae,506
0xb0,0xaf,496
0xb0,0xb0,510
0xb0,0xb1,558
0xb0,0xb2,516
0xb0,0xb3,490
0xb0,0xb4,532
0xb0,0xb5,496
0xb0,0xb6,488
0xb0,0xb7,532
0xb0,0xb8,500
0xb0,0xb9,504
0xb0,0xba,506
0xb0,0xbb,504
0xb0,0xbc,534
0xb0,0xbd,474
0xb0,0xbe,500
0xb0,0xbf,506
0xb0,0xc0,488
0xb0,0xc1,500
0xb0,0xc2,490
0xb0,0xc3,514
0xb0,0xc4,534
0xb0,0xc5,538
0xb0,0xc6,504
0xb0,0xc7,518
0xb0,0xc8,482
0xb0,0xc9,516
0xb0,0xca,490
0xb0,0xcb,480
0xb0,0xcc,502
0xb0,0xcd,494
0xb0,0xce,526
0xb0,0xcf,528
0xb0,0xd0,518
0xb0,0xd1,504
0xb0,0xd2,536
0xb0,0xd3,496
0xb0,0xd4,548
0xb0,0xd5,538
0xb0,0xd6,498
0xb0,0xd7,564
0xb0,0xd8,470
0xb0,0xd9,518
0xb0,0xda,468
0xb0,0xdb,526
0xb0,0xdc,570
0xb0,0xdd,498
0xb0,0xde,478
0xb0,0xdf,526
0xb0,0xe0,508
0xb0,0xe1,486
0xb0,0xe2,558
0xb0,0xe3,498
0xb0,0xe4,526
0xb0,0xe5,518
0xb0,0xe6,484
0xb0,0xe7,514
0xb0,0xe8,496
0xb0,0xe9,534
0xb0,0xea,484
0xb0,0xeb,506
0xb0,0xec,542
0xb0,0xed,534
0xb0,0xee,500
0xb0,0xef,478
0xb0,0xf0,506
0xb0,0xf1,486
0xb0,0xf2,520
0xb0,0xf3,522
0xb0,0xf4,470
0xb0,0xf5,528
0xb0,0xf6,528
0xb0,0xf7,526
0xb0,0xf8,464
0xb0,0xf9,484
0xb0,0xfa,574
0xb0,0xfb,506
0xb0,0xfc,496
0xb0,0xfd,546
0xb0,0xfe,508
0xb0,0xff,500
0xb1,0x00,256
0xb1,0x01,496
0xb1,0x02,460
0xb1,0x03,488
0xb1,0x04,476
0xb1,0x05,538
0xb1,0x06,526
0xb1,0x07,534
0xb1,0x08,482
0xb1,0x09,462
0xb1,0x0a,552
0xb1,0x0b,548
0xb1,0x0c,506
0xb1,0x0d,508
0xb1,0x0e,504
0xb1,0x0f,518
0xb1,0x10,504
0xb1,0x11,504
0xb1,0x12,460
0xb1,0x13,476
0xb1,0x14,654
0xb1,0x15,570
0xb1,0x16,476
0xb1,0x17,544
0xb1,0x18,522
0xb1,0x19,498
0xb1,0x1a,504
0xb1,0x1b,530
0xb1,0x1c,546
0xb1,0x1d,498
0xb1,0x1e,542
0xb1,0x1f,486
0xb1,0x20,518
0xb1,0x21,462
0xb1,0x22,458
0xb1,0x23,498
0xb1,0x24,616
0xb1,0x25,512
0xb1,0x26,434
0xb1,0x27,524
0xb1,0x28,486
0xb1,0x29,488
0xb1,0x2a,520
0xb1,0x2b,506
0xb1,0x2c,526
0xb1,0x2d,518
0xb1,0x2e,560
0xb1,0x2f,496
0xb1,0x30,466
0xb1,0x31,502
0xb1,0x32,482
0xb1,0x33,486
0xb1,0x34,480
0xb1,0x35,494
0xb1,0x36,464
0xb1,0x37,512
0xb1,0x38,478
0xb1,0x39,480
0xb1,0x3a,526
0xb1,0x3b,500
0xb1,0x3c,522
0xb1,0x3d,474
0xb1,0x3e,502
0xb1,0x3f,566
0xb1,0x40,488
0xb1,0x41,546
0xb1,0x42,522
0xb1,0x43,502
0xb1,0x44,532
0xb1,0x45,510
0xb1,0x46,466
0xb1,0x47,486
0xb1,0x48,512
0xb1,0x49,488
0xb1,0x4a,482
0xb1,0x4b,474
0xb1,0x4c,528
0xb1,0x4d,494
0xb1,0x4e,512
0xb1,0x4f,542
0xb1,0x50,540
0xb1,0x51,536
0xb1,0x52,518
0xb1,0x53,536
0xb1,0x54,524
0xb1,0x55,484
0xb1,0x56,536
0xb1,0x57,486
0xb1,0x58,492
0xb1,0x59,488
0xb1,0x5a,504
0xb1,0x5b,552
0xb1,0x5c,484
0xb1,0x5d,530
0xb1,0x5e,552
0xb1,0x5f,488
0xb1,0x60,568
0xb1,0x61,554
0xb1,0x62,526
0xb1,0x63,504
0xb1,0x64,552
0xb1,0x65,518
0xb1,0x66,482
0xb1,0x67,500
0xb1,0x68,550
0xb1,0x69,496
0xb1,0x6a,562
0xb1,0x6b,654
0xb1,0x6c,510
0xb1,0x6d,462
0xb1,0x6e,506
0xb1,0x6f,520
0xb1,0x70,486
0xb1,0x71,506
0xb1,0x72,524
0xb1,0x73,490
0xb1,0x74,482
0xb1,0x75,546
0xb1,0x76,528
0xb1,0x77,538
0xb1,0x78,498
0xb1,0x79,518
0xb1,0x7a,526
0xb1,0x7b,496
0xb1,0x7c,508
0xb1,0x7d,514
0xb1,0x7e,512
0xb1,0x7f,526
0xb1,0x80,496
0xb1,0x81,526
0xb1,0x82,586
0xb1,0x83,488
0xb1,0x84,512
0xb1,0x85,534
0xb1,0x86,554
0xb1,0x87,494
0xb1,0x88,512
0xb1,0x89,508
0xb1,0x8a,526
0xb1,0x8b,514
0xb1,0x8c,530
0xb1,0x8d,502
0xb1,0x8e,542
0xb1,0x8f,524
0xb1,0x90,536
0xb1,0x91,498
0xb1,0x92,474
0xb1,0x93,534
0xb1,0x94,502
0xb1,0x95,504
0xb1,0x96,504
0xb1,0x97,496
0xb1,0x98,588
0xb1,0x99,540
0xb1,0x9a,498
0xb1,0x9b,476
0xb1,0x9c,512
0xb1,0x9d,490
0xb1,0x9e,504
0xb1,0x9f,488
0xb1,0xa0,484
0xb1,0xa1,522
0xb1,0xa2,504
0xb1,0xa3,546
0xb1,0xa4,548
0xb1,0xa5,544
0xb1,0xa6,502
0xb1,0xa7,488
0xb1,0xa8,568
0xb1,0xa9,494
0xb1,0xaa,540
0xb1,0xab,540
0xb1,0xac,488
0xb1,0xad,484
0xb1,0xae,494
0xb1,0xaf,484
0xb1,0xb0,502
0xb1,0xb1,492
0xb1,0xb2,534
0xb1,0xb3,512
0xb1,0xb4,530
0xb1,0xb5,516
0xb1,0xb6,662
0xb1,0xb7,500
0xb1,0xb8,504
0xb1,0xb9,510
0xb1,0xba,508
0xb1,0xbb,516
0xb1,0xbc,550
0xb1,0xbd,538
0xb1,0xbe,524
0xb1,0xbf,556
0xb1,0xc0,504
0xb1,0xc1,464
0xb1,0xc2,566
0xb1,0xc3,496
0xb1,0xc4,550
0xb1,0xc5,508
0xb1,0xc6,554
0xb1,0xc7,488
0xb1,0xc8,498
0xb1,0xc9,560
0xb1,0xca,512
0xb1,0xcb,478
0xb1,0xcc,552
0xb1,0xcd,536
0xb1,0xce,480
0xb1,0xcf,552
0xb1,0xd0,486
0xb1,0xd1,532
0xb1,0xd2,512
0xb1,0xd3,516
0xb1,0xd4,498
0xb1,0xd5,510
0xb1,0xd6,556
0xb1,0xd7,556
0xb1,0xd8,466
0xb1,0xd9,524
0xb1,0xda,494
0xb1,0xdb,550
0xb1,0xdc,620
0xb1,0xdd,624
0xb1,0xde,548
0xb1,0xdf,482
0xb1,0xe0,542
0xb1,0xe1,548
0xb1,0xe2,524
0xb1,0xe3,538
0xb1,0xe4,510
0xb1,0xe5,492
0xb1,0xe6,534
0xb1,0xe7,472
0xb1,0xe8,500
0xb1,0xe9,528
0xb1,0xea,550
0xb1,0xeb,518
0xb1,0xec,524
0xb1,0xed,506
0xb1,0xee,494
0xb1,0xef,496
0xb1,0xf0,522
0xb1,0xf1,494
0xb1,0xf2,512
0xb1,0xf3,582
0xb1,0xf4,462
0xb1,0xf5,524
0xb1,0xf6,522
0xb1,0xf7,506
0xb1,0xf8,554
0xb1,0xf9,482
0xb1,0xfa,518
0xb1,0xfb,510
0xb1,0xfc,520
0xb1,0xfd,534
0xb1,0xfe,510
0xb1,0xff,484
0xb2,0x00,256
0xb2,0x01,476
0xb2,0x02,510
0xb2,0x03,504
0xb2,0x04,532
0xb2,0x05,514
0xb2,0x06,470
0xb2,0x07,490
0xb2,0x08,540
0xb2,0x09,536
0xb2,0x0a,464
0xb2,0x0b,502
0xb2,0x0c,482
0xb2,0x0d,536
0xb2,0x0e,506
0xb2,0x0f,496
0xb2,0x10,472
0xb2,0x11,512
0xb2,0x12,456
0xb2,0x13,500
0xb2,0x14,464
0xb2,0x15,510
0xb2,0x16,460
0xb2,0x17,492
0xb2,0x18,522
0xb2,0x19,512
0xb2,0x1a,528
0xb2,0x1b,468
0xb2,0x1c,494
0xb2,0x1d,508
0xb2,0x1e,506
0xb2,0x1f,536
0xb2,0x20,488
0xb2,0x21,496
0xb2,0x22,430
0xb2,0x23,504
0xb2,0x24,388
0xb2,0x25,504
0xb2,0x26,628
0xb2,0x27,462
0xb2,0x28,504
0xb2,0x29,476
0xb2,0x2a,528
0xb2,0x2b,498
0xb2,0x2c,478
0xb2,0x2d,506
0xb2,0x2e,510
0xb2,0x2f,536
0xb2,0x30,380
0xb2,0x31,506
0xb2,0x32,458
0xb2,0x33,506
0xb2,0x34,456
0xb2,0x35,534
0xb2,0x36,494
0xb2,0x37,542
0xb2,0x38,462
0xb2,0x39,456
0xb2,0x3a,496
0xb2,0x3b,530
0xb2,0x3c,486
0xb2,0x3d,534
0xb2,0x3e,536
0xb2,0x3f,528
0xb2,0x40,512
0xb2,0x41,488
0xb2,0x42,520
0xb2,0x43,502
0xb2,0x44,510
0xb2,0x45,518
0xb2,0x46,502
0xb2,0x47,518
0xb2,0x48,504
0xb2,0x49,480
0xb2,0x4a,490
0xb2,0x4b,516
0xb2,0x4c,524
0xb2,0x4d,548
0xb2,0x4e,512
0xb2,0x4f,508
0xb2,0x50,522
0xb2,0x51,542
0xb2,0x52,492
0xb2,0x53,484
0xb2,0x54,502
0xb2,0x55,552
0xb2,0x56,516
0xb2,0x57,522
0xb2,0x58,532
0xb2,0x59,504
0xb2,0x5a,456
0xb2,0x5b,508
0xb2,0x5c,512
0xb2,0x5d,532
0xb2,0x5e,556
0xb2,0x5f,532
0xb2,0x60,518
0xb2,0x61,540
0xb2,0x62,516
0xb2,0x63,478
0xb2,0x64,490
0xb2,0x65,516
0xb2,0x66,564
0xb2,0x67,536
0xb2,0x68,528
0xb2,0x69,498
0xb2,0x6a,494
0xb2,0x6b,530
0xb2,0x6c,522
0xb2,0x6d,508
0xb2,0x6e,548
0xb2,0x6f,494
0xb2,0x70,542
0xb2,0x71,540
0xb2,0x72,498
0xb2,0x73,544
0xb2,0x74,480
0xb2,0x75,480
0xb2,0x76,474
0xb2,0x77,504
0xb2,0x78,512
0xb2,0x79,522
0xb2,0x7a,520
0xb2,0x7b,528
0xb2,0x7c,514
0xb2,0x7d,542
0xb2,0x7e,522
0xb2,0x7f,498
0xb2,0x80,532
0xb2,0x81,506
0xb2,0x82,486
0xb2,0x83,516
0xb2,0x84,478
0xb2,0x85,496
0xb2,0x86,522
0xb2,0x87,508
0xb2,0x88,520
0xb2,0x89,524
0xb2,0x8a,504
0xb2,0x8b,480
0xb2,0x8c,478
0xb2,0x8d,508
0xb2,0x8e,494
0xb2,0x8f,524
0xb2,0x90,512
0xb2,0x91,458
0xb2,0x92,514
0xb2,0x93,524
0xb2,0x94,516
0xb2,0x95,528
0xb2,0x96,508
0xb2,0x97,498
0xb2,0x98,512
0xb2,0x99,484
0xb2,0x9a,510
0xb2,0x9b,486
0xb2,0x9c,506
0xb2,0x9d,508
0xb2,0x9e,496
0xb2,0x9f,558
0xb2,0xa0,464
0xb2,0xa1,516
0xb2,0xa2,458
0xb2,0xa3,498
0xb2,0xa4,484
0xb2,0xa5,474
0xb2,0xa6,510
0xb2,0xa7,484
0xb2,0xa8,484
0xb2,0xa9,530
0xb2,0xaa,476
0xb2,0xab,522
0xb2,0xac,548
0xb2,0xad,514
0xb2,0xae,508
0xb2,0xaf,490
0xb2,0xb0,470
0xb2,0xb1,508
0xb2,0xb2,486
0xb2,0xb3,522
0xb2,0xb4,514
0xb2,0xb5,516
0xb2,0xb6,516
0xb2,0xb7,512
0xb2,0xb8,486
0xb2,0xb9,496
0xb2,0xba,490
0xb2,0xbb,494
0xb2,0xbc,500
0xb2,0xbd,516
0xb2,0xbe,500
0xb2,0xbf,532
0xb2,0xc0,484
0xb2,0xc1,538
0xb2,0xc2,508
0xb2,0xc3,506
0xb2,0xc4,496
0xb2,0xc5,472
0xb2,0xc6,502
0xb2,0xc7,476
0xb2,0xc8,532
0xb2,0xc9,530
0xb2,0xca,526
0xb2,0xcb,498
0xb2,0xcc,482
0xb2,0xcd,508
0xb2,0xce,490
0xb2,0xcf,504
0xb2,0xd0,486
0xb2,0xd1,504
0xb2,0xd2,556
0xb2,0xd3,518
0xb2,0xd4,504
0xb2,0xd5,488
0xb2,0xd6,492
0xb2,0xd7,496
0xb2,0xd8,478
0xb2,0xd9,478
0xb2,0xda,562
0xb2,0xdb,522
0xb2,0xdc,556
0xb2,0xdd,516
0xb2,0xde,488
0xb2,0xdf,500
0xb2,0xe0,520
0xb2,0xe1,510
0xb2,0xe2,546
0xb2,0xe3,548
0xb2,0xe4,490
0xb2,0xe5,536
0xb2,0xe6,500
0xb2,0xe7,460
0xb2,0xe8,494
0xb2,0xe9,514
0xb2,0xea,470
0xb2,0xeb,492
0xb2,0xec,532
0xb2,0xed,444
0xb2,0xee,486
0xb2,0xef,518
0xb2,0xf0,504
0xb2,0xf1,494
0xb2,0xf2,566
0xb2,0xf3,534
0xb2,0xf4,494
0xb2,0xf5,496
0xb2,0xf6,536
0xb2,0xf7,492
0xb2,0xf8,504
0xb2,0xf9,496
0xb2,0xfa,518
0xb2,0xfb,516
0xb2,0xfc,512
0xb2,0xfd,510
0xb2,0xfe,530
0xb2,0xff,528
0xb3,0x00,256
0xb3,0x01,486
0xb3,0x02,498
0xb3,0x03,508
0xb3,0x04,558
0xb3,0x05,544
0xb3,0x06,512
0xb3,0x07,512
0xb3,0x08,506
0xb3,0x09,506
0xb3,0x0a,520
0xb3,0x0b,524
0xb3,0x0c,530
0xb3,0x0d,496
0xb3,0x0e,500
0xb3,0x0f,514
0xb3,0x10,490
0xb3,0x11,542
0xb3,0x12,512
0xb3,0x13,506
0xb3,0x14,512
0xb3,0x15,504
0xb3,0x16,498
0xb3,0x17,512
0xb3,0x18,486
0xb3,0x19,504
0xb3,0x1a,502
0xb3,0x1b,538
0xb3,0x1c,510
0xb3,0x1d,530
0xb3,0x1e,496
0xb3,0x1f,490
0xb3,0x20,472
0xb3,0x21,538
0xb3,0x22,498
0xb3,0x23,538
0xb3,0x24,454
0xb3,0x25,474
0xb3,0x26,588
0xb3,0x27,490
0xb3,0x28,522
0xb3,0x29,496
0xb3,0x2a,480
0xb3,0x2b,514
0xb3,0x2c,520
0xb3,0x2d,510
0xb3,0x2e,490
0xb3,0x2f,498
0xb3,0x30,574
0xb3,0x31,514
0xb3,0x32,466
0xb3,0x33,520
0xb3,0x34,490
0xb3,0x35,468
0xb3,0x36,508
0xb3,0x37,494
0xb3,0x38,494
0xb3,0x39,516
0xb3,0x3a,524
0xb3,0x3b,488
0xb3,0x3c,506
0xb3,0x3d,520
0xb3,0x3e,480
0xb3,0x3f,498
0xb3,0x40,516
0xb3,0x41,512
0xb3,0x42,492
0xb3,0x43,570
0xb3,0x44,512
0xb3,0x45,504
0xb3,0x46,546
0xb3,0x47,504
0xb3,0x48,526
0xb3,0x49,496
0xb3,0x4a,496
0xb3,0x4b,536
0xb3,0x4c,508
0xb3,0x4d,510
0xb3,0x4e,528
0xb3,0x4f,464
0xb3,0x50,480
0xb3,0x51,460
0xb3,0x52,494
0xb3,0x53,502
0xb3,0x54,522
0xb3,0x55,526
0xb3,0x56,522
0xb3,0x57,458
0xb3,0x58,510
0xb3,0x59,514
0xb3,0x5a,488
0xb3,0x5b,506
0xb3,0x5c,528
0xb3,0x5d,500
0xb3,0x5e,476
0xb3,0x5f,502
0xb3,0x60,510
0xb3,0x61,520
0xb3,0x62,540
0xb3,0x63,520
0xb3,0x64,498
0xb3,0x65,530
0xb3,0x66,484
0xb3,0x67,518
0xb3,0x68,514
0xb3,0x69,500
0xb3,0x6a,482
0xb3,0x6b,488
0xb3,0x6c,506
0xb3,0x6d,552
0xb3,0x6e,540
0xb3,0x6f,496
0xb3,0x70,524
0xb3,0x71,510
0xb3,0x72,540
0xb3,0x73,468
0xb3,0x74,506
0xb3,0x75,520
0xb3,0x76,516
0xb3,0x77,504
0xb3,0x78,498
0xb3,0x79,522
0xb3,0x7a,520
0xb3,0x7b,546
0xb3,0x7c,520
0xb3,0x7d,486
0xb3,0x7e,480
0xb3,0x7f,488
0xb3,0x80,496
0xb3,0x81,494
0xb3,0x82,484
0xb3,0x83,570
0xb3,0x84,508
0xb3,0x85,544
0xb3,0x86,488
0xb3,0x87,478
0xb3,0x88,522
0xb3,0x89,490
0xb3,0x8a,504
0xb3,0x8b,506
0xb3,0x8c,516
0xb3,0x8d,492
0xb3,0x8e,496
0xb3,0x8f,508
0xb3,0x90,508
0xb3,0x91,514
0xb3,0x92,520
0xb3,0x93,488
0xb3,0x94,554
0xb3,0x95,520
0xb3,0x96,494
0xb3,0x97,516
0xb3,0x98,474
0xb3,0x99,492
0xb3,0x9a,542
0xb3,0x9b,488
0xb3,0x9c,534
0xb3,0x9d,528
0xb3,0x9e,482
0xb3,0x9f,496
0xb3,0xa0,532
0xb3,0xa1,498
0xb3,0xa2,550
0xb3,0xa3,548
0xb3,0xa4,492
0xb3,0xa5,510
0xb3,0xa6,492
0xb3,0xa7,488
0xb3,0xa8,516
0xb3,0xa9,544
0xb3,0xaa,534
0xb3,0xab,510
0xb3,0xac,502
0xb3,0xad,498
0xb3,0xae,496
0xb3,0xaf,526
0xb3,0xb0,536
0xb3,0xb1,550
0xb3,0xb2,478
0xb3,0xb3,498
0xb3,0xb4,490
0xb3,0xb5,498
0xb3,0xb6,484
0xb3,0xb7,514
0xb3,0xb8,496
0xb3,0xb9,516
0xb3,0xba,530
0xb3,0xbb,484
0xb3,0xbc,472
0xb3,0xbd,514
0xb3,0xbe,548
0xb3,0xbf,538
0xb3,0xc0,530
0xb3,0xc1,496
0xb3,0xc2,540
0xb3,0xc3,530
0xb3,0xc4,510
0xb3,0xc5,484
0xb3,0xc6,514
0xb3,0xc7,486
0xb3,0xc8,520
0xb3,0xc9,522
0xb3,0xca,512
0xb3,0xcb,584
0xb3,0xcc,512
0xb3,0xcd,508
0xb3,0xce,492
0xb3,0xcf,492
0xb3,0xd0,504
0xb3,0xd1,508
0xb3,0xd2,516
0xb3,0xd3,532
0xb3,0xd4,458
0xb3,0xd5,516
0xb3,0xd6,490
0xb3,0xd7,542
0xb3,0xd8,540
0xb3,0xd9,500
0xb3,0xda,534
0xb3,0xdb,498
0xb3,0xdc,484
0xb3,0xdd,510
0xb3,0xde,500
0xb3,0xdf,520
0xb3,0xe0,514
0xb3,0xe1,496
0xb3,0xe2,490
0xb3,0xe3,482
0xb3,0xe4,488
0xb3,0xe5,512
0xb3,0xe6,514
0xb3,0xe7,488
0xb3,0xe8,502
0xb3,0xe9,502
0xb3,0xea,542
0xb3,0xeb,504
0xb3,0xec,514
0xb3,0xed,508
0xb3,0xee,496
0xb3,0xef,536
0xb3,0xf0,602
0xb3,0xf1,576
0xb3,0xf2,522
0xb3,0xf3,488
0xb3,0xf4,496
0xb3,0xf5,524
0xb3,0xf6,510
0xb3,0xf7,486
0xb3,0xf8,478
0xb3,0xf9,486
0xb3,0xfa,536
0xb3,0xfb,530
0xb3,0xfc,514
0xb3,0xfd,514
0xb3,0xfe,506
0xb3,0xff,550
0xb4,0x00,256
0xb4,0x01,522
0xb4,0x02,522
0xb4,0x03,524
0xb4,0x04,506
0xb4,0x05,566
0xb4,0x06,554
0xb4,0x07,482
0xb4,0x08,542
0xb4,0x09,536
0xb4,0x0a,482
0xb4,0x0b,510
0xb4,0x0c,506
0xb4,0x0d,510
0xb4,0x0e,518
0xb4,0x0f,492
0xb4,0x10,572
0xb4,0x11,520
0xb4,0x12,444
0xb4,0x13,522
0xb4,0x14,506
0xb4,0x15,506
0xb4,0x16,570
0xb4,0x17,516
0xb4,0x18,444
0xb4,0x19,488
0xb4,0x1a,496
0xb4,0x1b,500
0xb4,0x1c,520
0xb4,0x1d,508
0xb4,0x1e,538
0xb4,0x1f,530
0xb4,0x20,474
0xb4,0x21,566
0xb4,0x22,482
0xb4,0x23,492
0xb4,0x24,458
0xb4,0x25,496
0xb4,0x26,452
0xb4,0x27,506
0xb4,0x28,530
0xb4,0x29,488
0xb4,0x2a,486
0xb4,0x2b,494
0xb4,0x2c,530
0xb4,0x2d,478
0xb4,0x2e,520
0xb4,0x2f,538
0xb4,0x30,404
0xb4,0x31,488
0xb4,0x32,484
0xb4,0x33,526
0xb4,0x34,512
0xb4,0x35,512
0xb4,0x36,492
0xb4,0x37,506
0xb4,0x38,480
0xb4,0x39,512
0xb4,0x3a,498
0xb4,0x3b,536
0xb4,0x3c,486
0xb4,0x3d,546
0xb4,0x3e,498
0xb4,0x3f,534
0xb4,0x40,508
0xb4,0x41,506
0xb4,0x42,512
0xb4,0x43,506
0xb4,0x44,470
0xb4,0x45,442
0xb4,0x46,552
0xb4,0x47,490
0xb4,0x48,506
0xb4,0x49,512
0xb4,0x4a,530
0xb4,0x4b,518
0xb4,0x4c,516
0xb4,0x4d,478
0xb4,0x4e,492
0xb4,0x4f,474
0xb4,0x50,508
0xb4,0x51,520
0xb4,0x52,490
0xb4,0x53,544
0xb4,0x54,546
0xb4,0x55,582
0xb4,0x56,536
0xb4,0x57,528
0xb4,0x58,532
0xb4,0x59,534
0xb4,0x5a,506
0xb4,0x5b,516
0xb4,0x5c,542
0xb4,0x5d,532
0xb4,0x5e,488
0xb4,0x5f,496
0xb4,0x60,518
0xb4,0x61,510
0xb4,0x62,524
0xb4,0x63,502
0xb4,0x64,534
0xb4,0x65,500
0xb4,0x66,540
0xb4,0x67,524
0xb4,0x68,516
0xb4,0x69,512
0xb4,0x6a,492
0xb4,0x6b,516
0xb4,0x6c,458
0xb4,0x6d,498
0xb4,0x6e,508
0xb4,0x6f,522
0xb4,0x70,524
0xb4,0x71,548
0xb4,0x72,500
0xb4,0x73,530
0xb4,0x74,476
0xb4,0x75,508
0xb4,0x76,520
0xb4,0x77,516
0xb4,0x78,506
0xb4,0x79,494
0xb4,0x7a,526
0xb4,0x7b,542
0xb4,0x7c,492
0xb4,0x7d,496
0xb4,0x7e,506
0xb4,0x7f,480
0xb4,0x80,512
0xb4,0x81,508
0xb4,0x82,494
0xb4,0x83,520
0xb4,0x84,522
0xb4,0x85,552
0xb4,0x86,500
0xb4,0x87,500
0xb4,0x88,498
0xb4,0x89,538
0xb4,0x8a,488
0xb4,0x8b,488
0xb4,0x8c,522
0xb4,0x8d,532
0xb4,0x8e,504
0xb4,0x8f,508
0xb4,0x90,564
0xb4,0x91,536
0xb4,0x92,488
0xb4,0x93,494
0xb4,0x94,502
0xb4,0x95,522
0xb4,0x96,512
0xb4,0x97,492
0xb4,0x98,488
0xb4,0x99,466
0xb4,0x9a,536
0xb4,0x9b,506
0xb4,0x9c,526
0xb4,0x9d,498
0xb4,0x9e,496
0xb4,0x9f,478
0xb4,0xa0,494
0xb4,0xa1,466
0xb4,0xa2,492
0xb4,0xa3,524
0xb4,0xa4,462
0xb4,0xa5,482
0xb4,0xa6,484
0xb4,0xa7,498
0xb4,0xa8,492
0xb4,0xa9,486
0xb4,0xaa,512
0xb4,0xab,490
0xb4,0xac,510
0xb4,0xad,524
0xb4,0xae,516
0xb4,0xaf,498
0xb4,0xb0,502
0xb4,0xb1,522
0xb4,0xb2,528
0xb4,0xb3,510
0xb4,0xb4,478
0xb4,0xb5,516
0xb4,0xb6,530
0xb4,0xb7,518
0xb4,0xb8,514
0xb4,0xb9,510
0xb4,0xba,510
0xb4,0xbb,526
0xb4,0xbc,534
0xb4,0xbd,512
0xb4,0xbe,512
0xb4,0xbf,518
0xb4,0xc0,522
0xb4,0xc1,514
0xb4,0xc2,470
0xb4,0xc3,484
0xb4,0xc4,534
0xb4,0xc5,514
0xb4,0xc6,488
0xb4,0xc7,502
0xb4,0xc8,510
0xb4,0xc9,506
0xb4,0xca,486
0xb4,0xcb,486
0xb4,0xcc,522
0xb4,0xcd,524
0xb4,0xce,496
0xb4,0xcf,492
0xb4,0xd0,526
0xb4,0xd1,502
0xb4,0xd2,512
0xb4,0xd3,488
0xb4,0xd4,524
0xb4,0xd5,502
0xb4,0xd6,554
0xb4,0xd7,512
0xb4,0xd8,456
0xb4,0xd9,478
0xb4,0xda,490
0xb4,0xdb,488
0xb4,0xdc,510
0xb4,0xdd,536
0xb4,0xde,512
0xb4,0xdf,522
0xb4,0xe0,480
0xb4,0xe1,476
0xb4,0xe2,560
0xb4,0xe3,452
0xb4,0xe4,536
0xb4,0xe5,494
0xb4,0xe6,480
0xb4,0xe7,486
0xb4,0xe8,506
0xb4,0xe9,472
0xb4,0xea,542
0xb4,0xeb,522
0xb4,0xec,468
0xb4,0xed,492
0xb4,0xee,484
0xb4,0xef,540
0xb4,0xf0,506
0xb4,0xf1,536
0xb4,0xf2,498
0xb4,0xf3,534
0xb4,0xf4,548
0xb4,0xf5,476
0xb4,0xf6,486
0xb4,0xf7,514
0xb4,0xf8,478
0xb4,0xf9,482
0xb4,0xfa,516
0xb4,0xfb,488
0xb4,0xfc,508
0xb4,0xfd,490
0xb4,0xfe,508
0xb4,0xff,514
0xb5,0x00,256
0xb5,0x01,482
0xb5,0x02,704
0xb5,0x03,536
0xb5,0x04,478
0xb5,0x05,496
0xb5,0x06,476
0xb5,0x07,532
0xb5,0x08,528
0xb5,0x09,542
0xb5,0x0a,520
0xb5,0x0b,474
0xb5,0x0c,550
0xb5,0x0d,494
0xb5,0x0e,548
0xb5,0x0f,516
0xb5,0x10,502
0xb5,0x11,544
0xb5,0x12,488
0xb5,0x13,466
0xb5,0x14,828
0xb5,0x15,492
0xb5,0x16,700
0xb5,0x17,514
0xb5,0x18,484
0xb5,0x19,520
0xb5,0x1a,540
0xb5,0x1b,508
0xb5,0x1c,502
0xb5,0x1d,522
0xb5,0x1e,532
0xb5,0x1f,516
0xb5,0x20,512
0xb5,0x21,530
0xb5,0x22,506
0xb5,0x23,518
0xb5,0x24,1242
0xb5,0x25,508
0xb5,0x26,618
0xb5,0x27,500
0xb5,0x28,488
0xb5,0x29,512
0xb5,0x2a,534
0xb5,0x2b,520
0xb5,0x2c,514
0xb5,0x2d,480
0xb5,0x2e,544
0xb5,0x2f,532
0xb5,0x30,446
0xb5,0x31,498
0xb5,0x32,518
0xb5,0x33,552
0xb5,0x34,518
0xb5,0x35,506
0xb5,0x36,528
0xb5,0x37,512
0xb5,0x38,494
0xb5,0x39,476
0xb5,0x3a,472
0xb5,0x3b,500
0xb5,0x3c,462
0xb5,0x3d,526
0xb5,0x3e,506
0xb5,0x3f,484
0xb5,0x40,504
0xb5,0x41,494
0xb5,0x42,528
0xb5,0x43,500
0xb5,0x44,468
0xb5,0x45,508
0xb5,0x46,568
0xb5,0x47,544
0xb5,0x48,544
0xb5,0x49,496
0xb5,0x4a,484
0xb5,0x4b,504
0xb5,0x4c,504
0xb5,0x4d,520
0xb5,0x4e,484
0xb5,0x4f,456
0xb5,0x50,518
0xb5,0x51,508
0xb5,0x52,488
0xb5,0x53,500
0xb5,0x54,528
0xb5,0x55,502
0xb5,0x56,508
0xb5,0x57,490
0xb5,0x58,550
0xb5,0x59,502
0xb5,0x5a,536
0xb5,0x5b,558
0xb5,0x5c,474
0xb5,0x5d,476
0xb5,0x5e,528
0xb5,0x5f,514
0xb5,0x60,522
0xb5,0x61,494
0xb5,0x62,526
0xb5,0x63,482
0xb5,0x64,512
0xb5,0x65,524
0xb5,0x66,482
0xb5,0x67,490
0xb5,0x68,506
0xb5,0x69,552
0xb5,0x6a,518
0xb5,0x6b,560
0xb5,0x6c,514
0xb5,0x6d,518
0xb5,0x6e,532
0xb5,0x6f,514
0xb5,0x70,506
0xb5,0x71,488
0xb5,0x72,584
0xb5,0x73,490
0xb5,0x74,508
0xb5,0x75,524
0xb5,0x76,530
0xb5,0x77,518
0xb5,0x78,518
0xb5,0x79,500
0xb5,0x7a,512
0xb5,0x7b,472
0xb5,0x7c,510
0xb5,0x7d,544
0xb5,0x7e,532
0xb5,0x7f,460
0xb5,0x80,480
0xb5,0x81,486
0xb5,0x82,528
0xb5,0x83,496
0xb5,0x84,494
0xb5,0x85,514
0xb5,0x86,514
0xb5,0x87,566
0xb5,0x88,504
0xb5,0x89,516
0xb5,0x8a,524
0xb5,0x8b,502
0xb5,0x8c,548
0xb5,0x8d,564
0xb5,0x8e,508
0xb5,0x8f,488
0xb5,0x90,538
0xb5,0x91,498
0xb5,0x92,498
0xb5,0x93,470
0xb5,0x94,536
0xb5,0x95,510
0xb5,0x96,530
0xb5,0x97,510
0xb5,0x98,498
0xb5,0x99,514
0xb5,0x9a,528
0xb5,0x9b,524
0xb5,0x9c,482
0xb5,0x9d,498
0xb5,0x9e,550
0xb5,0x9f,534
0xb5,0xa0,510
0xb5,0xa1,514
0xb5,0xa2,506
0xb5,0xa3,510
0xb5,0xa4,490
0xb5,0xa5,518
0xb5,0xa6,510
0xb5,0xa7,488
0xb5,0xa8,516
0xb5,0xa9,542
0xb5,0xaa,522
0xb5,0xab,512
0xb5,0xac,476
0xb5,0xad,510
0xb5,0xae,536
0xb5,0xaf,490
0xb5,0xb0,508
0xb5,0xb1,506
0xb5,0xb2,516
0xb5,0xb3,538
0xb5,0xb4,530
0xb5,0xb5,536
0xb5,0xb6,518
0xb5,0xb7,526
0xb5,0xb8,512
0xb5,0xb9,558
0xb5,0xba,492
0xb5,0xbb,524
0xb5,0xbc,498
0xb5,0xbd,538
0xb5,0xbe,488
0xb5,0xbf,512
0xb5,0xc0,490
0xb5,0xc1,512
0xb5,0xc2,554
0xb5,0xc3,504
0xb5,0xc4,484
0xb5,0xc5,506
0xb5,0xc6,524
0xb5,0xc7,530
0xb5,0xc8,554
0xb5,0xc9,550
0xb5,0xca,538
0xb5,0xcb,512
0xb5,0xcc,570
0xb5,0xcd,528
0xb5,0xce,500
0xb5,0xcf,490
0xb5,0xd0,488
0xb5,0xd1,530
0xb5,0xd2,528
0xb5,0xd3,536
0xb5,0xd4,524
0xb5,0xd5,512
0xb5,0xd6,518
0xb5,0xd7,558
0xb5,0xd8,510
0xb5,0xd9,536
0xb5,0xda,490
0xb5,0xdb,504
0xb5,0xdc,496
0xb5,0xdd,494
0xb5,0xde,510
0xb5,0xdf,492
0xb5,0xe0,516
0xb5,0xe1,476
0xb5,0xe2,488
0xb5,0xe3,512
0xb5,0xe4,504
0xb5,0xe5,504
0xb5,0xe6,502
0xb5,0xe7,540
0xb5,0xe8,466
0xb5,0xe9,514
0xb5,0xea,506
0xb5,0xeb,580
0xb5,0xec,480
0xb5,0xed,482
0xb5,0xee,476
0xb5,0xef,532
0xb5,0xf0,544
0xb5,0xf1,484
0xb5,0xf2,512
0xb5,0xf3,516
0xb5,0xf4,498
0xb5,0xf5,530
0xb5,0xf6,486
0xb5,0xf7,540
0xb5,0xf8,570
0xb5,0xf9,510
0xb5,0xfa,460
0xb5,0xfb,540
0xb5,0xfc,508
0xb5,0xfd,492
0xb5,0xfe,510
0xb5,0xff,496
0xb6,0x00,256
0xb6,0x01,486
0xb6,0x02,498
0xb6,0x03,508
0xb6,0x04,558
0xb6,0x05,544
0xb6,0x06,512
0xb6,0x07,512
0xb6,0x08,506
0xb6,0x09,506
0xb6,0x0a,520
0xb6,0x0b,524
0xb6,0x0c,530
0xb6,0x0d,496
0xb6,0x0e,500
0xb6,0x0f,514
0xb6,0x10,490
0xb6,0x11,542
0xb6,0x12,512
0xb6,0x13,506
0xb6,0x14,512
0xb6,0x15,504
0xb6,0x16,498
0xb6,0x17,512
0xb6,0x18,486
0xb6,0x19,504
0xb6,0x1a,502
0xb6,0x1b,538
0xb6,0x1c,510
0xb6,0x1d,530
0xb6,0x1e,496
0xb6,0x1f,490
0xb6,0x20,472
0xb6,0x21,538
0xb6,0x22,498
0xb6,0x23,538
0xb6,0x24,454
0xb6,0x25,474
0xb6,0x26,588
0xb6,0x27,490
0xb6,0x28,522
0xb6,0x29,496
0xb6,0x2a,480
0xb6,0x2b,514
0xb6,0x2c,520
0xb6,0x2d,510
0xb6,0x2e,490
0xb6,0x2f,498
0xb6,0x30,574
0xb6,0x31,514
0xb6,0x32,466
0xb6,0x33,520
0xb6,0x34,490
0xb6,0x35,468
0xb6,0x36,508
0xb6,0x37,494
0xb6,0x38,494
0xb6,0x39,516
0xb6,0x3a,524
0xb6,0x3b,488
0xb6,0x3c,506
0xb6,0x3d,520
0xb6,0x3e,480
0xb6,0x3f,498
0xb6,0x40,516
0xb6,0x41,512
0xb6,0x42,492
0xb6,0x43,570
0xb6,0x44,512
0xb6,0x45,504
0xb6,0x46,546
0xb6,0x47,504
0xb6,0x48,526
0xb6,0x49,496
0xb6,0x4a,496
0xb6,0x4b,536
0xb6,0x4c,508
0xb6,0x4d,510
0xb6,0x4e,528
0xb6,0x4f,464
0xb6,0x50,480
0xb6,0x51,460
0xb6,0x52,494
0xb6,0x53,502
0xb6,0x54,522
0xb6,0x55,526
0xb6,0x56,522
0xb6,0x57,458
0xb6,0x58,510
0xb6,0x59,514
0xb6,0x5a,488
0xb6,0x5b,506
0xb6,0x5c,528
0xb6,0x5d,500
0xb6,0x5e,476
0xb6,0x5f,502
0xb6,0x60,510
0xb6,0x61,520
0xb6,0x62,540
0xb6,0x63,520
0xb6,0x64,498
0xb6,0x65,530
0xb6,0x66,484
0xb6,0x67,518
0xb6,0x68,514
0xb6,0x69,500
0xb6,0x6a,482
0xb6,0x6b,488
0xb6,0x6c,506
0xb6,0x6d,552
0xb6,0x6e,540
0xb6,0x6f,496
0xb6,0x70,524
0xb6,0x71,510
0xb6,0x72,540
0xb6,0x73,468
0xb6,0x74,506
0xb6,0x75,520
0xb6,0x76,516
0xb6,0x77,504
0xb6,0x78,498
0xb6,0x79,522
0xb6,0x7a,520
0xb6,0x7b,546
0xb6,0x7c,520
0xb6,0x7d,486
0xb6,0x7e,480
0xb6,0x7f,488
0xb6,0x80,496
0xb6,0x81,494
0xb6,0x82,484
0xb6,0x83,570
0xb6,0x84,508
0xb6,0x85,544
0xb6,0x86,488
0xb6,0x87,478
0xb6,0x88,522
0xb6,0x89,490
0xb6,0x8a,504
0xb6,0x8b,506
0xb6,0x8c,516
0xb6,0x8d,492
0xb6,0x8e,496
0xb6,0x8f,508
0xb6,0x90,508
0xb6,0x91,514
0xb6,0x92,520
0xb6,0x93,488
0xb6,0x94,554
0xb6,0x95,520
0xb6,0x96,494
0xb6,0x97,516
0xb6,0x98,474
0xb6,0x99,492
0xb6,0x9a,542
0xb6,0x9b,488
0xb6,0x9c,534
0xb6,0x9d,528
0xb6,0x9e,482
0xb6,0x9f,496
0xb6,0xa0,532
0xb6,0xa1,498
0xb6,0xa2,550
0xb6,0xa3,548
0xb6,0xa4,492
0xb6,0xa5,510
0xb6,0xa6,492
0xb6,0xa7,488
0xb6,0xa8,516
0xb6,0xa9,544
0xb6,0xaa,534
0xb6,0xab,510
0xb6,0xac,502
0xb6,0xad,498
0xb6,0xae,496
0xb6,0xaf,526
0xb6,0xb0,536
0xb6,0xb1,550
0xb6,0xb2,478
0xb6,0xb3,498
0xb6,0xb4,490
0xb6,0xb5,498
0xb6,0xb6,484
0xb6,0xb7,514
0xb6,0xb8,496
0xb6,0xb9,516
0xb6,0xba,530
0xb6,0xbb,484
0xb6,0xbc,472
0xb6,0xbd,514
0xb6,0xbe,548
0xb6,0xbf,538
0xb6,0xc0,530
0xb6,0xc1,496
0xb6,0xc2,540
0xb6,0xc3,530
0xb6,0xc4,510
0xb6,0xc5,484
0xb6,0xc6,514
0xb6,0xc7,486
0xb6,0xc8,520
0xb6,0xc9,522
0xb6,0xca,512
0xb6,0xcb,584
0xb6,0xcc,512
0xb6,0xcd,508
0xb6,0xce,492
0xb6,0xcf,492
0xb6,0xd0,504
0xb6,0xd1,508
0xb6,0xd2,516
0xb6,0xd3,532
0xb6,0xd4,458
0xb6,0xd5,516
0xb6,0xd6,490
0xb6,0xd7,542
0xb6,0xd8,540
0xb6,0xd9,500
0xb6,0xda,534
0xb6,0xdb,498
0xb6,0xdc,484
0xb6,0xdd,510
0xb6,0xde,500
0xb6,0xdf,520
0xb6,0xe0,514
0xb6,0xe1,496
0xb6,0xe2,490
0xb6,0xe3,482
0xb6,0xe4,488
0xb6,0xe5,512
0xb6,0xe6,514
0xb6,0xe7,488
0xb6,0xe8,502
0xb6,0xe9,502
0xb6,0xea,542
0xb6,0xeb,504
0xb6,0xec,514
0xb6,0xed,508
0xb6,0xee,496
0xb6,0xef,536
0xb6,0xf0,602
0xb6,0xf1,576
0xb6,0xf2,522
0xb6,0xf3,488
0xb6,0xf4,496
0xb6,0xf5,524
0xb6,0xf6,510
0xb6,0xf7,486
0xb6,0xf8,478
0xb6,0xf9,486
0xb6,0xfa,536
0xb6,0xfb,530
0xb6,0xfc,514
0xb6,0xfd,514
0xb6,0xfe,506
0xb6,0xff,550
0xb7,0x00,256
0xb7,0x01,504
0xb7,0x02,518
0xb7,0x03,522
0xb7,0x04,504
0xb7,0x05,496
0xb7,0x06,480
0xb7,0x07,488
0xb7,0x08,496
0xb7,0x09,498
0xb7,0x0a,514
0xb7,0x0b,480
0xb7,0x0c,506
0xb7,0x0d,472
0xb7,0x0e,516
0xb7,0x0f,544
0xb7,0x10,496
0xb7,0x11,506
0xb7,0x12,486
0xb7,0x13,514
0xb7,0x14,510
0xb7,0x15,502
0xb7,0x16,488
0xb7,0x17,578
0xb7,0x18,546
0xb7,0x19,524
0xb7,0x1a,550
0xb7,0x1b,514
0xb7,0x1c,544
0xb7,0x1d,494
0xb7,0x1e,502
0xb7,0x1f,454
0xb7,0x20,468
0xb7,0x21,478
0xb7,0x22,468
0xb7,0x23,476
0xb7,0x24,532
0xb7,0x25,486
0xb7,0x26,428
0xb7,0x27,542
0xb7,0x28,544
0xb7,0x29,494
0xb7,0x2a,500
0xb7,0x2b,522
0xb7,0x2c,516
0xb7,0x2d,516
0xb7,0x2e,504
0xb7,0x2f,508
0xb7,0x30,568
0xb7,0x31,486
0xb7,0x32,472
0xb7,0x33,490
0xb7,0x34,498
0xb7,0x35,518
0xb7,0x36,480
0xb7,0x37,480
0xb7,0x38,494
0xb7,0x39,510
0xb7,0x3a,480
0xb7,0x3b,534
0xb7,0x3c,538
0xb7,0x3d,560
0xb7,0x3e,492
0xb7,0x3f,512
0xb7,0x40,490
0xb7,0x41,524
0xb7,0x42,496
0xb7,0x43,516
0xb7,0x44,518
0xb7,0x45,536
0xb7,0x46,506
0xb7,0x47,512
0xb7,0x48,484
0xb7,0x49,492
0xb7,0x4a,492
0xb7,0x4b,474
0xb7,0x4c,504
0xb7,0x4d,496
0xb7,0x4e,514
0xb7,0x4f,580
0xb7,0x50,528
0xb7,0x51,538
0xb7,0x52,514
0xb7,0x53,520
0xb7,0x54,468
0xb7,0x55,508
0xb7,0x56,484
0xb7,0x57,500
0xb7,0x58,500
0xb7,0x59,506
0xb7,0x5a,542
0xb7,0x5b,508
0xb7,0x5c,518
0xb7,0x5d,516
0xb7,0x5e,522
0xb7,0x5f,508
0xb7,0x60,484
0xb7,0x61,492
0xb7,0x62,506
0xb7,0x63,606
0xb7,0x64,482
0xb7,0x65,512
0xb7,0x66,468
0xb7,0x67,526
0xb7,0x68,516
0xb7,0x69,496
0xb7,0x6a,556
0xb7,0x6b,512
0xb7,0x6c,546
0xb7,0x6d,550
0xb7,0x6e,470
0xb7,0x6f,476
0xb7,0x70,530
0xb7,0x71,496
0xb7,0x72,508
0xb7,0x73,524
0xb7,0x74,552
0xb7,0x75,482
0xb7,0x76,506
0xb7,0x77,520
0xb7,0x78,518
0xb7,0x79,500
0xb7,0x7a,502
0xb7,0x7b,492
0xb7,0x7c,522
0xb7,0x7d,508
0xb7,0x7e,466
0xb7,0x7f,506
0xb7,0x80,528
0xb7,0x81,544
0xb7,0x82,506
0xb7,0x83,520
0xb7,0x84,478
0xb7,0x85,498
0xb7,0x86,520
0xb7,0x87,526
0xb7,0x88,500
0xb7,0x89,518
0xb7,0x8a,542
0xb7,0x8b,510
0xb7,0x8c,536
0xb7,0x8d,506
0xb7,0x8e,510
0xb7,0x8f,512
0xb7,0x90,500
0xb7,0x91,522
0xb7,0x92,512
0xb7,0x93,500
0xb7,0x94,482
0xb7,0x95,522
0xb7,0x96,482
0xb7,0x97,500
0xb7,0x98,498
0xb7,0x99,520
0xb7,0x9a,538
0xb7,0x9b,494
0xb7,0x9c,516
0xb7,0x9d,496
0xb7,0x9e,502
0xb7,0x9f,508
0xb7,0xa0,494
0xb7,0xa1,504
0xb7,0xa2,522
0xb7,0xa3,576
0xb7,0xa4,476
0xb7,0xa5,532
0xb7,0xa6,504
0xb7,0xa7,500
0xb7,0xa8,500
0xb7,0xa9,468
0xb7,0xaa,544
0xb7,0xab,546
0xb7,0xac,492
0xb7,0xad,548
0xb7,0xae,516
0xb7,0xaf,528
0xb7,0xb0,506
0xb7,0xb1,518
0xb7,0xb2,498
0xb7,0xb3,526
0xb7,0xb4,526
0xb7,0xb5,530
0xb7,0xb6,500
0xb7,0xb7,536
0xb7,0xb8,538
0xb7,0xb9,530
0xb7,0xba,484
0xb7,0xbb,484
0xb7,0xbc,500
0xb7,0xbd,502
0xb7,0xbe,504
0xb7,0xbf,506
0xb7,0xc0,502
0xb7,0xc1,522
0xb7,0xc2,548
0xb7,0xc3,490
0xb7,0xc4,492
0xb7,0xc5,488
0xb7,0xc6,538
0xb7,0xc7,466
0xb7,0xc8,544
0xb7,0xc9,526
0xb7,0xca,520
0xb7,0xcb,466
0xb7,0xcc,480
0xb7,0xcd,480
0xb7,0xce,524
0xb7,0xcf,524
0xb7,0xd0,510
0xb7,0xd1,506
0xb7,0xd2,500
0xb7,0xd3,530
0xb7,0xd4,518
0xb7,0xd5,504
0xb7,0xd6,512
0xb7,0xd7,526
0xb7,0xd8,486
0xb7,0xd9,498
0xb7,0xda,544
0xb7,0xdb,534
0xb7,0xdc,498
0xb7,0xdd,486
0xb7,0xde,500
0xb7,0xdf,520
0xb7,0xe0,526
0xb7,0xe1,490
0xb7,0xe2,502
0xb7,0xe3,498
0xb7,0xe4,504
0xb7,0xe5,512
0xb7,0xe6,552
0xb7,0xe7,554
0xb7,0xe8,534
0xb7,0xe9,482
0xb7,0xea,506
0xb7,0xeb,540
0xb7,0xec,472
0xb7,0xed,514
0xb7,0xee,542
0xb7,0xef,516
0xb7,0xf0,526
0xb7,0xf1,548
0xb7,0xf2,526
0xb7,0xf3,552
0xb7,0xf4,534
0xb7,0xf5,504
0xb7,0xf6,502
0xb7,0xf7,472
0xb7,0xf8,462
0xb7,0xf9,506
0xb7,0xfa,492
0xb7,0xfb,540
0xb7,0xfc,488
0xb7,0xfd,494
0xb7,0xfe,486
0xb7,0xff,530
0xb8,0x00,256
0xb8,0x01,460
0xb8,0x02,520
0xb8,0x03,492
0xb8,0x04,478
0xb8,0x05,492
0xb8,0x06,498
0xb8,0x07,506
0xb8,0x08,530
0xb8,0x09,508
0xb8,0x0a,458
0xb8,0x0b,460
0xb8,0x0c,544
0xb8,0x0d,516
0xb8,0x0e,522
0xb8,0x0f,518
0xb8,0x10,518
0xb8,0x11,514
0xb8,0x12,468
0xb8,0x13,510
0xb8,0x14,460
0xb8,0x15,522
0xb8,0x16,564
0xb8,0x17,490
0xb8,0x18,500
0xb8,0x19,498
0xb8,0x1a,504
0xb8,0x1b,538
0xb8,0x1c,512
0xb8,0x1d,502
0xb8,0x1e,512
0xb8,0x1f,480
0xb8,0x20,480
0xb8,0x21,498
0xb8,0x22,484
0xb8,0x23,514
0xb8,0x24,452
0xb8,0x25,502
0xb8,0x26,398
0xb8,0x27,496
0xb8,0x28,486
0xb8,0x29,542
0xb8,0x2a,508
0xb8,0x2b,574
0xb8,0x2c,506
0xb8,0x2d,526
0xb8,0x2e,524
0xb8,0x2f,464
0xb8,0x30,658
0xb8,0x31,590
0xb8,0x32,492
0xb8,0x33,506
0xb8,0x34,546
0xb8,0x35,496
0xb8,0x36,540
0xb8,0x37,500
0xb8,0x38,486
0xb8,0x39,536
0xb8,0x3a,512
0xb8,0x3b,528
0xb8,0x3c,558
0xb8,0x3d,540
0xb8,0x3e,510
0xb8,0x3f,480
0xb8,0x40,502
0xb8,0x41,486
0xb8,0x42,508
0xb8,0x43,490
0xb8,0x44,526
0xb8,0x45,478
0xb8,0x46,494
0xb8,0x47,522
0xb8,0x48,496
0xb8,0x49,498
0xb8,0x4a,532
0xb8,0x4b,492
0xb8,0x4c,488
0xb8,0x4d,478
0xb8,0x4e,516
0xb8,0x4f,476
0xb8,0x50,484
0xb8,0x51,514
0xb8,0x52,548
0xb8,0x53,536
0xb8,0x54,480
0xb8,0x55,514
0xb8,0x56,518
0xb8,0x57,510
0xb8,0x58,526
0xb8,0x59,510
0xb8,0x5a,534
0xb8,0x5b,534
0xb8,0x5c,482
0xb8,0x5d,522
0xb8,0x5e,496
0xb8,0x5f,576
0xb8,0x60,550
0xb8,0x61,512
0xb8,0x62,522
0xb8,0x63,464
0xb8,0x64,462
0xb8,0x65,506
0xb8,0x66,516
0xb8,0x67,476
0xb8,0x68,460
0xb8,0x69,488
0xb8,0x6a,504
0xb8,0x6b,530
0xb8,0x6c,520
0xb8,0x6d,570
0xb8,0x6e,500
0xb8,0x6f,510
0xb8,0x70,486
0xb8,0x71,474
0xb8,0x72,512
0xb8,0x73,496
0xb8,0x74,538
0xb8,0x75,536
0xb8,0x76,488
0xb8,0x77,494
0xb8,0x78,522
0xb8,0x79,502
0xb8,0x7a,484
0xb8,0x7b,468
0xb8,0x7c,566
0xb8,0x7d,528
0xb8,0x7e,542
0xb8,0x7f,512
0xb8,0x80,526
0xb8,0x81,502
0xb8,0x82,518
0xb8,0x83,512
0xb8,0x84,532
0xb8,0x85,502
0xb8,0x86,530
0xb8,0x87,534
0xb8,0x88,504
0xb8,0x89,514
0xb8,0x8a,526
0xb8,0x8b,510
0xb8,0x8c,546
0xb8,0x8d,506
0xb8,0x8e,506
0xb8,0x8f,562
0xb8,0x90,476
0xb8,0x91,510
0xb8,0x92,496
0xb8,0x93,456
0xb8,0x94,490
0xb8,0x95,526
0xb8,0x96,500
0xb8,0x97,492
0xb8,0x98,458
0xb8,0x99,494
0xb8,0x9a,482
0xb8,0x9b,480
0xb8,0x9c,556
0xb8,0x9d,480
0xb8,0x9e,540
0xb8,0x9f,472
0xb8,0xa0,508
0xb8,0xa1,498
0xb8,0xa2,516
0xb8,0xa3,538
0xb8,0xa4,502
0xb8,0xa5,530
0xb8,0xa6,498
0xb8,0xa7,476
0xb8,0xa8,518
0xb8,0xa9,508
0xb8,0xaa,554
0xb8,0xab,554
0xb8,0xac,482
0xb8,0xad,478
0xb8,0xae,508
0xb8,0xaf,546
0xb8,0xb0,520
0xb8,0xb1,548
0xb8,0xb2,514
0xb8,0xb3,498
0xb8,0xb4,480
0xb8,0xb5,512
0xb8,0xb6,516
0xb8,0xb7,538
0xb8,0xb8,522
0xb8,0xb9,502
0xb8,0xba,508
0xb8,0xbb,530
0xb8,0xbc,504
0xb8,0xbd,518
0xb8,0xbe,478
0xb8,0xbf,532
0xb8,0xc0,494
0xb8,0xc1,490
0xb8,0xc2,470
0xb8,0xc3,478
0xb8,0xc4,534
0xb8,0xc5,528
0xb8,0xc6,474
0xb8,0xc7,546
0xb8,0xc8,516
0xb8,0xc9,488
0xb8,0xca,502
0xb8,0xcb,488
0xb8,0xcc,490
0xb8,0xcd,520
0xb8,0xce,532
0xb8,0xcf,522
0xb8,0xd0,576
0xb8,0xd1,468
0xb8,0xd2,576
0xb8,0xd3,518
0xb8,0xd4,550
0xb8,0xd5,494
0xb8,0xd6,520
0xb8,0xd7,502
0xb8,0xd8,532
0xb8,0xd9,554
0xb8,0xda,492
0xb8,0xdb,576
0xb8,0xdc,484
0xb8,0xdd,504
0xb8,0xde,488
0xb8,0xdf,464
0xb8,0xe0,510
0xb8,0xe1,508
0xb8,0xe2,510
0xb8,0xe3,556
0xb8,0xe4,516
0xb8,0xe5,498
0xb8,0xe6,634
0xb8,0xe7,490
0xb8,0xe8,492
0xb8,0xe9,530
0xb8,0xea,500
0xb8,0xeb,458
0xb8,0xec,554
0xb8,0xed,654
0xb8,0xee,512
0xb8,0xef,480
0xb8,0xf0,472
0xb8,0xf1,490
0xb8,0xf2,508
0xb8,0xf3,524
0xb8,0xf4,508
0xb8,0xf5,480
0xb8,0xf6,528
0xb8,0xf7,496
0xb8,0xf8,520
0xb8,0xf9,458
0xb8,0xfa,538
0xb8,0xfb,516
0xb8,0xfc,512
0xb8,0xfd,502
0xb8,0xfe,506
0xb8,0xff,560
0xb9,0x00,256
0xb9,0x01,492
0xb9,0x02,442
0xb9,0x03,458
0xb9,0x04,470
0xb9,0x05,544
0xb9,0x06,542
0xb9,0x07,522
0xb9,0x08,524
0xb9,0x09,440
0xb9,0x0a,518
0xb9,0x0b,508
0xb9,0x0c,510
0xb9,0x0d,514
0xb9,0x0e,530
0xb9,0x0f,500
0xb9,0x10,532
0xb9,0x11,480
0xb9,0x12,500
0xb9,0x13,530
0xb9,0x14,490
0xb9,0x15,492
0xb9,0x16,486
0xb9,0x17,518
0xb9,0x18,502
0xb9,0x19,534
0xb9,0x1a,512
0xb9,0x1b,520
0xb9,0x1c,520
0xb9,0x1d,536
0xb9,0x1e,516
0xb9,0x1f,522
0xb9,0x20,514
0xb9,0x21,474
0xb9,0x22,442
0xb9,0x23,548
0xb9,0x24,520
0xb9,0x25,522
0xb9,0x26,456
0xb9,0x27,484
0xb9,0x28,494
0xb9,0x29,496
0xb9,0x2a,474
0xb9,0x2b,472
0xb9,0x2c,494
0xb9,0x2d,554
0xb9,0x2e,560
0xb9,0x2f,484
0xb9,0x30,402
0xb9,0x31,530
0xb9,0x32,484
0xb9,0x33,522
0xb9,0x34,506
0xb9,0x35,496
0xb9,0x36,490
0xb9,0x37,472
0xb9,0x38,534
0xb9,0x39,506
0xb9,0x3a,526
0xb9,0x3b,486
0xb9,0x3c,488
0xb9,0x3d,528
0xb9,0x3e,528
0xb9,0x3f,534
0xb9,0x40,494
0xb9,0x41,502
0xb9,0x42,506
0xb9,0x43,528
0xb9,0x44,514
0xb9,0x45,454
0xb9,0x46,518
0xb9,0x47,476
0xb9,0x48,500
0xb9,0x49,536
0xb9,0x4a,514
0xb9,0x4b,526
0xb9,0x4c,506
0xb9,0x4d,514
0xb9,0x4e,482
0xb9,0x4f,482
0xb9,0x50,528
0xb9,0x51,510
0xb9,0x52,496
0xb9,0x53,522
0xb9,0x54,518
0xb9,0x55,540
0xb9,0x56,558
0xb9,0x57,490
0xb9,0x58,526
0xb9,0x59,492
0xb9,0x5a,506
0xb9,0x5b,484
0xb9,0x5c,508
0xb9,0x5d,488
0xb9,0x5e,524
0xb9,0x5f,514
0xb9,0x60,518
0xb9,0x61,500
0xb9,0x62,474
0xb9,0x63,486
0xb9,0x64,502
0xb9,0x65,504
0xb9,0x66,492
0xb9,0x67,502
0xb9,0x68,506
0xb9,0x69,516
0xb9,0x6a,504
0xb9,0x6b,508
0xb9,0x6c,494
0xb9,0x6d,530
0xb9,0x6e,490
0xb9,0x6f,566
0xb9,0x70,518
0xb9,0x71,508
0xb9,0x72,514
0xb9,0x73,500
0xb9,0x74,496
0xb9,0x75,496
0xb9,0x76,512
0xb9,0x77,508
0xb9,0x78,524
0xb9,0x79,546
0xb9,0x7a,548
0xb9,0x7b,482
0xb9,0x7c,486
0xb9,0x7d,490
0xb9,0x7e,510
0xb9,0x7f,518
0xb9,0x80,522
0xb9,0x81,520
0xb9,0x82,604
0xb9,0x83,494
0xb9,0x84,516
0xb9,0x85,508
0xb9,0x86,528
0xb9,0x87,512
0xb9,0x88,506
0xb9,0x89,530
0xb9,0x8a,502
0xb9,0x8b,512
0xb9,0x8c,528
0xb9,0x8d,504
0xb9,0x8e,552
0xb9,0x8f,516
0xb9,0x90,486
0xb9,0x91,470
0xb9,0x92,472
0xb9,0x93,490
0xb9,0x94,532
0xb9,0x95,530
0xb9,0x96,540
0xb9,0x97,508
0xb9,0x98,524
0xb9,0x99,498
0xb9,0x9a,480
0xb9,0x9b,506
0xb9,0x9c,508
0xb9,0x9d,520
0xb9,0x9e,538
0xb9,0x9f,486
0xb9,0xa0,504
0xb9,0xa1,506
0xb9,0xa2,480
0xb9,0xa3,484
0xb9,0xa4,544
0xb9,0xa5,504
0xb9,0xa6,510
0xb9,0xa7,526
0xb9,0xa8,518
0xb9,0xa9,490
0xb9,0xaa,514
0xb9,0xab,482
0xb9,0xac,496
0xb9,0xad,528
0xb9,0xae,520
0xb9,0xaf,518
0xb9,0xb0,514
0xb9,0xb1,490
0xb9,0xb2,522
0xb9,0xb3,494
0xb9,0xb4,516
0xb9,0xb5,506
0xb9,0xb6,534
0xb9,0xb7,494
0xb9,0xb8,536
0xb9,0xb9,516
0xb9,0xba,508
0xb9,0xbb,504
0xb9,0xbc,490
0xb9,0xbd,520
0xb9,0xbe,500
0xb9,0xbf,460
0xb9,0xc0,480
0xb9,0xc1,478
0xb9,0xc2,528
0xb9,0xc3,546
0xb9,0xc4,552
0xb9,0xc5,486
0xb9,0xc6,500
0xb9,0xc7,510
0xb9,0xc8,508
0xb9,0xc9,602
0xb9,0xca,558
0xb9,0xcb,550
0xb9,0xcc,514
0xb9,0xcd,502
0xb9,0xce,590
0xb9,0xcf,550
0xb9,0xd0,518
0xb9,0xd1,538
0xb9,0xd2,492
0xb9,0xd3,456
0xb9,0xd4,492
0xb9,0xd5,524
0xb9,0xd6,586
0xb9,0xd7,514
0xb9,0xd8,516
0xb9,0xd9,470
0xb9,0xda,516
0xb9,0xdb,500
0xb9,0xdc,464
0xb9,0xdd,508
0xb9,0xde,474
0xb9,0xdf,522
0xb9,0xe0,484
0xb9,0xe1,546
0xb9,0xe2,480
0xb9,0xe3,506
0xb9,0xe4,528
0xb9,0xe5,488
0xb9,0xe6,484
0xb9,0xe7,490
0xb9,0xe8,558
0xb9,0xe9,482
0xb9,0xea,538
0xb9,0xeb,486
0xb9,0xec,518
0xb9,0xed,478
0xb9,0xee,496
0xb9,0xef,546
0xb9,0xf0,486
0xb9,0xf1,518
0xb9,0xf2,550
0xb9,0xf3,572
0xb9,0xf4,490
0xb9,0xf5,492
0xb9,0xf6,482
0xb9,0xf7,548
0xb9,0xf8,560
0xb9,0xf9,522
0xb9,0xfa,504
0xb9,0xfb,500
0xb9,0xfc,522
0xb9,0xfd,510
0xb9,0xfe,502
0xb9,0xff,504
0xba,0x00,256
0xba,0x01,522
0xba,0x02,506
0xba,0x03,490
0xba,0x04,486
0xba,0x05,492
0xba,0x06,526
0xba,0x07,484
0xba,0x08,548
0xba,0x09,520
0xba,0x0a,516
0xba,0x0b,524
0xba,0x0c,488
0xba,0x0d,480
0xba,0x0e,508
0xba,0x0f,500
0xba,0x10,496
0xba,0x11,506
0xba,0x12,532
0xba,0x13,468
0xba,0x14,450
0xba,0x15,458
0xba,0x16,438
0xba,0x17,516
0xba,0x18,516
0xba,0x19,508
0xba,0x1a,484
0xba,0x1b,492
0xba,0x1c,498
0xba,0x1d,536
0xba,0x1e,518
0xba,0x1f,510
0xba,0x20,498
0xba,0x21,484
0xba,0x22,530
0xba,0x23,476
0xba,0x24,474
0xba,0x25,504
0xba,0x26,512
0xba,0x27,502
0xba,0x28,480
0xba,0x29,522
0xba,0x2a,516
0xba,0x2b,530
0xba,0x2c,532
0xba,0x2d,510
0xba,0x2e,522
0xba,0x2f,480
0xba,0x30,482
0xba,0x31,484
0xba,0x32,474
0xba,0x33,474
0xba,0x34,494
0xba,0x35,532
0xba,0x36,508
0xba,0x37,500
0xba,0x38,506
0xba,0x39,518
0xba,0x3a,504
0xba,0x3b,500
0xba,0x3c,496
0xba,0x3d,496
0xba,0x3e,544
0xba,0x3f,494
0xba,0x40,544
0xba,0x41,508
0xba,0x42,496
0xba,0x43,488
0xba,0x44,502
0xba,0x45,508
0xba,0x46,496
0xba,0x47,504
0xba,0x48,506
0xba,0x49,532
0xba,0x4a,524
0xba,0x4b,510
0xba,0x4c,490
0xba,0x4d,502
0xba,0x4e,532
0xba,0x4f,524
0xba,0x50,494
0xba,0x51,472
0xba,0x52,488
0xba,0x53,522
0xba,0x54,510
0xba,0x55,494
0xba,0x56,564
0xba,0x57,518
0xba,0x58,498
0xba,0x59,500
0xba,0x5a,490
0xba,0x5b,496
0xba,0x5c,530
0xba,0x5d,544
0xba,0x5e,538
0xba,0x5f,526
0xba,0x60,484
0xba,0x61,546
0xba,0x62,500
0xba,0x63,514
0xba,0x64,490
0xba,0x65,492
0xba,0x66,498
0xba,0x67,478
0xba,0x68,534
0xba,0x69,526
0xba,0x6a,514
0xba,0x6b,482
0xba,0x6c,488
0xba,0x6d,502
0xba,0x6e,510
0xba,0x6f,498
0xba,0x70,520
0xba,0x71,538
0xba,0x72,518
0xba,0x73,512
0xba,0x74,504
0xba,0x75,556
0xba,0x76,504
0xba,0x77,496
0xba,0x78,518
0xba,0x79,512
0xba,0x7a,572
0xba,0x7b,552
0xba,0x7c,482
0xba,0x7d,510
0xba,0x7e,534
0xba,0x7f,516
0xba,0x80,534
0xba,0x81,512
0xba,0x82,484
0xba,0x83,490
0xba,0x84,500
0xba,0x85,496
0xba,0x86,484
0xba,0x87,508
0xba,0x88,502
0xba,0x89,516
0xba,0x8a,504
0xba,0x8b,516
0xba,0x8c,498
0xba,0x8d,514
0xba,0x8e,528
0xba,0x8f,526
0xba,0x90,526
0xba,0x91,518
0xba,0x92,568
0xba,0x93,544
0xba,0x94,468
0xba,0x95,496
0xba,0x96,508
0xba,0x97,484
0xba,0x98,500
0xba,0x99,498
0xba,0x9a,518
0xba,0x9b,594
0xba,0x9c,548
0xba,0x9d,554
0xba,0x9e,554
0xba,0x9f,528
0xba,0xa0,526
0xba,0xa1,476
0xba,0xa2,468
0xba,0xa3,512
0xba,0xa4,480
0xba,0xa5,492
0xba,0xa6,564
0xba,0xa7,518
0xba,0xa8,510
0xba,0xa9,484
0xba,0xaa,534
0xba,0xab,542
0xba,0xac,572
0xba,0xad,500
0xba,0xae,552
0xba,0xaf,512
0xba,0xb0,482
0xba,0xb1,532
0xba,0xb2,530
0xba,0xb3,502
0xba,0xb4,490
0xba,0xb5,524
0xba,0xb6,470
0xba,0xb7,506
0xba,0xb8,522
0xba,0xb9,540
0xba,0xba,518
0xba,0xbb,484
0xba,0xbc,534
0xba,0xbd,520
0xba,0xbe,512
0xba,0xbf,542
0xba,0xc0,540
0xba,0xc1,492
0xba,0xc2,558
0xba,0xc3,476
0xba,0xc4,530
0xba,0xc5,506
0xba,0xc6,510
0xba,0xc7,516
0xba,0xc8,496
0xba,0xc9,494
0xba,0xca,474
0xba,0xcb,556
0xba,0xcc,480
0xba,0xcd,522
0xba,0xce,478
0xba,0xcf,532
0xba,0xd0,514
0xba,0xd1,518
0xba,0xd2,522
0xba,0xd3,538
0xba,0xd4,516
0xba,0xd5,552
0xba,0xd6,492
0xba,0xd7,506
0xba,0xd8,520
0xba,0xd9,460
0xba,0xda,506
0xba,0xdb,516
0xba,0xdc,576
0xba,0xdd,536
0xba,0xde,522
0xba,0xdf,510
0xba,0xe0,558
0xba,0xe1,536
0xba,0xe2,534
0xba,0xe3,536
0xba,0xe4,496
0xba,0xe5,504
0xba,0xe6,532
0xba,0xe7,502
0xba,0xe8,486
0xba,0xe9,526
0xba,0xea,516
0xba,0xeb,546
0xba,0xec,540
0xba,0xed,500
0xba,0xee,484
0xba,0xef,496
0xba,0xf0,532
0xba,0xf1,486
0xba,0xf2,532
0xba,0xf3,520
0xba,0xf4,504
0xba,0xf5,490
0xba,0xf6,534
0xba,0xf7,516
0xba,0xf8,492
0xba,0xf9,480
0xba,0xfa,548
0xba,0xfb,556
0xba,0xfc,506
0xba,0xfd,488
0xba,0xfe,498
0xba,0xff,518
0xbb,0x00,256
0xbb,0x01,482
0xbb,0x02,474
0xbb,0x03,506
0xbb,0x04,532
0xbb,0x05,540
0xbb,0x06,502
0xbb,0x07,538
0xbb,0x08,508
0xbb,0x09,472
0xbb,0x0a,532
0xbb,0x0b,526
0xbb,0x0c,516
0xbb,0x0d,478
0xbb,0x0e,506
0xbb,0x0f,500
0xbb,0x10,530
0xbb,0x11,592
0xbb,0x12,542
0xbb,0x13,518
0xbb,0x14,544
0xbb,0x15,500
0xbb,0x16,470
0xbb,0x17,502
0xbb,0x18,498
0xbb,0x19,512
0xbb,0x1a,502
0xbb,0x1b,520
0xbb,0x1c,544
0xbb,0x1d,522
0xbb,0x1e,510
0xbb,0x1f,530
0xbb,0x20,492
0xbb,0x21,524
0xbb,0x22,582
0xbb,0x23,458
0xbb,0x24,500
0xbb,0x25,502
0xbb,0x26,514
0xbb,0x27,470
0xbb,0x28,444
0xbb,0x29,488
0xbb,0x2a,512
0xbb,0x2b,504
0xbb,0x2c,470
0xbb,0x2d,518
0xbb,0x2e,496
0xbb,0x2f,520
0xbb,0x30,494
0xbb,0x31,482
0xbb,0x32,474
0xbb,0x33,496
0xbb,0x34,466
0xbb,0x35,486
0xbb,0x36,558
0xbb,0x37,492
0xbb,0x38,516
0xbb,0x39,476
0xbb,0x3a,464
0xbb,0x3b,502
0xbb,0x3c,472
0xbb,0x3d,504
0xbb,0x3e,496
0xbb,0x3f,484
0xbb,0x40,518
0xbb,0x41,494
0xbb,0x42,492
0xbb,0x43,474
0xbb,0x44,480
0xbb,0x45,496
0xbb,0x46,512
0xbb,0x47,484
0xbb,0x48,542
0xbb,0x49,474
0xbb,0x4a,516
0xbb,0x4b,484
0xbb,0x4c,528
0xbb,0x4d,528
0xbb,0x4e,466
0xbb,0x4f,462
0xbb,0x50,484
0xbb,0x51,516
0xbb,0x52,488
0xbb,0x53,506
0xbb,0x54,540
0xbb,0x55,532
0xbb,0x56,484
0xbb,0x57,526
0xbb,0x58,518
0xbb,0x59,498
0xbb,0x5a,524
0xbb,0x5b,500
0xbb,0x5c,478
0xbb,0x5d,490
0xbb,0x5e,528
0xbb,0x5f,566
0xbb,0x60,584
0xbb,0x61,532
0xbb,0x62,506
0xbb,0x63,520
0xbb,0x64,540
0xbb,0x65,556
0xbb,0x66,492
0xbb,0x67,492
0xbb,0x68,476
0xbb,0x69,490
0xbb,0x6a,508
0xbb,0x6b,534
0xbb,0x6c,476
0xbb,0x6d,490
0xbb,0x6e,482
0xbb,0x6f,504
0xbb,0x70,516
0xbb,0x71,538
0xbb,0x72,502
0xbb,0x73,472
0xbb,0x74,480
0xbb,0x75,482
0xbb,0x76,492
0xbb,0x77,494
0xbb,0x78,494
0xbb,0x79,490
0xbb,0x7a,490
0xbb,0x7b,492
0xbb,0x7c,492
0xbb,0x7d,470
0xbb,0x7e,512
0xbb,0x7f,498
0xbb,0x80,468
0xbb,0x81,494
0xbb,0x82,488
0xbb,0x83,518
0xbb,0x84,492
0xbb,0x85,498
0xbb,0x86,502
0xbb,0x87,500
0xbb,0x88,508
0xbb,0x89,526
0xbb,0x8a,528
0xbb,0x8b,508
0xbb,0x8c,474
0xbb,0x8d,512
0xbb,0x8e,474
0xbb,0x8f,536
0xbb,0x90,472
0xbb,0x91,494
0xbb,0x92,508
0xbb,0x93,540
0xbb,0x94,484
0xbb,0x95,490
0xbb,0x96,492
0xbb,0x97,470
0xbb,0x98,564
0xbb,0x99,494
0xbb,0x9a,524
0xbb,0x9b,488
0xbb,0x9c,502
0xbb,0x9d,474
0xbb,0x9e,506
0xbb,0x9f,554
0xbb,0xa0,506
0xbb,0xa1,482
0xbb,0xa2,496
0xbb,0xa3,458
0xbb,0xa4,498
0xbb,0xa5,550
0xbb,0xa6,532
0xbb,0xa7,556
0xbb,0xa8,488
0xbb,0xa9,468
0xbb,0xaa,480
0xbb,0xab,540
0xbb,0xac,488
0xbb,0xad,530
0xbb,0xae,524
0xbb,0xaf,502
0xbb,0xb0,508
0xbb,0xb1,498
0xbb,0xb2,532
0xbb,0xb3,532
0xbb,0xb4,504
0xbb,0xb5,474
0xbb,0xb6,510
0xbb,0xb7,498
0xbb,0xb8,540
0xbb,0xb9,514
0xbb,0xba,548
0xbb,0xbb,518
0xbb,0xbc,590
0xbb,0xbd,542
0xbb,0xbe,546
0xbb,0xbf,474
0xbb,0xc0,488
0xbb,0xc1,506
0xbb,0xc2,506
0xbb,0xc3,538
0xbb,0xc4,530
0xbb,0xc5,508
0xbb,0xc6,526
0xbb,0xc7,522
0xbb,0xc8,544
0xbb,0xc9,528
0xbb,0xca,490
0xbb,0xcb,518
0xbb,0xcc,552
0xbb,0xcd,512
0xbb,0xce,496
0xbb,0xcf,524
0xbb,0xd0,562
0xbb,0xd1,514
0xbb,0xd2,532
0xbb,0xd3,522
0xbb,0xd4,516
0xbb,0xd5,484
0xbb,0xd6,532
0xbb,0xd7,476
0xbb,0xd8,500
0xbb,0xd9,510
0xbb,0xda,502
0xbb,0xdb,504
0xbb,0xdc,536
0xbb,0xdd,536
0xbb,0xde,524
0xbb,0xdf,512
0xbb,0xe0,502
0xbb,0xe1,472
0xbb,0xe2,522
0xbb,0xe3,518
0xbb,0xe4,538
0xbb,0xe5,526
0xbb,0xe6,530
0xbb,0xe7,490
0xbb,0xe8,458
0xbb,0xe9,538
0xbb,0xea,520
0xbb,0xeb,480
0xbb,0xec,508
0xbb,0xed,500
0xbb,0xee,494
0xbb,0xef,486
0xbb,0xf0,518
0xbb,0xf1,548
0xbb,0xf2,592
0xbb,0xf3,540
0xbb,0xf4,504
0xbb,0xf5,550
0xbb,0xf6,498
0xbb,0xf7,510
0xbb,0xf8,506
0xbb,0xf9,600
0xbb,0xfa,494
0xbb,0xfb,470
0xbb,0xfc,498
0xbb,0xfd,524
0xbb,0xfe,512
0xbb,0xff,524
0xbc,0x00,256
0xbc,0x01,506
0xbc,0x02,502
0xbc,0x03,494
0xbc,0x04,484
0xbc,0x05,496
0xbc,0x06,486
0xbc,0x07,548
0xbc,0x08,528
0xbc,0x09,510
0xbc,0x0a,478
0xbc,0x0b,506
0xbc,0x0c,530
0xbc,0x0d,514
0xbc,0x0e,516
0xbc,0x0f,570
0xbc,0x10,518
0xbc,0x11,544
0xbc,0x12,530
0xbc,0x13,462
0xbc,0x14,488
0xbc,0x15,530
0xbc,0x16,532
0xbc,0x17,512
0xbc,0x18,484
0xbc,0x19,498
0xbc,0x1a,526
0xbc,0x1b,494
0xbc,0x1c,474
0xbc,0x1d,492
0xbc,0x1e,504
0xbc,0x1f,498
0xbc,0x20,488
0xbc,0x21,534
0xbc,0x22,480
0xbc,0x23,458
0xbc,0x24,432
0xbc,0x25,522
0xbc,0x26,494
0xbc,0x27,448
0xbc,0x28,512
0xbc,0x29,502
0xbc,0x2a,476
0xbc,0x2b,510
0xbc,0x2c,488
0xbc,0x2d,528
0xbc,0x2e,492
0xbc,0x2f,532
0xbc,0x30,576
0xbc,0x31,478
0xbc,0x32,536
0xbc,0x33,520
0xbc,0x34,544
0xbc,0x35,514
0xbc,0x36,478
0xbc,0x37,518
0xbc,0x38,526
0xbc,0x39,496
0xbc,0x3a,478
0xbc,0x3b,478
0xbc,0x3c,508
0xbc,0x3d,528
0xbc,0x3e,530
0xbc,0x3f,508
0xbc,0x40,474
0xbc,0x41,500
0xbc,0x42,508
0xbc,0x43,520
0xbc,0x44,542
0xbc,0x45,472
0xbc,0x46,470
0xbc,0x47,518
0xbc,0x48,470
0xbc,0x49,514
0xbc,0x4a,496
0xbc,0x4b,494
0xbc,0x4c,496
0xbc,0x4d,540
0xbc,0x4e,482
0xbc,0x4f,520
0xbc,0x50,450
0xbc,0x51,498
0xbc,0x52,556
0xbc,0x53,538
0xbc,0x54,508
0xbc,0x55,482
0xbc,0x56,486
0xbc,0x57,516
0xbc,0x58,488
0xbc,0x59,492
0xbc,0x5a,486
0xbc,0x5b,498
0xbc,0x5c,484
0xbc,0x5d,456
0xbc,0x5e,522
0xbc,0x5f,474
0xbc,0x60,524
0xbc,0x61,512
0xbc,0x62,522
0xbc,0x63,502
0xbc,0x64,526
0xbc,0x65,506
0xbc,0x66,456
0xbc,0x67,476
0xbc,0x68,452
0xbc,0x69,494
0xbc,0x6a,456
0xbc,0x6b,508
0xbc,0x6c,502
0xbc,0x6d,554
0xbc,0x6e,512
0xbc,0x6f,506
0xbc,0x70,498
0xbc,0x71,484
0xbc,0x72,524
0xbc,0x73,500
0xbc,0x74,510
0xbc,0x75,454
0xbc,0x76,510
0xbc,0x77,502
0xbc,0x78,522
0xbc,0x79,486
0xbc,0x7a,496
0xbc,0x7b,506
0xbc,0x7c,478
0xbc,0x7d,512
0xbc,0x7e,482
0xbc,0x7f,496
0xbc,0x80,488
0xbc,0x81,510
0xbc,0x82,510
0xbc,0x83,496
0xbc,0x84,554
0xbc,0x85,476
0xbc,0x86,528
0xbc,0x87,494
0xbc,0x88,486
0xbc,0x89,508
0xbc,0x8a,514
0xbc,0x8b,476
0xbc,0x8c,506
0xbc,0x8d,504
0xbc,0x8e,480
0xbc,0x8f,526
0xbc,0x90,494
0xbc,0x91,562
0xbc,0x92,582
0xbc,0x93,456
0xbc,0x94,484
0xbc,0x95,522
0xbc,0x96,504
0xbc,0x97,480
0xbc,0x98,500
0xbc,0x99,506
0xbc,0x9a,480
0xbc,0x9b,538
0xbc,0x9c,522
0xbc,0x9d,522
0xbc,0x9e,516
0xbc,0x9f,486
0xbc,0xa0,534
0xbc,0xa1,508
0xbc,0xa2,494
0xbc,0xa3,484
0xbc,0xa4,550
0xbc,0xa5,544
0xbc,0xa6,510
0xbc,0xa7,490
0xbc,0xa8,488
0xbc,0xa9,484
0xbc,0xaa,510
0xbc,0xab,528
0xbc,0xac,542
0xbc,0xad,498
0xbc,0xae,478
0xbc,0xaf,538
0xbc,0xb0,506
0xbc,0xb1,456
0xbc,0xb2,486
0xbc,0xb3,480
0xbc,0xb4,488
0xbc,0xb5,528
0xbc,0xb6,496
0xbc,0xb7,514
0xbc,0xb8,490
0xbc,0xb9,550
0xbc,0xba,482
0xbc,0xbb,554
0xbc,0xbc,492
0xbc,0xbd,488
0xbc,0xbe,520
0xbc,0xbf,528
0xbc,0xc0,504
0xbc,0xc1,518
0xbc,0xc2,506
0xbc,0xc3,558
0xbc,0xc4,472
0xbc,0xc5,520
0xbc,0xc6,512
0xbc,0xc7,508
0xbc,0xc8,480
0xbc,0xc9,488
0xbc,0xca,496
0xbc,0xcb,498
0xbc,0xcc,538
0xbc,0xcd,524
0xbc,0xce,496
0xbc,0xcf,472
0xbc,0xd0,488
0xbc,0xd1,488
0xbc,0xd2,468
0xbc,0xd3,532
0xbc,0xd4,510
0xbc,0xd5,508
0xbc,0xd6,504
0xbc,0xd7,488
0xbc,0xd8,532
0xbc,0xd9,498
0xbc,0xda,536
0xbc,0xdb,496
0xbc,0xdc,542
0xbc,0xdd,510
0xbc,0xde,532
0xbc,0xdf,528
0xbc,0xe0,538
0xbc,0xe1,530
0xbc,0xe2,510
0xbc,0xe3,540
0xbc,0xe4,510
0xbc,0xe5,504
0xbc,0xe6,470
0xbc,0xe7,578
0xbc,0xe8,580
0xbc,0xe9,524
0xbc,0xea,484
0xbc,0xeb,536
0xbc,0xec,506
0xbc,0xed,504
0xbc,0xee,516
0xbc,0xef,520
0xbc,0xf0,512
0xbc,0xf1,562
0xbc,0xf2,530
0xbc,0xf3,546
0xbc,0xf4,526
0xbc,0xf5,540
0xbc,0xf6,468
0xbc,0xf7,518
0xbc,0xf8,486
0xbc,0xf9,498
0xbc,0xfa,496
0xbc,0xfb,560
0xbc,0xfc,482
0xbc,0xfd,468
0xbc,0xfe,510
0xbc,0xff,530
0xbd,0x00,256
0xbd,0x01,500
0xbd,0x02,466
0xbd,0x03,498
0xbd,0x04,484
0xbd,0x05,520
0xbd,0x06,470
0xbd,0x07,488
0xbd,0x08,496
0xbd,0x09,540
0xbd,0x0a,552
0xbd,0x0b,484
0xbd,0x0c,546
0xbd,0x0d,556
0xbd,0x0e,500
0xbd,0x0f,552
0xbd,0x10,482
0xbd,0x11,500
0xbd,0x12,440
0xbd,0x13,538
0xbd,0x14,496
0xbd,0x15,540
0xbd,0x16,448
0xbd,0x17,584
0xbd,0x18,450
0xbd,0x19,514
0xbd,0x1a,512
0xbd,0x1b,490
0xbd,0x1c,522
0xbd,0x1d,516
0xbd,0x1e,496
0xbd,0x1f,500
0xbd,0x20,500
0xbd,0x21,502
0xbd,0x22,504
0xbd,0x23,494
0xbd,0x24,448
0xbd,0x25,464
0xbd,0x26,444
0xbd,0x27,484
0xbd,0x28,524
0xbd,0x29,534
0xbd,0x2a,528
0xbd,0x2b,478
0xbd,0x2c,524
0xbd,0x2d,514
0xbd,0x2e,522
0xbd,0x2f,496
0xbd,0x30,450
0xbd,0x31,478
0xbd,0x32,548
0xbd,0x33,530
0xbd,0x34,468
0xbd,0x35,508
0xbd,0x36,470
0xbd,0x37,502
0xbd,0x38,516
0xbd,0x39,514
0xbd,0x3a,518
0xbd,0x3b,464
0xbd,0x3c,536
0xbd,0x3d,486
0xbd,0x3e,474
0xbd,0x3f,516
0xbd,0x40,518
0xbd,0x41,540
0xbd,0x42,608
0xbd,0x43,472
0xbd,0x44,548
0xbd,0x45,508
0xbd,0x46,526
0xbd,0x47,560
0xbd,0x48,472
0xbd,0x49,528
0xbd,0x4a,500
0xbd,0x4b,522
0xbd,0x4c,506
0xbd,0x4d,550
0xbd,0x4e,468
0xbd,0x4f,484
0xbd,0x50,494
0xbd,0x51,526
0xbd,0x52,520
0xbd,0x53,526
0xbd,0x54,518
0xbd,0x55,462
0xbd,0x56,466
0xbd,0x57,484
0xbd,0x58,530
0xbd,0x59,518
0xbd,0x5a,504
0xbd,0x5b,516
0xbd,0x5c,520
0xbd,0x5d,538
0xbd,0x5e,528
0xbd,0x5f,560
0xbd,0x60,484
0xbd,0x61,496
0xbd,0x62,470
0xbd,0x63,514
0xbd,0x64,484
0xbd,0x65,512
0xbd,0x66,476
0xbd,0x67,494
0xbd,0x68,548
0xbd,0x69,504
0xbd,0x6a,512
0xbd,0x6b,456
0xbd,0x6c,494
0xbd,0x6d,482
0xbd,0x6e,500
0xbd,0x6f,528
0xbd,0x70,474
0xbd,0x71,488
0xbd,0x72,520
0xbd,0x73,492
0xbd,0x74,480
0xbd,0x75,478
0xbd,0x76,456
0xbd,0x77,524
0xbd,0x78,506
0xbd,0x79,504
0xbd,0x7a,506
0xbd,0x7b,514
0xbd,0x7c,514
0xbd,0x7d,586
0xbd,0x7e,524
0xbd,0x7f,472
0xbd,0x80,482
0xbd,0x81,488
0xbd,0x82,556
0xbd,0x83,512
0xbd,0x84,580
0xbd,0x85,486
0xbd,0x86,534
0xbd,0x87,534
0xbd,0x88,510
0xbd,0x89,532
0xbd,0x8a,482
0xbd,0x8b,466
0xbd,0x8c,524
0xbd,0x8d,446
0xbd,0x8e,532
0xbd,0x8f,544
0xbd,0x90,628
0xbd,0x91,518
0xbd,0x92,470
0xbd,0x93,474
0xbd,0x94,528
0xbd,0x95,548
0xbd,0x96,552
0xbd,0x97,480
0xbd,0x98,488
0xbd,0x99,550
0xbd,0x9a,466
0xbd,0x9b,518
0xbd,0x9c,498
0xbd,0x9d,510
0xbd,0x9e,516
0xbd,0x9f,508
0xbd,0xa0,522
0xbd,0xa1,520
0xbd,0xa2,478
0xbd,0xa3,464
0xbd,0xa4,522
0xbd,0xa5,492
0xbd,0xa6,514
0xbd,0xa7,520
0xbd,0xa8,512
0xbd,0xa9,508
0xbd,0xaa,520
0xbd,0xab,538
0xbd,0xac,498
0xbd,0xad,488
0xbd,0xae,456
0xbd,0xaf,562
0xbd,0xb0,516
0xbd,0xb1,470
0xbd,0xb2,516
0xbd,0xb3,524
0xbd,0xb4,500
0xbd,0xb5,486
0xbd,0xb6,522
0xbd,0xb7,500
0xbd,0xb8,500
0xbd,0xb9,520
0xbd,0xba,514
0xbd,0xbb,498
0xbd,0xbc,510
0xbd,0xbd,470
0xbd,0xbe,520
0xbd,0xbf,490
0xbd,0xc0,500
0xbd,0xc1,514
0xbd,0xc2,492
0xbd,0xc3,484
0xbd,0xc4,518
0xbd,0xc5,474
0xbd,0xc6,504
0xbd,0xc7,474
0xbd,0xc8,510
0xbd,0xc9,478
0xbd,0xca,484
0xbd,0xcb,494
0xbd,0xcc,516
0xbd,0xcd,522
0xbd,0xce,514
0xbd,0xcf,496
0xbd,0xd0,486
0xbd,0xd1,502
0xbd,0xd2,512
0xbd,0xd3,508
0xbd,0xd4,514
0xbd,0xd5,516
0xbd,0xd6,492
0xbd,0xd7,504
0xbd,0xd8,478
0xbd,0xd9,502
0xbd,0xda,530
0xbd,0xdb,516
0xbd,0xdc,460
0xbd,0xdd,516
0xbd,0xde,536
0xbd,0xdf,482
0xbd,0xe0,524
0xbd,0xe1,512
0xbd,0xe2,484
0xbd,0xe3,522
0xbd,0xe4,490
0xbd,0xe5,524
0xbd,0xe6,496
0xbd,0xe7,494
0xbd,0xe8,484
0xbd,0xe9,552
0xbd,0xea,514
0xbd,0xeb,496
0xbd,0xec,500
0xbd,0xed,524
0xbd,0xee,488
0xbd,0xef,522
0xbd,0xf0,514
0xbd,0xf1,566
0xbd,0xf2,486
0xbd,0xf3,492
0xbd,0xf4,502
0xbd,0xf5,514
0xbd,0xf6,488
0xbd,0xf7,510
0xbd,0xf8,480
0xbd,0xf9,478
0xbd,0xfa,564
0xbd,0xfb,506
0xbd,0xfc,510
0xbd,0xfd,544
0xbd,0xfe,508
0xbd,0xff,496
0xbe,0x00,256
0xbe,0x01,516
0xbe,0x02,566
0xbe,0x03,496
0xbe,0x04,470
0xbe,0x05,516
0xbe,0x06,466
0xbe,0x07,508
0xbe,0x08,516
0xbe,0x09,468
0xbe,0x0a,494
0xbe,0x0b,470
0xbe,0x0c,514
0xbe,0x0d,506
0xbe,0x0e,498
0xbe,0x0f,520
0xbe,0x10,464
0xbe,0x11,546
0xbe,0x12,488
0xbe,0x13,558
0xbe,0x14,436
0xbe,0x15,492
0xbe,0x16,458
0xbe,0x17,474
0xbe,0x18,492
0xbe,0x19,464
0xbe,0x1a,520
0xbe,0x1b,520
0xbe,0x1c,506
0xbe,0x1d,496
0xbe,0x1e,524
0xbe,0x1f,482
0xbe,0x20,452
0xbe,0x21,496
0xbe,0x22,414
0xbe,0x23,500
0xbe,0x24,420
0xbe,0x25,556
0xbe,0x26,530
0xbe,0x27,546
0xbe,0x28,574
0xbe,0x29,554
0xbe,0x2a,512
0xbe,0x2b,496
0xbe,0x2c,506
0xbe,0x2d,478
0xbe,0x2e,496
0xbe,0x2f,474
0xbe,0x30,430
0xbe,0x31,642
0xbe,0x32,510
0xbe,0x33,502
0xbe,0x34,430
0xbe,0x35,546
0xbe,0x36,474
0xbe,0x37,496
0xbe,0x38,514
0xbe,0x39,510
0xbe,0x3a,546
0xbe,0x3b,546
0xbe,0x3c,522
0xbe,0x3d,496
0xbe,0x3e,458
0xbe,0x3f,476
0xbe,0x40,588
0xbe,0x41,508
0xbe,0x42,500
0xbe,0x43,548
0xbe,0x44,504
0xbe,0x45,522
0xbe,0x46,526
0xbe,0x47,480
0xbe,0x48,496
0xbe,0x49,572
0xbe,0x4a,502
0xbe,0x4b,552
0xbe,0x4c,462
0xbe,0x4d,478
0xbe,0x4e,522
0xbe,0x4f,522
0xbe,0x50,532
0xbe,0x51,484
0xbe,0x52,528
0xbe,0x53,510
0xbe,0x54,488
0xbe,0x55,504
0xbe,0x56,500
0xbe,0x57,522
0xbe,0x58,492
0xbe,0x59,534
0xbe,0x5a,518
0xbe,0x5b,520
0xbe,0x5c,498
0xbe,0x5d,494
0xbe,0x5e,496
0xbe,0x5f,508
0xbe,0x60,526
0xbe,0x61,518
0xbe,0x62,536
0xbe,0x63,554
0xbe,0x64,490
0xbe,0x65,486
0xbe,0x66,504
0xbe,0x67,550
0xbe,0x68,448
0xbe,0x69,496
0xbe,0x6a,484
0xbe,0x6b,530
0xbe,0x6c,532
0xbe,0x6d,534
0xbe,0x6e,522
0xbe,0x6f,540
0xbe,0x70,492
0xbe,0x71,480
0xbe,0x72,480
0xbe,0x73,524
0xbe,0x74,644
0xbe,0x75,552
0xbe,0x76,532
0xbe,0x77,526
0xbe,0x78,514
0xbe,0x79,488
0xbe,0x7a,490
0xbe,0x7b,508
0xbe,0x7c,538
0xbe,0x7d,510
0xbe,0x7e,532
0xbe,0x7f,810
0xbe,0x80,474
0xbe,0x81,492
0xbe,0x82,514
0xbe,0x83,470
0xbe,0x84,508
0xbe,0x85,486
0xbe,0x86,492
0xbe,0x87,532
0xbe,0x88,512
0xbe,0x89,486
0xbe,0x8a,498
0xbe,0x8b,466
0xbe,0x8c,494
0xbe,0x8d,508
0xbe,0x8e,548
0xbe,0x8f,486
0xbe,0x90,490
0xbe,0x91,510
0xbe,0x92,480
0xbe,0x93,470
0xbe,0x94,518
0xbe,0x95,478
0xbe,0x96,516
0xbe,0x97,510
0xbe,0x98,538
0xbe,0x99,488
0xbe,0x9a,506
0xbe,0x9b,552
0xbe,0x9c,516
0xbe,0x9d,506
0xbe,0x9e,490
0xbe,0x9f,504
0xbe,0xa0,566
0xbe,0xa1,524
0xbe,0xa2,1024
0xbe,0xa3,572
0xbe,0xa4,514
0xbe,0xa5,490
0xbe,0xa6,482
0xbe,0xa7,466
0xbe,0xa8,568
0xbe,0xa9,558
0xbe,0xaa,522
0xbe,0xab,516
0xbe,0xac,476
0xbe,0xad,488
0xbe,0xae,494
0xbe,0xaf,494
0xbe,0xb0,552
0xbe,0xb1,536
0xbe,0xb2,546
0xbe,0xb3,496
0xbe,0xb4,510
0xbe,0xb5,526
0xbe,0xb6,492
0xbe,0xb7,530
0xbe,0xb8,542
0xbe,0xb9,536
0xbe,0xba,570
0xbe,0xbb,558
0xbe,0xbc,492
0xbe,0xbd,506
0xbe,0xbe,542
0xbe,0xbf,548
0xbe,0xc0,478
0xbe,0xc1,488
0xbe,0xc2,484
0xbe,0xc3,540
0xbe,0xc4,464
0xbe,0xc5,486
0xbe,0xc6,478
0xbe,0xc7,504
0xbe,0xc8,508
0xbe,0xc9,476
0xbe,0xca,502
0xbe,0xcb,568
0xbe,0xcc,508
0xbe,0xcd,482
0xbe,0xce,490
0xbe,0xcf,512
0xbe,0xd0,502
0xbe,0xd1,484
0xbe,0xd2,536
0xbe,0xd3,518
0xbe,0xd4,510
0xbe,0xd5,458
0xbe,0xd6,434
0xbe,0xd7,458
0xbe,0xd8,486
0xbe,0xd9,554
0xbe,0xda,510
0xbe,0xdb,500
0xbe,0xdc,498
0xbe,0xdd,514
0xbe,0xde,476
0xbe,0xdf,502
0xbe,0xe0,508
0xbe,0xe1,462
0xbe,0xe2,474
0xbe,0xe3,514
0xbe,0xe4,508
0xbe,0xe5,500
0xbe,0xe6,524
0xbe,0xe7,558
0xbe,0xe8,488
0xbe,0xe9,498
0xbe,0xea,506
0xbe,0xeb,508
0xbe,0xec,676
0xbe,0xed,548
0xbe,0xee,488
0xbe,0xef,498
0xbe,0xf0,508
0xbe,0xf1,516
0xbe,0xf2,472
0xbe,0xf3,500
0xbe,0xf4,598
0xbe,0xf5,500
0xbe,0xf6,492
0xbe,0xf7,520
0xbe,0xf8,532
0xbe,0xf9,498
0xbe,0xfa,512
0xbe,0xfb,504
0xbe,0xfc,514
0xbe,0xfd,534
0xbe,0xfe,516
0xbe,0xff,554
0xbf,0x00,256
0xbf,0x01,524
0xbf,0x02,416
0xbf,0x03,534
0xbf,0x04,456
0xbf,0x05,506
0xbf,0x06,594
0xbf,0x07,504
0xbf,0x08,478
0xbf,0x09,516
0xbf,0x0a,474
0xbf,0x0b,466
0xbf,0x0c,552
0xbf,0x0d,470
0xbf,0x0e,480
0xbf,0x0f,534
0xbf,0x10,542
0xbf,0x11,476
0xbf,0x12,526
0xbf,0x13,520
0xbf,0x14,422
0xbf,0x15,456
0xbf,0x16,516
0xbf,0x17,534
0xbf,0x18,514
0xbf,0x19,444
0xbf,0x1a,484
0xbf,0x1b,518
0xbf,0x1c,514
0xbf,0x1d,520
0xbf,0x1e,530
0xbf,0x1f,496
0xbf,0x20,552
0xbf,0x21,486
0xbf,0x22,538
0xbf,0x23,532
0xbf,0x24,376
0xbf,0x25,470
0xbf,0x26,466
0xbf,0x27,528
0xbf,0x28,548
0xbf,0x29,512
0xbf,0x2a,480
0xbf,0x2b,508
0xbf,0x2c,486
0xbf,0x2d,468
0xbf,0x2e,472
0xbf,0x2f,472
0xbf,0x30,484
0xbf,0x31,500
0xbf,0x32,476
0xbf,0x33,482
0xbf,0x34,518
0xbf,0x35,506
0xbf,0x36,526
0xbf,0x37,486
0xbf,0x38,522
0xbf,0x39,486
0xbf,0x3a,528
0xbf,0x3b,516
0xbf,0x3c,518
0xbf,0x3d,488
0xbf,0x3e,498
0xbf,0x3f,490
0xbf,0x40,518
0xbf,0x41,532
0xbf,0x42,508
0xbf,0x43,494
0xbf,0x44,478
0xbf,0x45,486
0xbf,0x46,500
0xbf,0x47,482
0xbf,0x48,508
0xbf,0x49,516
0xbf,0x4a,514
0xbf,0x4b,504
0xbf,0x4c,512
0xbf,0x4d,474
0xbf,0x4e,472
0xbf,0x4f,522
0xbf,0x50,528
0xbf,0x51,506
0xbf,0x52,542
0xbf,0x53,534
0xbf,0x54,480
0xbf,0x55,518
0xbf,0x56,554
0xbf,0x57,532
0xbf,0x58,556
0xbf,0x59,568
0xbf,0x5a,484
0xbf,0x5b,502
0xbf,0x5c,474
0xbf,0x5d,518
0xbf,0x5e,482
0xbf,0x5f,534
0xbf,0x60,544
0xbf,0x61,488
0xbf,0x62,466
0xbf,0x63,526
0xbf,0x64,518
0xbf,0x65,546
0xbf,0x66,534
0xbf,0x67,510
0xbf,0x68,504
0xbf,0x69,500
0xbf,0x6a,512
0xbf,0x6b,452
0xbf,0x6c,516
0xbf,0x6d,538
0xbf,0x6e,502
0xbf,0x6f,516
0xbf,0x70,488
0xbf,0x71,490
0xbf,0x72,512
0xbf,0x73,494
0xbf,0x74,502
0xbf,0x75,506
0xbf,0x76,536
0xbf,0x77,546
0xbf,0x78,494
0xbf,0x79,478
0xbf,0x7a,470
0xbf,0x7b,480
0xbf,0x7c,500
0xbf,0x7d,596
0xbf,0x7e,498
0xbf,0x7f,514
0xbf,0x80,534
0xbf,0x81,502
0xbf,0x82,616
0xbf,0x83,512
0xbf,0x84,526
0xbf,0x85,492
0xbf,0x86,548
0xbf,0x87,476
0xbf,0x88,514
0xbf,0x89,524
0xbf,0x8a,568
0xbf,0x8b,524
0xbf,0x8c,488
0xbf,0x8d,510
0xbf,0x8e,578
0xbf,0x8f,480
0xbf,0x90,536
0xbf,0x91,478
0xbf,0x92,486
0xbf,0x93,464
0xbf,0x94,490
0xbf,0x95,474
0xbf,0x96,572
0xbf,0x97,528
0xbf,0x98,464
0xbf,0x99,530
0xbf,0x9a,480
0xbf,0x9b,468
0xbf,0x9c,554
0xbf,0x9d,554
0xbf,0x9e,566
0xbf,0x9f,498
0xbf,0xa0,520
0xbf,0xa1,510
0xbf,0xa2,544
0xbf,0xa3,510
0xbf,0xa4,516
0xbf,0xa5,502
0xbf,0xa6,510
0xbf,0xa7,482
0xbf,0xa8,560
0xbf,0xa9,524
0xbf,0xaa,484
0xbf,0xab,486
0xbf,0xac,476
0xbf,0xad,508
0xbf,0xae,534
0xbf,0xaf,508
0xbf,0xb0,618
0xbf,0xb1,548
0xbf,0xb2,526
0xbf,0xb3,524
0xbf,0xb4,460
0xbf,0xb5,508
0xbf,0xb6,502
0xbf,0xb7,502
0xbf,0xb8,496
0xbf,0xb9,494
0xbf,0xba,540
0xbf,0xbb,530
0xbf,0xbc,460
0xbf,0xbd,478
0xbf,0xbe,524
0xbf,0xbf,532
0xbf,0xc0,560
0xbf,0xc1,500
0xbf,0xc2,502
0xbf,0xc3,468
0xbf,0xc4,484
0xbf,0xc5,484
0xbf,0xc6,482
0xbf,0xc7,512
0xbf,0xc8,474
0xbf,0xc9,484
0xbf,0xca,520
0xbf,0xcb,612
0xbf,0xcc,494
0xbf,0xcd,466
0xbf,0xce,480
0xbf,0xcf,500
0xbf,0xd0,468
0xbf,0xd1,524
0xbf,0xd2,522
0xbf,0xd3,498
0xbf,0xd4,504
0xbf,0xd5,524
0xbf,0xd6,460
0xbf,0xd7,458
0xbf,0xd8,530
0xbf,0xd9,544
0xbf,0xda,512
0xbf,0xdb,482
0xbf,0xdc,462
0xbf,0xdd,560
0xbf,0xde,530
0xbf,0xdf,528
0xbf,0xe0,466
0xbf,0xe1,484
0xbf,0xe2,474
0xbf,0xe3,502
0xbf,0xe4,544
0xbf,0xe5,554
0xbf,0xe6,488
0xbf,0xe7,500
0xbf,0xe8,494
0xbf,0xe9,482
0xbf,0xea,544
0xbf,0xeb,504
0xbf,0xec,524
0xbf,0xed,524
0xbf,0xee,504
0xbf,0xef,530
0xbf,0xf0,492
0xbf,0xf1,494
0xbf,0xf2,506
0xbf,0xf3,468
0xbf,0xf4,498
0xbf,0xf5,516
0xbf,0xf6,492
0xbf,0xf7,522
0xbf,0xf8,486
0xbf,0xf9,510
0xbf,0xfa,540
0xbf,0xfb,552
0xbf,0xfc,510
0xbf,0xfd,500
0xbf,0xfe,552
0xbf,0xff,520
0xc0,0x00,256
0xc0,0x01,536
0xc0,0x02,478
0xc0,0x03,502
0xc0,0x04,494
0xc0,0x05,536
0xc0,0x06,568
0xc0,0x07,536
0xc0,0x08,534
0xc0,0x09,500
0xc0,0x0a,450
0xc0,0x0b,446
0xc0,0x0c,504
0xc0,0x0d,510
0xc0,0x0e,504
0xc0,0x0f,500
0xc0,0x10,486
0xc0,0x11,516
0xc0,0x12,574
0xc0,0x13,522
0xc0,0x14,522
0xc0,0x15,616
0xc0,0x16,464
0xc0,0x17,502
0xc0,0x18,526
0xc0,0x19,524
0xc0,0x1a,508
0xc0,0x1b,474
0xc0,0x1c,504
0xc0,0x1d,502
0xc0,0x1e,536
0xc0,0x1f,502
0xc0,0x20,548
0xc0,0x21,498
0xc0,0x22,606
0xc0,0x23,458
0xc0,0x24,504
0xc0,0x25,506
0xc0,0x26,586
0xc0,0x27,510
0xc0,0x28,550
0xc0,0x29,490
0xc0,0x2a,566
0xc0,0x2b,504
0xc0,0x2c,482
0xc0,0x2d,492
0xc0,0x2e,510
0xc0,0x2f,508
0xc0,0x30,598
0xc0,0x31,518
0xc0,0x32,442
0xc0,0x33,522
0xc0,0x34,492
0xc0,0x35,478
0xc0,0x36,522
0xc0,0x37,522
0xc0,0x38,490
0xc0,0x39,476
0xc0,0x3a,540
0xc0,0x3b,482
0xc0,0x3c,578
0xc0,0x3d,498
0xc0,0x3e,510
0xc0,0x3f,486
0xc0,0x40,504
0xc0,0x41,486
0xc0,0x42,486
0xc0,0x43,490
0xc0,0x44,502
0xc0,0x45,500
0xc0,0x46,522
0xc0,0x47,484
0xc0,0x48,506
0xc0,0x49,484
0xc0,0x4a,508
0xc0,0x4b,506
0xc0,0x4c,510
0xc0,0x4d,486
0xc0,0x4e,476
0xc0,0x4f,528
0xc0,0x50,506
0xc0,0x51,544
0xc0,0x52,504
0xc0,0x53,496
0xc0,0x54,538
0xc0,0x55,514
0xc0,0x56,488
0xc0,0x57,534
0xc0,0x58,496
0xc0,0x59,558
0xc0,0x5a,500
0xc0,0x5b,500
0xc0,0x5c,514
0xc0,0x5d,498
0xc0,0x5e,514
0xc0,0x5f,544
0xc0,0x60,532
0xc0,0x61,518
0xc0,0x62,500
0xc0,0x63,516
0xc0,0x64,486
0xc0,0x65,502
0xc0,0x66,524
0xc0,0x67,504
0xc0,0x68,492
0xc0,0x69,504
0xc0,0x6a,510
0xc0,0x6b,462
0xc0,0x6c,494
0xc0,0x6d,538
0xc0,0x6e,480
0xc0,0x6f,526
0xc0,0x70,530
0xc0,0x71,498
0xc0,0x72,506
0xc0,0x73,504
0xc0,0x74,490
0xc0,0x75,506
0xc0,0x76,520
0xc0,0x77,514
0xc0,0x78,526
0xc0,0x79,476
0xc0,0x7a,492
0xc0,0x7b,502
0xc0,0x7c,522
0xc0,0x7d,506
0xc0,0x7e,512
0xc0,0x7f,506
0xc0,0x80,540
0xc0,0x81,504
0xc0,0x82,514
0xc0,0x83,508
0xc0,0x84,498
0xc0,0x85,526
0xc0,0x86,504
0xc0,0x87,568
0xc0,0x88,536
0xc0,0x89,540
0xc0,0x8a,548
0xc0,0x8b,494
0xc0,0x8c,508
0xc0,0x8d,554
0xc0,0x8e,490
0xc0,0x8f,526
0xc0,0x90,496
0xc0,0x91,570
0xc0,0x92,454
0xc0,0x93,444
0xc0,0x94,494
0xc0,0x95,546
0xc0,0x96,486
0xc0,0x97,486
0xc0,0x98,488
0xc0,0x99,514
0xc0,0x9a,510
0xc0,0x9b,504
0xc0,0x9c,486
0xc0,0x9d,492
0xc0,0x9e,504
0xc0,0x9f,498
0xc0,0xa0,454
0xc0,0xa1,498
0xc0,0xa2,462
0xc0,0xa3,534
0xc0,0xa4,460
0xc0,0xa5,610
0xc0,0xa6,470
0xc0,0xa7,496
0xc0,0xa8,496
0xc0,0xa9,506
0xc0,0xaa,504
0xc0,0xab,494
0xc0,0xac,546
0xc0,0xad,502
0xc0,0xae,530
0xc0,0xaf,502
0xc0,0xb0,488
0xc0,0xb1,492
0xc0,0xb2,492
0xc0,0xb3,514
0xc0,0xb4,542
0xc0,0xb5,520
0xc0,0xb6,534
0xc0,0xb7,502
0xc0,0xb8,556
0xc0,0xb9,510
0xc0,0xba,500
0xc0,0xbb,540
0xc0,0xbc,504
0xc0,0xbd,500
0xc0,0xbe,510
0xc0,0xbf,530
0xc0,0xc0,500
0xc0,0xc1,488
0xc0,0xc2,510
0xc0,0xc3,500
0xc0,0xc4,544
0xc0,0xc5,530
0xc0,0xc6,492
0xc0,0xc7,504
0xc0,0xc8,498
0xc0,0xc9,540
0xc0,0xca,500
0xc0,0xcb,496
0xc0,0xcc,536
0xc0,0xcd,496
0xc0,0xce,560
0xc0,0xcf,486
0xc0,0xd0,496
0xc0,0xd1,480
0xc0,0xd2,524
0xc0,0xd3,468
0xc0,0xd4,488
0xc0,0xd5,540
0xc0,0xd6,448
0xc0,0xd7,472
0xc0,0xd8,492
0xc0,0xd9,510
0xc0,0xda,540
0xc0,0xdb,490
0xc0,0xdc,480
0xc0,0xdd,502
0xc0,0xde,502
0xc0,0xdf,526
0xc0,0xe0,508
0xc0,0xe1,510
0xc0,0xe2,524
0xc0,0xe3,522
0xc0,0xe4,500
0xc0,0xe5,560
0xc0,0xe6,506
0xc0,0xe7,522
0xc0,0xe8,522
0xc0,0xe9,536
0xc0,0xea,502
0xc0,0xeb,508
0xc0,0xec,526
0xc0,0xed,500
0xc0,0xee,492
0xc0,0xef,536
0xc0,0xf0,516
0xc0,0xf1,516
0xc0,0xf2,504
0xc0,0xf3,524
0xc0,0xf4,516
0xc0,0xf5,482
0xc0,0xf6,502
0xc0,0xf7,496
0xc0,0xf8,544
0xc0,0xf9,488
0xc0,0xfa,488
0xc0,0xfb,506
0xc0,0xfc,472
0xc0,0xfd,488
0xc0,0xfe,512
0xc0,0xff,538
0xc1,0x00,256
0xc1,0x01,480
0xc1,0x02,582
0xc1,0x03,510
0xc1,0x04,522
0xc1,0x05,526
0xc1,0x06,490
0xc1,0x07,510
0xc1,0x08,532
0xc1,0x09,484
0xc1,0x0a,486
0xc1,0x0b,506
0xc1,0x0c,474
0xc1,0x0d,522
0xc1,0x0e,502
0xc1,0x0f,534
0xc1,0x10,592
0xc1,0x11,516
0xc1,0x12,548
0xc1,0x13,526
0xc1,0x14,528
0xc1,0x15,558
0xc1,0x16,496
0xc1,0x17,528
0xc1,0x18,548
0xc1,0x19,508
0xc1,0x1a,518
0xc1,0x1b,502
0xc1,0x1c,544
0xc1,0x1d,548
0xc1,0x1e,548
0xc1,0x1f,542
0xc1,0x20,502
0xc1,0x21,502
0xc1,0x22,556
0xc1,0x23,516
0xc1,0x24,432
0xc1,0x25,468
0xc1,0x26,612
0xc1,0x27,504
0xc1,0x28,490
0xc1,0x29,508
0xc1,0x2a,540
0xc1,0x2b,478
0xc1,0x2c,464
0xc1,0x2d,516
0xc1,0x2e,546
0xc1,0x2f,480
0xc1,0x30,418
0xc1,0x31,474
0xc1,0x32,530
0xc1,0x33,562
0xc1,0x34,502
0xc1,0x35,518
0xc1,0x36,564
0xc1,0x37,512
0xc1,0x38,482
0xc1,0x39,488
0xc1,0x3a,532
0xc1,0x3b,568
0xc1,0x3c,490
0xc1,0x3d,468
0xc1,0x3e,524
0xc1,0x3f,520
0xc1,0x40,508
0xc1,0x41,500
0xc1,0x42,526
0xc1,0x43,518
0xc1,0x44,510
0xc1,0x45,456
0xc1,0x46,516
0xc1,0x47,506
0xc1,0x48,472
0xc1,0x49,506
0xc1,0x4a,524
0xc1,0x4b,512
0xc1,0x4c,496
0xc1,0x4d,500
0xc1,0x4e,524
0xc1,0x4f,452
0xc1,0x50,488
0xc1,0x51,516
0xc1,0x52,530
0xc1,0x53,502
0xc1,0x54,516
0xc1,0x55,540
0xc1,0x56,526
0xc1,0x57,502
0xc1,0x58,496
0xc1,0x59,528
0xc1,0x5a,522
0xc1,0x5b,500
0xc1,0x5c,506
0xc1,0x5d,532
0xc1,0x5e,472
0xc1,0x5f,540
0xc1,0x60,484
0xc1,0x61,484
0xc1,0x62,504
0xc1,0x63,552
0xc1,0x64,524
0xc1,0x65,486
0xc1,0x66,502
0xc1,0x67,496
0xc1,0x68,570
0xc1,0x69,486
0xc1,0x6a,524
0xc1,0x6b,534
0xc1,0x6c,510
0xc1,0x6d,528
0xc1,0x6e,500
0xc1,0x6f,546
0xc1,0x70,500
0xc1,0x71,520
0xc1,0x72,540
0xc1,0x73,500
0xc1,0x74,514
0xc1,0x75,482
0xc1,0x76,464
0xc1,0x77,486
0xc1,0x78,506
0xc1,0x79,526
0xc1,0x7a,510
0xc1,0x7b,488
0xc1,0x7c,508
0xc1,0x7d,482
0xc1,0x7e,470
0xc1,0x7f,548
0xc1,0x80,540
0xc1,0x81,506
0xc1,0x82,564
0xc1,0x83,516
0xc1,0x84,524
0xc1,0x85,528
0xc1,0x86,472
0xc1,0x87,544
0xc1,0x88,578
0xc1,0x89,534
0xc1,0x8a,464
0xc1,0x8b,518
0xc1,0x8c,482
0xc1,0x8d,488
0xc1,0x8e,608
0xc1,0x8f,524
0xc1,0x90,498
0xc1,0x91,512
0xc1,0x92,510
0xc1,0x93,466
0xc1,0x94,514
0xc1,0x95,490
0xc1,0x96,510
0xc1,0x97,536
0xc1,0x98,496
0xc1,0x99,522
0xc1,0x9a,526
0xc1,0x9b,470
0xc1,0x9c,452
0xc1,0x9d,502
0xc1,0x9e,532
0xc1,0x9f,544
0xc1,0xa0,526
0xc1,0xa1,490
0xc1,0xa2,472
0xc1,0xa3,516
0xc1,0xa4,568
0xc1,0xa5,506
0xc1,0xa6,518
0xc1,0xa7,556
0xc1,0xa8,500
0xc1,0xa9,514
0xc1,0xaa,556
0xc1,0xab,508
0xc1,0xac,494
0xc1,0xad,518
0xc1,0xae,526
0xc1,0xaf,478
0xc1,0xb0,500
0xc1,0xb1,480
0xc1,0xb2,486
0xc1,0xb3,482
0xc1,0xb4,526
0xc1,0xb5,498
0xc1,0xb6,562
0xc1,0xb7,460
0xc1,0xb8,538
0xc1,0xb9,492
0xc1,0xba,506
0xc1,0xbb,514
0xc1,0xbc,504
0xc1,0xbd,494
0xc1,0xbe,514
0xc1,0xbf,516
0xc1,0xc0,500
0xc1,0xc1,546
0xc1,0xc2,492
0xc1,0xc3,540
0xc1,0xc4,466
0xc1,0xc5,516
0xc1,0xc6,522
0xc1,0xc7,528
0xc1,0xc8,504
0xc1,0xc9,528
0xc1,0xca,522
0xc1,0xcb,526
0xc1,0xcc,514
0xc1,0xcd,572
0xc1,0xce,542
0xc1,0xcf,480
0xc1,0xd0,506
0xc1,0xd1,522
0xc1,0xd2,532
0xc1,0xd3,558
0xc1,0xd4,494
0xc1,0xd5,518
0xc1,0xd6,488
0xc1,0xd7,504
0xc1,0xd8,542
0xc1,0xd9,518
0xc1,0xda,520
0xc1,0xdb,518
0xc1,0xdc,518
0xc1,0xdd,530
0xc1,0xde,534
0xc1,0xdf,544
0xc1,0xe0,522
0xc1,0xe1,490
0xc1,0xe2,492
0xc1,0xe3,510
0xc1,0xe4,534
0xc1,0xe5,512
0xc1,0xe6,512
0xc1,0xe7,494
0xc1,0xe8,516
0xc1,0xe9,474
0xc1,0xea,488
0xc1,0xeb,534
0xc1,0xec,542
0xc1,0xed,554
0xc1,0xee,502
0xc1,0xef,566
0xc1,0xf0,480
0xc1,0xf1,462
0xc1,0xf2,544
0xc1,0xf3,510
0xc1,0xf4,522
0xc1,0xf5,556
0xc1,0xf6,532
0xc1,0xf7,520
0xc1,0xf8,574
0xc1,0xf9,482
0xc1,0xfa,484
0xc1,0xfb,506
0xc1,0xfc,546
0xc1,0xfd,552
0xc1,0xfe,476
0xc1,0xff,544
0xc2,0x00,256
0xc2,0x01,478
0xc2,0x02,512
0xc2,0x03,544
0xc2,0x04,508
0xc2,0x05,542
0xc2,0x06,478
0xc2,0x07,546
0xc2,0x08,490
0xc2,0x09,502
0xc2,0x0a,516
0xc2,0x0b,518
0xc2,0x0c,504
0xc2,0x0d,494
0xc2,0x0e,540
0xc2,0x0f,520
0xc2,0x10,484
0xc2,0x11,488
0xc2,0x12,474
0xc2,0x13,524
0xc2,0x14,512
0xc2,0x15,514
0xc2,0x16,520
0xc2,0x17,512
0xc2,0x18,450
0xc2,0x19,504
0xc2,0x1a,490
0xc2,0x1b,470
0xc2,0x1c,496
0xc2,0x1d,510
0xc2,0x1e,528
0xc2,0x1f,472
0xc2,0x20,498
0xc2,0x21,494
0xc2,0x22,498
0xc2,0x23,482
0xc2,0x24,510
0xc2,0x25,498
0xc2,0x26,650
0xc2,0x27,510
0xc2,0x28,482
0xc2,0x29,538
0xc2,0x2a,508
0xc2,0x2b,476
0xc2,0x2c,512
0xc2,0x2d,498
0xc2,0x2e,524
0xc2,0x2f,530
0xc2,0x30,724
0xc2,0x31,496
0xc2,0x32,546
0xc2,0x33,524
0xc2,0x34,496
0xc2,0x35,472
0xc2,0x36,520
0xc2,0x37,518
0xc2,0x38,510
0xc2,0x39,538
0xc2,0x3a,530
0xc2,0x3b,510
0xc2,0x3c,520
0xc2,0x3d,494
0xc2,0x3e,498
0xc2,0x3f,530
0xc2,0x40,508
0xc2,0x41,550
0xc2,0x42,458
0xc2,0x43,526
0xc2,0x44,516
0xc2,0x45,492
0xc2,0x46,530
0xc2,0x47,550
0xc2,0x48,494
0xc2,0x49,530
0xc2,0x4a,540
0xc2,0x4b,492
0xc2,0x4c,534
0xc2,0x4d,516
0xc2,0x4e,518
0xc2,0x4f,534
0xc2,0x50,544
0xc2,0x51,482
0xc2,0x52,580
0xc2,0x53,524
0xc2,0x54,520
0xc2,0x55,508
0xc2,0x56,524
0xc2,0x57,502
0xc2,0x58,516
0xc2,0x59,494
0xc2,0x5a,554
0xc2,0x5b,534
0xc2,0x5c,486
0xc2,0x5d,514
0xc2,0x5e,468
0xc2,0x5f,498
0xc2,0x60,506
0xc2,0x61,484
0xc2,0x62,492
0xc2,0x63,482
0xc2,0x64,480
0xc2,0x65,518
0xc2,0x66,504
0xc2,0x67,506
0xc2,0x68,492
0xc2,0x69,500
0xc2,0x6a,502
0xc2,0x6b,460
0xc2,0x6c,538
0xc2,0x6d,490
0xc2,0x6e,518
0xc2,0x6f,498
0xc2,0x70,488
0xc2,0x71,474
0xc2,0x72,474
0xc2,0x73,502
0xc2,0x74,496
0xc2,0x75,482
0xc2,0x76,566
0xc2,0x77,540
0xc2,0x78,516
0xc2,0x79,500
0xc2,0x7a,482
0xc2,0x7b,498
0xc2,0x7c,518
0xc2,0x7d,510
0xc2,0x7e,502
0xc2,0x7f,478
0xc2,0x80,490
0xc2,0x81,506
0xc2,0x82,484
0xc2,0x83,472
0xc2,0x84,534
0xc2,0x85,500
0xc2,0x86,522
0xc2,0x87,542
0xc2,0x88,518
0xc2,0x89,506
0xc2,0x8a,482
0xc2,0x8b,486
0xc2,0x8c,588
0xc2,0x8d,480
0xc2,0x8e,514
0xc2,0x8f,506
0xc2,0x90,536
0xc2,0x91,538
0xc2,0x92,568
0xc2,0x93,506
0xc2,0x94,504
0xc2,0x95,498
0xc2,0x96,506
0xc2,0x97,514
0xc2,0x98,514
0xc2,0x99,524
0xc2,0x9a,530
0xc2,0x9b,512
0xc2,0x9c,506
0xc2,0x9d,486
0xc2,0x9e,528
0xc2,0x9f,484
0xc2,0xa0,524
0xc2,0xa1,530
0xc2,0xa2,532
0xc2,0xa3,530
0xc2,0xa4,508
0xc2,0xa5,508
0xc2,0xa6,520
0xc2,0xa7,486
0xc2,0xa8,496
0xc2,0xa9,490
0xc2,0xaa,574
0xc2,0xab,498
0xc2,0xac,496
0xc2,0xad,488
0xc2,0xae,492
0xc2,0xaf,522
0xc2,0xb0,520
0xc2,0xb1,494
0xc2,0xb2,510
0xc2,0xb3,498
0xc2,0xb4,484
0xc2,0xb5,510
0xc2,0xb6,492
0xc2,0xb7,494
0xc2,0xb8,494
0xc2,0xb9,512
0xc2,0xba,506
0xc2,0xbb,500
0xc2,0xbc,480
0xc2,0xbd,510
0xc2,0xbe,516
0xc2,0xbf,542
0xc2,0xc0,570
0xc2,0xc1,500
0xc2,0xc2,516
0xc2,0xc3,452
0xc2,0xc4,488
0xc2,0xc5,488
0xc2,0xc6,502
0xc2,0xc7,506
0xc2,0xc8,478
0xc2,0xc9,558
0xc2,0xca,568
0xc2,0xcb,568
0xc2,0xcc,502
0xc2,0xcd,522
0xc2,0xce,498
0xc2,0xcf,538
0xc2,0xd0,500
0xc2,0xd1,482
0xc2,0xd2,532
0xc2,0xd3,494
0xc2,0xd4,506
0xc2,0xd5,568
0xc2,0xd6,530
0xc2,0xd7,524
0xc2,0xd8,488
0xc2,0xd9,524
0xc2,0xda,512
0xc2,0xdb,516
0xc2,0xdc,496
0xc2,0xdd,494
0xc2,0xde,540
0xc2,0xdf,526
0xc2,0xe0,506
0xc2,0xe1,508
0xc2,0xe2,534
0xc2,0xe3,518
0xc2,0xe4,518
0xc2,0xe5,564
0xc2,0xe6,502
0xc2,0xe7,486
0xc2,0xe8,480
0xc2,0xe9,500
0xc2,0xea,498
0xc2,0xeb,512
0xc2,0xec,530
0xc2,0xed,486
0xc2,0xee,542
0xc2,0xef,520
0xc2,0xf0,486
0xc2,0xf1,542
0xc2,0xf2,516
0xc2,0xf3,486
0xc2,0xf4,474
0xc2,0xf5,526
0xc2,0xf6,512
0xc2,0xf7,474
0xc2,0xf8,534
0xc2,0xf9,520
0xc2,0xfa,490
0xc2,0xfb,486
0xc2,0xfc,486
0xc2,0xfd,522
0xc2,0xfe,510
0xc2,0xff,488
0xc3,0x00,256
0xc3,0x01,482
0xc3,0x02,482
0xc3,0x03,478
0xc3,0x04,532
0xc3,0x05,522
0xc3,0x06,476
0xc3,0x07,590
0xc3,0x08,500
0xc3,0x09,496
0xc3,0x0a,510
0xc3,0x0b,464
0xc3,0x0c,530
0xc3,0x0d,504
0xc3,0x0e,526
0xc3,0x0f,518
0xc3,0x10,506
0xc3,0x11,516
0xc3,0x12,468
0xc3,0x13,550
0xc3,0x14,446
0xc3,0x15,538
0xc3,0x16,440
0xc3,0x17,490
0xc3,0x18,562
0xc3,0x19,536
0xc3,0x1a,474
0xc3,0x1b,530
0xc3,0x1c,510
0xc3,0x1d,474
0xc3,0x1e,470
0xc3,0x1f,514
0xc3,0x20,496
0xc3,0x21,488
0xc3,0x22,540
0xc3,0x23,520
0xc3,0x24,456
0xc3,0x25,508
0xc3,0x26,426
0xc3,0x27,524
0xc3,0x28,504
0xc3,0x29,556
0xc3,0x2a,480
0xc3,0x2b,472
0xc3,0x2c,486
0xc3,0x2d,508
0xc3,0x2e,558
0xc3,0x2f,486
0xc3,0x30,584
0xc3,0x31,516
0xc3,0x32,484
0xc3,0x33,484
0xc3,0x34,458
0xc3,0x35,538
0xc3,0x36,432
0xc3,0x37,514
0xc3,0x38,504
0xc3,0x39,572
0xc3,0x3a,486
0xc3,0x3b,498
0xc3,0x3c,552
0xc3,0x3d,524
0xc3,0x3e,482
0xc3,0x3f,486
0xc3,0x40,496
0xc3,0x41,534
0xc3,0x42,494
0xc3,0x43,560
0xc3,0x44,504
0xc3,0x45,448
0xc3,0x46,526
0xc3,0x47,524
0xc3,0x48,556
0xc3,0x49,542
0xc3,0x4a,524
0xc3,0x4b,536
0xc3,0x4c,510
0xc3,0x4d,506
0xc3,0x4e,582
0xc3,0x4f,538
0xc3,0x50,578
0xc3,0x51,506
0xc3,0x52,502
0xc3,0x53,512
0xc3,0x54,480
0xc3,0x55,480
0xc3,0x56,500
0xc3,0x57,528
0xc3,0x58,506
0xc3,0x59,500
0xc3,0x5a,518
0xc3,0x5b,500
0xc3,0x5c,542
0xc3,0x5d,484
0xc3,0x5e,512
0xc3,0x5f,470
0xc3,0x60,488
0xc3,0x61,502
0xc3,0x62,520
0xc3,0x63,500
0xc3,0x64,518
0xc3,0x65,516
0xc3,0x66,526
0xc3,0x67,480
0xc3,0x68,498
0xc3,0x69,506
0xc3,0x6a,520
0xc3,0x6b,496
0xc3,0x6c,500
0xc3,0x6d,468
0xc3,0x6e,498
0xc3,0x6f,530
0xc3,0x70,544
0xc3,0x71,488
0xc3,0x72,488
0xc3,0x73,520
0xc3,0x74,468
0xc3,0x75,544
0xc3,0x76,474
0xc3,0x77,518
0xc3,0x78,518
0xc3,0x79,476
0xc3,0x7a,488
0xc3,0x7b,498
0xc3,0x7c,500
0xc3,0x7d,470
0xc3,0x7e,528
0xc3,0x7f,488
0xc3,0x80,506
0xc3,0x81,494
0xc3,0x82,510
0xc3,0x83,476
0xc3,0x84,524
0xc3,0x85,502
0xc3,0x86,522
0xc3,0x87,502
0xc3,0x88,516
0xc3,0x89,542
0xc3,0x8a,532
0xc3,0x8b,552
0xc3,0x8c,570
0xc3,0x8d,484
0xc3,0x8e,490
0xc3,0x8f,542
0xc3,0x90,520
0xc3,0x91,518
0xc3,0x92,476
0xc3,0x93,528
0xc3,0x94,574
0xc3,0x95,500
0xc3,0x96,488
0xc3,0x97,458
0xc3,0x98,500
0xc3,0x99,552
0xc3,0x9a,508
0xc3,0x9b,538
0xc3,0x9c,490
0xc3,0x9d,502
0xc3,0x9e,518
0xc3,0x9f,490
0xc3,0xa0,496
0xc3,0xa1,520
0xc3,0xa2,508
0xc3,0xa3,564
0xc3,0xa4,488
0xc3,0xa5,500
0xc3,0xa6,474
0xc3,0xa7,506
0xc3,0xa8,502
0xc3,0xa9,480
0xc3,0xaa,546
0xc3,0xab,540
0xc3,0xac,522
0xc3,0xad,498
0xc3,0xae,484
0xc3,0xaf,504
0xc3,0xb0,522
0xc3,0xb1,510
0xc3,0xb2,506
0xc3,0xb3,498
0xc3,0xb4,582
0xc3,0xb5,496
0xc3,0xb6,482
0xc3,0xb7,508
0xc3,0xb8,502
0xc3,0xb9,504
0xc3,0xba,528
0xc3,0xbb,488
0xc3,0xbc,524
0xc3,0xbd,510
0xc3,0xbe,498
0xc3,0xbf,478
0xc3,0xc0,476
0xc3,0xc1,530
0xc3,0xc2,498
0xc3,0xc3,512
0xc3,0xc4,584
0xc3,0xc5,502
0xc3,0xc6,530
0xc3,0xc7,520
0xc3,0xc8,480
0xc3,0xc9,490
0xc3,0xca,494
0xc3,0xcb,498
0xc3,0xcc,484
0xc3,0xcd,544
0xc3,0xce,618
0xc3,0xcf,516
0xc3,0xd0,468
0xc3,0xd1,494
0xc3,0xd2,488
0xc3,0xd3,472
0xc3,0xd4,510
0xc3,0xd5,498
0xc3,0xd6,500
0xc3,0xd7,538
0xc3,0xd8,480
0xc3,0xd9,500
0xc3,0xda,514
0xc3,0xdb,498
0xc3,0xdc,530
0xc3,0xdd,538
0xc3,0xde,502
0xc3,0xdf,478
0xc3,0xe0,468
0xc3,0xe1,480
0xc3,0xe2,508
0xc3,0xe3,500
0xc3,0xe4,454
0xc3,0xe5,512
0xc3,0xe6,526
0xc3,0xe7,556
0xc3,0xe8,536
0xc3,0xe9,524
0xc3,0xea,482
0xc3,0xeb,488
0xc3,0xec,536
0xc3,0xed,472
0xc3,0xee,464
0xc3,0xef,476
0xc3,0xf0,498
0xc3,0xf1,498
0xc3,0xf2,532
0xc3,0xf3,602
0xc3,0xf4,478
0xc3,0xf5,510
0xc3,0xf6,478
0xc3,0xf7,504
0xc3,0xf8,532
0xc3,0xf9,484
0xc3,0xfa,508
0xc3,0xfb,480
0xc3,0xfc,486
0xc3,0xfd,508
0xc3,0xfe,506
0xc3,0xff,496
0xc4,0x00,256
0xc4,0x01,474
0xc4,0x02,520
0xc4,0x03,490
0xc4,0x04,576
0xc4,0x05,494
0xc4,0x06,556
0xc4,0x07,520
0xc4,0x08,522
0xc4,0x09,500
0xc4,0x0a,542
0xc4,0x0b,468
0xc4,0x0c,524
0xc4,0x0d,494
0xc4,0x0e,486
0xc4,0x0f,532
0xc4,0x10,604
0xc4,0x11,546
0xc4,0x12,456
0xc4,0x13,480
0xc4,0x14,664
0xc4,0x15,590
0xc4,0x16,532
0xc4,0x17,496
0xc4,0x18,512
0xc4,0x19,518
0xc4,0x1a,544
0xc4,0x1b,498
0xc4,0x1c,494
0xc4,0x1d,488
0xc4,0x1e,540
0xc4,0x1f,530
0xc4,0x20,546
0xc4,0x21,526
0xc4,0x22,570
0xc4,0x23,504
0xc4,0x24,1298
0xc4,0x25,528
0xc4,0x26,422
0xc4,0x27,508
0xc4,0x28,488
0xc4,0x29,526
0xc4,0x2a,504
0xc4,0x2b,538
0xc4,0x2c,474
0xc4,0x2d,528
0xc4,0x2e,506
0xc4,0x2f,514
0xc4,0x30,474
0xc4,0x31,546
0xc4,0x32,520
0xc4,0x33,522
0xc4,0x34,438
0xc4,0x35,502
0xc4,0x36,728
0xc4,0x37,524
0xc4,0x38,520
0xc4,0x39,528
0xc4,0x3a,528
0xc4,0x3b,574
0xc4,0x3c,484
0xc4,0x3d,504
0xc4,0x3e,472
0xc4,0x3f,494
0xc4,0x40,474
0xc4,0x41,510
0xc4,0x42,550
0xc4,0x43,524
0xc4,0x44,484
0xc4,0x45,488
0xc4,0x46,542
0xc4,0x47,508
0xc4,0x48,530
0xc4,0x49,502
0xc4,0x4a,528
0xc4,0x4b,518
0xc4,0x4c,522
0xc4,0x4d,538
0xc4,0x4e,512
0xc4,0x4f,556
0xc4,0x50,530
0xc4,0x51,534
0xc4,0x52,500
0xc4,0x53,544
0xc4,0x54,536
0xc4,0x55,516
0xc4,0x56,530
0xc4,0x57,492
0xc4,0x58,500
0xc4,0x59,494
0xc4,0x5a,542
0xc4,0x5b,528
0xc4,0x5c,536
0xc4,0x5d,504
0xc4,0x5e,484
0xc4,0x5f,514
0xc4,0x60,520
0xc4,0x61,478
0xc4,0x62,466
0xc4,0x63,502
0xc4,0x64,510
0xc4,0x65,516
0xc4,0x66,478
0xc4,0x67,466
0xc4,0x68,478
0xc4,0x69,544
0xc4,0x6a,496
0xc4,0x6b,508
0xc4,0x6c,524
0xc4,0x6d,498
0xc4,0x6e,494
0xc4,0x6f,540
0xc4,0x70,516
0xc4,0x71,498
0xc4,0x72,494
0xc4,0x73,514
0xc4,0x74,508
0xc4,0x75,552
0xc4,0x76,566
0xc4,0x77,576
0xc4,0x78,522
0xc4,0x79,538
0xc4,0x7a,532
0xc4,0x7b,574
0xc4,0x7c,514
0xc4,0x7d,530
0xc4,0x7e,492
0xc4,0x7f,506
0xc4,0x80,522
0xc4,0x81,548
0xc4,0x82,502
0xc4,0x83,530
0xc4,0x84,504
0xc4,0x85,492
0xc4,0x86,526
0xc4,0x87,528
0xc4,0x88,526
0xc4,0x89,526
0xc4,0x8a,502
0xc4,0x8b,520
0xc4,0x8c,550
0xc4,0x8d,544
0xc4,0x8e,494
0xc4,0x8f,494
0xc4,0x90,502
0xc4,0x91,500
0xc4,0x92,490
0xc4,0x93,510
0xc4,0x94,490
0xc4,0x95,488
0xc4,0x96,518
0xc4,0x97,500
0xc4,0x98,488
0xc4,0x99,508
0xc4,0x9a,494
0xc4,0x9b,504
0xc4,0x9c,548
0xc4,0x9d,482
0xc4,0x9e,504
0xc4,0x9f,516
0xc4,0xa0,514
0xc4,0xa1,530
0xc4,0xa2,534
0xc4,0xa3,536
0xc4,0xa4,530
0xc4,0xa5,488
0xc4,0xa6,456
0xc4,0xa7,508
0xc4,0xa8,452
0xc4,0xa9,518
0xc4,0xaa,522
0xc4,0xab,524
0xc4,0xac,470
0xc4,0xad,490
0xc4,0xae,514
0xc4,0xaf,492
0xc4,0xb0,476
0xc4,0xb1,504
0xc4,0xb2,540
0xc4,0xb3,564
0xc4,0xb4,512
0xc4,0xb5,542
0xc4,0xb6,536
0xc4,0xb7,508
0xc4,0xb8,526
0xc4,0xb9,556
0xc4,0xba,492
0xc4,0xbb,494
0xc4,0xbc,522
0xc4,0xbd,524
0xc4,0xbe,488
0xc4,0xbf,494
0xc4,0xc0,532
0xc4,0xc1,568
0xc4,0xc2,508
0xc4,0xc3,502
0xc4,0xc4,516
0xc4,0xc5,470
0xc4,0xc6,568
0xc4,0xc7,506
0xc4,0xc8,524
0xc4,0xc9,518
0xc4,0xca,530
0xc4,0xcb,520
0xc4,0xcc,522
0xc4,0xcd,528
0xc4,0xce,474
0xc4,0xcf,514
0xc4,0xd0,568
0xc4,0xd1,492
0xc4,0xd2,502
0xc4,0xd3,536
0xc4,0xd4,490
0xc4,0xd5,512
0xc4,0xd6,486
0xc4,0xd7,436
0xc4,0xd8,486
0xc4,0xd9,484
0xc4,0xda,558
0xc4,0xdb,532
0xc4,0xdc,522
0xc4,0xdd,496
0xc4,0xde,484
0xc4,0xdf,498
0xc4,0xe0,498
0xc4,0xe1,542
0xc4,0xe2,514
0xc4,0xe3,506
0xc4,0xe4,582
0xc4,0xe5,548
0xc4,0xe6,488
0xc4,0xe7,546
0xc4,0xe8,496
0xc4,0xe9,484
0xc4,0xea,486
0xc4,0xeb,482
0xc4,0xec,518
0xc4,0xed,470
0xc4,0xee,524
0xc4,0xef,516
0xc4,0xf0,530
0xc4,0xf1,480
0xc4,0xf2,508
0xc4,0xf3,508
0xc4,0xf4,518
0xc4,0xf5,566
0xc4,0xf6,584
0xc4,0xf7,512
0xc4,0xf8,552
0xc4,0xf9,528
0xc4,0xfa,524
0xc4,0xfb,524
0xc4,0xfc,544
0xc4,0xfd,510
0xc4,0xfe,508
0xc4,0xff,528
0xc5,0x00,256
0xc5,0x01,494
0xc5,0x02,504
0xc5,0x03,506
0xc5,0x04,540
0xc5,0x05,508
0xc5,0x06,534
0xc5,0x07,514
0xc5,0x08,522
0xc5,0x09,552
0xc5,0x0a,512
0xc5,0x0b,492
0xc5,0x0c,506
0xc5,0x0d,584
0xc5,0x0e,510
0xc5,0x0f,484
0xc5,0x10,556
0xc5,0x11,492
0xc5,0x12,402
0xc5,0x13,506
0xc5,0x14,476
0xc5,0x15,522
0xc5,0x16,514
0xc5,0x17,492
0xc5,0x18,490
0xc5,0x19,540
0xc5,0x1a,530
0xc5,0x1b,518
0xc5,0x1c,502
0xc5,0x1d,548
0xc5,0x1e,490
0xc5,0x1f,502
0xc5,0x20,524
0xc5,0x21,514
0xc5,0x22,478
0xc5,0x23,482
0xc5,0x24,538
0xc5,0x25,542
0xc5,0x26,406
0xc5,0x27,534
0xc5,0x28,536
0xc5,0x29,500
0xc5,0x2a,514
0xc5,0x2b,522
0xc5,0x2c,544
0xc5,0x2d,558
0xc5,0x2e,466
0xc5,0x2f,518
0xc5,0x30,396
0xc5,0x31,496
0xc5,0x32,490
0xc5,0x33,526
0xc5,0x34,574
0xc5,0x35,500
0xc5,0x36,494
0xc5,0x37,542
0xc5,0x38,528
0xc5,0x39,516
0xc5,0x3a,526
0xc5,0x3b,520
0xc5,0x3c,520
0xc5,0x3d,502
0xc5,0x3e,494
0xc5,0x3f,508
0xc5,0x40,496
0xc5,0x41,472
0xc5,0x42,500
0xc5,0x43,554
0xc5,0x44,522
0xc5,0x45,502
0xc5,0x46,522
0xc5,0x47,532
0xc5,0x48,514
0xc5,0x49,518
0xc5,0x4a,502
0xc5,0x4b,516
0xc5,0x4c,506
0xc5,0x4d,500
0xc5,0x4e,496
0xc5,0x4f,482
0xc5,0x50,520
0xc5,0x51,530
0xc5,0x52,478
0xc5,0x53,490
0xc5,0x54,514
0xc5,0x55,562
0xc5,0x56,540
0xc5,0x57,542
0xc5,0x58,528
0xc5,0x59,486
0xc5,0x5a,538
0xc5,0x5b,530
0xc5,0x5c,538
0xc5,0x5d,520
0xc5,0x5e,504
0xc5,0x5f,520
0xc5,0x60,492
0xc5,0x61,588
0xc5,0x62,496
0xc5,0x63,488
0xc5,0x64,520
0xc5,0x65,484
0xc5,0x66,524
0xc5,0x67,486
0xc5,0x68,520
0xc5,0x69,514
0xc5,0x6a,510
0xc5,0x6b,502
0xc5,0x6c,478
0xc5,0x6d,494
0xc5,0x6e,482
0xc5,0x6f,520
0xc5,0x70,472
0xc5,0x71,510
0xc5,0x72,472
0xc5,0x73,516
0xc5,0x74,510
0xc5,0x75,534
0xc5,0x76,544
0xc5,0x77,488
0xc5,0x78,476
0xc5,0x79,524
0xc5,0x7a,516
0xc5,0x7b,466
0xc5,0x7c,514
0xc5,0x7d,476
0xc5,0x7e,494
0xc5,0x7f,530
0xc5,0x80,554
0xc5,0x81,504
0xc5,0x82,498
0xc5,0x83,538
0xc5,0x84,512
0xc5,0x85,504
0xc5,0x86,448
0xc5,0x87,462
0xc5,0x88,518
0xc5,0x89,538
0xc5,0x8a,512
0xc5,0x8b,488
0xc5,0x8c,558
0xc5,0x8d,498
0xc5,0x8e,548
0xc5,0x8f,498
0xc5,0x90,510
0xc5,0x91,556
0xc5,0x92,466
0xc5,0x93,502
0xc5,0x94,496
0xc5,0x95,522
0xc5,0x96,488
0xc5,0x97,518
0xc5,0x98,496
0xc5,0x99,486
0xc5,0x9a,526
0xc5,0x9b,472
0xc5,0x9c,524
0xc5,0x9d,482
0xc5,0x9e,484
0xc5,0x9f,518
0xc5,0xa0,514
0xc5,0xa1,522
0xc5,0xa2,494
0xc5,0xa3,526
0xc5,0xa4,552
0xc5,0xa5,528
0xc5,0xa6,516
0xc5,0xa7,532
0xc5,0xa8,482
0xc5,0xa9,458
0xc5,0xaa,508
0xc5,0xab,494
0xc5,0xac,484
0xc5,0xad,486
0xc5,0xae,518
0xc5,0xaf,516
0xc5,0xb0,488
0xc5,0xb1,508
0xc5,0xb2,530
0xc5,0xb3,512
0xc5,0xb4,530
0xc5,0xb5,538
0xc5,0xb6,480
0xc5,0xb7,540
0xc5,0xb8,524
0xc5,0xb9,476
0xc5,0xba,510
0xc5,0xbb,498
0xc5,0xbc,558
0xc5,0xbd,514
0xc5,0xbe,494
0xc5,0xbf,512
0xc5,0xc0,530
0xc5,0xc1,502
0xc5,0xc2,484
0xc5,0xc3,536
0xc5,0xc4,488
0xc5,0xc5,560
0xc5,0xc6,532
0xc5,0xc7,510
0xc5,0xc8,488
0xc5,0xc9,470
0xc5,0xca,542
0xc5,0xcb,522
0xc5,0xcc,492
0xc5,0xcd,516
0xc5,0xce,468
0xc5,0xcf,538
0xc5,0xd0,510
0xc5,0xd1,498
0xc5,0xd2,566
0xc5,0xd3,506
0xc5,0xd4,498
0xc5,0xd5,518
0xc5,0xd6,498
0xc5,0xd7,508
0xc5,0xd8,498
0xc5,0xd9,514
0xc5,0xda,474
0xc5,0xdb,502
0xc5,0xdc,512
0xc5,0xdd,516
0xc5,0xde,522
0xc5,0xdf,496
0xc5,0xe0,526
0xc5,0xe1,532
0xc5,0xe2,496
0xc5,0xe3,516
0xc5,0xe4,538
0xc5,0xe5,554
0xc5,0xe6,504
0xc5,0xe7,468
0xc5,0xe8,478
0xc5,0xe9,520
0xc5,0xea,520
0xc5,0xeb,506
0xc5,0xec,446
0xc5,0xed,492
0xc5,0xee,518
0xc5,0xef,522
0xc5,0xf0,522
0xc5,0xf1,460
0xc5,0xf2,486
0xc5,0xf3,546
0xc5,0xf4,526
0xc5,0xf5,504
0xc5,0xf6,476
0xc5,0xf7,514
0xc5,0xf8,522
0xc5,0xf9,500
0xc5,0xfa,492
0xc5,0xfb,526
0xc5,0xfc,546
0xc5,0xfd,474
0xc5,0xfe,494
0xc5,0xff,488
0xc6,0x00,256
0xc6,0x01,478
0xc6,0x02,470
0xc6,0x03,538
0xc6,0x04,490
0xc6,0x05,526
0xc6,0x06,556
0xc6,0x07,502
0xc6,0x08,506
0xc6,0x09,498
0xc6,0x0a,478
0xc6,0x0b,528
0xc6,0x0c,486
0xc6,0x0d,588
0xc6,0x0e,498
0xc6,0x0f,482
0xc6,0x10,492
0xc6,0x11,490
0xc6,0x12,508
0xc6,0x13,556
0xc6,0x14,548
0xc6,0x15,540
0xc6,0x16,486
0xc6,0x17,516
0xc6,0x18,512
0xc6,0x19,520
0xc6,0x1a,530
0xc6,0x1b,530
0xc6,0x1c,490
0xc6,0x1d,530
0xc6,0x1e,542
0xc6,0x1f,544
0xc6,0x20,496
0xc6,0x21,494
0xc6,0x22,454
0xc6,0x23,508
0xc6,0x24,424
0xc6,0x25,526
0xc6,0x26,522
0xc6,0x27,468
0xc6,0x28,518
0xc6,0x29,510
0xc6,0x2a,490
0xc6,0x2b,528
0xc6,0x2c,530
0xc6,0x2d,502
0xc6,0x2e,488
0xc6,0x2f,572
0xc6,0x30,810
0xc6,0x31,480
0xc6,0x32,484
0xc6,0x33,526
0xc6,0x34,538
0xc6,0x35,492
0xc6,0x36,554
0xc6,0x37,504
0xc6,0x38,530
0xc6,0x39,494
0xc6,0x3a,482
0xc6,0x3b,524
0xc6,0x3c,554
0xc6,0x3d,498
0xc6,0x3e,468
0xc6,0x3f,510
0xc6,0x40,518
0xc6,0x41,514
0xc6,0x42,522
0xc6,0x43,550
0xc6,0x44,502
0xc6,0x45,486
0xc6,0x46,532
0xc6,0x47,514
0xc6,0x48,504
0xc6,0x49,546
0xc6,0x4a,538
0xc6,0x4b,564
0xc6,0x4c,488
0xc6,0x4d,504
0xc6,0x4e,534
0xc6,0x4f,476
0xc6,0x50,504
0xc6,0x51,504
0xc6,0x52,502
0xc6,0x53,496
0xc6,0x54,506
0xc6,0x55,506
0xc6,0x56,478
0xc6,0x57,510
0xc6,0x58,490
0xc6,0x59,534
0xc6,0x5a,482
0xc6,0x5b,508
0xc6,0x5c,516
0xc6,0x5d,484
0xc6,0x5e,522
0xc6,0x5f,484
0xc6,0x60,548
0xc6,0x61,536
0xc6,0x62,516
0xc6,0x63,504
0xc6,0x64,496
0xc6,0x65,546
0xc6,0x66,518
0xc6,0x67,482
0xc6,0x68,530
0xc6,0x69,504
0xc6,0x6a,472
0xc6,0x6b,546
0xc6,0x6c,502
0xc6,0x6d,524
0xc6,0x6e,526
0xc6,0x6f,516
0xc6,0x70,502
0xc6,0x71,510
0xc6,0x72,546
0xc6,0x73,518
0xc6,0x74,534
0xc6,0x75,464
0xc6,0x76,512
0xc6,0x77,482
0xc6,0x78,524
0xc6,0x79,554
0xc6,0x7a,574
0xc6,0x7b,462
0xc6,0x7c,522
0xc6,0x7d,482
0xc6,0x7e,504
0xc6,0x7f,464
0xc6,0x80,494
0xc6,0x81,504
0xc6,0x82,490
0xc6,0x83,496
0xc6,0x84,558
0xc6,0x85,512
0xc6,0x86,530
0xc6,0x87,516
0xc6,0x88,502
0xc6,0x89,512
0xc6,0x8a,534
0xc6,0x8b,512
0xc6,0x8c,516
0xc6,0x8d,560
0xc6,0x8e,532
0xc6,0x8f,472
0xc6,0x90,508
0xc6,0x91,486
0xc6,0x92,468
0xc6,0x93,486
0xc6,0x94,496
0xc6,0x95,508
0xc6,0x96,560
0xc6,0x97,518
0xc6,0x98,442
0xc6,0x99,498
0xc6,0x9a,466
0xc6,0x9b,482
0xc6,0x9c,496
0xc6,0x9d,482
0xc6,0x9e,490
0xc6,0x9f,522
0xc6,0xa0,522
0xc6,0xa1,460
0xc6,0xa2,500
0xc6,0xa3,580
0xc6,0xa4,500
0xc6,0xa5,498
0xc6,0xa6,508
0xc6,0xa7,490
0xc6,0xa8,524
0xc6,0xa9,518
0xc6,0xaa,514
0xc6,0xab,536
0xc6,0xac,556
0xc6,0xad,528
0xc6,0xae,478
0xc6,0xaf,516
0xc6,0xb0,520
0xc6,0xb1,552
0xc6,0xb2,560
0xc6,0xb3,498
0xc6,0xb4,470
0xc6,0xb5,496
0xc6,0xb6,522
0xc6,0xb7,524
0xc6,0xb8,510
0xc6,0xb9,526
0xc6,0xba,522
0xc6,0xbb,500
0xc6,0xbc,518
0xc6,0xbd,532
0xc6,0xbe,496
0xc6,0xbf,494
0xc6,0xc0,508
0xc6,0xc1,520
0xc6,0xc2,502
0xc6,0xc3,512
0xc6,0xc4,520
0xc6,0xc5,508
0xc6,0xc6,516
0xc6,0xc7,498
0xc6,0xc8,528
0xc6,0xc9,524
0xc6,0xca,520
0xc6,0xcb,498
0xc6,0xcc,512
0xc6,0xcd,492
0xc6,0xce,484
0xc6,0xcf,506
0xc6,0xd0,524
0xc6,0xd1,508
0xc6,0xd2,514
0xc6,0xd3,510
0xc6,0xd4,540
0xc6,0xd5,482
0xc6,0xd6,482
0xc6,0xd7,486
0xc6,0xd8,532
0xc6,0xd9,536
0xc6,0xda,496
0xc6,0xdb,496
0xc6,0xdc,554
0xc6,0xdd,508
0xc6,0xde,520
0xc6,0xdf,512
0xc6,0xe0,484
0xc6,0xe1,488
0xc6,0xe2,524
0xc6,0xe3,500
0xc6,0xe4,546
0xc6,0xe5,488
0xc6,0xe6,472
0xc6,0xe7,460
0xc6,0xe8,522
0xc6,0xe9,520
0xc6,0xea,516
0xc6,0xeb,542
0xc6,0xec,516
0xc6,0xed,540
0xc6,0xee,534
0xc6,0xef,552
0xc6,0xf0,528
0xc6,0xf1,510
0xc6,0xf2,528
0xc6,0xf3,490
0xc6,0xf4,518
0xc6,0xf5,528
0xc6,0xf6,524
0xc6,0xf7,484
0xc6,0xf8,542
0xc6,0xf9,542
0xc6,0xfa,502
0xc6,0xfb,554
0xc6,0xfc,502
0xc6,0xfd,554
0xc6,0xfe,510
0xc6,0xff,506
0xc7,0x00,256
0xc7,0x01,488
0xc7,0x02,452
0xc7,0x03,466
0xc7,0x04,566
0xc7,0x05,496
0xc7,0x06,480
0xc7,0x07,488
0xc7,0x08,500
0xc7,0x09,498
0xc7,0x0a,474
0xc7,0x0b,552
0xc7,0x0c,510
0xc7,0x0d,498
0xc7,0x0e,518
0xc7,0x0f,520
0xc7,0x10,514
0xc7,0x11,508
0xc7,0x12,398
0xc7,0x13,526
0xc7,0x14,518
0xc7,0x15,512
0xc7,0x16,514
0xc7,0x17,520
0xc7,0x18,484
0xc7,0x19,494
0xc7,0x1a,508
0xc7,0x1b,492
0xc7,0x1c,516
0xc7,0x1d,490
0xc7,0x1e,498
0xc7,0x1f,552
0xc7,0x20,514
0xc7,0x21,504
0xc7,0x22,542
0xc7,0x23,506
0xc7,0x24,580
0xc7,0x25,536
0xc7,0x26,386
0xc7,0x27,514
0xc7,0x28,486
0xc7,0x29,454
0xc7,0x2a,528
0xc7,0x2b,494
0xc7,0x2c,544
0xc7,0x2d,492
0xc7,0x2e,562
0xc7,0x2f,534
0xc7,0x30,456
0xc7,0x31,528
0xc7,0x32,520
0xc7,0x33,534
0xc7,0x34,502
0xc7,0x35,492
0xc7,0x36,548
0xc7,0x37,482
0xc7,0x38,504
0xc7,0x39,518
0xc7,0x3a,452
0xc7,0x3b,500
0xc7,0x3c,528
0xc7,0x3d,508
0xc7,0x3e,520
0xc7,0x3f,488
0xc7,0x40,500
0xc7,0x41,482
0xc7,0x42,532
0xc7,0x43,466
0xc7,0x44,506
0xc7,0x45,514
0xc7,0x46,536
0xc7,0x47,482
0xc7,0x48,508
0xc7,0x49,494
0xc7,0x4a,502
0xc7,0x4b,512
0xc7,0x4c,516
0xc7,0x4d,540
0xc7,0x4e,498
0xc7,0x4f,532
0xc7,0x50,520
0xc7,0x51,528
0xc7,0x52,514
0xc7,0x53,496
0xc7,0x54,512
0xc7,0x55,486
0xc7,0x56,566
0xc7,0x57,544
0xc7,0x58,532
0xc7,0x59,516
0xc7,0x5a,508
0xc7,0x5b,516
0xc7,0x5c,524
0xc7,0x5d,518
0xc7,0x5e,496
0xc7,0x5f,508
0xc7,0x60,482
0xc7,0x61,504
0xc7,0x62,512
0xc7,0x63,508
0xc7,0x64,502
0xc7,0x65,508
0xc7,0x66,538
0xc7,0x67,512
0xc7,0x68,546
0xc7,0x69,504
0xc7,0x6a,518
0xc7,0x6b,494
0xc7,0x6c,512
0xc7,0x6d,494
0xc7,0x6e,516
0xc7,0x6f,460
0xc7,0x70,532
0xc7,0x71,468
0xc7,0x72,520
0xc7,0x73,518
0xc7,0x74,514
0xc7,0x75,508
0xc7,0x76,526
0xc7,0x77,516
0xc7,0x78,526
0xc7,0x79,470
0xc7,0x7a,514
0xc7,0x7b,512
0xc7,0x7c,498
0xc7,0x7d,502
0xc7,0x7e,488
0xc7,0x7f,474
0xc7,0x80,538
0xc7,0x81,532
0xc7,0x82,528
0xc7,0x83,490
0xc7,0x84,508
0xc7,0x85,514
0xc7,0x86,530
0xc7,0x87,522
0xc7,0x88,512
0xc7,0x89,546
0xc7,0x8a,490
0xc7,0x8b,500
0xc7,0x8c,498
0xc7,0x8d,534
0xc7,0x8e,518
0xc7,0x8f,498
0xc7,0x90,502
0xc7,0x91,486
0xc7,0x92,482
0xc7,0x93,514
0xc7,0x94,500
0xc7,0x95,518
0xc7,0x96,474
0xc7,0x97,484
0xc7,0x98,526
0xc7,0x99,510
0xc7,0x9a,496
0xc7,0x9b,512
0xc7,0x9c,498
0xc7,0x9d,482
0xc7,0x9e,480
0xc7,0x9f,554
0xc7,0xa0,506
0xc7,0xa1,486
0xc7,0xa2,522
0xc7,0xa3,518
0xc7,0xa4,492
0xc7,0xa5,510
0xc7,0xa6,512
0xc7,0xa7,500
0xc7,0xa8,538
0xc7,0xa9,560
0xc7,0xaa,514
0xc7,0xab,500
0xc7,0xac,532
0xc7,0xad,460
0xc7,0xae,512
0xc7,0xaf,520
0xc7,0xb0,512
0xc7,0xb1,534
0xc7,0xb2,538
0xc7,0xb3,498
0xc7,0xb4,550
0xc7,0xb5,514
0xc7,0xb6,506
0xc7,0xb7,474
0xc7,0xb8,504
0xc7,0xb9,518
0xc7,0xba,484
0xc7,0xbb,492
0xc7,0xbc,534
0xc7,0xbd,522
0xc7,0xbe,532
0xc7,0xbf,524
0xc7,0xc0,542
0xc7,0xc1,542
0xc7,0xc2,462
0xc7,0xc3,574
0xc7,0xc4,506
0xc7,0xc5,510
0xc7,0xc6,502
0xc7,0xc7,498
0xc7,0xc8,518
0xc7,0xc9,500
0xc7,0xca,530
0xc7,0xcb,526
0xc7,0xcc,480
0xc7,0xcd,470
0xc7,0xce,524
0xc7,0xcf,520
0xc7,0xd0,512
0xc7,0xd1,552
0xc7,0xd2,476
0xc7,0xd3,514
0xc7,0xd4,520
0xc7,0xd5,508
0xc7,0xd6,526
0xc7,0xd7,478
0xc7,0xd8,546
0xc7,0xd9,510
0xc7,0xda,532
0xc7,0xdb,492
0xc7,0xdc,480
0xc7,0xdd,494
0xc7,0xde,508
0xc7,0xdf,518
0xc7,0xe0,500
0xc7,0xe1,510
0xc7,0xe2,506
0xc7,0xe3,530
0xc7,0xe4,476
0xc7,0xe5,524
0xc7,0xe6,516
0xc7,0xe7,494
0xc7,0xe8,498
0xc7,0xe9,494
0xc7,0xea,516
0xc7,0xeb,514
0xc7,0xec,528
0xc7,0xed,596
0xc7,0xee,508
0xc7,0xef,502
0xc7,0xf0,492
0xc7,0xf1,488
0xc7,0xf2,532
0xc7,0xf3,504
0xc7,0xf4,476
0xc7,0xf5,468
0xc7,0xf6,504
0xc7,0xf7,510
0xc7,0xf8,518
0xc7,0xf9,464
0xc7,0xfa,510
0xc7,0xfb,518
0xc7,0xfc,494
0xc7,0xfd,500
0xc7,0xfe,502
0xc7,0xff,502
0xc8,0x00,256
0xc8,0x01,554
0xc8,0x02,496
0xc8,0x03,518
0xc8,0x04,524
0xc8,0x05,552
0xc8,0x06,478
0xc8,0x07,514
0xc8,0x08,494
0xc8,0x09,476
0xc8,0x0a,530
0xc8,0x0b,520
0xc8,0x0c,500
0xc8,0x0d,534
0xc8,0x0e,470
0xc8,0x0f,516
0xc8,0x10,498
0xc8,0x11,536
0xc8,0x12,434
0xc8,0x13,514
0xc8,0x14,492
0xc8,0x15,498
0xc8,0x16,550
0xc8,0x17,502
0xc8,0x18,510
0xc8,0x19,570
0xc8,0x1a,504
0xc8,0x1b,536
0xc8,0x1c,522
0xc8,0x1d,490
0xc8,0x1e,462
0xc8,0x1f,502
0xc8,0x20,510
0xc8,0x21,486
0xc8,0x22,520
0xc8,0x23,522
0xc8,0x24,450
0xc8,0x25,490
0xc8,0x26,400
0xc8,0x27,502
0xc8,0x28,524
0xc8,0x29,510
0xc8,0x2a,506
0xc8,0x2b,522
0xc8,0x2c,518
0xc8,0x2d,476
0xc8,0x2e,538
0xc8,0x2f,552
0xc8,0x30,440
0xc8,0x31,508
0xc8,0x32,526
0xc8,0x33,482
0xc8,0x34,474
0xc8,0x35,540
0xc8,0x36,470
0xc8,0x37,538
0xc8,0x38,488
0xc8,0x39,506
0xc8,0x3a,464
0xc8,0x3b,480
0xc8,0x3c,546
0xc8,0x3d,486
0xc8,0x3e,564
0xc8,0x3f,498
0xc8,0x40,486
0xc8,0x41,520
0xc8,0x42,546
0xc8,0x43,510
0xc8,0x44,480
0xc8,0x45,506
0xc8,0x46,494
0xc8,0x47,482
0xc8,0x48,500
0xc8,0x49,512
0xc8,0x4a,494
0xc8,0x4b,530
0xc8,0x4c,466
0xc8,0x4d,468
0xc8,0x4e,478
0xc8,0x4f,610
0xc8,0x50,462
0xc8,0x51,468
0xc8,0x52,492
0xc8,0x53,454
0xc8,0x54,516
0xc8,0x55,498
0xc8,0x56,502
0xc8,0x57,538
0xc8,0x58,506
0xc8,0x59,508
0xc8,0x5a,502
0xc8,0x5b,518
0xc8,0x5c,520
0xc8,0x5d,528
0xc8,0x5e,538
0xc8,0x5f,548
0xc8,0x60,504
0xc8,0x61,486
0xc8,0x62,534
0xc8,0x63,480
0xc8,0x64,518
0xc8,0x65,542
0xc8,0x66,528
0xc8,0x67,512
0xc8,0x68,474
0xc8,0x69,480
0xc8,0x6a,512
0xc8,0x6b,486
0xc8,0x6c,520
0xc8,0x6d,556
0xc8,0x6e,468
0xc8,0x6f,544
0xc8,0x70,494
0xc8,0x71,484
0xc8,0x72,512
0xc8,0x73,476
0xc8,0x74,524
0xc8,0x75,528
0xc8,0x76,510
0xc8,0x77,538
0xc8,0x78,518
0xc8,0x79,498
0xc8,0x7a,518
0xc8,0x7b,502
0xc8,0x7c,520
0xc8,0x7d,506
0xc8,0x7e,514
0xc8,0x7f,478
0xc8,0x80,516
0xc8,0x81,492
0xc8,0x82,474
0xc8,0x83,524
0xc8,0x84,524
0xc8,0x85,502
0xc8,0x86,480
0xc8,0x87,498
0xc8,0x88,478
0xc8,0x89,504
0xc8,0x8a,512
0xc8,0x8b,524
0xc8,0x8c,492
0xc8,0x8d,498
0xc8,0x8e,492
0xc8,0x8f,510
0xc8,0x90,488
0xc8,0x91,482
0xc8,0x92,606
0xc8,0x93,492
0xc8,0x94,514
0xc8,0x95,486
0xc8,0x96,492
0xc8,0x97,500
0xc8,0x98,500
0xc8,0x99,516
0xc8,0x9a,510
0xc8,0x9b,500
0xc8,0x9c,522
0xc8,0x9d,504
0xc8,0x9e,500
0xc8,0x9f,490
0xc8,0xa0,518
0xc8,0xa1,466
0xc8,0xa2,482
0xc8,0xa3,450
0xc8,0xa4,520
0xc8,0xa5,534
0xc8,0xa6,506
0xc8,0xa7,528
0xc8,0xa8,514
0xc8,0xa9,472
0xc8,0xaa,494
0xc8,0xab,492
0xc8,0xac,530
0xc8,0xad,508
0xc8,0xae,500
0xc8,0xaf,502
0xc8,0xb0,524
0xc8,0xb1,494
0xc8,0xb2,500
0xc8,0xb3,510
0xc8,0xb4,512
0xc8,0xb5,518
0xc8,0xb6,484
0xc8,0xb7,486
0xc8,0xb8,494
0xc8,0xb9,460
0xc8,0xba,498
0xc8,0xbb,514
0xc8,0xbc,506
0xc8,0xbd,530
0xc8,0xbe,532
0xc8,0xbf,512
0xc8,0xc0,486
0xc8,0xc1,516
0xc8,0xc2,540
0xc8,0xc3,516
0xc8,0xc4,520
0xc8,0xc5,500
0xc8,0xc6,470
0xc8,0xc7,516
0xc8,0xc8,540
0xc8,0xc9,510
0xc8,0xca,530
0xc8,0xcb,516
0xc8,0xcc,534
0xc8,0xcd,544
0xc8,0xce,552
0xc8,0xcf,546
0xc8,0xd0,500
0xc8,0xd1,494
0xc8,0xd2,480
0xc8,0xd3,504
0xc8,0xd4,486
0xc8,0xd5,482
0xc8,0xd6,576
0xc8,0xd7,482
0xc8,0xd8,504
0xc8,0xd9,506
0xc8,0xda,522
0xc8,0xdb,492
0xc8,0xdc,520
0xc8,0xdd,492
0xc8,0xde,510
0xc8,0xdf,566
0xc8,0xe0,508
0xc8,0xe1,468
0xc8,0xe2,520
0xc8,0xe3,568
0xc8,0xe4,530
0xc8,0xe5,490
0xc8,0xe6,528
0xc8,0xe7,518
0xc8,0xe8,518
0xc8,0xe9,514
0xc8,0xea,498
0xc8,0xeb,516
0xc8,0xec,426
0xc8,0xed,504
0xc8,0xee,492
0xc8,0xef,504
0xc8,0xf0,526
0xc8,0xf1,514
0xc8,0xf2,472
0xc8,0xf3,538
0xc8,0xf4,562
0xc8,0xf5,468
0xc8,0xf6,514
0xc8,0xf7,490
0xc8,0xf8,496
0xc8,0xf9,538
0xc8,0xfa,490
0xc8,0xfb,510
0xc8,0xfc,488
0xc8,0xfd,504
0xc8,0xfe,522
0xc8,0xff,494
0xc9,0x00,256
0xc9,0x01,532
0xc9,0x02,508
0xc9,0x03,500
0xc9,0x04,552
0xc9,0x05,508
0xc9,0x06,474
0xc9,0x07,498
0xc9,0x08,496
0xc9,0x09,532
0xc9,0x0a,548
0xc9,0x0b,540
0xc9,0x0c,510
0xc9,0x0d,488
0xc9,0x0e,498
0xc9,0x0f,492
0xc9,0x10,500
0xc9,0x11,490
0xc9,0x12,476
0xc9,0x13,498
0xc9,0x14,488
0xc9,0x15,526
0xc9,0x16,464
0xc9,0x17,546
0xc9,0x18,528
0xc9,0x19,472
0xc9,0x1a,514
0xc9,0x1b,502
0xc9,0x1c,508
0xc9,0x1d,516
0xc9,0x1e,548
0xc9,0x1f,524
0xc9,0x20,502
0xc9,0x21,532
0xc9,0x22,546
0xc9,0x23,566
0xc9,0x24,576
0xc9,0x25,488
0xc9,0x26,514
0xc9,0x27,498
0xc9,0x28,534
0xc9,0x29,542
0xc9,0x2a,548
0xc9,0x2b,484
0xc9,0x2c,472
0xc9,0x2d,532
0xc9,0x2e,504
0xc9,0x2f,532
0xc9,0x30,492
0xc9,0x31,504
0xc9,0x32,532
0xc9,0x33,456
0xc9,0x34,564
0xc9,0x35,474
0xc9,0x36,482
0xc9,0x37,492
0xc9,0x38,544
0xc9,0x39,496
0xc9,0x3a,502
0xc9,0x3b,506
0xc9,0x3c,526
0xc9,0x3d,486
0xc9,0x3e,512
0xc9,0x3f,516
0xc9,0x40,494
0xc9,0x41,530
0xc9,0x42,562
0xc9,0x43,482
0xc9,0x44,478
0xc9,0x45,554
0xc9,0x46,506
0xc9,0x47,488
0xc9,0x48,556
0xc9,0x49,494
0xc9,0x4a,504
0xc9,0x4b,486
0xc9,0x4c,494
0xc9,0x4d,468
0xc9,0x4e,502
0xc9,0x4f,466
0xc9,0x50,506
0xc9,0x51,518
0xc9,0x52,472
0xc9,0x53,486
0xc9,0x54,528
0xc9,0x55,536
0xc9,0x56,492
0xc9,0x57,502
0xc9,0x58,502
0xc9,0x59,500
0xc9,0x5a,506
0xc9,0x5b,498
0xc9,0x5c,508
0xc9,0x5d,542
0xc9,0x5e,502
0xc9,0x5f,542
0xc9,0x60,536
0xc9,0x61,504
0xc9,0x62,508
0xc9,0x63,494
0xc9,0x64,548
0xc9,0x65,476
0xc9,0x66,524
0xc9,0x67,508
0xc9,0x68,518
0xc9,0x69,546
0xc9,0x6a,502
0xc9,0x6b,500
0xc9,0x6c,522
0xc9,0x6d,522
0xc9,0x6e,544
0xc9,0x6f,502
0xc9,0x70,544
0xc9,0x71,482
0xc9,0x72,510
0xc9,0x73,508
0xc9,0x74,486
0xc9,0x75,488
0xc9,0x76,542
0xc9,0x77,464
0xc9,0x78,508
0xc9,0x79,506
0xc9,0x7a,518
0xc9,0x7b,532
0xc9,0x7c,492
0xc9,0x7d,540
0xc9,0x7e,566
0xc9,0x7f,502
0xc9,0x80,508
0xc9,0x81,514
0xc9,0x82,494
0xc9,0x83,550
0xc9,0x84,486
0xc9,0x85,532
0xc9,0x86,560
0xc9,0x87,464
0xc9,0x88,476
0xc9,0x89,496
0xc9,0x8a,478
0xc9,0x8b,528
0xc9,0x8c,548
0xc9,0x8d,470
0xc9,0x8e,512
0xc9,0x8f,518
0xc9,0x90,510
0xc9,0x91,508
0xc9,0x92,474
0xc9,0x93,474
0xc9,0x94,502
0xc9,0x95,520
0xc9,0x96,500
0xc9,0x97,516
0xc9,0x98,540
0xc9,0x99,502
0xc9,0x9a,536
0xc9,0x9b,504
0xc9,0x9c,502
0xc9,0x9d,536
0xc9,0x9e,490
0xc9,0x9f,530
0xc9,0xa0,502
0xc9,0xa1,484
0xc9,0xa2,478
0xc9,0xa3,508
0xc9,0xa4,494
0xc9,0xa5,514
0xc9,0xa6,528
0xc9,0xa7,524
0xc9,0xa8,466
0xc9,0xa9,470
0xc9,0xaa,490
0xc9,0xab,504
0xc9,0xac,498
0xc9,0xad,492
0xc9,0xae,540
0xc9,0xaf,522
0xc9,0xb0,536
0xc9,0xb1,510
0xc9,0xb2,476
0xc9,0xb3,482
0xc9,0xb4,558
0xc9,0xb5,488
0xc9,0xb6,532
0xc9,0xb7,550
0xc9,0xb8,538
0xc9,0xb9,540
0xc9,0xba,526
0xc9,0xbb,510
0xc9,0xbc,520
0xc9,0xbd,574
0xc9,0xbe,506
0xc9,0xbf,508
0xc9,0xc0,498
0xc9,0xc1,498
0xc9,0xc2,542
0xc9,0xc3,524
0xc9,0xc4,494
0xc9,0xc5,484
0xc9,0xc6,506
0xc9,0xc7,478
0xc9,0xc8,498
0xc9,0xc9,514
0xc9,0xca,520
0xc9,0xcb,524
0xc9,0xcc,498
0xc9,0xcd,564
0xc9,0xce,532
0xc9,0xcf,476
0xc9,0xd0,508
0xc9,0xd1,508
0xc9,0xd2,522
0xc9,0xd3,496
0xc9,0xd4,548
0xc9,0xd5,574
0xc9,0xd6,564
0xc9,0xd7,490
0xc9,0xd8,488
0xc9,0xd9,474
0xc9,0xda,504
0xc9,0xdb,502
0xc9,0xdc,532
0xc9,0xdd,488
0xc9,0xde,552
0xc9,0xdf,478
0xc9,0xe0,490
0xc9,0xe1,504
0xc9,0xe2,496
0xc9,0xe3,510
0xc9,0xe4,544
0xc9,0xe5,494
0xc9,0xe6,488
0xc9,0xe7,532
0xc9,0xe8,512
0xc9,0xe9,490
0xc9,0xea,552
0xc9,0xeb,508
0xc9,0xec,526
0xc9,0xed,496
0xc9,0xee,512
0xc9,0xef,492
0xc9,0xf0,514
0xc9,0xf1,468
0xc9,0xf2,510
0xc9,0xf3,504
0xc9,0xf4,500
0xc9,0xf5,488
0xc9,0xf6,550
0xc9,0xf7,522
0xc9,0xf8,510
0xc9,0xf9,506
0xc9,0xfa,504
0xc9,0xfb,506
0xc9,0xfc,450
0xc9,0xfd,458
0xc9,0xfe,472
0xc9,0xff,508
0xca,0x00,256
0xca,0x01,568
0xca,0x02,454
0xca,0x03,494
0xca,0x04,520
0xca,0x05,492
0xca,0x06,484
0xca,0x07,552
0xca,0x08,516
0xca,0x09,544
0xca,0x0a,514
0xca,0x0b,498
0xca,0x0c,542
0xca,0x0d,478
0xca,0x0e,462
0xca,0x0f,464
0xca,0x10,520
0xca,0x11,484
0xca,0x12,450
0xca,0x13,522
0xca,0x14,508
0xca,0x15,512
0xca,0x16,460
0xca,0x17,532
0xca,0x18,550
0xca,0x19,526
0xca,0x1a,490
0xca,0x1b,562
0xca,0x1c,502
0xca,0x1d,514
0xca,0x1e,524
0xca,0x1f,520
0xca,0x20,504
0xca,0x21,506
0xca,0x22,534
0xca,0x23,490
0xca,0x24,460
0xca,0x25,518
0xca,0x26,402
0xca,0x27,496
0xca,0x28,506
0xca,0x29,502
0xca,0x2a,506
0xca,0x2b,502
0xca,0x2c,508
0xca,0x2d,524
0xca,0x2e,486
0xca,0x2f,546
0xca,0x30,398
0xca,0x31,544
0xca,0x32,476
0xca,0x33,482
0xca,0x34,546
0xca,0x35,536
0xca,0x36,560
0xca,0x37,502
0xca,0x38,480
0xca,0x39,478
0xca,0x3a,522
0xca,0x3b,460
0xca,0x3c,540
0xca,0x3d,462
0xca,0x3e,530
0xca,0x3f,530
0xca,0x40,508
0xca,0x41,510
0xca,0x42,512
0xca,0x43,520
0xca,0x44,536
0xca,0x45,572
0xca,0x46,490
0xca,0x47,516
0xca,0x48,562
0xca,0x49,484
0xca,0x4a,498
0xca,0x4b,518
0xca,0x4c,492
0xca,0x4d,536
0xca,0x4e,466
0xca,0x4f,492
0xca,0x50,472
0xca,0x51,474
0xca,0x52,474
0xca,0x53,488
0xca,0x54,582
0xca,0x55,484
0xca,0x56,576
0xca,0x57,520
0xca,0x58,506
0xca,0x59,488
0xca,0x5a,486
0xca,0x5b,520
0xca,0x5c,550
0xca,0x5d,556
0xca,0x5e,540
0xca,0x5f,510
0xca,0x60,538
0xca,0x61,524
0xca,0x62,518
0xca,0x63,516
0xca,0x64,538
0xca,0x65,496
0xca,0x66,548
0xca,0x67,484
0xca,0x68,490
0xca,0x69,514
0xca,0x6a,504
0xca,0x6b,542
0xca,0x6c,520
0xca,0x6d,514
0xca,0x6e,532
0xca,0x6f,492
0xca,0x70,506
0xca,0x71,554
0xca,0x72,522
0xca,0x73,538
0xca,0x74,462
0xca,0x75,560
0xca,0x76,492
0xca,0x77,474
0xca,0x78,514
0xca,0x79,506
0xca,0x7a,550
0xca,0x7b,556
0xca,0x7c,476
0xca,0x7d,446
0xca,0x7e,500
0xca,0x7f,478
0xca,0x80,576
0xca,0x81,560
0xca,0x82,504
0xca,0x83,542
0xca,0x84,456
0xca,0x85,504
0xca,0x86,518
0xca,0x87,504
0xca,0x88,538
0xca,0x89,518
0xca,0x8a,570
0xca,0x8b,536
0xca,0x8c,508
0xca,0x8d,546
0xca,0x8e,538
0xca,0x8f,516
0xca,0x90,496
0xca,0x91,522
0xca,0x92,504
0xca,0x93,532
0xca,0x94,504
0xca,0x95,512
0xca,0x96,470
0xca,0x97,478
0xca,0x98,502
0xca,0x99,540
0xca,0x9a,526
0xca,0x9b,508
0xca,0x9c,492
0xca,0x9d,518
0xca,0x9e,552
0xca,0x9f,502
0xca,0xa0,482
0xca,0xa1,498
0xca,0xa2,494
0xca,0xa3,464
0xca,0xa4,510
0xca,0xa5,552
0xca,0xa6,576
0xca,0xa7,546
0xca,0xa8,582
0xca,0xa9,492
0xca,0xaa,494
0xca,0xab,520
0xca,0xac,504
0xca,0xad,530
0xca,0xae,490
0xca,0xaf,518
0xca,0xb0,530
0xca,0xb1,506
0xca,0xb2,514
0xca,0xb3,534
0xca,0xb4,532
0xca,0xb5,504
0xca,0xb6,574
0xca,0xb7,538
0xca,0xb8,530
0xca,0xb9,468
0xca,0xba,482
0xca,0xbb,494
0xca,0xbc,496
0xca,0xbd,518
0xca,0xbe,488
0xca,0xbf,498
0xca,0xc0,476
0xca,0xc1,482
0xca,0xc2,486
0xca,0xc3,456
0xca,0xc4,474
0xca,0xc5,526
0xca,0xc6,494
0xca,0xc7,522
0xca,0xc8,500
0xca,0xc9,540
0xca,0xca,520
0xca,0xcb,464
0xca,0xcc,518
0xca,0xcd,508
0xca,0xce,540
0xca,0xcf,522
0xca,0xd0,544
0xca,0xd1,500
0xca,0xd2,494
0xca,0xd3,518
0xca,0xd4,492
0xca,0xd5,500
0xca,0xd6,582
0xca,0xd7,532
0xca,0xd8,496
0xca,0xd9,506
0xca,0xda,510
0xca,0xdb,524
0xca,0xdc,516
0xca,0xdd,472
0xca,0xde,502
0xca,0xdf,528
0xca,0xe0,482
0xca,0xe1,508
0xca,0xe2,514
0xca,0xe3,494
0xca,0xe4,498
0xca,0xe5,486
0xca,0xe6,464
0xca,0xe7,542
0xca,0xe8,482
0xca,0xe9,514
0xca,0xea,482
0xca,0xeb,488
0xca,0xec,462
0xca,0xed,476
0xca,0xee,512
0xca,0xef,522
0xca,0xf0,498
0xca,0xf1,502
0xca,0xf2,530
0xca,0xf3,544
0xca,0xf4,484
0xca,0xf5,514
0xca,0xf6,554
0xca,0xf7,542
0xca,0xf8,482
0xca,0xf9,520
0xca,0xfa,482
0xca,0xfb,574
0xca,0xfc,550
0xca,0xfd,496
0xca,0xfe,544
0xca,0xff,480
0xcb,0x00,256
0xcb,0x01,476
0xcb,0x02,520
0xcb,0x03,492
0xcb,0x04,526
0xcb,0x05,548
0xcb,0x06,518
0xcb,0x07,522
0xcb,0x08,528
0xcb,0x09,526
0xcb,0x0a,506
0xcb,0x0b,498
0xcb,0x0c,534
0xcb,0x0d,470
0xcb,0x0e,462
0xcb,0x0f,550
0xcb,0x10,494
0xcb,0x11,486
0xcb,0x12,394
0xcb,0x13,484
0xcb,0x14,488
0xcb,0x15,510
0xcb,0x16,510
0xcb,0x17,504
0xcb,0x18,476
0xcb,0x19,520
0xcb,0x1a,508
0xcb,0x1b,492
0xcb,0x1c,472
0xcb,0x1d,526
0xcb,0x1e,500
0xcb,0x1f,470
0xcb,0x20,536
0xcb,0x21,564
0xcb,0x22,518
0xcb,0x23,486
0xcb,0x24,384
0xcb,0x25,492
0xcb,0x26,388
0xcb,0x27,498
0xcb,0x28,506
0xcb,0x29,494
0xcb,0x2a,498
0xcb,0x2b,538
0xcb,0x2c,468
0xcb,0x2d,542
0xcb,0x2e,496
0xcb,0x2f,492
0xcb,0x30,392
0xcb,0x31,538
0xcb,0x32,524
0xcb,0x33,506
0xcb,0x34,498
0xcb,0x35,498
0xcb,0x36,510
0xcb,0x37,536
0xcb,0x38,478
0xcb,0x39,512
0xcb,0x3a,472
0xcb,0x3b,532
0xcb,0x3c,522
0xcb,0x3d,522
0xcb,0x3e,520
0xcb,0x3f,582
0xcb,0x40,514
0xcb,0x41,490
0xcb,0x42,530
0xcb,0x43,536
0xcb,0x44,538
0xcb,0x45,512
0xcb,0x46,538
0xcb,0x47,518
0xcb,0x48,540
0xcb,0x49,526
0xcb,0x4a,502
0xcb,0x4b,506
0xcb,0x4c,560
0xcb,0x4d,540
0xcb,0x4e,518
0xcb,0x4f,520
0xcb,0x50,488
0xcb,0x51,494
0xcb,0x52,522
0xcb,0x53,520
0xcb,0x54,498
0xcb,0x55,514
0xcb,0x56,506
0xcb,0x57,496
0xcb,0x58,504
0xcb,0x59,554
0xcb,0x5a,506
0xcb,0x5b,534
0xcb,0x5c,510
0xcb,0x5d,492
0xcb,0x5e,526
0xcb,0x5f,514
0xcb,0x60,498
0xcb,0x61,486
0xcb,0x62,500
0xcb,0x63,514
0xcb,0x64,468
0xcb,0x65,492
0xcb,0x66,530
0xcb,0x67,528
0xcb,0x68,502
0xcb,0x69,590
0xcb,0x6a,528
0xcb,0x6b,494
0xcb,0x6c,486
0xcb,0x6d,516
0xcb,0x6e,524
0xcb,0x6f,516
0xcb,0x70,524
0xcb,0x71,564
0xcb,0x72,528
0xcb,0x73,500
0xcb,0x74,500
0xcb,0x75,500
0xcb,0x76,520
0xcb,0x77,516
0xcb,0x78,530
0xcb,0x79,480
0xcb,0x7a,518
0xcb,0x7b,502
0xcb,0x7c,506
0xcb,0x7d,518
0xcb,0x7e,524
0xcb,0x7f,524
0xcb,0x80,486
0xcb,0x81,512
0xcb,0x82,478
0xcb,0x83,490
0xcb,0x84,524
0xcb,0x85,490
0xcb,0x86,532
0xcb,0x87,512
0xcb,0x88,486
0xcb,0x89,478
0xcb,0x8a,502
0xcb,0x8b,506
0xcb,0x8c,474
0xcb,0x8d,564
0xcb,0x8e,498
0xcb,0x8f,536
0xcb,0x90,520
0xcb,0x91,580
0xcb,0x92,562
0xcb,0x93,484
0xcb,0x94,536
0xcb,0x95,500
0xcb,0x96,544
0xcb,0x97,538
0xcb,0x98,580
0xcb,0x99,510
0xcb,0x9a,510
0xcb,0x9b,558
0xcb,0x9c,504
0xcb,0x9d,516
0xcb,0x9e,482
0xcb,0x9f,518
0xcb,0xa0,554
0xcb,0xa1,522
0xcb,0xa2,542
0xcb,0xa3,524
0xcb,0xa4,492
0xcb,0xa5,516
0xcb,0xa6,496
0xcb,0xa7,530
0xcb,0xa8,536
0xcb,0xa9,498
0xcb,0xaa,532
0xcb,0xab,522
0xcb,0xac,516
0xcb,0xad,508
0xcb,0xae,480
0xcb,0xaf,520
0xcb,0xb0,484
0xcb,0xb1,524
0xcb,0xb2,536
0xcb,0xb3,462
0xcb,0xb4,556
0xcb,0xb5,530
0xcb,0xb6,498
0xcb,0xb7,472
0xcb,0xb8,454
0xcb,0xb9,524
0xcb,0xba,494
0xcb,0xbb,548
0xcb,0xbc,536
0xcb,0xbd,484
0xcb,0xbe,494
0xcb,0xbf,514
0xcb,0xc0,500
0xcb,0xc1,526
0xcb,0xc2,526
0xcb,0xc3,510
0xcb,0xc4,548
0xcb,0xc5,504
0xcb,0xc6,488
0xcb,0xc7,490
0xcb,0xc8,528
0xcb,0xc9,474
0xcb,0xca,524
0xcb,0xcb,550
0xcb,0xcc,474
0xcb,0xcd,478
0xcb,0xce,508
0xcb,0xcf,496
0xcb,0xd0,502
0xcb,0xd1,478
0xcb,0xd2,494
0xcb,0xd3,492
0xcb,0xd4,528
0xcb,0xd5,498
0xcb,0xd6,592
0xcb,0xd7,512
0xcb,0xd8,516
0xcb,0xd9,540
0xcb,0xda,526
0xcb,0xdb,494
0xcb,0xdc,520
0xcb,0xdd,500
0xcb,0xde,542
0xcb,0xdf,540
0xcb,0xe0,502
0xcb,0xe1,536
0xcb,0xe2,516
0xcb,0xe3,536
0xcb,0xe4,532
0xcb,0xe5,524
0xcb,0xe6,516
0xcb,0xe7,522
0xcb,0xe8,516
0xcb,0xe9,534
0xcb,0xea,498
0xcb,0xeb,520
0xcb,0xec,484
0xcb,0xed,502
0xcb,0xee,464
0xcb,0xef,536
0xcb,0xf0,490
0xcb,0xf1,484
0xcb,0xf2,526
0xcb,0xf3,498
0xcb,0xf4,506
0xcb,0xf5,512
0xcb,0xf6,500
0xcb,0xf7,500
0xcb,0xf8,528
0xcb,0xf9,514
0xcb,0xfa,510
0xcb,0xfb,578
0xcb,0xfc,522
0xcb,0xfd,506
0xcb,0xfe,492
0xcb,0xff,586
0xcc,0x00,256
0xcc,0x01,500
0xcc,0x02,522
0xcc,0x03,478
0xcc,0x04,498
0xcc,0x05,504
0xcc,0x06,596
0xcc,0x07,520
0xcc,0x08,464
0xcc,0x09,494
0xcc,0x0a,504
0xcc,0x0b,506
0xcc,0x0c,512
0xcc,0x0d,560
0xcc,0x0e,530
0xcc,0x0f,524
0xcc,0x10,478
0xcc,0x11,516
0xcc,0x12,520
0xcc,0x13,530
0xcc,0x14,502
0xcc,0x15,494
0xcc,0x16,534
0xcc,0x17,480
0xcc,0x18,536
0xcc,0x19,538
0xcc,0x1a,490
0xcc,0x1b,522
0xcc,0x1c,502
0xcc,0x1d,532
0xcc,0x1e,496
0xcc,0x1f,528
0xcc,0x20,490
0xcc,0x21,546
0xcc,0x22,442
0xcc,0x23,542
0xcc,0x24,558
0xcc,0x25,482
0xcc,0x26,382
0xcc,0x27,468
0xcc,0x28,528
0xcc,0x29,530
0xcc,0x2a,502
0xcc,0x2b,500
0xcc,0x2c,476
0xcc,0x2d,510
0xcc,0x2e,472
0xcc,0x2f,522
0xcc,0x30,464
0xcc,0x31,524
0xcc,0x32,512
0xcc,0x33,514
0xcc,0x34,546
0xcc,0x35,526
0xcc,0x36,476
0xcc,0x37,500
0xcc,0x38,486
0xcc,0x39,518
0xcc,0x3a,520
0xcc,0x3b,496
0xcc,0x3c,488
0xcc,0x3d,554
0xcc,0x3e,484
0xcc,0x3f,544
0xcc,0x40,532
0xcc,0x41,522
0xcc,0x42,458
0xcc,0x43,526
0xcc,0x44,534
0xcc,0x45,462
0xcc,0x46,496
0xcc,0x47,476
0xcc,0x48,556
0xcc,0x49,534
0xcc,0x4a,536
0xcc,0x4b,502
0xcc,0x4c,470
0xcc,0x4d,488
0xcc,0x4e,470
0xcc,0x4f,482
0xcc,0x50,524
0xcc,0x51,524
0xcc,0x52,534
0xcc,0x53,554
0xcc,0x54,480
0xcc,0x55,488
0xcc,0x56,488
0xcc,0x57,538
0xcc,0x58,508
0xcc,0x59,472
0xcc,0x5a,510
0xcc,0x5b,514
0xcc,0x5c,480
0xcc,0x5d,528
0xcc,0x5e,500
0xcc,0x5f,480
0xcc,0x60,542
0xcc,0x61,524
0xcc,0x62,526
0xcc,0x63,508
0xcc,0x64,478
0xcc,0x65,510
0xcc,0x66,490
0xcc,0x67,496
0xcc,0x68,500
0xcc,0x69,496
0xcc,0x6a,470
0xcc,0x6b,526
0xcc,0x6c,504
0xcc,0x6d,538
0xcc,0x6e,520
0xcc,0x6f,484
0xcc,0x70,548
0xcc,0x71,566
0xcc,0x72,482
0xcc,0x73,480
0xcc,0x74,498
0xcc,0x75,546
0xcc,0x76,528
0xcc,0x77,512
0xcc,0x78,478
0xcc,0x79,494
0xcc,0x7a,514
0xcc,0x7b,522
0xcc,0x7c,536
0xcc,0x7d,510
0xcc,0x7e,528
0xcc,0x7f,504
0xcc,0x80,532
0xcc,0x81,508
0xcc,0x82,462
0xcc,0x83,526
0xcc,0x84,512
0xcc,0x85,498
0xcc,0x86,490
0xcc,0x87,572
0xcc,0x88,488
0xcc,0x89,504
0xcc,0x8a,516
0xcc,0x8b,490
0xcc,0x8c,472
0xcc,0x8d,498
0xcc,0x8e,512
0xcc,0x8f,506
0xcc,0x90,504
0xcc,0x91,532
0xcc,0x92,450
0xcc,0x93,454
0xcc,0x94,494
0xcc,0x95,492
0xcc,0x96,508
0xcc,0x97,518
0xcc,0x98,468
0xcc,0x99,500
0xcc,0x9a,530
0xcc,0x9b,492
0xcc,0x9c,524
0xcc,0x9d,460
0xcc,0x9e,494
0xcc,0x9f,510
0xcc,0xa0,526
0xcc,0xa1,504
0xcc,0xa2,480
0xcc,0xa3,510
0xcc,0xa4,460
0xcc,0xa5,546
0xcc,0xa6,532
0xcc,0xa7,524
0xcc,0xa8,500
0xcc,0xa9,454
0xcc,0xaa,530
0xcc,0xab,508
0xcc,0xac,512
0xcc,0xad,534
0xcc,0xae,544
0xcc,0xaf,530
0xcc,0xb0,538
0xcc,0xb1,466
0xcc,0xb2,502
0xcc,0xb3,506
0xcc,0xb4,520
0xcc,0xb5,510
0xcc,0xb6,514
0xcc,0xb7,494
0xcc,0xb8,498
0xcc,0xb9,496
0xcc,0xba,504
0xcc,0xbb,504
0xcc,0xbc,562
0xcc,0xbd,512
0xcc,0xbe,508
0xcc,0xbf,522
0xcc,0xc0,538
0xcc,0xc1,462
0xcc,0xc2,462
0xcc,0xc3,538
0xcc,0xc4,528
0xcc,0xc5,492
0xcc,0xc6,486
0xcc,0xc7,484
0xcc,0xc8,472
0xcc,0xc9,458
0xcc,0xca,474
0xcc,0xcb,508
0xcc,0xcc,522
0xcc,0xcd,506
0xcc,0xce,500
0xcc,0xcf,468
0xcc,0xd0,514
0xcc,0xd1,502
0xcc,0xd2,504
0xcc,0xd3,482
0xcc,0xd4,500
0xcc,0xd5,512
0xcc,0xd6,478
0xcc,0xd7,484
0xcc,0xd8,542
0xcc,0xd9,496
0xcc,0xda,510
0xcc,0xdb,534
0xcc,0xdc,462
0xcc,0xdd,484
0xcc,0xde,514
0xcc,0xdf,516
0xcc,0xe0,514
0xcc,0xe1,492
0xcc,0xe2,550
0xcc,0xe3,520
0xcc,0xe4,520
0xcc,0xe5,492
0xcc,0xe6,524
0xcc,0xe7,492
0xcc,0xe8,552
0xcc,0xe9,478
0xcc,0xea,470
0xcc,0xeb,534
0xcc,0xec,510
0xcc,0xed,528
0xcc,0xee,480
0xcc,0xef,518
0xcc,0xf0,512
0xcc,0xf1,508
0xcc,0xf2,518
0xcc,0xf3,534
0xcc,0xf4,518
0xcc,0xf5,516
0xcc,0xf6,506
0xcc,0xf7,474
0xcc,0xf8,574
0xcc,0xf9,540
0xcc,0xfa,516
0xcc,0xfb,502
0xcc,0xfc,548
0xcc,0xfd,556
0xcc,0xfe,496
0xcc,0xff,458
0xcd,0x00,256
0xcd,0x01,458
0xcd,0x02,488
0xcd,0x03,514
0xcd,0x04,488
0xcd,0x05,526
0xcd,0x06,470
0xcd,0x07,556
0xcd,0x08,508
0xcd,0x09,522
0xcd,0x0a,470
0xcd,0x0b,480
0xcd,0x0c,524
0xcd,0x0d,520
0xcd,0x0e,516
0xcd,0x0f,518
0xcd,0x10,488
0xcd,0x11,562
0xcd,0x12,472
0xcd,0x13,484
0xcd,0x14,502
0xcd,0x15,516
0xcd,0x16,522
0xcd,0x17,508
0xcd,0x18,526
0xcd,0x19,480
0xcd,0x1a,490
0xcd,0x1b,484
0xcd,0x1c,514
0xcd,0x1d,502
0xcd,0x1e,488
0xcd,0x1f,518
0xcd,0x20,492
0xcd,0x21,520
0xcd,0x22,484
0xcd,0x23,512
0xcd,0x24,522
0xcd,0x25,514
0xcd,0x26,610
0xcd,0x27,510
0xcd,0x28,486
0xcd,0x29,514
0xcd,0x2a,516
0xcd,0x2b,522
0xcd,0x2c,480
0xcd,0x2d,468
0xcd,0x2e,562
0xcd,0x2f,532
0xcd,0x30,486
0xcd,0x31,466
0xcd,0x32,512
0xcd,0x33,500
0xcd,0x34,464
0xcd,0x35,538
0xcd,0x36,460
0xcd,0x37,518
0xcd,0x38,508
0xcd,0x39,518
0xcd,0x3a,456
0xcd,0x3b,542
0xcd,0x3c,516
0xcd,0x3d,518
0xcd,0x3e,506
0xcd,0x3f,522
0xcd,0x40,500
0xcd,0x41,504
0xcd,0x42,500
0xcd,0x43,490
0xcd,0x44,482
0xcd,0x45,470
0xcd,0x46,522
0xcd,0x47,514
0xcd,0x48,506
0xcd,0x49,502
0xcd,0x4a,524
0xcd,0x4b,496
0xcd,0x4c,460
0xcd,0x4d,492
0xcd,0x4e,482
0xcd,0x4f,516
0xcd,0x50,504
0xcd,0x51,512
0xcd,0x52,520
0xcd,0x53,528
0xcd,0x54,562
0xcd,0x55,510
0xcd,0x56,508
0xcd,0x57,536
0xcd,0x58,500
0xcd,0x59,536
0xcd,0x5a,520
0xcd,0x5b,482
0xcd,0x5c,556
0xcd,0x5d,512
0xcd,0x5e,494
0xcd,0x5f,524
0xcd,0x60,502
0xcd,0x61,498
0xcd,0x62,476
0xcd,0x63,500
0xcd,0x64,504
0xcd,0x65,492
0xcd,0x66,494
0xcd,0x67,512
0xcd,0x68,500
0xcd,0x69,534
0xcd,0x6a,496
0xcd,0x6b,514
0xcd,0x6c,490
0xcd,0x6d,526
0xcd,0x6e,508
0xcd,0x6f,544
0xcd,0x70,492
0xcd,0x71,508
0xcd,0x72,446
0xcd,0x73,542
0xcd,0x74,476
0xcd,0x75,524
0xcd,0x76,538
0xcd,0x77,502
0xcd,0x78,552
0xcd,0x79,510
0xcd,0x7a,506
0xcd,0x7b,512
0xcd,0x7c,452
0xcd,0x7d,500
0xcd,0x7e,548
0xcd,0x7f,494
0xcd,0x80,518
0xcd,0x81,490
0xcd,0x82,492
0xcd,0x83,534
0xcd,0x84,484
0xcd,0x85,488
0xcd,0x86,494
0xcd,0x87,534
0xcd,0x88,524
0xcd,0x89,508
0xcd,0x8a,540
0xcd,0x8b,506
0xcd,0x8c,534
0xcd,0x8d,514
0xcd,0x8e,510
0xcd,0x8f,494
0xcd,0x90,532
0xcd,0x91,486
0xcd,0x92,494
0xcd,0x93,458
0xcd,0x94,472
0xcd,0x95,492
0xcd,0x96,508
0xcd,0x97,538
0xcd,0x98,464
0xcd,0x99,478
0xcd,0x9a,486
0xcd,0x9b,498
0xcd,0x9c,540
0xcd,0x9d,510
0xcd,0x9e,524
0xcd,0x9f,512
0xcd,0xa0,462
0xcd,0xa1,512
0xcd,0xa2,484
0xcd,0xa3,486
0xcd,0xa4,500
0xcd,0xa5,498
0xcd,0xa6,492
0xcd,0xa7,480
0xcd,0xa8,516
0xcd,0xa9,530
0xcd,0xaa,534
0xcd,0xab,522
0xcd,0xac,520
0xcd,0xad,518
0xcd,0xae,478
0xcd,0xaf,484
0xcd,0xb0,486
0xcd,0xb1,532
0xcd,0xb2,494
0xcd,0xb3,536
0xcd,0xb4,488
0xcd,0xb5,452
0xcd,0xb6,500
0xcd,0xb7,466
0xcd,0xb8,480
0xcd,0xb9,542
0xcd,0xba,480
0xcd,0xbb,508
0xcd,0xbc,516
0xcd,0xbd,518
0xcd,0xbe,528
0xcd,0xbf,512
0xcd,0xc0,492
0xcd,0xc1,500
0xcd,0xc2,540
0xcd,0xc3,484
0xcd,0xc4,512
0xcd,0xc5,540
0xcd,0xc6,514
0xcd,0xc7,480
0xcd,0xc8,488
0xcd,0xc9,572
0xcd,0xca,526
0xcd,0xcb,520
0xcd,0xcc,522
0xcd,0xcd,532
0xcd,0xce,510
0xcd,0xcf,478
0xcd,0xd0,510
0xcd,0xd1,508
0xcd,0xd2,502
0xcd,0xd3,496
0xcd,0xd4,510
0xcd,0xd5,490
0xcd,0xd6,452
0xcd,0xd7,494
0xcd,0xd8,482
0xcd,0xd9,482
0xcd,0xda,534
0xcd,0xdb,538
0xcd,0xdc,484
0xcd,0xdd,470
0xcd,0xde,506
0xcd,0xdf,496
0xcd,0xe0,546
0xcd,0xe1,476
0xcd,0xe2,530
0xcd,0xe3,514
0xcd,0xe4,498
0xcd,0xe5,482
0xcd,0xe6,476
0xcd,0xe7,544
0xcd,0xe8,498
0xcd,0xe9,476
0xcd,0xea,510
0xcd,0xeb,508
0xcd,0xec,526
0xcd,0xed,458
0xcd,0xee,514
0xcd,0xef,504
0xcd,0xf0,526
0xcd,0xf1,524
0xcd,0xf2,564
0xcd,0xf3,518
0xcd,0xf4,504
0xcd,0xf5,520
0xcd,0xf6,530
0xcd,0xf7,486
0xcd,0xf8,502
0xcd,0xf9,520
0xcd,0xfa,514
0xcd,0xfb,508
0xcd,0xfc,530
0xcd,0xfd,504
0xcd,0xfe,492
0xcd,0xff,516
0xce,0x00,256
0xce,0x01,556
0xce,0x02,604
0xce,0x03,540
0xce,0x04,478
0xce,0x05,496
0xce,0x06,526
0xce,0x07,502
0xce,0x08,510
0xce,0x09,508
0xce,0x0a,510
0xce,0x0b,522
0xce,0x0c,490
0xce,0x0d,508
0xce,0x0e,504
0xce,0x0f,494
0xce,0x10,480
0xce,0x11,538
0xce,0x12,478
0xce,0x13,532
0xce,0x14,462
0xce,0x15,534
0xce,0x16,528
0xce,0x17,578
0xce,0x18,516
0xce,0x19,500
0xce,0x1a,488
0xce,0x1b,510
0xce,0x1c,526
0xce,0x1d,548
0xce,0x1e,520
0xce,0x1f,504
0xce,0x20,514
0xce,0x21,470
0xce,0x22,520
0xce,0x23,518
0xce,0x24,382
0xce,0x25,510
0xce,0x26,620
0xce,0x27,506
0xce,0x28,554
0xce,0x29,490
0xce,0x2a,548
0xce,0x2b,472
0xce,0x2c,520
0xce,0x2d,520
0xce,0x2e,516
0xce,0x2f,468
0xce,0x30,468
0xce,0x31,498
0xce,0x32,524
0xce,0x33,520
0xce,0x34,488
0xce,0x35,534
0xce,0x36,482
0xce,0x37,530
0xce,0x38,520
0xce,0x39,466
0xce,0x3a,518
0xce,0x3b,516
0xce,0x3c,508
0xce,0x3d,520
0xce,0x3e,556
0xce,0x3f,530
0xce,0x40,486
0xce,0x41,532
0xce,0x42,500
0xce,0x43,524
0xce,0x44,560
0xce,0x45,508
0xce,0x46,516
0xce,0x47,476
0xce,0x48,510
0xce,0x49,540
0xce,0x4a,528
0xce,0x4b,518
0xce,0x4c,546
0xce,0x4d,484
0xce,0x4e,558
0xce,0x4f,554
0xce,0x50,480
0xce,0x51,496
0xce,0x52,510
0xce,0x53,538
0xce,0x54,484
0xce,0x55,496
0xce,0x56,482
0xce,0x57,518
0xce,0x58,540
0xce,0x59,518
0xce,0x5a,504
0xce,0x5b,502
0xce,0x5c,488
0xce,0x5d,514
0xce,0x5e,494
0xce,0x5f,520
0xce,0x60,482
0xce,0x61,496
0xce,0x62,488
0xce,0x63,508
0xce,0x64,484
0xce,0x65,516
0xce,0x66,498
0xce,0x67,476
0xce,0x68,508
0xce,0x69,514
0xce,0x6a,464
0xce,0x6b,420
0xce,0x6c,526
0xce,0x6d,506
0xce,0x6e,512
0xce,0x6f,546
0xce,0x70,478
0xce,0x71,522
0xce,0x72,486
0xce,0x73,492
0xce,0x74,566
0xce,0x75,512
0xce,0x76,554
0xce,0x77,492
0xce,0x78,444
0xce,0x79,514
0xce,0x7a,522
0xce,0x7b,520
0xce,0x7c,514
0xce,0x7d,528
0xce,0x7e,466
0xce,0x7f,508
0xce,0x80,504
0xce,0x81,524
0xce,0x82,484
0xce,0x83,514
0xce,0x84,572
0xce,0x85,548
0xce,0x86,508
0xce,0x87,532
0xce,0x88,516
0xce,0x89,490
0xce,0x8a,590
0xce,0x8b,516
0xce,0x8c,538
0xce,0x8d,544
0xce,0x8e,500
0xce,0x8f,504
0xce,0x90,540
0xce,0x91,486
0xce,0x92,568
0xce,0x93,576
0xce,0x94,556
0xce,0x95,500
0xce,0x96,538
0xce,0x97,544
0xce,0x98,510
0xce,0x99,542
0xce,0x9a,524
0xce,0x9b,536
0xce,0x9c,510
0xce,0x9d,540
0xce,0x9e,488
0xce,0x9f,530
0xce,0xa0,494
0xce,0xa1,594
0xce,0xa2,528
0xce,0xa3,506
0xce,0xa4,500
0xce,0xa5,490
0xce,0xa6,482
0xce,0xa7,508
0xce,0xa8,550
0xce,0xa9,480
0xce,0xaa,516
0xce,0xab,484
0xce,0xac,502
0xce,0xad,512
0xce,0xae,508
0xce,0xaf,488
0xce,0xb0,524
0xce,0xb1,528
0xce,0xb2,582
0xce,0xb3,502
0xce,0xb4,514
0xce,0xb5,480
0xce,0xb6,502
0xce,0xb7,502
0xce,0xb8,480
0xce,0xb9,542
0xce,0xba,524
0xce,0xbb,520
0xce,0xbc,460
0xce,0xbd,532
0xce,0xbe,502
0xce,0xbf,512
0xce,0xc0,542
0xce,0xc1,530
0xce,0xc2,472
0xce,0xc3,530
0xce,0xc4,532
0xce,0xc5,488
0xce,0xc6,484
0xce,0xc7,484
0xce,0xc8,502
0xce,0xc9,512
0xce,0xca,522
0xce,0xcb,520
0xce,0xcc,498
0xce,0xcd,466
0xce,0xce,518
0xce,0xcf,522
0xce,0xd0,496
0xce,0xd1,510
0xce,0xd2,494
0xce,0xd3,484
0xce,0xd4,516
0xce,0xd5,500
0xce,0xd6,492
0xce,0xd7,524
0xce,0xd8,548
0xce,0xd9,550
0xce,0xda,502
0xce,0xdb,464
0xce,0xdc,538
0xce,0xdd,522
0xce,0xde,512
0xce,0xdf,504
0xce,0xe0,500
0xce,0xe1,530
0xce,0xe2,540
0xce,0xe3,524
0xce,0xe4,522
0xce,0xe5,512
0xce,0xe6,500
0xce,0xe7,508
0xce,0xe8,508
0xce,0xe9,520
0xce,0xea,462
0xce,0xeb,490
0xce,0xec,484
0xce,0xed,518
0xce,0xee,550
0xce,0xef,484
0xce,0xf0,460
0xce,0xf1,496
0xce,0xf2,458
0xce,0xf3,494
0xce,0xf4,498
0xce,0xf5,522
0xce,0xf6,526
0xce,0xf7,496
0xce,0xf8,474
0xce,0xf9,488
0xce,0xfa,534
0xce,0xfb,550
0xce,0xfc,508
0xce,0xfd,476
0xce,0xfe,526
0xce,0xff,542
0xcf,0x00,256
0xcf,0x01,590
0xcf,0x02,492
0xcf,0x03,504
0xcf,0x04,482
0xcf,0x05,526
0xcf,0x06,522
0xcf,0x07,484
0xcf,0x08,510
0xcf,0x09,502
0xcf,0x0a,508
0xcf,0x0b,520
0xcf,0x0c,498
0xcf,0x0d,474
0xcf,0x0e,512
0xcf,0x0f,496
0xcf,0x10,506
0xcf,0x11,480
0xcf,0x12,522
0xcf,0x13,490
0xcf,0x14,498
0xcf,0x15,524
0xcf,0x16,494
0xcf,0x17,492
0xcf,0x18,532
0xcf,0x19,468
0xcf,0x1a,574
0xcf,0x1b,520
0xcf,0x1c,516
0xcf,0x1d,548
0xcf,0x1e,488
0xcf,0x1f,544
0xcf,0x20,496
0xcf,0x21,482
0xcf,0x22,516
0xcf,0x23,534
0xcf,0x24,466
0xcf,0x25,484
0xcf,0x26,482
0xcf,0x27,512
0xcf,0x28,494
0xcf,0x29,510
0xcf,0x2a,488
0xcf,0x2b,552
0xcf,0x2c,480
0xcf,0x2d,566
0xcf,0x2e,542
0xcf,0x2f,502
0xcf,0x30,456
0xcf,0x31,496
0xcf,0x32,476
0xcf,0x33,540
0xcf,0x34,492
0xcf,0x35,516
0xcf,0x36,536
0xcf,0x37,524
0xcf,0x38,494
0xcf,0x39,522
0xcf,0x3a,528
0xcf,0x3b,590
0xcf,0x3c,500
0xcf,0x3d,476
0xcf,0x3e,494
0xcf,0x3f,502
0xcf,0x40,518
0xcf,0x41,494
0xcf,0x42,500
0xcf,0x43,518
0xcf,0x44,502
0xcf,0x45,532
0xcf,0x46,502
0xcf,0x47,548
0xcf,0x48,522
0xcf,0x49,470
0xcf,0x4a,508
0xcf,0x4b,538
0xcf,0x4c,500
0xcf,0x4d,538
0xcf,0x4e,554
0xcf,0x4f,518
0xcf,0x50,524
0xcf,0x51,532
0xcf,0x52,508
0xcf,0x53,494
0xcf,0x54,480
0xcf,0x55,488
0xcf,0x56,494
0xcf,0x57,546
0xcf,0x58,530
0xcf,0x59,478
0xcf,0x5a,506
0xcf,0x5b,570
0xcf,0x5c,514
0xcf,0x5d,520
0xcf,0x5e,558
0xcf,0x5f,538
0xcf,0x60,502
0xcf,0x61,504
0xcf,0x62,496
0xcf,0x63,496
0xcf,0x64,488
0xcf,0x65,506
0xcf,0x66,512
0xcf,0x67,532
0xcf,0x68,522
0xcf,0x69,486
0xcf,0x6a,496
0xcf,0x6b,504
0xcf,0x6c,494
0xcf,0x6d,534
0xcf,0x6e,498
0xcf,0x6f,526
0xcf,0x70,534
0xcf,0x71,518
0xcf,0x72,478
0xcf,0x73,518
0xcf,0x74,538
0xcf,0x75,556
0xcf,0x76,468
0xcf,0x77,518
0xcf,0x78,532
0xcf,0x79,530
0xcf,0x7a,498
0xcf,0x7b,502
0xcf,0x7c,534
0xcf,0x7d,558
0xcf,0x7e,500
0xcf,0x7f,474
0xcf,0x80,516
0xcf,0x81,516
0xcf,0x82,480
0xcf,0x83,494
0xcf,0x84,540
0xcf,0x85,480
0xcf,0x86,532
0xcf,0x87,510
0xcf,0x88,506
0xcf,0x89,516
0xcf,0x8a,542
0xcf,0x8b,544
0xcf,0x8c,504
0xcf,0x8d,518
0xcf,0x8e,516
0xcf,0x8f,478
0xcf,0x90,546
0xcf,0x91,480
0xcf,0x92,500
0xcf,0x93,564
0xcf,0x94,482
0xcf,0x95,458
0xcf,0x96,454
0xcf,0x97,536
0xcf,0x98,510
0xcf,0x99,486
0xcf,0x9a,492
0xcf,0x9b,510
0xcf,0x9c,496
0xcf,0x9d,536
0xcf,0x9e,522
0xcf,0x9f,544
0xcf,0xa0,522
0xcf,0xa1,508
0xcf,0xa2,486
0xcf,0xa3,486
0xcf,0xa4,510
0xcf,0xa5,490
0xcf,0xa6,524
0xcf,0xa7,508
0xcf,0xa8,486
0xcf,0xa9,514
0xcf,0xaa,472
0xcf,0xab,504
0xcf,0xac,488
0xcf,0xad,464
0xcf,0xae,538
0xcf,0xaf,538
0xcf,0xb0,500
0xcf,0xb1,512
0xcf,0xb2,470
0xcf,0xb3,500
0xcf,0xb4,496
0xcf,0xb5,484
0xcf,0xb6,474
0xcf,0xb7,568
0xcf,0xb8,498
0xcf,0xb9,524
0xcf,0xba,518
0xcf,0xbb,548
0xcf,0xbc,486
0xcf,0xbd,544
0xcf,0xbe,524
0xcf,0xbf,504
0xcf,0xc0,516
0xcf,0xc1,502
0xcf,0xc2,522
0xcf,0xc3,490
0xcf,0xc4,518
0xcf,0xc5,512
0xcf,0xc6,510
0xcf,0xc7,502
0xcf,0xc8,514
0xcf,0xc9,544
0xcf,0xca,492
0xcf,0xcb,498
0xcf,0xcc,516
0xcf,0xcd,484
0xcf,0xce,558
0xcf,0xcf,484
0xcf,0xd0,512
0xcf,0xd1,510
0xcf,0xd2,506
0xcf,0xd3,472
0xcf,0xd4,510
0xcf,0xd5,506
0xcf,0xd6,510
0xcf,0xd7,524
0xcf,0xd8,464
0xcf,0xd9,506
0xcf,0xda,484
0xcf,0xdb,508
0xcf,0xdc,500
0xcf,0xdd,548
0xcf,0xde,494
0xcf,0xdf,530
0xcf,0xe0,516
0xcf,0xe1,516
0xcf,0xe2,464
0xcf,0xe3,464
0xcf,0xe4,542
0xcf,0xe5,478
0xcf,0xe6,514
0xcf,0xe7,526
0xcf,0xe8,528
0xcf,0xe9,522
0xcf,0xea,450
0xcf,0xeb,488
0xcf,0xec,532
0xcf,0xed,512
0xcf,0xee,506
0xcf,0xef,490
0xcf,0xf0,502
0xcf,0xf1,516
0xcf,0xf2,522
0xcf,0xf3,494
0xcf,0xf4,522
0xcf,0xf5,500
0xcf,0xf6,510
0xcf,0xf7,512
0xcf,0xf8,528
0xcf,0xf9,546
0xcf,0xfa,484
0xcf,0xfb,492
0xcf,0xfc,520
0xcf,0xfd,502
0xcf,0xfe,532
0xcf,0xff,518
0xd0,0x00,256
0xd0,0x01,574
0xd0,0x02,496
0xd0,0x03,534
0xd0,0x04,500
0xd0,0x05,468
0xd0,0x06,514
0xd0,0x07,486
0xd0,0x08,482
0xd0,0x09,540
0xd0,0x0a,558
0xd0,0x0b,480
0xd0,0x0c,512
0xd0,0x0d,534
0xd0,0x0e,572
0xd0,0x0f,488
0xd0,0x10,490
0xd0,0x11,512
0xd0,0x12,536
0xd0,0x13,530
0xd0,0x14,520
0xd0,0x15,534
0xd0,0x16,470
0xd0,0x17,536
0xd0,0x18,502
0xd0,0x19,488
0xd0,0x1a,510
0xd0,0x1b,560
0xd0,0x1c,462
0xd0,0x1d,508
0xd0,0x1e,504
0xd0,0x1f,478
0xd0,0x20,516
0xd0,0x21,514
0xd0,0x22,476
0xd0,0x23,490
0xd0,0x24,828
0xd0,0x25,500
0xd0,0x26,574
0xd0,0x27,570
0xd0,0x28,536
0xd0,0x29,480
0xd0,0x2a,504
0xd0,0x2b,488
0xd0,0x2c,510
0xd0,0x2d,530
0xd0,0x2e,500
0xd0,0x2f,488
0xd0,0x30,464
0xd0,0x31,500
0xd0,0x32,486
0xd0,0x33,500
0xd0,0x34,506
0xd0,0x35,538
0xd0,0x36,528
0xd0,0x37,538
0xd0,0x38,484
0xd0,0x39,570
0xd0,0x3a,508
0xd0,0x3b,502
0xd0,0x3c,508
0xd0,0x3d,512
0xd0,0x3e,516
0xd0,0x3f,506
0xd0,0x40,520
0xd0,0x41,528
0xd0,0x42,522
0xd0,0x43,556
0xd0,0x44,518
0xd0,0x45,516
0xd0,0x46,530
0xd0,0x47,540
0xd0,0x48,518
0xd0,0x49,510
0xd0,0x4a,504
0xd0,0x4b,542
0xd0,0x4c,494
0xd0,0x4d,506
0xd0,0x4e,514
0xd0,0x4f,506
0xd0,0x50,510
0xd0,0x51,524
0xd0,0x52,496
0xd0,0x53,540
0xd0,0x54,484
0xd0,0x55,502
0xd0,0x56,510
0xd0,0x57,512
0xd0,0x58,522
0xd0,0x59,500
0xd0,0x5a,478
0xd0,0x5b,534
0xd0,0x5c,532
0xd0,0x5d,540
0xd0,0x5e,504
0xd0,0x5f,530
0xd0,0x60,516
0xd0,0x61,532
0xd0,0x62,512
0xd0,0x63,546
0xd0,0x64,504
0xd0,0x65,506
0xd0,0x66,526
0xd0,0x67,516
0xd0,0x68,516
0xd0,0x69,512
0xd0,0x6a,490
0xd0,0x6b,488
0xd0,0x6c,476
0xd0,0x6d,522
0xd0,0x6e,520
0xd0,0x6f,516
0xd0,0x70,522
0xd0,0x71,532
0xd0,0x72,474
0xd0,0x73,526
0xd0,0x74,524
0xd0,0x75,492
0xd0,0x76,550
0xd0,0x77,504
0xd0,0x78,520
0xd0,0x79,484
0xd0,0x7a,508
0xd0,0x7b,524
0xd0,0x7c,494
0xd0,0x7d,534
0xd0,0x7e,480
0xd0,0x7f,480
0xd0,0x80,536
0xd0,0x81,500
0xd0,0x82,488
0xd0,0x83,526
0xd0,0x84,530
0xd0,0x85,522
0xd0,0x86,504
0xd0,0x87,488
0xd0,0x88,504
0xd0,0x89,514
0xd0,0x8a,510
0xd0,0x8b,542
0xd0,0x8c,484
0xd0,0x8d,528
0xd0,0x8e,490
0xd0,0x8f,532
0xd0,0x90,534
0xd0,0x91,504
0xd0,0x92,490
0xd0,0x93,552
0xd0,0x94,496
0xd0,0x95,498
0xd0,0x96,498
0xd0,0x97,492
0xd0,0x98,472
0xd0,0x99,508
0xd0,0x9a,468
0xd0,0x9b,496
0xd0,0x9c,508
0xd0,0x9d,466
0xd0,0x9e,478
0xd0,0x9f,514
0xd0,0xa0,466
0xd0,0xa1,510
0xd0,0xa2,484
0xd0,0xa3,494
0xd0,0xa4,488
0xd0,0xa5,500
0xd0,0xa6,504
0xd0,0xa7,502
0xd0,0xa8,494
0xd0,0xa9,476
0xd0,0xaa,476
0xd0,0xab,524
0xd0,0xac,564
0xd0,0xad,484
0xd0,0xae,518
0xd0,0xaf,524
0xd0,0xb0,476
0xd0,0xb1,514
0xd0,0xb2,496
0xd0,0xb3,506
0xd0,0xb4,490
0xd0,0xb5,518
0xd0,0xb6,498
0xd0,0xb7,538
0xd0,0xb8,536
0xd0,0xb9,488
0xd0,0xba,484
0xd0,0xbb,502
0xd0,0xbc,482
0xd0,0xbd,508
0xd0,0xbe,514
0xd0,0xbf,518
0xd0,0xc0,490
0xd0,0xc1,566
0xd0,0xc2,584
0xd0,0xc3,470
0xd0,0xc4,518
0xd0,0xc5,502
0xd0,0xc6,522
0xd0,0xc7,498
0xd0,0xc8,532
0xd0,0xc9,538
0xd0,0xca,510
0xd0,0xcb,532
0xd0,0xcc,490
0xd0,0xcd,538
0xd0,0xce,504
0xd0,0xcf,496
0xd0,0xd0,530
0xd0,0xd1,474
0xd0,0xd2,540
0xd0,0xd3,516
0xd0,0xd4,508
0xd0,0xd5,504
0xd0,0xd6,528
0xd0,0xd7,456
0xd0,0xd8,516
0xd0,0xd9,490
0xd0,0xda,500
0xd0,0xdb,524
0xd0,0xdc,508
0xd0,0xdd,506
0xd0,0xde,518
0xd0,0xdf,544
0xd0,0xe0,508
0xd0,0xe1,562
0xd0,0xe2,558
0xd0,0xe3,534
0xd0,0xe4,474
0xd0,0xe5,522
0xd0,0xe6,512
0xd0,0xe7,526
0xd0,0xe8,490
0xd0,0xe9,468
0xd0,0xea,492
0xd0,0xeb,490
0xd0,0xec,508
0xd0,0xed,500
0xd0,0xee,526
0xd0,0xef,460
0xd0,0xf0,534
0xd0,0xf1,514
0xd0,0xf2,478
0xd0,0xf3,492
0xd0,0xf4,516
0xd0,0xf5,510
0xd0,0xf6,530
0xd0,0xf7,490
0xd0,0xf8,520
0xd0,0xf9,502
0xd0,0xfa,550
0xd0,0xfb,536
0xd0,0xfc,508
0xd0,0xfd,514
0xd0,0xfe,514
0xd0,0xff,514
0xd1,0x00,256
0xd1,0x01,494
0xd1,0x02,578
0xd1,0x03,494
0xd1,0x04,500
0xd1,0x05,528
0xd1,0x06,452
0xd1,0x07,462
0xd1,0x08,516
0xd1,0x09,552
0xd1,0x0a,516
0xd1,0x0b,502
0xd1,0x0c,532
0xd1,0x0d,458
0xd1,0x0e,488
0xd1,0x0f,500
0xd1,0x10,498
0xd1,0x11,498
0xd1,0x12,472
0xd1,0x13,518
0xd1,0x14,484
0xd1,0x15,490
0xd1,0x16,622
0xd1,0x17,502
0xd1,0x18,486
0xd1,0x19,520
0xd1,0x1a,484
0xd1,0x1b,514
0xd1,0x1c,486
0xd1,0x1d,504
0xd1,0x1e,532
0xd1,0x1f,554
0xd1,0x20,532
0xd1,0x21,514
0xd1,0x22,464
0xd1,0x23,534
0xd1,0x24,410
0xd1,0x25,466
0xd1,0x26,632
0xd1,0x27,526
0xd1,0x28,510
0xd1,0x29,490
0xd1,0x2a,488
0xd1,0x2b,550
0xd1,0x2c,528
0xd1,0x2d,582
0xd1,0x2e,532
0xd1,0x2f,546
0xd1,0x30,410
0xd1,0x31,488
0xd1,0x32,502
0xd1,0x33,510
0xd1,0x34,458
0xd1,0x35,526
0xd1,0x36,526
0xd1,0x37,502
0xd1,0x38,486
0xd1,0x39,522
0xd1,0x3a,512
0xd1,0x3b,566
0xd1,0x3c,488
0xd1,0x3d,514
0xd1,0x3e,490
0xd1,0x3f,504
0xd1,0x40,526
0xd1,0x41,534
0xd1,0x42,542
0xd1,0x43,550
0xd1,0x44,496
0xd1,0x45,500
0xd1,0x46,548
0xd1,0x47,518
0xd1,0x48,500
0xd1,0x49,502
0xd1,0x4a,522
0xd1,0x4b,468
0xd1,0x4c,486
0xd1,0x4d,496
0xd1,0x4e,482
0xd1,0x4f,544
0xd1,0x50,540
0xd1,0x51,518
0xd1,0x52,502
0xd1,0x53,474
0xd1,0x54,522
0xd1,0x55,484
0xd1,0x56,496
0xd1,0x57,492
0xd1,0x58,530
0xd1,0x59,504
0xd1,0x5a,538
0xd1,0x5b,486
0xd1,0x5c,516
0xd1,0x5d,526
0xd1,0x5e,494
0xd1,0x5f,508
0xd1,0x60,490
0xd1,0x61,500
0xd1,0x62,508
0xd1,0x63,556
0xd1,0x64,506
0xd1,0x65,538
0xd1,0x66,488
0xd1,0x67,512
0xd1,0x68,534
0xd1,0x69,522
0xd1,0x6a,522
0xd1,0x6b,496
0xd1,0x6c,498
0xd1,0x6d,484
0xd1,0x6e,542
0xd1,0x6f,498
0xd1,0x70,556
0xd1,0x71,512
0xd1,0x72,522
0xd1,0x73,512
0xd1,0x74,534
0xd1,0x75,490
0xd1,0x76,510
0xd1,0x77,516
0xd1,0x78,498
0xd1,0x79,498
0xd1,0x7a,506
0xd1,0x7b,530
0xd1,0x7c,562
0xd1,0x7d,504
0xd1,0x7e,514
0xd1,0x7f,524
0xd1,0x80,502
0xd1,0x81,474
0xd1,0x82,518
0xd1,0x83,532
0xd1,0x84,500
0xd1,0x85,490
0xd1,0x86,536
0xd1,0x87,530
0xd1,0x88,514
0xd1,0x89,570
0xd1,0x8a,530
0xd1,0x8b,478
0xd1,0x8c,488
0xd1,0x8d,498
0xd1,0x8e,528
0xd1,0x8f,508
0xd1,0x90,500
0xd1,0x91,528
0xd1,0x92,496
0xd1,0x93,496
0xd1,0x94,520
0xd1,0x95,472
0xd1,0x96,492
0xd1,0x97,516
0xd1,0x98,586
0xd1,0x99,526
0xd1,0x9a,508
0xd1,0x9b,520
0xd1,0x9c,492
0xd1,0x9d,518
0xd1,0x9e,502
0xd1,0x9f,480
0xd1,0xa0,546
0xd1,0xa1,466
0xd1,0xa2,520
0xd1,0xa3,486
0xd1,0xa4,536
0xd1,0xa5,536
0xd1,0xa6,544
0xd1,0xa7,462
0xd1,0xa8,492
0xd1,0xa9,494
0xd1,0xaa,524
0xd1,0xab,496
0xd1,0xac,492
0xd1,0xad,464
0xd1,0xae,512
0xd1,0xaf,504
0xd1,0xb0,510
0xd1,0xb1,480
0xd1,0xb2,476
0xd1,0xb3,518
0xd1,0xb4,538
0xd1,0xb5,558
0xd1,0xb6,534
0xd1,0xb7,532
0xd1,0xb8,512
0xd1,0xb9,478
0xd1,0xba,580
0xd1,0xbb,524
0xd1,0xbc,540
0xd1,0xbd,472
0xd1,0xbe,488
0xd1,0xbf,538
0xd1,0xc0,524
0xd1,0xc1,504
0xd1,0xc2,546
0xd1,0xc3,472
0xd1,0xc4,514
0xd1,0xc5,524
0xd1,0xc6,506
0xd1,0xc7,498
0xd1,0xc8,552
0xd1,0xc9,524
0xd1,0xca,538
0xd1,0xcb,496
0xd1,0xcc,532
0xd1,0xcd,528
0xd1,0xce,496
0xd1,0xcf,528
0xd1,0xd0,492
0xd1,0xd1,510
0xd1,0xd2,526
0xd1,0xd3,484
0xd1,0xd4,534
0xd1,0xd5,500
0xd1,0xd6,562
0xd1,0xd7,480
0xd1,0xd8,494
0xd1,0xd9,496
0xd1,0xda,490
0xd1,0xdb,496
0xd1,0xdc,470
0xd1,0xdd,630
0xd1,0xde,494
0xd1,0xdf,472
0xd1,0xe0,534
0xd1,0xe1,504
0xd1,0xe2,500
0xd1,0xe3,488
0xd1,0xe4,524
0xd1,0xe5,512
0xd1,0xe6,544
0xd1,0xe7,494
0xd1,0xe8,554
0xd1,0xe9,518
0xd1,0xea,540
0xd1,0xeb,514
0xd1,0xec,576
0xd1,0xed,524
0xd1,0xee,528
0xd1,0xef,482
0xd1,0xf0,540
0xd1,0xf1,484
0xd1,0xf2,526
0xd1,0xf3,522
0xd1,0xf4,496
0xd1,0xf5,516
0xd1,0xf6,516
0xd1,0xf7,490
0xd1,0xf8,482
0xd1,0xf9,570
0xd1,0xfa,530
0xd1,0xfb,514
0xd1,0xfc,490
0xd1,0xfd,504
0xd1,0xfe,488
0xd1,0xff,498
0xd2,0x00,256
0xd2,0x01,468
0xd2,0x02,522
0xd2,0x03,544
0xd2,0x04,522
0xd2,0x05,462
0xd2,0x06,516
0xd2,0x07,504
0xd2,0x08,498
0xd2,0x09,532
0xd2,0x0a,524
0xd2,0x0b,512
0xd2,0x0c,540
0xd2,0x0d,530
0xd2,0x0e,488
0xd2,0x0f,496
0xd2,0x10,504
0xd2,0x11,524
0xd2,0x12,508
0xd2,0x13,512
0xd2,0x14,568
0xd2,0x15,506
0xd2,0x16,544
0xd2,0x17,520
0xd2,0x18,506
0xd2,0x19,492
0xd2,0x1a,530
0xd2,0x1b,520
0xd2,0x1c,550
0xd2,0x1d,498
0xd2,0x1e,524
0xd2,0x1f,482
0xd2,0x20,494
0xd2,0x21,500
0xd2,0x22,516
0xd2,0x23,510
0xd2,0x24,858
0xd2,0x25,550
0xd2,0x26,398
0xd2,0x27,470
0xd2,0x28,482
0xd2,0x29,462
0xd2,0x2a,520
0xd2,0x2b,500
0xd2,0x2c,480
0xd2,0x2d,514
0xd2,0x2e,476
0xd2,0x2f,472
0xd2,0x30,508
0xd2,0x31,562
0xd2,0x32,534
0xd2,0x33,514
0xd2,0x34,494
0xd2,0x35,496
0xd2,0x36,494
0xd2,0x37,518
0xd2,0x38,530
0xd2,0x39,490
0xd2,0x3a,512
0xd2,0x3b,548
0xd2,0x3c,482
0xd2,0x3d,514
0xd2,0x3e,526
0xd2,0x3f,498
0xd2,0x40,522
0xd2,0x41,486
0xd2,0x42,542
0xd2,0x43,510
0xd2,0x44,550
0xd2,0x45,574
0xd2,0x46,492
0xd2,0x47,524
0xd2,0x48,506
0xd2,0x49,532
0xd2,0x4a,512
0xd2,0x4b,502
0xd2,0x4c,490
0xd2,0x4d,516
0xd2,0x4e,546
0xd2,0x4f,474
0xd2,0x50,528
0xd2,0x51,512
0xd2,0x52,484
0xd2,0x53,476
0xd2,0x54,496
0xd2,0x55,488
0xd2,0x56,454
0xd2,0x57,498
0xd2,0x58,526
0xd2,0x59,504
0xd2,0x5a,540
0xd2,0x5b,526
0xd2,0x5c,488
0xd2,0x5d,532
0xd2,0x5e,496
0xd2,0x5f,498
0xd2,0x60,526
0xd2,0x61,490
0xd2,0x62,510
0xd2,0x63,514
0xd2,0x64,516
0xd2,0x65,476
0xd2,0x66,490
0xd2,0x67,502
0xd2,0x68,490
0xd2,0x69,506
0xd2,0x6a,474
0xd2,0x6b,532
0xd2,0x6c,534
0xd2,0x6d,480
0xd2,0x6e,480
0xd2,0x6f,490
0xd2,0x70,518
0xd2,0x71,502
0xd2,0x72,502
0xd2,0x73,530
0xd2,0x74,500
0xd2,0x75,554
0xd2,0x76,472
0xd2,0x77,552
0xd2,0x78,510
0xd2,0x79,530
0xd2,0x7a,484
0xd2,0x7b,518
0xd2,0x7c,486
0xd2,0x7d,492
0xd2,0x7e,536
0xd2,0x7f,532
0xd2,0x80,542
0xd2,0x81,570
0xd2,0x82,518
0xd2,0x83,516
0xd2,0x84,478
0xd2,0x85,478
0xd2,0x86,512
0xd2,0x87,530
0xd2,0x88,532
0xd2,0x89,516
0xd2,0x8a,498
0xd2,0x8b,588
0xd2,0x8c,526
0xd2,0x8d,492
0xd2,0x8e,460
0xd2,0x8f,478
0xd2,0x90,486
0xd2,0x91,514
0xd2,0x92,502
0xd2,0x93,486
0xd2,0x94,506
0xd2,0x95,508
0xd2,0x96,486
0xd2,0x97,470
0xd2,0x98,532
0xd2,0x99,548
0xd2,0x9a,508
0xd2,0x9b,506
0xd2,0x9c,496
0xd2,0x9d,498
0xd2,0x9e,504
0xd2,0x9f,510
0xd2,0xa0,508
0xd2,0xa1,590
0xd2,0xa2,562
0xd2,0xa3,532
0xd2,0xa4,484
0xd2,0xa5,504
0xd2,0xa6,526
0xd2,0xa7,508
0xd2,0xa8,548
0xd2,0xa9,540
0xd2,0xaa,492
0xd2,0xab,524
0xd2,0xac,560
0xd2,0xad,490
0xd2,0xae,506
0xd2,0xaf,524
0xd2,0xb0,514
0xd2,0xb1,520
0xd2,0xb2,476
0xd2,0xb3,526
0xd2,0xb4,484
0xd2,0xb5,512
0xd2,0xb6,462
0xd2,0xb7,548
0xd2,0xb8,526
0xd2,0xb9,502
0xd2,0xba,522
0xd2,0xbb,496
0xd2,0xbc,518
0xd2,0xbd,546
0xd2,0xbe,560
0xd2,0xbf,522
0xd2,0xc0,492
0xd2,0xc1,496
0xd2,0xc2,518
0xd2,0xc3,550
0xd2,0xc4,524
0xd2,0xc5,504
0xd2,0xc6,500
0xd2,0xc7,486
0xd2,0xc8,502
0xd2,0xc9,498
0xd2,0xca,494
0xd2,0xcb,472
0xd2,0xcc,540
0xd2,0xcd,508
0xd2,0xce,504
0xd2,0xcf,572
0xd2,0xd0,500
0xd2,0xd1,492
0xd2,0xd2,506
0xd2,0xd3,538
0xd2,0xd4,500
0xd2,0xd5,488
0xd2,0xd6,488
0xd2,0xd7,486
0xd2,0xd8,498
0xd2,0xd9,516
0xd2,0xda,504
0xd2,0xdb,518
0xd2,0xdc,488
0xd2,0xdd,518
0xd2,0xde,508
0xd2,0xdf,528
0xd2,0xe0,530
0xd2,0xe1,524
0xd2,0xe2,534
0xd2,0xe3,508
0xd2,0xe4,490
0xd2,0xe5,526
0xd2,0xe6,514
0xd2,0xe7,512
0xd2,0xe8,490
0xd2,0xe9,526
0xd2,0xea,500
0xd2,0xeb,548
0xd2,0xec,498
0xd2,0xed,496
0xd2,0xee,522
0xd2,0xef,514
0xd2,0xf0,492
0xd2,0xf1,484
0xd2,0xf2,518
0xd2,0xf3,504
0xd2,0xf4,492
0xd2,0xf5,526
0xd2,0xf6,524
0xd2,0xf7,544
0xd2,0xf8,526
0xd2,0xf9,508
0xd2,0xfa,510
0xd2,0xfb,484
0xd2,0xfc,506
0xd2,0xfd,476
0xd2,0xfe,546
0xd2,0xff,522
0xd3,0x00,256
0xd3,0x01,516
0xd3,0x02,514
0xd3,0x03,512
0xd3,0x04,498
0xd3,0x05,498
0xd3,0x06,504
0xd3,0x07,486
0xd3,0x08,502
0xd3,0x09,492
0xd3,0x0a,548
0xd3,0x0b,552
0xd3,0x0c,490
0xd3,0x0d,528
0xd3,0x0e,510
0xd3,0x0f,486
0xd3,0x10,512
0xd3,0x11,488
0xd3,0x12,388
0xd3,0x13,500
0xd3,0x14,522
0xd3,0x15,508
0xd3,0x16,470
0xd3,0x17,516
0xd3,0x18,518
0xd3,0x19,514
0xd3,0x1a,516
0xd3,0x1b,534
0xd3,0x1c,494
0xd3,0x1d,518
0xd3,0x1e,486
0xd3,0x1f,466
0xd3,0x20,506
0xd3,0x21,520
0xd3,0x22,484
0xd3,0x23,530
0xd3,0x24,448
0xd3,0x25,488
0xd3,0x26,454
0xd3,0x27,474
0xd3,0x28,528
0xd3,0x29,540
0xd3,0x2a,490
0xd3,0x2b,482
0xd3,0x2c,516
0xd3,0x2d,508
0xd3,0x2e,508
0xd3,0x2f,540
0xd3,0x30,392
0xd3,0x31,544
0xd3,0x32,514
0xd3,0x33,500
0xd3,0x34,476
0xd3,0x35,504
0xd3,0x36,470
0xd3,0x37,506
0xd3,0x38,504
0xd3,0x39,520
0xd3,0x3a,526
0xd3,0x3b,532
0xd3,0x3c,510
0xd3,0x3d,568
0xd3,0x3e,558
0xd3,0x3f,460
0xd3,0x40,502
0xd3,0x41,514
0xd3,0x42,492
0xd3,0x43,530
0xd3,0x44,536
0xd3,0x45,510
0xd3,0x46,506
0xd3,0x47,562
0xd3,0x48,508
0xd3,0x49,494
0xd3,0x4a,512
0xd3,0x4b,508
0xd3,0x4c,504
0xd3,0x4d,536
0xd3,0x4e,512
0xd3,0x4f,492
0xd3,0x50,566
0xd3,0x51,504
0xd3,0x52,510
0xd3,0x53,528
0xd3,0x54,546
0xd3,0x55,506
0xd3,0x56,502
0xd3,0x57,514
0xd3,0x58,524
0xd3,0x59,544
0xd3,0x5a,502
0xd3,0x5b,530
0xd3,0x5c,504
0xd3,0x5d,558
0xd3,0x5e,532
0xd3,0x5f,528
0xd3,0x60,518
0xd3,0x61,500
0xd3,0x62,500
0xd3,0x63,508
0xd3,0x64,490
0xd3,0x65,486
0xd3,0x66,536
0xd3,0x67,494
0xd3,0x68,478
0xd3,0x69,514
0xd3,0x6a,502
0xd3,0x6b,526
0xd3,0x6c,496
0xd3,0x6d,476
0xd3,0x6e,558
0xd3,0x6f,510
0xd3,0x70,504
0xd3,0x71,516
0xd3,0x72,556
0xd3,0x73,528
0xd3,0x74,472
0xd3,0x75,476
0xd3,0x76,506
0xd3,0x77,480
0xd3,0x78,554
0xd3,0x79,520
0xd3,0x7a,508
0xd3,0x7b,540
0xd3,0x7c,502
0xd3,0x7d,550
0xd3,0x7e,508
0xd3,0x7f,500
0xd3,0x80,544
0xd3,0x81,570
0xd3,0x82,524
0xd3,0x83,550
0xd3,0x84,490
0xd3,0x85,486
0xd3,0x86,486
0xd3,0x87,496
0xd3,0x88,538
0xd3,0x89,534
0xd3,0x8a,472
0xd3,0x8b,504
0xd3,0x8c,554
0xd3,0x8d,494
0xd3,0x8e,524
0xd3,0x8f,520
0xd3,0x90,540
0xd3,0x91,492
0xd3,0x92,466
0xd3,0x93,470
0xd3,0x94,506
0xd3,0x95,540
0xd3,0x96,502
0xd3,0x97,498
0xd3,0x98,506
0xd3,0x99,570
0xd3,0x9a,512
0xd3,0x9b,490
0xd3,0x9c,498
0xd3,0x9d,502
0xd3,0x9e,540
0xd3,0x9f,540
0xd3,0xa0,462
0xd3,0xa1,480
0xd3,0xa2,488
0xd3,0xa3,512
0xd3,0xa4,504
0xd3,0xa5,504
0xd3,0xa6,612
0xd3,0xa7,540
0xd3,0xa8,534
0xd3,0xa9,498
0xd3,0xaa,534
0xd3,0xab,510
0xd3,0xac,504
0xd3,0xad,510
0xd3,0xae,524
0xd3,0xaf,518
0xd3,0xb0,514
0xd3,0xb1,542
0xd3,0xb2,502
0xd3,0xb3,502
0xd3,0xb4,526
0xd3,0xb5,518
0xd3,0xb6,526
0xd3,0xb7,472
0xd3,0xb8,546
0xd3,0xb9,516
0xd3,0xba,558
0xd3,0xbb,484
0xd3,0xbc,484
0xd3,0xbd,508
0xd3,0xbe,512
0xd3,0xbf,526
0xd3,0xc0,504
0xd3,0xc1,542
0xd3,0xc2,506
0xd3,0xc3,514
0xd3,0xc4,490
0xd3,0xc5,508
0xd3,0xc6,518
0xd3,0xc7,508
0xd3,0xc8,500
0xd3,0xc9,530
0xd3,0xca,480
0xd3,0xcb,490
0xd3,0xcc,502
0xd3,0xcd,486
0xd3,0xce,506
0xd3,0xcf,522
0xd3,0xd0,542
0xd3,0xd1,522
0xd3,0xd2,514
0xd3,0xd3,488
0xd3,0xd4,530
0xd3,0xd5,532
0xd3,0xd6,472
0xd3,0xd7,560
0xd3,0xd8,526
0xd3,0xd9,510
0xd3,0xda,496
0xd3,0xdb,482
0xd3,0xdc,504
0xd3,0xdd,522
0xd3,0xde,502
0xd3,0xdf,536
0xd3,0xe0,504
0xd3,0xe1,470
0xd3,0xe2,510
0xd3,0xe3,532
0xd3,0xe4,550
0xd3,0xe5,492
0xd3,0xe6,520
0xd3,0xe7,480
0xd3,0xe8,566
0xd3,0xe9,534
0xd3,0xea,534
0xd3,0xeb,498
0xd3,0xec,470
0xd3,0xed,524
0xd3,0xee,536
0xd3,0xef,460
0xd3,0xf0,498
0xd3,0xf1,492
0xd3,0xf2,510
0xd3,0xf3,524
0xd3,0xf4,494
0xd3,0xf5,506
0xd3,0xf6,498
0xd3,0xf7,548
0xd3,0xf8,500
0xd3,0xf9,456
0xd3,0xfa,540
0xd3,0xfb,506
0xd3,0xfc,490
0xd3,0xfd,532
0xd3,0xfe,500
0xd3,0xff,536
0xd4,0x00,256
0xd4,0x01,472
0xd4,0x02,508
0xd4,0x03,522
0xd4,0x04,494
0xd4,0x05,518
0xd4,0x06,452
0xd4,0x07,500
0xd4,0x08,564
0xd4,0x09,518
0xd4,0x0a,486
0xd4,0x0b,542
0xd4,0x0c,526
0xd4,0x0d,516
0xd4,0x0e,550
0xd4,0x0f,500
0xd4,0x10,474
0xd4,0x11,534
0xd4,0x12,372
0xd4,0x13,538
0xd4,0x14,502
0xd4,0x15,504
0xd4,0x16,616
0xd4,0x17,556
0xd4,0x18,486
0xd4,0x19,518
0xd4,0x1a,506
0xd4,0x1b,498
0xd4,0x1c,436
0xd4,0x1d,534
0xd4,0x1e,502
0xd4,0x1f,528
0xd4,0x20,532
0xd4,0x21,538
0xd4,0x22,508
0xd4,0x23,550
0xd4,0x24,412
0xd4,0x25,532
0xd4,0x26,400
0xd4,0x27,552
0xd4,0x28,540
0xd4,0x29,512
0xd4,0x2a,542
0xd4,0x2b,512
0xd4,0x2c,596
0xd4,0x2d,554
0xd4,0x2e,490
0xd4,0x2f,530
0xd4,0x30,520
0xd4,0x31,502
0xd4,0x32,524
0xd4,0x33,526
0xd4,0x34,454
0xd4,0x35,504
0xd4,0x36,446
0xd4,0x37,586
0xd4,0x38,552
0xd4,0x39,484
0xd4,0x3a,522
0xd4,0x3b,552
0xd4,0x3c,498
0xd4,0x3d,546
0xd4,0x3e,528
0xd4,0x3f,486
0xd4,0x40,468
0xd4,0x41,508
0xd4,0x42,498
0xd4,0x43,492
0xd4,0x44,484
0xd4,0x45,472
0xd4,0x46,516
0xd4,0x47,518
0xd4,0x48,492
0xd4,0x49,508
0xd4,0x4a,522
0xd4,0x4b,504
0xd4,0x4c,534
0xd4,0x4d,562
0xd4,0x4e,464
0xd4,0x4f,490
0xd4,0x50,494
0xd4,0x51,508
0xd4,0x52,540
0xd4,0x53,486
0xd4,0x54,494
0xd4,0x55,492
0xd4,0x56,500
0xd4,0x57,522
0xd4,0x58,492
0xd4,0x59,542
0xd4,0x5a,472
0xd4,0x5b,494
0xd4,0x5c,538
0xd4,0x5d,540
0xd4,0x5e,510
0xd4,0x5f,508
0xd4,0x60,478
0xd4,0x61,518
0xd4,0x62,594
0xd4,0x63,544
0xd4,0x64,526
0xd4,0x65,518
0xd4,0x66,498
0xd4,0x67,512
0xd4,0x68,536
0xd4,0x69,536
0xd4,0x6a,502
0xd4,0x6b,498
0xd4,0x6c,512
0xd4,0x6d,574
0xd4,0x6e,506
0xd4,0x6f,502
0xd4,0x70,472
0xd4,0x71,540
0xd4,0x72,568
0xd4,0x73,520
0xd4,0x74,520
0xd4,0x75,546
0xd4,0x76,480
0xd4,0x77,492
0xd4,0x78,514
0xd4,0x79,480
0xd4,0x7a,510
0xd4,0x7b,482
0xd4,0x7c,512
0xd4,0x7d,502
0xd4,0x7e,540
0xd4,0x7f,500
0xd4,0x80,514
0xd4,0x81,498
0xd4,0x82,532
0xd4,0x83,506
0xd4,0x84,562
0xd4,0x85,512
0xd4,0x86,454
0xd4,0x87,490
0xd4,0x88,578
0xd4,0x89,482
0xd4,0x8a,532
0xd4,0x8b,504
0xd4,0x8c,530
0xd4,0x8d,532
0xd4,0x8e,518
0xd4,0x8f,526
0xd4,0x90,498
0xd4,0x91,476
0xd4,0x92,470
0xd4,0x93,520
0xd4,0x94,518
0xd4,0x95,468
0xd4,0x96,482
0xd4,0x97,514
0xd4,0x98,444
0xd4,0x99,500
0xd4,0x9a,508
0xd4,0x9b,538
0xd4,0x9c,552
0xd4,0x9d,494
0xd4,0x9e,498
0xd4,0x9f,502
0xd4,0xa0,524
0xd4,0xa1,506
0xd4,0xa2,486
0xd4,0xa3,502
0xd4,0xa4,516
0xd4,0xa5,496
0xd4,0xa6,482
0xd4,0xa7,538
0xd4,0xa8,514
0xd4,0xa9,526
0xd4,0xaa,532
0xd4,0xab,508
0xd4,0xac,532
0xd4,0xad,542
0xd4,0xae,588
0xd4,0xaf,536
0xd4,0xb0,516
0xd4,0xb1,490
0xd4,0xb2,526
0xd4,0xb3,516
0xd4,0xb4,520
0xd4,0xb5,512
0xd4,0xb6,570
0xd4,0xb7,464
0xd4,0xb8,550
0xd4,0xb9,504
0xd4,0xba,490
0xd4,0xbb,550
0xd4,0xbc,506
0xd4,0xbd,464
0xd4,0xbe,630
0xd4,0xbf,564
0xd4,0xc0,498
0xd4,0xc1,486
0xd4,0xc2,502
0xd4,0xc3,526
0xd4,0xc4,538
0xd4,0xc5,502
0xd4,0xc6,510
0xd4,0xc7,504
0xd4,0xc8,480
0xd4,0xc9,480
0xd4,0xca,478
0xd4,0xcb,488
0xd4,0xcc,464
0xd4,0xcd,498
0xd4,0xce,532
0xd4,0xcf,506
0xd4,0xd0,518
0xd4,0xd1,508
0xd4,0xd2,484
0xd4,0xd3,514
0xd4,0xd4,540
0xd4,0xd5,606
0xd4,0xd6,468
0xd4,0xd7,458
0xd4,0xd8,536
0xd4,0xd9,534
0xd4,0xda,550
0xd4,0xdb,510
0xd4,0xdc,508
0xd4,0xdd,490
0xd4,0xde,488
0xd4,0xdf,542
0xd4,0xe0,490
0xd4,0xe1,470
0xd4,0xe2,502
0xd4,0xe3,524
0xd4,0xe4,492
0xd4,0xe5,484
0xd4,0xe6,512
0xd4,0xe7,474
0xd4,0xe8,494
0xd4,0xe9,486
0xd4,0xea,530
0xd4,0xeb,510
0xd4,0xec,464
0xd4,0xed,528
0xd4,0xee,518
0xd4,0xef,524
0xd4,0xf0,546
0xd4,0xf1,654
0xd4,0xf2,490
0xd4,0xf3,540
0xd4,0xf4,480
0xd4,0xf5,490
0xd4,0xf6,514
0xd4,0xf7,532
0xd4,0xf8,500
0xd4,0xf9,482
0xd4,0xfa,534
0xd4,0xfb,522
0xd4,0xfc,536
0xd4,0xfd,552
0xd4,0xfe,550
0xd4,0xff,496
0xd5,0x00,256
0xd5,0x01,536
0xd5,0x02,478
0xd5,0x03,502
0xd5,0x04,494
0xd5,0x05,536
0xd5,0x06,568
0xd5,0x07,536
0xd5,0x08,534
0xd5,0x09,500
0xd5,0x0a,450
0xd5,0x0b,446
0xd5,0x0c,504
0xd5,0x0d,510
0xd5,0x0e,504
0xd5,0x0f,500
0xd5,0x10,486
0xd5,0x11,516
0xd5,0x12,574
0xd5,0x13,522
0xd5,0x14,522
0xd5,0x15,616
0xd5,0x16,464
0xd5,0x17,502
0xd5,0x18,526
0xd5,0x19,524
0xd5,0x1a,508
0xd5,0x1b,474
0xd5,0x1c,504
0xd5,0x1d,502
0xd5,0x1e,536
0xd5,0x1f,502
0xd5,0x20,548
0xd5,0x21,498
0xd5,0x22,606
0xd5,0x23,458
0xd5,0x24,504
0xd5,0x25,506
0xd5,0x26,586
0xd5,0x27,510
0xd5,0x28,550
0xd5,0x29,490
0xd5,0x2a,566
0xd5,0x2b,504
0xd5,0x2c,482
0xd5,0x2d,492
0xd5,0x2e,510
0xd5,0x2f,508
0xd5,0x30,598
0xd5,0x31,518
0xd5,0x32,442
0xd5,0x33,522
0xd5,0x34,492
0xd5,0x35,478
0xd5,0x36,522
0xd5,0x37,522
0xd5,0x38,490
0xd5,0x39,476
0xd5,0x3a,540
0xd5,0x3b,482
0xd5,0x3c,578
0xd5,0x3d,498
0xd5,0x3e,510
0xd5,0x3f,486
0xd5,0x40,504
0xd5,0x41,486
0xd5,0x42,486
0xd5,0x43,490
0xd5,0x44,502
0xd5,0x45,500
0xd5,0x46,522
0xd5,0x47,484
0xd5,0x48,506
0xd5,0x49,484
0xd5,0x4a,508
0xd5,0x4b,506
0xd5,0x4c,510
0xd5,0x4d,486
0xd5,0x4e,476
0xd5,0x4f,528
0xd5,0x50,506
0xd5,0x51,544
0xd5,0x52,504
0xd5,0x53,496
0xd5,0x54,538
0xd5,0x55,514
0xd5,0x56,488
0xd5,0x57,534
0xd5,0x58,496
0xd5,0x59,558
0xd5,0x5a,500
0xd5,0x5b,500
0xd5,0x5c,514
0xd5,0x5d,498
0xd5,0x5e,514
0xd5,0x5f,544
0xd5,0x60,532
0xd5,0x61,518
0xd5,0x62,500
0xd5,0x63,516
0xd5,0x64,486
0xd5,0x65,502
0xd5,0x66,524
0xd5,0x67,504
0xd5,0x68,492
0xd5,0x69,504
0xd5,0x6a,510
0xd5,0x6b,462
0xd5,0x6c,494
0xd5,0x6d,538
0xd5,0x6e,480
0xd5,0x6f,526
0xd5,0x70,530
0xd5,0x71,498
0xd5,0x72,506
0xd5,0x73,504
0xd5,0x74,490
0xd5,0x75,506
0xd5,0x76,520
0xd5,0x77,514
0xd5,0x78,526
0xd5,0x79,476
0xd5,0x7a,492
0xd5,0x7b,502
0xd5,0x7c,522
0xd5,0x7d,506
0xd5,0x7e,512
0xd5,0x7f,506
0xd5,0x80,540
0xd5,0x81,504
0xd5,0x82,514
0xd5,0x83,508
0xd5,0x84,498
0xd5,0x85,526
0xd5,0x86,504
0xd5,0x87,568
0xd5,0x88,536
0xd5,0x89,540
0xd5,0x8a,548
0xd5,0x8b,494
0xd5,0x8c,508
0xd5,0x8d,554
0xd5,0x8e,490
0xd5,0x8f,526
0xd5,0x90,496
0xd5,0x91,570
0xd5,0x92,454
0xd5,0x93,444
0xd5,0x94,494
0xd5,0x95,546
0xd5,0x96,486
0xd5,0x97,486
0xd5,0x98,488
0xd5,0x99,514
0xd5,0x9a,510
0xd5,0x9b,504
0xd5,0x9c,486
0xd5,0x9d,492
0xd5,0x9e,504
0xd5,0x9f,498
0xd5,0xa0,454
0xd5,0xa1,498
0xd5,0xa2,462
0xd5,0xa3,534
0xd5,0xa4,460
0xd5,0xa5,610
0xd5,0xa6,470
0xd5,0xa7,496
0xd5,0xa8,496
0xd5,0xa9,506
0xd5,0xaa,504
0xd5,0xab,494
0xd5,0xac,546
0xd5,0xad,502
0xd5,0xae,530
0xd5,0xaf,502
0xd5,0xb0,488
0xd5,0xb1,492
0xd5,0xb2,492
0xd5,0xb3,514
0xd5,0xb4,542
0xd5,0xb5,520
0xd5,0xb6,534
0xd5,0xb7,502
0xd5,0xb8,556
0xd5,0xb9,510
0xd5,0xba,500
0xd5,0xbb,540
0xd5,0xbc,504
0xd5,0xbd,500
0xd5,0xbe,510
0xd5,0xbf,530
0xd5,0xc0,500
0xd5,0xc1,488
0xd5,0xc2,510
0xd5,0xc3,500
0xd5,0xc4,544
0xd5,0xc5,530
0xd5,0xc6,492
0xd5,0xc7,504
0xd5,0xc8,498
0xd5,0xc9,540
0xd5,0xca,500
0xd5,0xcb,496
0xd5,0xcc,536
0xd5,0xcd,496
0xd5,0xce,560
0xd5,0xcf,486
0xd5,0xd0,496
0xd5,0xd1,480
0xd5,0xd2,524
0xd5,0xd3,468
0xd5,0xd4,488
0xd5,0xd5,540
0xd5,0xd6,448
0xd5,0xd7,472
0xd5,0xd8,492
0xd5,0xd9,510
0xd5,0xda,540
0xd5,0xdb,490
0xd5,0xdc,480
0xd5,0xdd,502
0xd5,0xde,502
0xd5,0xdf,526
0xd5,0xe0,508
0xd5,0xe1,510
0xd5,0xe2,524
0xd5,0xe3,522
0xd5,0xe4,500
0xd5,0xe5,560
0xd5,0xe6,506
0xd5,0xe7,522
0xd5,0xe8,522
0xd5,0xe9,536
0xd5,0xea,502
0xd5,0xeb,508
0xd5,0xec,526
0xd5,0xed,500
0xd5,0xee,492
0xd5,0xef,536
0xd5,0xf0,516
0xd5,0xf1,516
0xd5,0xf2,504
0xd5,0xf3,524
0xd5,0xf4,516
0xd5,0xf5,482
0xd5,0xf6,502
0xd5,0xf7,496
0xd5,0xf8,544
0xd5,0xf9,488
0xd5,0xfa,488
0xd5,0xfb,506
0xd5,0xfc,472
0xd5,0xfd,488
0xd5,0xfe,512
0xd5,0xff,538
0xd6,0x00,256
0xd6,0x01,554
0xd6,0x02,486
0xd6,0x03,500
0xd6,0x04,472
0xd6,0x05,520
0xd6,0x06,476
0xd6,0x07,498
0xd6,0x08,496
0xd6,0x09,556
0xd6,0x0a,522
0xd6,0x0b,506
0xd6,0x0c,470
0xd6,0x0d,482
0xd6,0x0e,536
0xd6,0x0f,526
0xd6,0x10,486
0xd6,0x11,522
0xd6,0x12,394
0xd6,0x13,454
0xd6,0x14,524
0xd6,0x15,502
0xd6,0x16,504
0xd6,0x17,508
0xd6,0x18,502
0xd6,0x19,542
0xd6,0x1a,488
0xd6,0x1b,516
0xd6,0x1c,490
0xd6,0x1d,514
0xd6,0x1e,508
0xd6,0x1f,532
0xd6,0x20,490
0xd6,0x21,500
0xd6,0x22,564
0xd6,0x23,514
0xd6,0x24,548
0xd6,0x25,488
0xd6,0x26,400
0xd6,0x27,526
0xd6,0x28,492
0xd6,0x29,524
0xd6,0x2a,518
0xd6,0x2b,496
0xd6,0x2c,494
0xd6,0x2d,502
0xd6,0x2e,530
0xd6,0x2f,528
0xd6,0x30,422
0xd6,0x31,458
0xd6,0x32,546
0xd6,0x33,496
0xd6,0x34,460
0xd6,0x35,484
0xd6,0x36,460
0xd6,0x37,510
0xd6,0x38,500
0xd6,0x39,520
0xd6,0x3a,472
0xd6,0x3b,494
0xd6,0x3c,520
0xd6,0x3d,484
0xd6,0x3e,510
0xd6,0x3f,520
0xd6,0x40,518
0xd6,0x41,496
0xd6,0x42,524
0xd6,0x43,500
0xd6,0x44,482
0xd6,0x45,520
0xd6,0x46,488
0xd6,0x47,504
0xd6,0x48,518
0xd6,0x49,486
0xd6,0x4a,482
0xd6,0x4b,502
0xd6,0x4c,484
0xd6,0x4d,488
0xd6,0x4e,498
0xd6,0x4f,544
0xd6,0x50,506
0xd6,0x51,470
0xd6,0x52,500
0xd6,0x53,514
0xd6,0x54,502
0xd6,0x55,508
0xd6,0x56,516
0xd6,0x57,522
0xd6,0x58,520
0xd6,0x59,498
0xd6,0x5a,486
0xd6,0x5b,518
0xd6,0x5c,470
0xd6,0x5d,532
0xd6,0x5e,530
0xd6,0x5f,496
0xd6,0x60,540
0xd6,0x61,494
0xd6,0x62,488
0xd6,0x63,492
0xd6,0x64,524
0xd6,0x65,504
0xd6,0x66,524
0xd6,0x67,532
0xd6,0x68,518
0xd6,0x69,468
0xd6,0x6a,544
0xd6,0x6b,528
0xd6,0x6c,524
0xd6,0x6d,524
0xd6,0x6e,482
0xd6,0x6f,474
0xd6,0x70,486
0xd6,0x71,512
0xd6,0x72,494
0xd6,0x73,512
0xd6,0x74,492
0xd6,0x75,566
0xd6,0x76,492
0xd6,0x77,514
0xd6,0x78,522
0xd6,0x79,486
0xd6,0x7a,516
0xd6,0x7b,510
0xd6,0x7c,460
0xd6,0x7d,558
0xd6,0x7e,516
0xd6,0x7f,472
0xd6,0x80,514
0xd6,0x81,478
0xd6,0x82,530
0xd6,0x83,506
0xd6,0x84,540
0xd6,0x85,516
0xd6,0x86,512
0xd6,0x87,516
0xd6,0x88,488
0xd6,0x89,506
0xd6,0x8a,484
0xd6,0x8b,496
0xd6,0x8c,512
0xd6,0x8d,486
0xd6,0x8e,528
0xd6,0x8f,516
0xd6,0x90,524
0xd6,0x91,534
0xd6,0x92,504
0xd6,0x93,468
0xd6,0x94,538
0xd6,0x95,512
0xd6,0x96,484
0xd6,0x97,496
0xd6,0x98,514
0xd6,0x99,486
0xd6,0x9a,498
0xd6,0x9b,516
0xd6,0x9c,516
0xd6,0x9d,530
0xd6,0x9e,502
0xd6,0x9f,500
0xd6,0xa0,502
0xd6,0xa1,488
0xd6,0xa2,524
0xd6,0xa3,526
0xd6,0xa4,516
0xd6,0xa5,468
0xd6,0xa6,494
0xd6,0xa7,508
0xd6,0xa8,528
0xd6,0xa9,522
0xd6,0xaa,522
0xd6,0xab,496
0xd6,0xac,506
0xd6,0xad,502
0xd6,0xae,484
0xd6,0xaf,502
0xd6,0xb0,502
0xd6,0xb1,502
0xd6,0xb2,484
0xd6,0xb3,486
0xd6,0xb4,480
0xd6,0xb5,532
0xd6,0xb6,528
0xd6,0xb7,588
0xd6,0xb8,530
0xd6,0xb9,494
0xd6,0xba,522
0xd6,0xbb,540
0xd6,0xbc,492
0xd6,0xbd,544
0xd6,0xbe,508
0xd6,0xbf,452
0xd6,0xc0,526
0xd6,0xc1,490
0xd6,0xc2,512
0xd6,0xc3,558
0xd6,0xc4,496
0xd6,0xc5,496
0xd6,0xc6,502
0xd6,0xc7,510
0xd6,0xc8,514
0xd6,0xc9,536
0xd6,0xca,482
0xd6,0xcb,506
0xd6,0xcc,518
0xd6,0xcd,500
0xd6,0xce,518
0xd6,0xcf,516
0xd6,0xd0,472
0xd6,0xd1,510
0xd6,0xd2,522
0xd6,0xd3,474
0xd6,0xd4,494
0xd6,0xd5,496
0xd6,0xd6,544
0xd6,0xd7,534
0xd6,0xd8,532
0xd6,0xd9,514
0xd6,0xda,566
0xd6,0xdb,518
0xd6,0xdc,532
0xd6,0xdd,544
0xd6,0xde,496
0xd6,0xdf,516
0xd6,0xe0,524
0xd6,0xe1,484
0xd6,0xe2,502
0xd6,0xe3,480
0xd6,0xe4,458
0xd6,0xe5,504
0xd6,0xe6,542
0xd6,0xe7,542
0xd6,0xe8,508
0xd6,0xe9,482
0xd6,0xea,492
0xd6,0xeb,498
0xd6,0xec,526
0xd6,0xed,500
0xd6,0xee,502
0xd6,0xef,500
0xd6,0xf0,508
0xd6,0xf1,496
0xd6,0xf2,496
0xd6,0xf3,572
0xd6,0xf4,490
0xd6,0xf5,498
0xd6,0xf6,488
0xd6,0xf7,496
0xd6,0xf8,502
0xd6,0xf9,532
0xd6,0xfa,484
0xd6,0xfb,516
0xd6,0xfc,490
0xd6,0xfd,488
0xd6,0xfe,484
0xd6,0xff,536
0xd7,0x00,256
0xd7,0x01,502
0xd7,0x02,492
0xd7,0x03,502
0xd7,0x04,498
0xd7,0x05,486
0xd7,0x06,466
0xd7,0x07,486
0xd7,0x08,514
0xd7,0x09,476
0xd7,0x0a,492
0xd7,0x0b,480
0xd7,0x0c,490
0xd7,0x0d,550
0xd7,0x0e,506
0xd7,0x0f,480
0xd7,0x10,516
0xd7,0x11,500
0xd7,0x12,404
0xd7,0x13,482
0xd7,0x14,480
0xd7,0x15,472
0xd7,0x16,538
0xd7,0x17,504
0xd7,0x18,520
0xd7,0x19,486
0xd7,0x1a,524
0xd7,0x1b,496
0xd7,0x1c,556
0xd7,0x1d,512
0xd7,0x1e,510
0xd7,0x1f,502
0xd7,0x20,536
0xd7,0x21,488
0xd7,0x22,508
0xd7,0x23,498
0xd7,0x24,426
0xd7,0x25,496
0xd7,0x26,510
0xd7,0x27,496
0xd7,0x28,512
0xd7,0x29,484
0xd7,0x2a,520
0xd7,0x2b,514
0xd7,0x2c,506
0xd7,0x2d,496
0xd7,0x2e,474
0xd7,0x2f,480
0xd7,0x30,568
0xd7,0x31,486
0xd7,0x32,528
0xd7,0x33,514
0xd7,0x34,464
0xd7,0x35,510
0xd7,0x36,436
0xd7,0x37,510
0xd7,0x38,516
0xd7,0x39,490
0xd7,0x3a,514
0xd7,0x3b,524
0xd7,0x3c,500
0xd7,0x3d,480
0xd7,0x3e,532
0xd7,0x3f,506
0xd7,0x40,542
0xd7,0x41,486
0xd7,0x42,508
0xd7,0x43,460
0xd7,0x44,528
0xd7,0x45,466
0xd7,0x46,522
0xd7,0x47,496
0xd7,0x48,494
0xd7,0x49,496
0xd7,0x4a,490
0xd7,0x4b,502
0xd7,0x4c,508
0xd7,0x4d,488
0xd7,0x4e,508
0xd7,0x4f,482
0xd7,0x50,494
0xd7,0x51,508
0xd7,0x52,568
0xd7,0x53,524
0xd7,0x54,480
0xd7,0x55,518
0xd7,0x56,520
0xd7,0x57,552
0xd7,0x58,528
0xd7,0x59,550
0xd7,0x5a,480
0xd7,0x5b,548
0xd7,0x5c,504
0xd7,0x5d,526
0xd7,0x5e,510
0xd7,0x5f,488
0xd7,0x60,528
0xd7,0x61,486
0xd7,0x62,490
0xd7,0x63,546
0xd7,0x64,526
0xd7,0x65,484
0xd7,0x66,508
0xd7,0x67,506
0xd7,0x68,542
0xd7,0x69,524
0xd7,0x6a,512
0xd7,0x6b,492
0xd7,0x6c,486
0xd7,0x6d,548
0xd7,0x6e,512
0xd7,0x6f,490
0xd7,0x70,540
0xd7,0x71,486
0xd7,0x72,476
0xd7,0x73,500
0xd7,0x74,450
0xd7,0x75,494
0xd7,0x76,516
0xd7,0x77,470
0xd7,0x78,478
0xd7,0x79,504
0xd7,0x7a,560
0xd7,0x7b,498
0xd7,0x7c,512
0xd7,0x7d,488
0xd7,0x7e,536
0xd7,0x7f,470
0xd7,0x80,470
0xd7,0x81,546
0xd7,0x82,522
0xd7,0x83,504
0xd7,0x84,498
0xd7,0x85,516
0xd7,0x86,540
0xd7,0x87,492
0xd7,0x88,546
0xd7,0x89,556
0xd7,0x8a,540
0xd7,0x8b,530
0xd7,0x8c,448
0xd7,0x8d,460
0xd7,0x8e,502
0xd7,0x8f,518
0xd7,0x90,460
0xd7,0x91,496
0xd7,0x92,496
0xd7,0x93,510
0xd7,0x94,544
0xd7,0x95,524
0xd7,0x96,498
0xd7,0x97,532
0xd7,0x98,526
0xd7,0x99,528
0xd7,0x9a,508
0xd7,0x9b,526
0xd7,0x9c,506
0xd7,0x9d,496
0xd7,0x9e,518
0xd7,0x9f,496
0xd7,0xa0,528
0xd7,0xa1,524
0xd7,0xa2,500
0xd7,0xa3,566
0xd7,0xa4,482
0xd7,0xa5,476
0xd7,0xa6,508
0xd7,0xa7,490
0xd7,0xa8,508
0xd7,0xa9,500
0xd7,0xaa,540
0xd7,0xab,484
0xd7,0xac,502
0xd7,0xad,516
0xd7,0xae,492
0xd7,0xaf,486
0xd7,0xb0,490
0xd7,0xb1,524
0xd7,0xb2,506
0xd7,0xb3,470
0xd7,0xb4,512
0xd7,0xb5,494
0xd7,0xb6,514
0xd7,0xb7,490
0xd7,0xb8,504
0xd7,0xb9,522
0xd7,0xba,498
0xd7,0xbb,528
0xd7,0xbc,522
0xd7,0xbd,506
0xd7,0xbe,516
0xd7,0xbf,560
0xd7,0xc0,514
0xd7,0xc1,506
0xd7,0xc2,516
0xd7,0xc3,562
0xd7,0xc4,498
0xd7,0xc5,530
0xd7,0xc6,538
0xd7,0xc7,510
0xd7,0xc8,498
0xd7,0xc9,466
0xd7,0xca,512
0xd7,0xcb,490
0xd7,0xcc,546
0xd7,0xcd,492
0xd7,0xce,546
0xd7,0xcf,556
0xd7,0xd0,510
0xd7,0xd1,544
0xd7,0xd2,488
0xd7,0xd3,512
0xd7,0xd4,494
0xd7,0xd5,518
0xd7,0xd6,470
0xd7,0xd7,450
0xd7,0xd8,550
0xd7,0xd9,512
0xd7,0xda,496
0xd7,0xdb,540
0xd7,0xdc,472
0xd7,0xdd,508
0xd7,0xde,526
0xd7,0xdf,476
0xd7,0xe0,506
0xd7,0xe1,510
0xd7,0xe2,532
0xd7,0xe3,486
0xd7,0xe4,504
0xd7,0xe5,502
0xd7,0xe6,524
0xd7,0xe7,544
0xd7,0xe8,486
0xd7,0xe9,512
0xd7,0xea,482
0xd7,0xeb,492
0xd7,0xec,492
0xd7,0xed,534
0xd7,0xee,542
0xd7,0xef,534
0xd7,0xf0,516
0xd7,0xf1,566
0xd7,0xf2,512
0xd7,0xf3,470
0xd7,0xf4,528
0xd7,0xf5,520
0xd7,0xf6,492
0xd7,0xf7,494
0xd7,0xf8,550
0xd7,0xf9,490
0xd7,0xfa,530
0xd7,0xfb,532
0xd7,0xfc,480
0xd7,0xfd,514
0xd7,0xfe,496
0xd7,0xff,576
0xd8,0x00,256
0xd8,0x01,622
0xd8,0x02,520
0xd8,0x03,534
0xd8,0x04,494
0xd8,0x05,480
0xd8,0x06,482
0xd8,0x07,486
0xd8,0x08,568
0xd8,0x09,524
0xd8,0x0a,550
0xd8,0x0b,522
0xd8,0x0c,540
0xd8,0x0d,532
0xd8,0x0e,538
0xd8,0x0f,492
0xd8,0x10,550
0xd8,0x11,494
0xd8,0x12,432
0xd8,0x13,504
0xd8,0x14,504
0xd8,0x15,502
0xd8,0x16,450
0xd8,0x17,510
0xd8,0x18,504
0xd8,0x19,464
0xd8,0x1a,506
0xd8,0x1b,518
0xd8,0x1c,508
0xd8,0x1d,472
0xd8,0x1e,506
0xd8,0x1f,512
0xd8,0x20,482
0xd8,0x21,478
0xd8,0x22,530
0xd8,0x23,498
0xd8,0x24,530
0xd8,0x25,498
0xd8,0x26,488
0xd8,0x27,498
0xd8,0x28,488
0xd8,0x29,534
0xd8,0x2a,526
0xd8,0x2b,514
0xd8,0x2c,536
0xd8,0x2d,532
0xd8,0x2e,516
0xd8,0x2f,568
0xd8,0x30,616
0xd8,0x31,486
0xd8,0x32,486
0xd8,0x33,478
0xd8,0x34,528
0xd8,0x35,534
0xd8,0x36,526
0xd8,0x37,528
0xd8,0x38,530
0xd8,0x39,520
0xd8,0x3a,516
0xd8,0x3b,506
0xd8,0x3c,490
0xd8,0x3d,502
0xd8,0x3e,512
0xd8,0x3f,504
0xd8,0x40,472
0xd8,0x41,542
0xd8,0x42,508
0xd8,0x43,564
0xd8,0x44,482
0xd8,0x45,528
0xd8,0x46,500
0xd8,0x47,552
0xd8,0x48,500
0xd8,0x49,524
0xd8,0x4a,526
0xd8,0x4b,486
0xd8,0x4c,514
0xd8,0x4d,494
0xd8,0x4e,506
0xd8,0x4f,500
0xd8,0x50,500
0xd8,0x51,536
0xd8,0x52,508
0xd8,0x53,514
0xd8,0x54,490
0xd8,0x55,524
0xd8,0x56,496
0xd8,0x57,500
0xd8,0x58,538
0xd8,0x59,554
0xd8,0x5a,496
0xd8,0x5b,534
0xd8,0x5c,530
0xd8,0x5d,502
0xd8,0x5e,548
0xd8,0x5f,546
0xd8,0x60,494
0xd8,0x61,598
0xd8,0x62,498
0xd8,0x63,522
0xd8,0x64,536
0xd8,0x65,518
0xd8,0x66,488
0xd8,0x67,568
0xd8,0x68,496
0xd8,0x69,496
0xd8,0x6a,532
0xd8,0x6b,546
0xd8,0x6c,480
0xd8,0x6d,492
0xd8,0x6e,512
0xd8,0x6f,526
0xd8,0x70,486
0xd8,0x71,514
0xd8,0x72,492
0xd8,0x73,512
0xd8,0x74,516
0xd8,0x75,496
0xd8,0x76,504
0xd8,0x77,518
0xd8,0x78,498
0xd8,0x79,520
0xd8,0x7a,516
0xd8,0x7b,510
0xd8,0x7c,524
0xd8,0x7d,548
0xd8,0x7e,522
0xd8,0x7f,498
0xd8,0x80,534
0xd8,0x81,498
0xd8,0x82,530
0xd8,0x83,504
0xd8,0x84,514
0xd8,0x85,572
0xd8,0x86,512
0xd8,0x87,494
0xd8,0x88,522
0xd8,0x89,504
0xd8,0x8a,536
0xd8,0x8b,464
0xd8,0x8c,484
0xd8,0x8d,506
0xd8,0x8e,504
0xd8,0x8f,524
0xd8,0x90,498
0xd8,0x91,530
0xd8,0x92,494
0xd8,0x93,482
0xd8,0x94,508
0xd8,0x95,488
0xd8,0x96,514
0xd8,0x97,522
0xd8,0x98,498
0xd8,0x99,486
0xd8,0x9a,472
0xd8,0x9b,514
0xd8,0x9c,490
0xd8,0x9d,526
0xd8,0x9e,504
0xd8,0x9f,492
0xd8,0xa0,484
0xd8,0xa1,542
0xd8,0xa2,522
0xd8,0xa3,518
0xd8,0xa4,576
0xd8,0xa5,520
0xd8,0xa6,508
0xd8,0xa7,548
0xd8,0xa8,518
0xd8,0xa9,484
0xd8,0xaa,498
0xd8,0xab,508
0xd8,0xac,522
0xd8,0xad,518
0xd8,0xae,530
0xd8,0xaf,548
0xd8,0xb0,504
0xd8,0xb1,502
0xd8,0xb2,530
0xd8,0xb3,472
0xd8,0xb4,492
0xd8,0xb5,486
0xd8,0xb6,468
0xd8,0xb7,512
0xd8,0xb8,482
0xd8,0xb9,546
0xd8,0xba,494
0xd8,0xbb,518
0xd8,0xbc,498
0xd8,0xbd,580
0xd8,0xbe,478
0xd8,0xbf,530
0xd8,0xc0,520
0xd8,0xc1,494
0xd8,0xc2,508
0xd8,0xc3,510
0xd8,0xc4,540
0xd8,0xc5,488
0xd8,0xc6,522
0xd8,0xc7,520
0xd8,0xc8,528
0xd8,0xc9,462
0xd8,0xca,566
0xd8,0xcb,534
0xd8,0xcc,528
0xd8,0xcd,480
0xd8,0xce,488
0xd8,0xcf,482
0xd8,0xd0,518
0xd8,0xd1,512
0xd8,0xd2,548
0xd8,0xd3,504
0xd8,0xd4,516
0xd8,0xd5,506
0xd8,0xd6,458
0xd8,0xd7,508
0xd8,0xd8,584
0xd8,0xd9,486
0xd8,0xda,500
0xd8,0xdb,524
0xd8,0xdc,528
0xd8,0xdd,506
0xd8,0xde,512
0xd8,0xdf,508
0xd8,0xe0,558
0xd8,0xe1,516
0xd8,0xe2,530
0xd8,0xe3,516
0xd8,0xe4,512
0xd8,0xe5,510
0xd8,0xe6,480
0xd8,0xe7,486
0xd8,0xe8,544
0xd8,0xe9,532
0xd8,0xea,494
0xd8,0xeb,502
0xd8,0xec,480
0xd8,0xed,510
0xd8,0xee,508
0xd8,0xef,534
0xd8,0xf0,522
0xd8,0xf1,536
0xd8,0xf2,528
0xd8,0xf3,486
0xd8,0xf4,512
0xd8,0xf5,496
0xd8,0xf6,524
0xd8,0xf7,518
0xd8,0xf8,492
0xd8,0xf9,546
0xd8,0xfa,472
0xd8,0xfb,526
0xd8,0xfc,532
0xd8,0xfd,530
0xd8,0xfe,516
0xd8,0xff,508
0xd9,0x00,256
0xd9,0x01,488
0xd9,0x02,476
0xd9,0x03,550
0xd9,0x04,490
0xd9,0x05,528
0xd9,0x06,566
0xd9,0x07,498
0xd9,0x08,514
0xd9,0x09,470
0xd9,0x0a,488
0xd9,0x0b,568
0xd9,0x0c,484
0xd9,0x0d,504
0xd9,0x0e,500
0xd9,0x0f,518
0xd9,0x10,532
0xd9,0x11,526
0xd9,0x12,520
0xd9,0x13,486
0xd9,0x14,508
0xd9,0x15,476
0xd9,0x16,506
0xd9,0x17,484
0xd9,0x18,476
0xd9,0x19,500
0xd9,0x1a,500
0xd9,0x1b,462
0xd9,0x1c,540
0xd9,0x1d,490
0xd9,0x1e,488
0xd9,0x1f,512
0xd9,0x20,504
0xd9,0x21,578
0xd9,0x22,532
0xd9,0x23,510
0xd9,0x24,604
0xd9,0x25,494
0xd9,0x26,462
0xd9,0x27,518
0xd9,0x28,474
0xd9,0x29,502
0xd9,0x2a,494
0xd9,0x2b,532
0xd9,0x2c,498
0xd9,0x2d,496
0xd9,0x2e,506
0xd9,0x2f,436
0xd9,0x30,540
0xd9,0x31,506
0xd9,0x32,502
0xd9,0x33,512
0xd9,0x34,574
0xd9,0x35,554
0xd9,0x36,650
0xd9,0x37,478
0xd9,0x38,530
0xd9,0x39,502
0xd9,0x3a,508
0xd9,0x3b,548
0xd9,0x3c,516
0xd9,0x3d,512
0xd9,0x3e,496
0xd9,0x3f,482
0xd9,0x40,514
0xd9,0x41,522
0xd9,0x42,500
0xd9,0x43,476
0xd9,0x44,526
0xd9,0x45,492
0xd9,0x46,506
0xd9,0x47,500
0xd9,0x48,500
0xd9,0x49,514
0xd9,0x4a,514
0xd9,0x4b,492
0xd9,0x4c,490
0xd9,0x4d,502
0xd9,0x4e,564
0xd9,0x4f,488
0xd9,0x50,512
0xd9,0x51,502
0xd9,0x52,532
0xd9,0x53,470
0xd9,0x54,534
0xd9,0x55,510
0xd9,0x56,502
0xd9,0x57,534
0xd9,0x58,470
0xd9,0x59,536
0xd9,0x5a,572
0xd9,0x5b,484
0xd9,0x5c,502
0xd9,0x5d,486
0xd9,0x5e,508
0xd9,0x5f,486
0xd9,0x60,504
0xd9,0x61,518
0xd9,0x62,566
0xd9,0x63,534
0xd9,0x64,528
0xd9,0x65,546
0xd9,0x66,508
0xd9,0x67,504
0xd9,0x68,542
0xd9,0x69,488
0xd9,0x6a,588
0xd9,0x6b,504
0xd9,0x6c,562
0xd9,0x6d,516
0xd9,0x6e,486
0xd9,0x6f,492
0xd9,0x70,504
0xd9,0x71,506
0xd9,0x72,528
0xd9,0x73,512
0xd9,0x74,504
0xd9,0x75,540
0xd9,0x76,514
0xd9,0x77,468
0xd9,0x78,500
0xd9,0x79,506
0xd9,0x7a,564
0xd9,0x7b,492
0xd9,0x7c,486
0xd9,0x7d,492
0xd9,0x7e,500
0xd9,0x7f,562
0xd9,0x80,516
0xd9,0x81,500
0xd9,0x82,494
0xd9,0x83,492
0xd9,0x84,510
0xd9,0x85,506
0xd9,0x86,518
0xd9,0x87,498
0xd9,0x88,518
0xd9,0x89,518
0xd9,0x8a,550
0xd9,0x8b,492
0xd9,0x8c,532
0xd9,0x8d,528
0xd9,0x8e,526
0xd9,0x8f,554
0xd9,0x90,538
0xd9,0x91,476
0xd9,0x92,462
0xd9,0x93,534
0xd9,0x94,456
0xd9,0x95,544
0xd9,0x96,516
0xd9,0x97,516
0xd9,0x98,502
0xd9,0x99,476
0xd9,0x9a,526
0xd9,0x9b,500
0xd9,0x9c,506
0xd9,0x9d,542
0xd9,0x9e,500
0xd9,0x9f,520
0xd9,0xa0,508
0xd9,0xa1,484
0xd9,0xa2,516
0xd9,0xa3,486
0xd9,0xa4,490
0xd9,0xa5,482
0xd9,0xa6,506
0xd9,0xa7,516
0xd9,0xa8,526
0xd9,0xa9,500
0xd9,0xaa,484
0xd9,0xab,520
0xd9,0xac,496
0xd9,0xad,468
0xd9,0xae,538
0xd9,0xaf,522
0xd9,0xb0,486
0xd9,0xb1,524
0xd9,0xb2,494
0xd9,0xb3,528
0xd9,0xb4,502
0xd9,0xb5,516
0xd9,0xb6,542
0xd9,0xb7,542
0xd9,0xb8,522
0xd9,0xb9,524
0xd9,0xba,468
0xd9,0xbb,552
0xd9,0xbc,528
0xd9,0xbd,506
0xd9,0xbe,526
0xd9,0xbf,482
0xd9,0xc0,502
0xd9,0xc1,514
0xd9,0xc2,500
0xd9,0xc3,536
0xd9,0xc4,462
0xd9,0xc5,470
0xd9,0xc6,544
0xd9,0xc7,548
0xd9,0xc8,496
0xd9,0xc9,576
0xd9,0xca,494
0xd9,0xcb,492
0xd9,0xcc,478
0xd9,0xcd,492
0xd9,0xce,522
0xd9,0xcf,502
0xd9,0xd0,528
0xd9,0xd1,524
0xd9,0xd2,556
0xd9,0xd3,506
0xd9,0xd4,502
0xd9,0xd5,502
0xd9,0xd6,488
0xd9,0xd7,496
0xd9,0xd8,482
0xd9,0xd9,496
0xd9,0xda,494
0xd9,0xdb,498
0xd9,0xdc,528
0xd9,0xdd,478
0xd9,0xde,482
0xd9,0xdf,516
0xd9,0xe0,508
0xd9,0xe1,516
0xd9,0xe2,498
0xd9,0xe3,526
0xd9,0xe4,484
0xd9,0xe5,524
0xd9,0xe6,500
0xd9,0xe7,494
0xd9,0xe8,500
0xd9,0xe9,476
0xd9,0xea,468
0xd9,0xeb,496
0xd9,0xec,540
0xd9,0xed,530
0xd9,0xee,506
0xd9,0xef,512
0xd9,0xf0,520
0xd9,0xf1,532
0xd9,0xf2,494
0xd9,0xf3,510
0xd9,0xf4,544
0xd9,0xf5,530
0xd9,0xf6,510
0xd9,0xf7,518
0xd9,0xf8,520
0xd9,0xf9,502
0xd9,0xfa,552
0xd9,0xfb,492
0xd9,0xfc,508
0xd9,0xfd,538
0xd9,0xfe,490
0xd9,0xff,510
0xda,0x00,256
0xda,0x01,500
0xda,0x02,412
0xda,0x03,468
0xda,0x04,474
0xda,0x05,492
0xda,0x06,474
0xda,0x07,496
0xda,0x08,484
0xda,0x09,474
0xda,0x0a,524
0xda,0x0b,540
0xda,0x0c,502
0xda,0x0d,508
0xda,0x0e,494
0xda,0x0f,514
0xda,0x10,508
0xda,0x11,512
0xda,0x12,406
0xda,0x13,492
0xda,0x14,482
0xda,0x15,474
0xda,0x16,432
0xda,0x17,474
0xda,0x18,516
0xda,0x19,530
0xda,0x1a,496
0xda,0x1b,522
0xda,0x1c,576
0xda,0x1d,514
0xda,0x1e,506
0xda,0x1f,524
0xda,0x20,492
0xda,0x21,494
0xda,0x22,440
0xda,0x23,506
0xda,0x24,588
0xda,0x25,526
0xda,0x26,388
0xda,0x27,488
0xda,0x28,516
0xda,0x29,482
0xda,0x2a,512
0xda,0x2b,504
0xda,0x2c,510
0xda,0x2d,514
0xda,0x2e,458
0xda,0x2f,504
0xda,0x30,630
0xda,0x31,504
0xda,0x32,484
0xda,0x33,508
0xda,0x34,460
0xda,0x35,504
0xda,0x36,488
0xda,0x37,528
0xda,0x38,496
0xda,0x39,514
0xda,0x3a,582
0xda,0x3b,528
0xda,0x3c,540
0xda,0x3d,492
0xda,0x3e,556
0xda,0x3f,510
0xda,0x40,516
0xda,0x41,516
0xda,0x42,506
0xda,0x43,496
0xda,0x44,520
0xda,0x45,474
0xda,0x46,532
0xda,0x47,508
0xda,0x48,482
0xda,0x49,462
0xda,0x4a,502
0xda,0x4b,514
0xda,0x4c,512
0xda,0x4d,510
0xda,0x4e,508
0xda,0x4f,496
0xda,0x50,504
0xda,0x51,498
0xda,0x52,504
0xda,0x53,524
0xda,0x54,504
0xda,0x55,530
0xda,0x56,506
0xda,0x57,522
0xda,0x58,590
0xda,0x59,498
0xda,0x5a,502
0xda,0x5b,506
0xda,0x5c,522
0xda,0x5d,524
0xda,0x5e,520
0xda,0x5f,476
0xda,0x60,456
0xda,0x61,522
0xda,0x62,498
0xda,0x63,502
0xda,0x64,494
0xda,0x65,498
0xda,0x66,480
0xda,0x67,504
0xda,0x68,566
0xda,0x69,524
0xda,0x6a,532
0xda,0x6b,534
0xda,0x6c,558
0xda,0x6d,498
0xda,0x6e,462
0xda,0x6f,532
0xda,0x70,502
0xda,0x71,520
0xda,0x72,510
0xda,0x73,490
0xda,0x74,542
0xda,0x75,542
0xda,0x76,474
0xda,0x77,548
0xda,0x78,526
0xda,0x79,492
0xda,0x7a,488
0xda,0x7b,502
0xda,0x7c,474
0xda,0x7d,518
0xda,0x7e,514
0xda,0x7f,514
0xda,0x80,528
0xda,0x81,494
0xda,0x82,544
0xda,0x83,498
0xda,0x84,494
0xda,0x85,488
0xda,0x86,506
0xda,0x87,574
0xda,0x88,544
0xda,0x89,488
0xda,0x8a,470
0xda,0x8b,532
0xda,0x8c,550
0xda,0x8d,520
0xda,0x8e,468
0xda,0x8f,572
0xda,0x90,496
0xda,0x91,456
0xda,0x92,486
0xda,0x93,482
0xda,0x94,506
0xda,0x95,504
0xda,0x96,510
0xda,0x97,566
0xda,0x98,476
0xda,0x99,504
0xda,0x9a,536
0xda,0x9b,494
0xda,0x9c,508
0xda,0x9d,508
0xda,0x9e,500
0xda,0x9f,500
0xda,0xa0,506
0xda,0xa1,532
0xda,0xa2,514
0xda,0xa3,552
0xda,0xa4,494
0xda,0xa5,462
0xda,0xa6,506
0xda,0xa7,498
0xda,0xa8,516
0xda,0xa9,516
0xda,0xaa,498
0xda,0xab,508
0xda,0xac,500
0xda,0xad,498
0xda,0xae,492
0xda,0xaf,484
0xda,0xb0,504
0xda,0xb1,500
0xda,0xb2,492
0xda,0xb3,542
0xda,0xb4,500
0xda,0xb5,520
0xda,0xb6,502
0xda,0xb7,498
0xda,0xb8,550
0xda,0xb9,540
0xda,0xba,510
0xda,0xbb,478
0xda,0xbc,532
0xda,0xbd,512
0xda,0xbe,504
0xda,0xbf,494
0xda,0xc0,516
0xda,0xc1,492
0xda,0xc2,492
0xda,0xc3,520
0xda,0xc4,524
0xda,0xc5,516
0xda,0xc6,526
0xda,0xc7,514
0xda,0xc8,516
0xda,0xc9,542
0xda,0xca,486
0xda,0xcb,498
0xda,0xcc,496
0xda,0xcd,498
0xda,0xce,502
0xda,0xcf,496
0xda,0xd0,508
0xda,0xd1,508
0xda,0xd2,534
0xda,0xd3,510
0xda,0xd4,518
0xda,0xd5,460
0xda,0xd6,562
0xda,0xd7,470
0xda,0xd8,500
0xda,0xd9,476
0xda,0xda,490
0xda,0xdb,524
0xda,0xdc,570
0xda,0xdd,500
0xda,0xde,502
0xda,0xdf,526
0xda,0xe0,544
0xda,0xe1,546
0xda,0xe2,508
0xda,0xe3,538
0xda,0xe4,442
0xda,0xe5,500
0xda,0xe6,524
0xda,0xe7,538
0xda,0xe8,488
0xda,0xe9,544
0xda,0xea,520
0xda,0xeb,528
0xda,0xec,496
0xda,0xed,544
0xda,0xee,502
0xda,0xef,540
0xda,0xf0,504
0xda,0xf1,496
0xda,0xf2,540
0xda,0xf3,532
0xda,0xf4,494
0xda,0xf5,518
0xda,0xf6,486
0xda,0xf7,522
0xda,0xf8,526
0xda,0xf9,500
0xda,0xfa,508
0xda,0xfb,510
0xda,0xfc,516
0xda,0xfd,464
0xda,0xfe,476
0xda,0xff,464
0xdb,0x00,256
0xdb,0x01,520
0xdb,0x02,598
0xdb,0x03,490
0xdb,0x04,596
0xdb,0x05,524
0xdb,0x06,526
0xdb,0x07,544
0xdb,0x08,532
0xdb,0x09,538
0xdb,0x0a,482
0xdb,0x0b,530
0xdb,0x0c,542
0xdb,0x0d,538
0xdb,0x0e,554
0xdb,0x0f,474
0xdb,0x10,522
0xdb,0x11,518
0xdb,0x12,392
0xdb,0x13,474
0xdb,0x14,560
0xdb,0x15,526
0xdb,0x16,538
0xdb,0x17,524
0xdb,0x18,552
0xdb,0x19,492
0xdb,0x1a,482
0xdb,0x1b,518
0xdb,0x1c,486
0xdb,0x1d,520
0xdb,0x1e,560
0xdb,0x1f,524
0xdb,0x20,550
0xdb,0x21,542
0xdb,0x22,556
0xdb,0x23,506
0xdb,0x24,890
0xdb,0x25,518
0xdb,0x26,376
0xdb,0x27,494
0xdb,0x28,552
0xdb,0x29,564
0xdb,0x2a,500
0xdb,0x2b,512
0xdb,0x2c,524
0xdb,0x2d,486
0xdb,0x2e,504
0xdb,0x2f,492
0xdb,0x30,538
0xdb,0x31,470
0xdb,0x32,494
0xdb,0x33,518
0xdb,0x34,462
0xdb,0x35,482
0xdb,0x36,632
0xdb,0x37,570
0xdb,0x38,506
0xdb,0x39,506
0xdb,0x3a,504
0xdb,0x3b,536
0xdb,0x3c,530
0xdb,0x3d,492
0xdb,0x3e,506
0xdb,0x3f,540
0xdb,0x40,518
0xdb,0x41,508
0xdb,0x42,528
0xdb,0x43,498
0xdb,0x44,470
0xdb,0x45,480
0xdb,0x46,532
0xdb,0x47,470
0xdb,0x48,512
0xdb,0x49,540
0xdb,0x4a,504
0xdb,0x4b,472
0xdb,0x4c,528
0xdb,0x4d,538
0xdb,0x4e,518
0xdb,0x4f,474
0xdb,0x50,548
0xdb,0x51,582
0xdb,0x52,516
0xdb,0x53,480
0xdb,0x54,506
0xdb,0x55,494
0xdb,0x56,518
0xdb,0x57,496
0xdb,0x58,498
0xdb,0x59,524
0xdb,0x5a,522
0xdb,0x5b,516
0xdb,0x5c,536
0xdb,0x5d,526
0xdb,0x5e,512
0xdb,0x5f,534
0xdb,0x60,560
0xdb,0x61,488
0xdb,0x62,502
0xdb,0x63,528
0xdb,0x64,490
0xdb,0x65,526
0xdb,0x66,504
0xdb,0x67,556
0xdb,0x68,504
0xdb,0x69,500
0xdb,0x6a,518
0xdb,0x6b,520
0xdb,0x6c,576
0xdb,0x6d,456
0xdb,0x6e,572
0xdb,0x6f,556
0xdb,0x70,480
0xdb,0x71,500
0xdb,0x72,550
0xdb,0x73,528
0xdb,0x74,524
0xdb,0x75,508
0xdb,0x76,524
0xdb,0x77,522
0xdb,0x78,524
0xdb,0x79,536
0xdb,0x7a,458
0xdb,0x7b,484
0xdb,0x7c,518
0xdb,0x7d,488
0xdb,0x7e,488
0xdb,0x7f,550
0xdb,0x80,464
0xdb,0x81,494
0xdb,0x82,510
0xdb,0x83,528
0xdb,0x84,518
0xdb,0x85,516
0xdb,0x86,514
0xdb,0x87,506
0xdb,0x88,504
0xdb,0x89,482
0xdb,0x8a,476
0xdb,0x8b,510
0xdb,0x8c,514
0xdb,0x8d,542
0xdb,0x8e,568
0xdb,0x8f,460
0xdb,0x90,554
0xdb,0x91,506
0xdb,0x92,540
0xdb,0x93,540
0xdb,0x94,526
0xdb,0x95,566
0xdb,0x96,480
0xdb,0x97,484
0xdb,0x98,508
0xdb,0x99,508
0xdb,0x9a,578
0xdb,0x9b,492
0xdb,0x9c,470
0xdb,0x9d,480
0xdb,0x9e,518
0xdb,0x9f,554
0xdb,0xa0,516
0xdb,0xa1,526
0xdb,0xa2,466
0xdb,0xa3,482
0xdb,0xa4,490
0xdb,0xa5,508
0xdb,0xa6,512
0xdb,0xa7,528
0xdb,0xa8,498
0xdb,0xa9,474
0xdb,0xaa,528
0xdb,0xab,512
0xdb,0xac,466
0xdb,0xad,476
0xdb,0xae,518
0xdb,0xaf,500
0xdb,0xb0,530
0xdb,0xb1,534
0xdb,0xb2,548
0xdb,0xb3,508
0xdb,0xb4,530
0xdb,0xb5,476
0xdb,0xb6,528
0xdb,0xb7,478
0xdb,0xb8,578
0xdb,0xb9,540
0xdb,0xba,498
0xdb,0xbb,526
0xdb,0xbc,522
0xdb,0xbd,494
0xdb,0xbe,534
0xdb,0xbf,496
0xdb,0xc0,482
0xdb,0xc1,554
0xdb,0xc2,538
0xdb,0xc3,470
0xdb,0xc4,492
0xdb,0xc5,526
0xdb,0xc6,506
0xdb,0xc7,508
0xdb,0xc8,508
0xdb,0xc9,498
0xdb,0xca,502
0xdb,0xcb,504
0xdb,0xcc,486
0xdb,0xcd,508
0xdb,0xce,480
0xdb,0xcf,538
0xdb,0xd0,518
0xdb,0xd1,528
0xdb,0xd2,494
0xdb,0xd3,552
0xdb,0xd4,526
0xdb,0xd5,514
0xdb,0xd6,542
0xdb,0xd7,502
0xdb,0xd8,504
0xdb,0xd9,554
0xdb,0xda,492
0xdb,0xdb,556
0xdb,0xdc,500
0xdb,0xdd,468
0xdb,0xde,538
0xdb,0xdf,530
0xdb,0xe0,542
0xdb,0xe1,554
0xdb,0xe2,488
0xdb,0xe3,464
0xdb,0xe4,558
0xdb,0xe5,502
0xdb,0xe6,504
0xdb,0xe7,548
0xdb,0xe8,520
0xdb,0xe9,482
0xdb,0xea,568
0xdb,0xeb,548
0xdb,0xec,504
0xdb,0xed,524
0xdb,0xee,486
0xdb,0xef,512
0xdb,0xf0,488
0xdb,0xf1,480
0xdb,0xf2,554
0xdb,0xf3,508
0xdb,0xf4,512
0xdb,0xf5,494
0xdb,0xf6,558
0xdb,0xf7,510
0xdb,0xf8,516
0xdb,0xf9,530
0xdb,0xfa,496
0xdb,0xfb,490
0xdb,0xfc,536
0xdb,0xfd,526
0xdb,0xfe,508
0xdb,0xff,478
0xdc,0x00,256
0xdc,0x01,502
0xdc,0x02,492
0xdc,0x03,502
0xdc,0x04,498
0xdc,0x05,486
0xdc,0x06,466
0xdc,0x07,486
0xdc,0x08,514
0xdc,0x09,476
0xdc,0x0a,492
0xdc,0x0b,480
0xdc,0x0c,490
0xdc,0x0d,550
0xdc,0x0e,506
0xdc,0x0f,480
0xdc,0x10,516
0xdc,0x11,500
0xdc,0x12,404
0xdc,0x13,482
0xdc,0x14,480
0xdc,0x15,472
0xdc,0x16,538
0xdc,0x17,504
0xdc,0x18,520
0xdc,0x19,486
0xdc,0x1a,524
0xdc,0x1b,496
0xdc,0x1c,556
0xdc,0x1d,512
0xdc,0x1e,510
0xdc,0x1f,502
0xdc,0x20,536
0xdc,0x21,488
0xdc,0x22,508
0xdc,0x23,498
0xdc,0x24,426
0xdc,0x25,496
0xdc,0x26,510
0xdc,0x27,496
0xdc,0x28,512
0xdc,0x29,484
0xdc,0x2a,520
0xdc,0x2b,514
0xdc,0x2c,506
0xdc,0x2d,496
0xdc,0x2e,474
0xdc,0x2f,480
0xdc,0x30,568
0xdc,0x31,486
0xdc,0x32,528
0xdc,0x33,514
0xdc,0x34,464
0xdc,0x35,510
0xdc,0x36,436
0xdc,0x37,510
0xdc,0x38,516
0xdc,0x39,490
0xdc,0x3a,514
0xdc,0x3b,524
0xdc,0x3c,500
0xdc,0x3d,480
0xdc,0x3e,532
0xdc,0x3f,506
0xdc,0x40,542
0xdc,0x41,486
0xdc,0x42,508
0xdc,0x43,460
0xdc,0x44,528
0xdc,0x45,466
0xdc,0x46,522
0xdc,0x47,496
0xdc,0x48,494
0xdc,0x49,496
0xdc,0x4a,490
0xdc,0x4b,502
0xdc,0x4c,508
0xdc,0x4d,488
0xdc,0x4e,508
0xdc,0x4f,482
0xdc,0x50,494
0xdc,0x51,508
0xdc,0x52,568
0xdc,0x53,524
0xdc,0x54,480
0xdc,0x55,518
0xdc,0x56,520
0xdc,0x57,552
0xdc,0x58,528
0xdc,0x59,550
0xdc,0x5a,480
0xdc,0x5b,548
0xdc,0x5c,504
0xdc,0x5d,526
0xdc,0x5e,510
0xdc,0x5f,488
0xdc,0x60,528
0xdc,0x61,486
0xdc,0x62,490
0xdc,0x63,546
0xdc,0x64,526
0xdc,0x65,484
0xdc,0x66,508
0xdc,0x67,506
0xdc,0x68,542
0xdc,0x69,524
0xdc,0x6a,512
0xdc,0x6b,492
0xdc,0x6c,486
0xdc,0x6d,548
0xdc,0x6e,512
0xdc,0x6f,490
0xdc,0x70,540
0xdc,0x71,486
0xdc,0x72,476
0xdc,0x73,500
0xdc,0x74,450
0xdc,0x75,494
0xdc,0x76,516
0xdc,0x77,470
0xdc,0x78,478
0xdc,0x79,504
0xdc,0x7a,560
0xdc,0x7b,498
0xdc,0x7c,512
0xdc,0x7d,488
0xdc,0x7e,536
0xdc,0x7f,470
0xdc,0x80,470
0xdc,0x81,546
0xdc,0x82,522
0xdc,0x83,504
0xdc,0x84,498
0xdc,0x85,516
0xdc,0x86,540
0xdc,0x87,492
0xdc,0x88,546
0xdc,0x89,556
0xdc,0x8a,540
0xdc,0x8b,530
0xdc,0x8c,448
0xdc,0x8d,460
0xdc,0x8e,502
0xdc,0x8f,518
0xdc,0x90,460
0xdc,0x91,496
0xdc,0x92,496
0xdc,0x93,510
0xdc,0x94,544
0xdc,0x95,524
0xdc,0x96,498
0xdc,0x97,532
0xdc,0x98,526
0xdc,0x99,528
0xdc,0x9a,508
0xdc,0x9b,526
0xdc,0x9c,506
0xdc,0x9d,496
0xdc,0x9e,518
0xdc,0x9f,496
0xdc,0xa0,528
0xdc,0xa1,524
0xdc,0xa2,500
0xdc,0xa3,566
0xdc,0xa4,482
0xdc,0xa5,476
0xdc,0xa6,508
0xdc,0xa7,490
0xdc,0xa8,508
0xdc,0xa9,500
0xdc,0xaa,540
0xdc,0xab,484
0xdc,0xac,502
0xdc,0xad,516
0xdc,0xae,492
0xdc,0xaf,486
0xdc,0xb0,490
0xdc,0xb1,524
0xdc,0xb2,506
0xdc,0xb3,470
0xdc,0xb4,512
0xdc,0xb5,494
0xdc,0xb6,514
0xdc,0xb7,490
0xdc,0xb8,504
0xdc,0xb9,522
0xdc,0xba,498
0xdc,0xbb,528
0xdc,0xbc,522
0xdc,0xbd,506
0xdc,0xbe,516
0xdc,0xbf,560
0xdc,0xc0,514
0xdc,0xc1,506
0xdc,0xc2,516
0xdc,0xc3,562
0xdc,0xc4,498
0xdc,0xc5,530
0xdc,0xc6,538
0xdc,0xc7,510
0xdc,0xc8,498
0xdc,0xc9,466
0xdc,0xca,512
0xdc,0xcb,490
0xdc,0xcc,546
0xdc,0xcd,492
0xdc,0xce,546
0xdc,0xcf,556
0xdc,0xd0,510
0xdc,0xd1,544
0xdc,0xd2,488
0xdc,0xd3,512
0xdc,0xd4,494
0xdc,0xd5,518
0xdc,0xd6,470
0xdc,0xd7,450
0xdc,0xd8,550
0xdc,0xd9,512
0xdc,0xda,496
0xdc,0xdb,540
0xdc,0xdc,472
0xdc,0xdd,508
0xdc,0xde,526
0xdc,0xdf,476
0xdc,0xe0,506
0xdc,0xe1,510
0xdc,0xe2,532
0xdc,0xe3,486
0xdc,0xe4,504
0xdc,0xe5,502
0xdc,0xe6,524
0xdc,0xe7,544
0xdc,0xe8,486
0xdc,0xe9,512
0xdc,0xea,482
0xdc,0xeb,492
0xdc,0xec,492
0xdc,0xed,534
0xdc,0xee,542
0xdc,0xef,534
0xdc,0xf0,516
0xdc,0xf1,566
0xdc,0xf2,512
0xdc,0xf3,470
0xdc,0xf4,528
0xdc,0xf5,520
0xdc,0xf6,492
0xdc,0xf7,494
0xdc,0xf8,550
0xdc,0xf9,490
0xdc,0xfa,530
0xdc,0xfb,532
0xdc,0xfc,480
0xdc,0xfd,514
0xdc,0xfe,496
0xdc,0xff,576
0xdd,0x00,256
0xdd,0x01,456
0xdd,0x02,482
0xdd,0x03,502
0xdd,0x04,536
0xdd,0x05,490
0xdd,0x06,586
0xdd,0x07,490
0xdd,0x08,520
0xdd,0x09,476
0xdd,0x0a,506
0xdd,0x0b,504
0xdd,0x0c,524
0xdd,0x0d,492
0xdd,0x0e,514
0xdd,0x0f,506
0xdd,0x10,520
0xdd,0x11,500
0xdd,0x12,448
0xdd,0x13,492
0xdd,0x14,546
0xdd,0x15,528
0xdd,0x16,478
0xdd,0x17,496
0xdd,0x18,532
0xdd,0x19,524
0xdd,0x1a,520
0xdd,0x1b,542
0xdd,0x1c,492
0xdd,0x1d,450
0xdd,0x1e,488
0xdd,0x1f,548
0xdd,0x20,486
0xdd,0x21,484
0xdd,0x22,486
0xdd,0x23,514
0xdd,0x24,622
0xdd,0x25,538
0xdd,0x26,430
0xdd,0x27,540
0xdd,0x28,522
0xdd,0x29,480
0xdd,0x2a,502
0xdd,0x2b,502
0xdd,0x2c,526
0xdd,0x2d,538
0xdd,0x2e,498
0xdd,0x2f,524
0xdd,0x30,470
0xdd,0x31,474
0xdd,0x32,470
0xdd,0x33,516
0xdd,0x34,496
0xdd,0x35,536
0xdd,0x36,506
0xdd,0x37,484
0xdd,0x38,542
0xdd,0x39,548
0xdd,0x3a,540
0xdd,0x3b,468
0xdd,0x3c,498
0xdd,0x3d,454
0xdd,0x3e,552
0xdd,0x3f,548
0xdd,0x40,466
0xdd,0x41,514
0xdd,0x42,528
0xdd,0x43,516
0xdd,0x44,520
0xdd,0x45,482
0xdd,0x46,544
0xdd,0x47,502
0xdd,0x48,550
0xdd,0x49,514
0xdd,0x4a,542
0xdd,0x4b,466
0xdd,0x4c,488
0xdd,0x4d,498
0xdd,0x4e,548
0xdd,0x4f,514
0xdd,0x50,482
0xdd,0x51,520
0xdd,0x52,506
0xdd,0x53,506
0xdd,0x54,524
0xdd,0x55,516
0xdd,0x56,524
0xdd,0x57,560
0xdd,0x58,466
0xdd,0x59,500
0xdd,0x5a,524
0xdd,0x5b,512
0xdd,0x5c,520
0xdd,0x5d,500
0xdd,0x5e,492
0xdd,0x5f,514
0xdd,0x60,506
0xdd,0x61,554
0xdd,0x62,488
0xdd,0x63,520
0xdd,0x64,488
0xdd,0x65,526
0xdd,0x66,530
0xdd,0x67,510
0xdd,0x68,516
0xdd,0x69,538
0xdd,0x6a,484
0xdd,0x6b,524
0xdd,0x6c,534
0xdd,0x6d,498
0xdd,0x6e,502
0xdd,0x6f,492
0xdd,0x70,494
0xdd,0x71,462
0xdd,0x72,536
0xdd,0x73,540
0xdd,0x74,478
0xdd,0x75,524
0xdd,0x76,526
0xdd,0x77,460
0xdd,0x78,506
0xdd,0x79,482
0xdd,0x7a,510
0xdd,0x7b,514
0xdd,0x7c,530
0xdd,0x7d,458
0xdd,0x7e,492
0xdd,0x7f,498
0xdd,0x80,500
0xdd,0x81,572
0xdd,0x82,500
0xdd,0x83,560
0xdd,0x84,494
0xdd,0x85,532
0xdd,0x86,512
0xdd,0x87,472
0xdd,0x88,498
0xdd,0x89,542
0xdd,0x8a,494
0xdd,0x8b,536
0xdd,0x8c,454
0xdd,0x8d,534
0xdd,0x8e,540
0xdd,0x8f,514
0xdd,0x90,490
0xdd,0x91,474
0xdd,0x92,504
0xdd,0x93,506
0xdd,0x94,538
0xdd,0x95,470
0xdd,0x96,502
0xdd,0x97,482
0xdd,0x98,488
0xdd,0x99,478
0xdd,0x9a,544
0xdd,0x9b,544
0xdd,0x9c,518
0xdd,0x9d,524
0xdd,0x9e,516
0xdd,0x9f,482
0xdd,0xa0,496
0xdd,0xa1,482
0xdd,0xa2,452
0xdd,0xa3,476
0xdd,0xa4,502
0xdd,0xa5,506
0xdd,0xa6,542
0xdd,0xa7,488
0xdd,0xa8,484
0xdd,0xa9,530
0xdd,0xaa,498
0xdd,0xab,474
0xdd,0xac,512
0xdd,0xad,492
0xdd,0xae,528
0xdd,0xaf,504
0xdd,0xb0,522
0xdd,0xb1,514
0xdd,0xb2,500
0xdd,0xb3,486
0xdd,0xb4,520
0xdd,0xb5,522
0xdd,0xb6,582
0xdd,0xb7,620
0xdd,0xb8,494
0xdd,0xb9,482
0xdd,0xba,474
0xdd,0xbb,512
0xdd,0xbc,524
0xdd,0xbd,534
0xdd,0xbe,474
0xdd,0xbf,524
0xdd,0xc0,532
0xdd,0xc1,534
0xdd,0xc2,534
0xdd,0xc3,506
0xdd,0xc4,520
0xdd,0xc5,518
0xdd,0xc6,516
0xdd,0xc7,512
0xdd,0xc8,512
0xdd,0xc9,530
0xdd,0xca,480
0xdd,0xcb,458
0xdd,0xcc,524
0xdd,0xcd,534
0xdd,0xce,478
0xdd,0xcf,516
0xdd,0xd0,498
0xdd,0xd1,478
0xdd,0xd2,508
0xdd,0xd3,534
0xdd,0xd4,498
0xdd,0xd5,504
0xdd,0xd6,480
0xdd,0xd7,512
0xdd,0xd8,514
0xdd,0xd9,508
0xdd,0xda,502
0xdd,0xdb,496
0xdd,0xdc,510
0xdd,0xdd,558
0xdd,0xde,510
0xdd,0xdf,506
0xdd,0xe0,496
0xdd,0xe1,534
0xdd,0xe2,500
0xdd,0xe3,496
0xdd,0xe4,462
0xdd,0xe5,524
0xdd,0xe6,498
0xdd,0xe7,548
0xdd,0xe8,508
0xdd,0xe9,482
0xdd,0xea,570
0xdd,0xeb,490
0xdd,0xec,480
0xdd,0xed,504
0xdd,0xee,514
0xdd,0xef,474
0xdd,0xf0,532
0xdd,0xf1,544
0xdd,0xf2,534
0xdd,0xf3,540
0xdd,0xf4,522
0xdd,0xf5,500
0xdd,0xf6,522
0xdd,0xf7,506
0xdd,0xf8,502
0xdd,0xf9,500
0xdd,0xfa,490
0xdd,0xfb,538
0xdd,0xfc,460
0xdd,0xfd,502
0xdd,0xfe,486
0xdd,0xff,514
0xde,0x00,256
0xde,0x01,502
0xde,0x02,456
0xde,0x03,476
0xde,0x04,556
0xde,0x05,512
0xde,0x06,498
0xde,0x07,512
0xde,0x08,504
0xde,0x09,514
0xde,0x0a,488
0xde,0x0b,508
0xde,0x0c,506
0xde,0x0d,520
0xde,0x0e,582
0xde,0x0f,500
0xde,0x10,480
0xde,0x11,510
0xde,0x12,468
0xde,0x13,512
0xde,0x14,592
0xde,0x15,470
0xde,0x16,508
0xde,0x17,502
0xde,0x18,496
0xde,0x19,486
0xde,0x1a,488
0xde,0x1b,518
0xde,0x1c,534
0xde,0x1d,514
0xde,0x1e,504
0xde,0x1f,496
0xde,0x20,570
0xde,0x21,510
0xde,0x22,616
0xde,0x23,478
0xde,0x24,468
0xde,0x25,520
0xde,0x26,388
0xde,0x27,506
0xde,0x28,536
0xde,0x29,488
0xde,0x2a,504
0xde,0x2b,536
0xde,0x2c,520
0xde,0x2d,506
0xde,0x2e,516
0xde,0x2f,540
0xde,0x30,394
0xde,0x31,496
0xde,0x32,512
0xde,0x33,512
0xde,0x34,454
0xde,0x35,482
0xde,0x36,472
0xde,0x37,514
0xde,0x38,524
0xde,0x39,496
0xde,0x3a,524
0xde,0x3b,504
0xde,0x3c,504
0xde,0x3d,480
0xde,0x3e,542
0xde,0x3f,506
0xde,0x40,542
0xde,0x41,518
0xde,0x42,534
0xde,0x43,512
0xde,0x44,480
0xde,0x45,496
0xde,0x46,528
0xde,0x47,518
0xde,0x48,512
0xde,0x49,512
0xde,0x4a,514
0xde,0x4b,490
0xde,0x4c,506
0xde,0x4d,476
0xde,0x4e,482
0xde,0x4f,510
0xde,0x50,492
0xde,0x51,468
0xde,0x52,474
0xde,0x53,520
0xde,0x54,494
0xde,0x55,474
0xde,0x56,548
0xde,0x57,466
0xde,0x58,520
0xde,0x59,492
0xde,0x5a,470
0xde,0x5b,534
0xde,0x5c,506
0xde,0x5d,462
0xde,0x5e,542
0xde,0x5f,502
0xde,0x60,458
0xde,0x61,512
0xde,0x62,492
0xde,0x63,494
0xde,0x64,514
0xde,0x65,522
0xde,0x66,516
0xde,0x67,566
0xde,0x68,502
0xde,0x69,484
0xde,0x6a,514
0xde,0x6b,514
0xde,0x6c,546
0xde,0x6d,528
0xde,0x6e,490
0xde,0x6f,460
0xde,0x70,532
0xde,0x71,486
0xde,0x72,478
0xde,0x73,522
0xde,0x74,534
0xde,0x75,528
0xde,0x76,522
0xde,0x77,454
0xde,0x78,532
0xde,0x79,558
0xde,0x7a,498
0xde,0x7b,518
0xde,0x7c,480
0xde,0x7d,552
0xde,0x7e,526
0xde,0x7f,518
0xde,0x80,498
0xde,0x81,536
0xde,0x82,530
0xde,0x83,508
0xde,0x84,514
0xde,0x85,516
0xde,0x86,514
0xde,0x87,470
0xde,0x88,490
0xde,0x89,510
0xde,0x8a,502
0xde,0x8b,528
0xde,0x8c,554
0xde,0x8d,510
0xde,0x8e,546
0xde,0x8f,508
0xde,0x90,516
0xde,0x91,518
0xde,0x92,472
0xde,0x93,512
0xde,0x94,502
0xde,0x95,502
0xde,0x96,520
0xde,0x97,522
0xde,0x98,486
0xde,0x99,494
0xde,0x9a,502
0xde,0x9b,518
0xde,0x9c,502
0xde,0x9d,512
0xde,0x9e,500
0xde,0x9f,488
0xde,0xa0,530
0xde,0xa1,512
0xde,0xa2,546
0xde,0xa3,504
0xde,0xa4,478
0xde,0xa5,494
0xde,0xa6,490
0xde,0xa7,526
0xde,0xa8,496
0xde,0xa9,574
0xde,0xaa,468
0xde,0xab,524
0xde,0xac,536
0xde,0xad,510
0xde,0xae,508
0xde,0xaf,554
0xde,0xb0,518
0xde,0xb1,514
0xde,0xb2,508
0xde,0xb3,522
0xde,0xb4,518
0xde,0xb5,450
0xde,0xb6,478
0xde,0xb7,516
0xde,0xb8,504
0xde,0xb9,498
0xde,0xba,512
0xde,0xbb,556
0xde,0xbc,516
0xde,0xbd,494
0xde,0xbe,492
0xde,0xbf,472
0xde,0xc0,524
0xde,0xc1,500
0xde,0xc2,496
0xde,0xc3,484
0xde,0xc4,474
0xde,0xc5,496
0xde,0xc6,508
0xde,0xc7,494
0xde,0xc8,522
0xde,0xc9,520
0xde,0xca,496
0xde,0xcb,488
0xde,0xcc,536
0xde,0xcd,550
0xde,0xce,504
0xde,0xcf,470
0xde,0xd0,508
0xde,0xd1,498
0xde,0xd2,536
0xde,0xd3,526
0xde,0xd4,510
0xde,0xd5,554
0xde,0xd6,506
0xde,0xd7,506
0xde,0xd8,514
0xde,0xd9,486
0xde,0xda,488
0xde,0xdb,502
0xde,0xdc,522
0xde,0xdd,518
0xde,0xde,494
0xde,0xdf,476
0xde,0xe0,520
0xde,0xe1,510
0xde,0xe2,512
0xde,0xe3,500
0xde,0xe4,520
0xde,0xe5,482
0xde,0xe6,486
0xde,0xe7,488
0xde,0xe8,504
0xde,0xe9,480
0xde,0xea,530
0xde,0xeb,522
0xde,0xec,494
0xde,0xed,558
0xde,0xee,544
0xde,0xef,498
0xde,0xf0,488
0xde,0xf1,474
0xde,0xf2,494
0xde,0xf3,488
0xde,0xf4,532
0xde,0xf5,514
0xde,0xf6,474
0xde,0xf7,544
0xde,0xf8,500
0xde,0xf9,500
0xde,0xfa,472
0xde,0xfb,494
0xde,0xfc,510
0xde,0xfd,506
0xde,0xfe,518
0xde,0xff,514
0xdf,0x00,256
0xdf,0x01,524
0xdf,0x02,488
0xdf,0x03,568
0xdf,0x04,488
0xdf,0x05,486
0xdf,0x06,510
0xdf,0x07,542
0xdf,0x08,518
0xdf,0x09,494
0xdf,0x0a,528
0xdf,0x0b,500
0xdf,0x0c,542
0xdf,0x0d,514
0xdf,0x0e,528
0xdf,0x0f,540
0xdf,0x10,532
0xdf,0x11,486
0xdf,0x12,450
0xdf,0x13,572
0xdf,0x14,520
0xdf,0x15,550
0xdf,0x16,480
0xdf,0x17,502
0xdf,0x18,520
0xdf,0x19,538
0xdf,0x1a,522
0xdf,0x1b,498
0xdf,0x1c,512
0xdf,0x1d,528
0xdf,0x1e,544
0xdf,0x1f,544
0xdf,0x20,506
0xdf,0x21,506
0xdf,0x22,472
0xdf,0x23,518
0xdf,0x24,376
0xdf,0x25,508
0xdf,0x26,506
0xdf,0x27,520
0xdf,0x28,516
0xdf,0x29,526
0xdf,0x2a,512
0xdf,0x2b,508
0xdf,0x2c,514
0xdf,0x2d,532
0xdf,0x2e,494
0xdf,0x2f,568
0xdf,0x30,382
0xdf,0x31,506
0xdf,0x32,532
0xdf,0x33,508
0xdf,0x34,490
0xdf,0x35,516
0xdf,0x36,518
0xdf,0x37,576
0xdf,0x38,508
0xdf,0x39,498
0xdf,0x3a,472
0xdf,0x3b,516
0xdf,0x3c,530
0xdf,0x3d,508
0xdf,0x3e,498
0xdf,0x3f,556
0xdf,0x40,538
0xdf,0x41,504
0xdf,0x42,488
0xdf,0x43,558
0xdf,0x44,466
0xdf,0x45,534
0xdf,0x46,492
0xdf,0x47,490
0xdf,0x48,498
0xdf,0x49,512
0xdf,0x4a,498
0xdf,0x4b,552
0xdf,0x4c,538
0xdf,0x4d,538
0xdf,0x4e,520
0xdf,0x4f,494
0xdf,0x50,516
0xdf,0x51,534
0xdf,0x52,500
0xdf,0x53,502
0xdf,0x54,514
0xdf,0x55,498
0xdf,0x56,478
0xdf,0x57,524
0xdf,0x58,518
0xdf,0x59,500
0xdf,0x5a,518
0xdf,0x5b,500
0xdf,0x5c,488
0xdf,0x5d,532
0xdf,0x5e,462
0xdf,0x5f,512
0xdf,0x60,472
0xdf,0x61,472
0xdf,0x62,522
0xdf,0x63,580
0xdf,0x64,528
0xdf,0x65,486
0xdf,0x66,498
0xdf,0x67,504
0xdf,0x68,512
0xdf,0x69,506
0xdf,0x6a,514
0xdf,0x6b,506
0xdf,0x6c,550
0xdf,0x6d,530
0xdf,0x6e,550
0xdf,0x6f,504
0xdf,0x70,492
0xdf,0x71,518
0xdf,0x72,504
0xdf,0x73,516
0xdf,0x74,460
0xdf,0x75,514
0xdf,0x76,512
0xdf,0x77,522
0xdf,0x78,470
0xdf,0x79,492
0xdf,0x7a,478
0xdf,0x7b,490
0xdf,0x7c,534
0xdf,0x7d,488
0xdf,0x7e,502
0xdf,0x7f,506
0xdf,0x80,484
0xdf,0x81,522
0xdf,0x82,478
0xdf,0x83,514
0xdf,0x84,514
0xdf,0x85,548
0xdf,0x86,480
0xdf,0x87,538
0xdf,0x88,534
0xdf,0x89,528
0xdf,0x8a,504
0xdf,0x8b,496
0xdf,0x8c,468
0xdf,0x8d,502
0xdf,0x8e,512
0xdf,0x8f,506
0xdf,0x90,540
0xdf,0x91,526
0xdf,0x92,496
0xdf,0x93,486
0xdf,0x94,524
0xdf,0x95,544
0xdf,0x96,504
0xdf,0x97,526
0xdf,0x98,476
0xdf,0x99,474
0xdf,0x9a,488
0xdf,0x9b,514
0xdf,0x9c,516
0xdf,0x9d,494
0xdf,0x9e,490
0xdf,0x9f,476
0xdf,0xa0,520
0xdf,0xa1,530
0xdf,0xa2,526
0xdf,0xa3,490
0xdf,0xa4,464
0xdf,0xa5,528
0xdf,0xa6,510
0xdf,0xa7,530
0xdf,0xa8,504
0xdf,0xa9,544
0xdf,0xaa,532
0xdf,0xab,470
0xdf,0xac,532
0xdf,0xad,568
0xdf,0xae,478
0xdf,0xaf,498
0xdf,0xb0,528
0xdf,0xb1,506
0xdf,0xb2,528
0xdf,0xb3,514
0xdf,0xb4,522
0xdf,0xb5,512
0xdf,0xb6,544
0xdf,0xb7,568
0xdf,0xb8,514
0xdf,0xb9,478
0xdf,0xba,526
0xdf,0xbb,488
0xdf,0xbc,510
0xdf,0xbd,518
0xdf,0xbe,484
0xdf,0xbf,504
0xdf,0xc0,494
0xdf,0xc1,504
0xdf,0xc2,510
0xdf,0xc3,518
0xdf,0xc4,558
0xdf,0xc5,514
0xdf,0xc6,500
0xdf,0xc7,514
0xdf,0xc8,498
0xdf,0xc9,536
0xdf,0xca,526
0xdf,0xcb,462
0xdf,0xcc,500
0xdf,0xcd,520
0xdf,0xce,496
0xdf,0xcf,520
0xdf,0xd0,518
0xdf,0xd1,494
0xdf,0xd2,532
0xdf,0xd3,534
0xdf,0xd4,512
0xdf,0xd5,502
0xdf,0xd6,512
0xdf,0xd7,498
0xdf,0xd8,556
0xdf,0xd9,516
0xdf,0xda,510
0xdf,0xdb,532
0xdf,0xdc,454
0xdf,0xdd,474
0xdf,0xde,528
0xdf,0xdf,486
0xdf,0xe0,484
0xdf,0xe1,538
0xdf,0xe2,518
0xdf,0xe3,548
0xdf,0xe4,506
0xdf,0xe5,528
0xdf,0xe6,528
0xdf,0xe7,472
0xdf,0xe8,500
0xdf,0xe9,540
0xdf,0xea,488
0xdf,0xeb,524
0xdf,0xec,504
0xdf,0xed,480
0xdf,0xee,538
0xdf,0xef,468
0xdf,0xf0,538
0xdf,0xf1,528
0xdf,0xf2,466
0xdf,0xf3,500
0xdf,0xf4,538
0xdf,0xf5,518
0xdf,0xf6,516
0xdf,0xf7,492
0xdf,0xf8,472
0xdf,0xf9,502
0xdf,0xfa,556
0xdf,0xfb,514
0xdf,0xfc,520
0xdf,0xfd,482
0xdf,0xfe,524
0xdf,0xff,508
0xe0,0x00,256
0xe0,0x01,524
0xe0,0x02,416
0xe0,0x03,534
0xe0,0x04,456
0xe0,0x05,506
0xe0,0x06,594
0xe0,0x07,504
0xe0,0x08,478
0xe0,0x09,516
0xe0,0x0a,474
0xe0,0x0b,466
0xe0,0x0c,552
0xe0,0x0d,470
0xe0,0x0e,480
0xe0,0x0f,534
0xe0,0x10,542
0xe0,0x11,476
0xe0,0x12,526
0xe0,0x13,520
0xe0,0x14,422
0xe0,0x15,456
0xe0,0x16,516
0xe0,0x17,534
0xe0,0x18,514
0xe0,0x19,444
0xe0,0x1a,484
0xe0,0x1b,518
0xe0,0x1c,514
0xe0,0x1d,520
0xe0,0x1e,530
0xe0,0x1f,496
0xe0,0x20,552
0xe0,0x21,486
0xe0,0x22,538
0xe0,0x23,532
0xe0,0x24,376
0xe0,0x25,470
0xe0,0x26,466
0xe0,0x27,528
0xe0,0x28,548
0xe0,0x29,512
0xe0,0x2a,480
0xe0,0x2b,508
0xe0,0x2c,486
0xe0,0x2d,468
0xe0,0x2e,472
0xe0,0x2f,472
0xe0,0x30,484
0xe0,0x31,500
0xe0,0x32,476
0xe0,0x33,482
0xe0,0x34,518
0xe0,0x35,506
0xe0,0x36,526
0xe0,0x37,486
0xe0,0x38,522
0xe0,0x39,486
0xe0,0x3a,528
0xe0,0x3b,516
0xe0,0x3c,518
0xe0,0x3d,488
0xe0,0x3e,498
0xe0,0x3f,490
0xe0,0x40,518
0xe0,0x41,532
0xe0,0x42,508
0xe0,0x43,494
0xe0,0x44,478
0xe0,0x45,486
0xe0,0x46,500
0xe0,0x47,482
0xe0,0x48,508
0xe0,0x49,516
0xe0,0x4a,514
0xe0,0x4b,504
0xe0,0x4c,512
0xe0,0x4d,474
0xe0,0x4e,472
0xe0,0x4f,522
0xe0,0x50,528
0xe0,0x51,506
0xe0,0x52,542
0xe0,0x53,534
0xe0,0x54,480
0xe0,0x55,518
0xe0,0x56,554
0xe0,0x57,532
0xe0,0x58,556
0xe0,0x59,568
0xe0,0x5a,484
0xe0,0x5b,502
0xe0,0x5c,474
0xe0,0x5d,518
0xe0,0x5e,482
0xe0,0x5f,534
0xe0,0x60,544
0xe0,0x61,488
0xe0,0x62,466
0xe0,0x63,526
0xe0,0x64,518
0xe0,0x65,546
0xe0,0x66,534
0xe0,0x67,510
0xe0,0x68,504
0xe0,0x69,500
0xe0,0x6a,512
0xe0,0x6b,452
0xe0,0x6c,516
0xe0,0x6d,538
0xe0,0x6e,502
0xe0,0x6f,516
0xe0,0x70,488
0xe0,0x71,490
0xe0,0x72,512
0xe0,0x73,494
0xe0,0x74,502
0xe0,0x75,506
0xe0,0x76,536
0xe0,0x77,546
0xe0,0x78,494
0xe0,0x79,478
0xe0,0x7a,470
0xe0,0x7b,480
0xe0,0x7c,500
0xe0,0x7d,596
0xe0,0x7e,498
0xe0,0x7f,514
0xe0,0x80,534
0xe0,0x81,502
0xe0,0x82,616
0xe0,0x83,512
0xe0,0x84,526
0xe0,0x85,492
0xe0,0x86,548
0xe0,0x87,476
0xe0,0x88,514
0xe0,0x89,524
0xe0,0x8a,568
0xe0,0x8b,524
0xe0,0x8c,488
0xe0,0x8d,510
0xe0,0x8e,578
0xe0,0x8f,480
0xe0,0x90,536
0xe0,0x91,478
0xe0,0x92,486
0xe0,0x93,464
0xe0,0x94,490
0xe0,0x95,474
0xe0,0x96,572
0xe0,0x97,528
0xe0,0x98,464
0xe0,0x99,530
0xe0,0x9a,480
0xe0,0x9b,468
0xe0,0x9c,554
0xe0,0x9d,554
0xe0,0x9e,566
0xe0,0x9f,498
0xe0,0xa0,520
0xe0,0xa1,510
0xe0,0xa2,544
0xe0,0xa3,510
0xe0,0xa4,516
0xe0,0xa5,502
0xe0,0xa6,510
0xe0,0xa7,482
0xe0,0xa8,560
0xe0,0xa9,524
0xe0,0xaa,484
0xe0,0xab,486
0xe0,0xac,476
0xe0,0xad,508
0xe0,0xae,534
0xe0,0xaf,508
0xe0,0xb0,618
0xe0,0xb1,548
0xe0,0xb2,526
0xe0,0xb3,524
0xe0,0xb4,460
0xe0,0xb5,508
0xe0,0xb6,502
0xe0,0xb7,502
0xe0,0xb8,496
0xe0,0xb9,494
0xe0,0xba,540
0xe0,0xbb,530
0xe0,0xbc,460
0xe0,0xbd,478
0xe0,0xbe,524
0xe0,0xbf,532
0xe0,0xc0,560
0xe0,0xc1,500
0xe0,0xc2,502
0xe0,0xc3,468
0xe0,0xc4,484
0xe0,0xc5,484
0xe0,0xc6,482
0xe0,0xc7,512
0xe0,0xc8,474
0xe0,0xc9,484
0xe0,0xca,520
0xe0,0xcb,612
0xe0,0xcc,494
0xe0,0xcd,466
0xe0,0xce,480
0xe0,0xcf,500
0xe0,0xd0,468
0xe0,0xd1,524
0xe0,0xd2,522
0xe0,0xd3,498
0xe0,0xd4,504
0xe0,0xd5,524
0xe0,0xd6,460
0xe0,0xd7,458
0xe0,0xd8,530
0xe0,0xd9,544
0xe0,0xda,512
0xe0,0xdb,482
0xe0,0xdc,462
0xe0,0xdd,560
0xe0,0xde,530
0xe0,0xdf,528
0xe0,0xe0,466
0xe0,0xe1,484
0xe0,0xe2,474
0xe0,0xe3,502
0xe0,0xe4,544
0xe0,0xe5,554
0xe0,0xe6,488
0xe0,0xe7,500
0xe0,0xe8,494
0xe0,0xe9,482
0xe0,0xea,544
0xe0,0xeb,504
0xe0,0xec,524
0xe0,0xed,524
0xe0,0xee,504
0xe0,0xef,530
0xe0,0xf0,492
0xe0,0xf1,494
0xe0,0xf2,506
0xe0,0xf3,468
0xe0,0xf4,498
0xe0,0xf5,516
0xe0,0xf6,492
0xe0,0xf7,522
0xe0,0xf8,486
0xe0,0xf9,510
0xe0,0xfa,540
0xe0,0xfb,552
0xe0,0xfc,510
0xe0,0xfd,500
0xe0,0xfe,552
0xe0,0xff,520
0xe1,0x00,256
0xe1,0x01,420
0xe1,0x02,548
0xe1,0x03,454
0xe1,0x04,528
0xe1,0x05,550
0xe1,0x06,524
0xe1,0x07,550
0xe1,0x08,470
0xe1,0x09,474
0xe1,0x0a,462
0xe1,0x0b,530
0xe1,0x0c,528
0xe1,0x0d,534
0xe1,0x0e,606
0xe1,0x0f,570
0xe1,0x10,976
0xe1,0x11,766
0xe1,0x12,7442
0xe1,0x13,560
0xe1,0x14,538
0xe1,0x15,490
0xe1,0x16,450
0xe1,0x17,460
0xe1,0x18,606
0xe1,0x19,616
0xe1,0x1a,602
0xe1,0x1b,634
0xe1,0x1c,494
0xe1,0x1d,508
0xe1,0x1e,552
0xe1,0x1f,490
0xe1,0x20,664
0xe1,0x21,566
0xe1,0x22,476
0xe1,0x23,542
0xe1,0x24,542
0xe1,0x25,498
0xe1,0x26,456
0xe1,0x27,444
0xe1,0x28,566
0xe1,0x29,566
0xe1,0x2a,576
0xe1,0x2b,604
0xe1,0x2c,516
0xe1,0x2d,518
0xe1,0x2e,472
0xe1,0x2f,448
0xe1,0x30,474
0xe1,0x31,496
0xe1,0x32,532
0xe1,0x33,456
0xe1,0x34,2302
0xe1,0x35,702
0xe1,0x36,514
0xe1,0x37,560
0xe1,0x38,502
0xe1,0x39,494
0xe1,0x3a,538
0xe1,0x3b,502
0xe1,0x3c,536
0xe1,0x3d,510
0xe1,0x3e,564
0xe1,0x3f,622
0xe1,0x40,614
0xe1,0x41,550
0xe1,0x42,550
0xe1,0x43,546
0xe1,0x44,504
0xe1,0x45,450
0xe1,0x46,480
0xe1,0x47,494
0xe1,0x48,566
0xe1,0x49,552
0xe1,0x4a,524
0xe1,0x4b,618
0xe1,0x4c,502
0xe1,0x4d,512
0xe1,0x4e,478
0xe1,0x4f,496
0xe1,0x50,454
0xe1,0x51,456
0xe1,0x52,474
0xe1,0x53,512
0xe1,0x54,580
0xe1,0x55,580
0xe1,0x56,596
0xe1,0x57,554
0xe1,0x58,478
0xe1,0x59,474
0xe1,0x5a,450
0xe1,0x5b,484
0xe1,0x5c,572
0xe1,0x5d,580
0xe1,0x5e,558
0xe1,0x5f,566
0xe1,0x60,466
0xe1,0x61,498
0xe1,0x62,490
0xe1,0x63,472
0xe1,0x64,566
0xe1,0x65,578
0xe1,0x66,524
0xe1,0x67,504
0xe1,0x68,508
0xe1,0x69,460
0xe1,0x6a,460
0xe1,0x6b,552
0xe1,0x6c,530
0xe1,0x6d,546
0xe1,0x6e,552
0xe1,0x6f,632
0xe1,0x70,620
0xe1,0x71,628
0xe1,0x72,536
0xe1,0x73,584
0xe1,0x74,470
0xe1,0x75,534
0xe1,0x76,482
0xe1,0x77,478
0xe1,0x78,526
0xe1,0x79,608
0xe1,0x7a,612
0xe1,0x7b,558
0xe1,0x7c,448
0xe1,0x7d,530
0xe1,0x7e,506
0xe1,0x7f,496
0xe1,0x80,590
0xe1,0x81,536
0xe1,0x82,612
0xe1,0x83,674
0xe1,0x84,460
0xe1,0x85,448
0xe1,0x86,448
0xe1,0x87,488
0xe1,0x88,556
0xe1,0x89,622
0xe1,0x8a,568
0xe1,0x8b,622
0xe1,0x8c,504
0xe1,0x8d,544
0xe1,0x8e,516
0xe1,0x8f,506
0xe1,0x90,464
0xe1,0x91,504
0xe1,0x92,432
0xe1,0x93,492
0xe1,0x94,550
0xe1,0x95,506
0xe1,0x96,560
0xe1,0x97,628
0xe1,0x98,528
0xe1,0x99,522
0xe1,0x9a,486
0xe1,0x9b,492
0xe1,0x9c,564
0xe1,0x9d,558
0xe1,0x9e,526
0xe1,0x9f,504
0xe1,0xa0,468
0xe1,0xa1,498
0xe1,0xa2,510
0xe1,0xa3,476
0xe1,0xa4,528
0xe1,0xa5,518
0xe1,0xa6,710
0xe1,0xa7,596
0xe1,0xa8,460
0xe1,0xa9,502
0xe1,0xaa,532
0xe1,0xab,490
0xe1,0xac,602
0xe1,0xad,656
0xe1,0xae,560
0xe1,0xaf,548
0xe1,0xb0,608
0xe1,0xb1,576
0xe1,0xb2,574
0xe1,0xb3,558
0xe1,0xb4,474
0xe1,0xb5,478
0xe1,0xb6,486
0xe1,0xb7,524
0xe1,0xb8,576
0xe1,0xb9,528
0xe1,0xba,552
0xe1,0xbb,620
0xe1,0xbc,486
0xe1,0xbd,438
0xe1,0xbe,486
0xe1,0xbf,514
0xe1,0xc0,490
0xe1,0xc1,498
0xe1,0xc2,526
0xe1,0xc3,516
0xe1,0xc4,578
0xe1,0xc5,604
0xe1,0xc6,558
0xe1,0xc7,644
0xe1,0xc8,506
0xe1,0xc9,516
0xe1,0xca,490
0xe1,0xcb,532
0xe1,0xcc,542
0xe1,0xcd,606
0xe1,0xce,594
0xe1,0xcf,518
0xe1,0xd0,570
0xe1,0xd1,556
0xe1,0xd2,548
0xe1,0xd3,512
0xe1,0xd4,516
0xe1,0xd5,490
0xe1,0xd6,494
0xe1,0xd7,454
0xe1,0xd8,520
0xe1,0xd9,548
0xe1,0xda,610
0xe1,0xdb,544
0xe1,0xdc,478
0xe1,0xdd,548
0xe1,0xde,498
0xe1,0xdf,482
0xe1,0xe0,606
0xe1,0xe1,536
0xe1,0xe2,724
0xe1,0xe3,602
0xe1,0xe4,482
0xe1,0xe5,504
0xe1,0xe6,452
0xe1,0xe7,466
0xe1,0xe8,652
0xe1,0xe9,542
0xe1,0xea,554
0xe1,0xeb,556
0xe1,0xec,520
0xe1,0xed,512
0xe1,0xee,518
0xe1,0xef,502
0xe1,0xf0,458
0xe1,0xf1,464
0xe1,0xf2,520
0xe1,0xf3,476
0xe1,0xf4,580
0xe1,0xf5,546
0xe1,0xf6,572
0xe1,0xf7,630
0xe1,0xf8,528
0xe1,0xf9,526
0xe1,0xfa,468
0xe1,0xfb,486
0xe1,0xfc,640
0xe1,0xfd,580
0xe1,0xfe,552
0xe1,0xff,638
0xe2,0x00,256
0xe2,0x01,480
0xe2,0x02,582
0xe2,0x03,510
0xe2,0x04,522
0xe2,0x05,526
0xe2,0x06,490
0xe2,0x07,510
0xe2,0x08,532
0xe2,0x09,484
0xe2,0x0a,486
0xe2,0x0b,506
0xe2,0x0c,474
0xe2,0x0d,522
0xe2,0x0e,502
0xe2,0x0f,534
0xe2,0x10,592
0xe2,0x11,516
0xe2,0x12,548
0xe2,0x13,526
0xe2,0x14,528
0xe2,0x15,558
0xe2,0x16,496
0xe2,0x17,528
0xe2,0x18,548
0xe2,0x19,508
0xe2,0x1a,518
0xe2,0x1b,502
0xe2,0x1c,544
0xe2,0x1d,548
0xe2,0x1e,548
0xe2,0x1f,542
0xe2,0x20,502
0xe2,0x21,502
0xe2,0x22,556
0xe2,0x23,516
0xe2,0x24,432
0xe2,0x25,468
0xe2,0x26,612
0xe2,0x27,504
0xe2,0x28,490
0xe2,0x29,508
0xe2,0x2a,540
0xe2,0x2b,478
0xe2,0x2c,464
0xe2,0x2d,516
0xe2,0x2e,546
0xe2,0x2f,480
0xe2,0x30,418
0xe2,0x31,474
0xe2,0x32,530
0xe2,0x33,562
0xe2,0x34,502
0xe2,0x35,518
0xe2,0x36,564
0xe2,0x37,512
0xe2,0x38,482
0xe2,0x39,488
0xe2,0x3a,532
0xe2,0x3b,568
0xe2,0x3c,490
0xe2,0x3d,468
0xe2,0x3e,524
0xe2,0x3f,520
0xe2,0x40,508
0xe2,0x41,500
0xe2,0x42,526
0xe2,0x43,518
0xe2,0x44,510
0xe2,0x45,456
0xe2,0x46,516
0xe2,0x47,506
0xe2,0x48,472
0xe2,0x49,506
0xe2,0x4a,524
0xe2,0x4b,512
0xe2,0x4c,496
0xe2,0x4d,500
0xe2,0x4e,524
0xe2,0x4f,452
0xe2,0x50,488
0xe2,0x51,516
0xe2,0x52,530
0xe2,0x53,502
0xe2,0x54,516
0xe2,0x55,540
0xe2,0x56,526
0xe2,0x57,502
0xe2,0x58,496
0xe2,0x59,528
0xe2,0x5a,522
0xe2,0x5b,500
0xe2,0x5c,506
0xe2,0x5d,532
0xe2,0x5e,472
0xe2,0x5f,540
0xe2,0x60,484
0xe2,0x61,484
0xe2,0x62,504
0xe2,0x63,552
0xe2,0x64,524
0xe2,0x65,486
0xe2,0x66,502
0xe2,0x67,496
0xe2,0x68,570
0xe2,0x69,486
0xe2,0x6a,524
0xe2,0x6b,534
0xe2,0x6c,510
0xe2,0x6d,528
0xe2,0x6e,500
0xe2,0x6f,546
0xe2,0x70,500
0xe2,0x71,520
0xe2,0x72,540
0xe2,0x73,500
0xe2,0x74,514
0xe2,0x75,482
0xe2,0x76,464
0xe2,0x77,486
0xe2,0x78,506
0xe2,0x79,526
0xe2,0x7a,510
0xe2,0x7b,488
0xe2,0x7c,508
0xe2,0x7d,482
0xe2,0x7e,470
0xe2,0x7f,548
0xe2,0x80,540
0xe2,0x81,506
0xe2,0x82,564
0xe2,0x83,516
0xe2,0x84,524
0xe2,0x85,528
0xe2,0x86,472
0xe2,0x87,544
0xe2,0x88,578
0xe2,0x89,534
0xe2,0x8a,464
0xe2,0x8b,518
0xe2,0x8c,482
0xe2,0x8d,488
0xe2,0x8e,608
0xe2,0x8f,524
0xe2,0x90,498
0xe2,0x91,512
0xe2,0x92,510
0xe2,0x93,466
0xe2,0x94,514
0xe2,0x95,490
0xe2,0x96,510
0xe2,0x97,536
0xe2,0x98,496
0xe2,0x99,522
0xe2,0x9a,526
0xe2,0x9b,470
0xe2,0x9c,452
0xe2,0x9d,502
0xe2,0x9e,532
0xe2,0x9f,544
0xe2,0xa0,526
0xe2,0xa1,490
0xe2,0xa2,472
0xe2,0xa3,516
0xe2,0xa4,568
0xe2,0xa5,506
0xe2,0xa6,518
0xe2,0xa7,556
0xe2,0xa8,500
0xe2,0xa9,514
0xe2,0xaa,556
0xe2,0xab,508
0xe2,0xac,494
0xe2,0xad,518
0xe2,0xae,526
0xe2,0xaf,478
0xe2,0xb0,500
0xe2,0xb1,480
0xe2,0xb2,486
0xe2,0xb3,482
0xe2,0xb4,526
0xe2,0xb5,498
0xe2,0xb6,562
0xe2,0xb7,460
0xe2,0xb8,538
0xe2,0xb9,492
0xe2,0xba,506
0xe2,0xbb,514
0xe2,0xbc,504
0xe2,0xbd,494
0xe2,0xbe,514
0xe2,0xbf,516
0xe2,0xc0,500
0xe2,0xc1,546
0xe2,0xc2,492
0xe2,0xc3,540
0xe2,0xc4,466
0xe2,0xc5,516
0xe2,0xc6,522
0xe2,0xc7,528
0xe2,0xc8,504
0xe2,0xc9,528
0xe2,0xca,522
0xe2,0xcb,526
0xe2,0xcc,514
0xe2,0xcd,572
0xe2,0xce,542
0xe2,0xcf,480
0xe2,0xd0,506
0xe2,0xd1,522
0xe2,0xd2,532
0xe2,0xd3,558
0xe2,0xd4,494
0xe2,0xd5,518
0xe2,0xd6,488
0xe2,0xd7,504
0xe2,0xd8,542
0xe2,0xd9,518
0xe2,0xda,520
0xe2,0xdb,518
0xe2,0xdc,518
0xe2,0xdd,530
0xe2,0xde,534
0xe2,0xdf,544
0xe2,0xe0,522
0xe2,0xe1,490
0xe2,0xe2,492
0xe2,0xe3,510
0xe2,0xe4,534
0xe2,0xe5,512
0xe2,0xe6,512
0xe2,0xe7,494
0xe2,0xe8,516
0xe2,0xe9,474
0xe2,0xea,488
0xe2,0xeb,534
0xe2,0xec,542
0xe2,0xed,554
0xe2,0xee,502
0xe2,0xef,566
0xe2,0xf0,480
0xe2,0xf1,462
0xe2,0xf2,544
0xe2,0xf3,510
0xe2,0xf4,522
0xe2,0xf5,556
0xe2,0xf6,532
0xe2,0xf7,520
0xe2,0xf8,574
0xe2,0xf9,482
0xe2,0xfa,484
0xe2,0xfb,506
0xe2,0xfc,546
0xe2,0xfd,552
0xe2,0xfe,476
0xe2,0xff,544
0xe3,0x00,256
0xe3,0x01,472
0xe3,0x02,508
0xe3,0x03,522
0xe3,0x04,494
0xe3,0x05,518
0xe3,0x06,452
0xe3,0x07,500
0xe3,0x08,564
0xe3,0x09,518
0xe3,0x0a,486
0xe3,0x0b,542
0xe3,0x0c,526
0xe3,0x0d,516
0xe3,0x0e,550
0xe3,0x0f,500
0xe3,0x10,474
0xe3,0x11,534
0xe3,0x12,372
0xe3,0x13,538
0xe3,0x14,502
0xe3,0x15,504
0xe3,0x16,616
0xe3,0x17,556
0xe3,0x18,486
0xe3,0x19,518
0xe3,0x1a,506
0xe3,0x1b,498
0xe3,0x1c,436
0xe3,0x1d,534
0xe3,0x1e,502
0xe3,0x1f,528
0xe3,0x20,532
0xe3,0x21,538
0xe3,0x22,508
0xe3,0x23,550
0xe3,0x24,412
0xe3,0x25,532
0xe3,0x26,400
0xe3,0x27,552
0xe3,0x28,540
0xe3,0x29,512
0xe3,0x2a,542
0xe3,0x2b,512
0xe3,0x2c,596
0xe3,0x2d,554
0xe3,0x2e,490
0xe3,0x2f,530
0xe3,0x30,520
0xe3,0x31,502
0xe3,0x32,524
0xe3,0x33,526
0xe3,0x34,454
0xe3,0x35,504
0xe3,0x36,446
0xe3,0x37,586
0xe3,0x38,552
0xe3,0x39,484
0xe3,0x3a,522
0xe3,0x3b,552
0xe3,0x3c,498
0xe3,0x3d,546
0xe3,0x3e,528
0xe3,0x3f,486
0xe3,0x40,468
0xe3,0x41,508
0xe3,0x42,498
0xe3,0x43,492
0xe3,0x44,484
0xe3,0x45,472
0xe3,0x46,516
0xe3,0x47,518
0xe3,0x48,492
0xe3,0x49,508
0xe3,0x4a,522
0xe3,0x4b,504
0xe3,0x4c,534
0xe3,0x4d,562
0xe3,0x4e,464
0xe3,0x4f,490
0xe3,0x50,494
0xe3,0x51,508
0xe3,0x52,540
0xe3,0x53,486
0xe3,0x54,494
0xe3,0x55,492
0xe3,0x56,500
0xe3,0x57,522
0xe3,0x58,492
0xe3,0x59,542
0xe3,0x5a,472
0xe3,0x5b,494
0xe3,0x5c,538
0xe3,0x5d,540
0xe3,0x5e,510
0xe3,0x5f,508
0xe3,0x60,478
0xe3,0x61,518
0xe3,0x62,594
0xe3,0x63,544
0xe3,0x64,526
0xe3,0x65,518
0xe3,0x66,498
0xe3,0x67,512
0xe3,0x68,536
0xe3,0x69,536
0xe3,0x6a,502
0xe3,0x6b,498
0xe3,0x6c,512
0xe3,0x6d,574
0xe3,0x6e,506
0xe3,0x6f,502
0xe3,0x70,472
0xe3,0x71,540
0xe3,0x72,568
0xe3,0x73,520
0xe3,0x74,520
0xe3,0x75,546
0xe3,0x76,480
0xe3,0x77,492
0xe3,0x78,514
0xe3,0x79,480
0xe3,0x7a,510
0xe3,0x7b,482
0xe3,0x7c,512
0xe3,0x7d,502
0xe3,0x7e,540
0xe3,0x7f,500
0xe3,0x80,514
0xe3,0x81,498
0xe3,0x82,532
0xe3,0x83,506
0xe3,0x84,562
0xe3,0x85,512
0xe3,0x86,454
0xe3,0x87,490
0xe3,0x88,578
0xe3,0x89,482
0xe3,0x8a,532
0xe3,0x8b,504
0xe3,0x8c,530
0xe3,0x8d,532
0xe3,0x8e,518
0xe3,0x8f,526
0xe3,0x90,498
0xe3,0x91,476
0xe3,0x92,470
0xe3,0x93,520
0xe3,0x94,518
0xe3,0x95,468
0xe3,0x96,482
0xe3,0x97,514
0xe3,0x98,444
0xe3,0x99,500
0xe3,0x9a,508
0xe3,0x9b,538
0xe3,0x9c,552
0xe3,0x9d,494
0xe3,0x9e,498
0xe3,0x9f,502
0xe3,0xa0,524
0xe3,0xa1,506
0xe3,0xa2,486
0xe3,0xa3,502
0xe3,0xa4,516
0xe3,0xa5,496
0xe3,0xa6,482
0xe3,0xa7,538
0xe3,0xa8,514
0xe3,0xa9,526
0xe3,0xaa,532
0xe3,0xab,508
0xe3,0xac,532
0xe3,0xad,542
0xe3,0xae,588
0xe3,0xaf,536
0xe3,0xb0,516
0xe3,0xb1,490
0xe3,0xb2,526
0xe3,0xb3,516
0xe3,0xb4,520
0xe3,0xb5,512
0xe3,0xb6,570
0xe3,0xb7,464
0xe3,0xb8,550
0xe3,0xb9,504
0xe3,0xba,490
0xe3,0xbb,550
0xe3,0xbc,506
0xe3,0xbd,464
0xe3,0xbe,630
0xe3,0xbf,564
0xe3,0xc0,498
0xe3,0xc1,486
0xe3,0xc2,502
0xe3,0xc3,526
0xe3,0xc4,538
0xe3,0xc5,502
0xe3,0xc6,510
0xe3,0xc7,504
0xe3,0xc8,480
0xe3,0xc9,480
0xe3,0xca,478
0xe3,0xcb,488
0xe3,0xcc,464
0xe3,0xcd,498
0xe3,0xce,532
0xe3,0xcf,506
0xe3,0xd0,518
0xe3,0xd1,508
0xe3,0xd2,484
0xe3,0xd3,514
0xe3,0xd4,540
0xe3,0xd5,606
0xe3,0xd6,468
0xe3,0xd7,458
0xe3,0xd8,536
0xe3,0xd9,534
0xe3,0xda,550
0xe3,0xdb,510
0xe3,0xdc,508
0xe3,0xdd,490
0xe3,0xde,488
0xe3,0xdf,542
0xe3,0xe0,490
0xe3,0xe1,470
0xe3,0xe2,502
0xe3,0xe3,524
0xe3,0xe4,492
0xe3,0xe5,484
0xe3,0xe6,512
0xe3,0xe7,474
0xe3,0xe8,494
0xe3,0xe9,486
0xe3,0xea,530
0xe3,0xeb,510
0xe3,0xec,464
0xe3,0xed,528
0xe3,0xee,518
0xe3,0xef,524
0xe3,0xf0,546
0xe3,0xf1,654
0xe3,0xf2,490
0xe3,0xf3,540
0xe3,0xf4,480
0xe3,0xf5,490
0xe3,0xf6,514
0xe3,0xf7,532
0xe3,0xf8,500
0xe3,0xf9,482
0xe3,0xfa,534
0xe3,0xfb,522
0xe3,0xfc,536
0xe3,0xfd,552
0xe3,0xfe,550
0xe3,0xff,496
0xe4,0x00,256
0xe4,0x01,568
0xe4,0x02,454
0xe4,0x03,494
0xe4,0x04,520
0xe4,0x05,492
0xe4,0x06,484
0xe4,0x07,552
0xe4,0x08,516
0xe4,0x09,544
0xe4,0x0a,514
0xe4,0x0b,498
0xe4,0x0c,542
0xe4,0x0d,478
0xe4,0x0e,462
0xe4,0x0f,464
0xe4,0x10,520
0xe4,0x11,484
0xe4,0x12,450
0xe4,0x13,522
0xe4,0x14,508
0xe4,0x15,512
0xe4,0x16,460
0xe4,0x17,532
0xe4,0x18,550
0xe4,0x19,526
0xe4,0x1a,490
0xe4,0x1b,562
0xe4,0x1c,502
0xe4,0x1d,514
0xe4,0x1e,524
0xe4,0x1f,520
0xe4,0x20,504
0xe4,0x21,506
0xe4,0x22,534
0xe4,0x23,490
0xe4,0x24,460
0xe4,0x25,518
0xe4,0x26,402
0xe4,0x27,496
0xe4,0x28,506
0xe4,0x29,502
0xe4,0x2a,506
0xe4,0x2b,502
0xe4,0x2c,508
0xe4,0x2d,524
0xe4,0x2e,486
0xe4,0x2f,546
0xe4,0x30,398
0xe4,0x31,544
0xe4,0x32,476
0xe4,0x33,482
0xe4,0x34,546
0xe4,0x35,536
0xe4,0x36,560
0xe4,0x37,502
0xe4,0x38,480
0xe4,0x39,478
0xe4,0x3a,522
0xe4,0x3b,460
0xe4,0x3c,540
0xe4,0x3d,462
0xe4,0x3e,530
0xe4,0x3f,530
0xe4,0x40,508
0xe4,0x41,510
0xe4,0x42,512
0xe4,0x43,520
0xe4,0x44,536
0xe4,0x45,572
0xe4,0x46,490
0xe4,0x47,516
0xe4,0x48,562
0xe4,0x49,484
0xe4,0x4a,498
0xe4,0x4b,518
0xe4,0x4c,492
0xe4,0x4d,536
0xe4,0x4e,466
0xe4,0x4f,492
0xe4,0x50,472
0xe4,0x51,474
0xe4,0x52,474
0xe4,0x53,488
0xe4,0x54,582
0xe4,0x55,484
0xe4,0x56,576
0xe4,0x57,520
0xe4,0x58,506
0xe4,0x59,488
0xe4,0x5a,486
0xe4,0x5b,520
0xe4,0x5c,550
0xe4,0x5d,556
0xe4,0x5e,540
0xe4,0x5f,510
0xe4,0x60,538
0xe4,0x61,524
0xe4,0x62,518
0xe4,0x63,516
0xe4,0x64,538
0xe4,0x65,496
0xe4,0x66,548
0xe4,0x67,484
0xe4,0x68,490
0xe4,0x69,514
0xe4,0x6a,504
0xe4,0x6b,542
0xe4,0x6c,520
0xe4,0x6d,514
0xe4,0x6e,532
0xe4,0x6f,492
0xe4,0x70,506
0xe4,0x71,554
0xe4,0x72,522
0xe4,0x73,538
0xe4,0x74,462
0xe4,0x75,560
0xe4,0x76,492
0xe4,0x77,474
0xe4,0x78,514
0xe4,0x79,506
0xe4,0x7a,550
0xe4,0x7b,556
0xe4,0x7c,476
0xe4,0x7d,446
0xe4,0x7e,500
0xe4,0x7f,478
0xe4,0x80,576
0xe4,0x81,560
0xe4,0x82,504
0xe4,0x83,542
0xe4,0x84,456
0xe4,0x85,504
0xe4,0x86,518
0xe4,0x87,504
0xe4,0x88,538
0xe4,0x89,518
0xe4,0x8a,570
0xe4,0x8b,536
0xe4,0x8c,508
0xe4,0x8d,546
0xe4,0x8e,538
0xe4,0x8f,516
0xe4,0x90,496
0xe4,0x91,522
0xe4,0x92,504
0xe4,0x93,532
0xe4,0x94,504
0xe4,0x95,512
0xe4,0x96,470
0xe4,0x97,478
0xe4,0x98,502
0xe4,0x99,540
0xe4,0x9a,526
0xe4,0x9b,508
0xe4,0x9c,492
0xe4,0x9d,518
0xe4,0x9e,552
0xe4,0x9f,502
0xe4,0xa0,482
0xe4,0xa1,498
0xe4,0xa2,494
0xe4,0xa3,464
0xe4,0xa4,510
0xe4,0xa5,552
0xe4,0xa6,576
0xe4,0xa7,546
0xe4,0xa8,582
0xe4,0xa9,492
0xe4,0xaa,494
0xe4,0xab,520
0xe4,0xac,504
0xe4,0xad,530
0xe4,0xae,490
0xe4,0xaf,518
0xe4,0xb0,530
0xe4,0xb1,506
0xe4,0xb2,514
0xe4,0xb3,534
0xe4,0xb4,532
0xe4,0xb5,504
0xe4,0xb6,574
0xe4,0xb7,538
0xe4,0xb8,530
0xe4,0xb9,468
0xe4,0xba,482
0xe4,0xbb,494
0xe4,0xbc,496
0xe4,0xbd,518
0xe4,0xbe,488
0xe4,0xbf,498
0xe4,0xc0,476
0xe4,0xc1,482
0xe4,0xc2,486
0xe4,0xc3,456
0xe4,0xc4,474
0xe4,0xc5,526
0xe4,0xc6,494
0xe4,0xc7,522
0xe4,0xc8,500
0xe4,0xc9,540
0xe4,0xca,520
0xe4,0xcb,464
0xe4,0xcc,518
0xe4,0xcd,508
0xe4,0xce,540
0xe4,0xcf,522
0xe4,0xd0,544
0xe4,0xd1,500
0xe4,0xd2,494
0xe4,0xd3,518
0xe4,0xd4,492
0xe4,0xd5,500
0xe4,0xd6,582
0xe4,0xd7,532
0xe4,0xd8,496
0xe4,0xd9,506
0xe4,0xda,510
0xe4,0xdb,524
0xe4,0xdc,516
0xe4,0xdd,472
0xe4,0xde,502
0xe4,0xdf,528
0xe4,0xe0,482
0xe4,0xe1,508
0xe4,0xe2,514
0xe4,0xe3,494
0xe4,0xe4,498
0xe4,0xe5,486
0xe4,0xe6,464
0xe4,0xe7,542
0xe4,0xe8,482
0xe4,0xe9,514
0xe4,0xea,482
0xe4,0xeb,488
0xe4,0xec,462
0xe4,0xed,476
0xe4,0xee,512
0xe4,0xef,522
0xe4,0xf0,498
0xe4,0xf1,502
0xe4,0xf2,530
0xe4,0xf3,544
0xe4,0xf4,484
0xe4,0xf5,514
0xe4,0xf6,554
0xe4,0xf7,542
0xe4,0xf8,482
0xe4,0xf9,520
0xe4,0xfa,482
0xe4,0xfb,574
0xe4,0xfc,550
0xe4,0xfd,496
0xe4,0xfe,544
0xe4,0xff,480
0xe5,0x00,256
0xe5,0x01,478
0xe5,0x02,496
0xe5,0x03,540
0xe5,0x04,468
0xe5,0x05,460
0xe5,0x06,490
0xe5,0x07,508
0xe5,0x08,536
0xe5,0x09,492
0xe5,0x0a,530
0xe5,0x0b,504
0xe5,0x0c,504
0xe5,0x0d,468
0xe5,0x0e,496
0xe5,0x0f,486
0xe5,0x10,466
0xe5,0x11,498
0xe5,0x12,460
0xe5,0x13,504
0xe5,0x14,428
0xe5,0x15,508
0xe5,0x16,592
0xe5,0x17,496
0xe5,0x18,516
0xe5,0x19,540
0xe5,0x1a,540
0xe5,0x1b,508
0xe5,0x1c,460
0xe5,0x1d,490
0xe5,0x1e,496
0xe5,0x1f,486
0xe5,0x20,496
0xe5,0x21,476
0xe5,0x22,468
0xe5,0x23,480
0xe5,0x24,406
0xe5,0x25,502
0xe5,0x26,484
0xe5,0x27,532
0xe5,0x28,538
0xe5,0x29,536
0xe5,0x2a,516
0xe5,0x2b,540
0xe5,0x2c,574
0xe5,0x2d,476
0xe5,0x2e,522
0xe5,0x2f,530
0xe5,0x30,518
0xe5,0x31,474
0xe5,0x32,518
0xe5,0x33,508
0xe5,0x34,484
0xe5,0x35,524
0xe5,0x36,462
0xe5,0x37,500
0xe5,0x38,530
0xe5,0x39,482
0xe5,0x3a,476
0xe5,0x3b,518
0xe5,0x3c,534
0xe5,0x3d,524
0xe5,0x3e,496
0xe5,0x3f,506
0xe5,0x40,502
0xe5,0x41,498
0xe5,0x42,526
0xe5,0x43,530
0xe5,0x44,510
0xe5,0x45,522
0xe5,0x46,502
0xe5,0x47,526
0xe5,0x48,540
0xe5,0x49,492
0xe5,0x4a,504
0xe5,0x4b,490
0xe5,0x4c,488
0xe5,0x4d,540
0xe5,0x4e,502
0xe5,0x4f,484
0xe5,0x50,528
0xe5,0x51,470
0xe5,0x52,532
0xe5,0x53,500
0xe5,0x54,494
0xe5,0x55,528
0xe5,0x56,514
0xe5,0x57,500
0xe5,0x58,522
0xe5,0x59,514
0xe5,0x5a,526
0xe5,0x5b,466
0xe5,0x5c,502
0xe5,0x5d,542
0xe5,0x5e,524
0xe5,0x5f,526
0xe5,0x60,550
0xe5,0x61,490
0xe5,0x62,458
0xe5,0x63,484
0xe5,0x64,510
0xe5,0x65,528
0xe5,0x66,540
0xe5,0x67,494
0xe5,0x68,496
0xe5,0x69,498
0xe5,0x6a,554
0xe5,0x6b,578
0xe5,0x6c,496
0xe5,0x6d,512
0xe5,0x6e,500
0xe5,0x6f,510
0xe5,0x70,510
0xe5,0x71,506
0xe5,0x72,490
0xe5,0x73,554
0xe5,0x74,482
0xe5,0x75,516
0xe5,0x76,496
0xe5,0x77,492
0xe5,0x78,514
0xe5,0x79,532
0xe5,0x7a,514
0xe5,0x7b,498
0xe5,0x7c,512
0xe5,0x7d,482
0xe5,0x7e,516
0xe5,0x7f,472
0xe5,0x80,506
0xe5,0x81,558
0xe5,0x82,508
0xe5,0x83,490
0xe5,0x84,506
0xe5,0x85,518
0xe5,0x86,492
0xe5,0x87,548
0xe5,0x88,482
0xe5,0x89,504
0xe5,0x8a,576
0xe5,0x8b,520
0xe5,0x8c,500
0xe5,0x8d,492
0xe5,0x8e,502
0xe5,0x8f,496
0xe5,0x90,492
0xe5,0x91,510
0xe5,0x92,490
0xe5,0x93,508
0xe5,0x94,498
0xe5,0x95,528
0xe5,0x96,520
0xe5,0x97,506
0xe5,0x98,496
0xe5,0x99,518
0xe5,0x9a,548
0xe5,0x9b,506
0xe5,0x9c,510
0xe5,0x9d,486
0xe5,0x9e,474
0xe5,0x9f,468
0xe5,0xa0,512
0xe5,0xa1,496
0xe5,0xa2,498
0xe5,0xa3,484
0xe5,0xa4,550
0xe5,0xa5,528
0xe5,0xa6,486
0xe5,0xa7,586
0xe5,0xa8,504
0xe5,0xa9,484
0xe5,0xaa,496
0xe5,0xab,492
0xe5,0xac,510
0xe5,0xad,496
0xe5,0xae,530
0xe5,0xaf,512
0xe5,0xb0,508
0xe5,0xb1,520
0xe5,0xb2,568
0xe5,0xb3,476
0xe5,0xb4,548
0xe5,0xb5,538
0xe5,0xb6,484
0xe5,0xb7,550
0xe5,0xb8,542
0xe5,0xb9,490
0xe5,0xba,502
0xe5,0xbb,494
0xe5,0xbc,524
0xe5,0xbd,552
0xe5,0xbe,526
0xe5,0xbf,542
0xe5,0xc0,472
0xe5,0xc1,492
0xe5,0xc2,494
0xe5,0xc3,552
0xe5,0xc4,558
0xe5,0xc5,512
0xe5,0xc6,476
0xe5,0xc7,518
0xe5,0xc8,510
0xe5,0xc9,492
0xe5,0xca,520
0xe5,0xcb,510
0xe5,0xcc,544
0xe5,0xcd,498
0xe5,0xce,574
0xe5,0xcf,552
0xe5,0xd0,540
0xe5,0xd1,482
0xe5,0xd2,490
0xe5,0xd3,518
0xe5,0xd4,482
0xe5,0xd5,478
0xe5,0xd6,566
0xe5,0xd7,520
0xe5,0xd8,498
0xe5,0xd9,504
0xe5,0xda,496
0xe5,0xdb,520
0xe5,0xdc,520
0xe5,0xdd,488
0xe5,0xde,492
0xe5,0xdf,518
0xe5,0xe0,546
0xe5,0xe1,538
0xe5,0xe2,552
0xe5,0xe3,506
0xe5,0xe4,508
0xe5,0xe5,480
0xe5,0xe6,518
0xe5,0xe7,524
0xe5,0xe8,488
0xe5,0xe9,502
0xe5,0xea,468
0xe5,0xeb,588
0xe5,0xec,538
0xe5,0xed,460
0xe5,0xee,530
0xe5,0xef,496
0xe5,0xf0,524
0xe5,0xf1,496
0xe5,0xf2,506
0xe5,0xf3,478
0xe5,0xf4,512
0xe5,0xf5,470
0xe5,0xf6,488
0xe5,0xf7,524
0xe5,0xf8,496
0xe5,0xf9,514
0xe5,0xfa,518
0xe5,0xfb,528
0xe5,0xfc,486
0xe5,0xfd,498
0xe5,0xfe,550
0xe5,0xff,482
0xe6,0x00,256
0xe6,0x01,466
0xe6,0x02,506
0xe6,0x03,494
0xe6,0x04,498
0xe6,0x05,498
0xe6,0x06,540
0xe6,0x07,490
0xe6,0x08,556
0xe6,0x09,518
0xe6,0x0a,540
0xe6,0x0b,506
0xe6,0x0c,536
0xe6,0x0d,534
0xe6,0x0e,496
0xe6,0x0f,552
0xe6,0x10,524
0xe6,0x11,478
0xe6,0x12,418
0xe6,0x13,508
0xe6,0x14,548
0xe6,0x15,536
0xe6,0x16,514
0xe6,0x17,508
0xe6,0x18,526
0xe6,0x19,492
0xe6,0x1a,552
0xe6,0x1b,524
0xe6,0x1c,508
0xe6,0x1d,508
0xe6,0x1e,512
0xe6,0x1f,536
0xe6,0x20,504
0xe6,0x21,498
0xe6,0x22,472
0xe6,0x23,512
0xe6,0x24,600
0xe6,0x25,532
0xe6,0x26,482
0xe6,0x27,516
0xe6,0x28,520
0xe6,0x29,562
0xe6,0x2a,508
0xe6,0x2b,518
0xe6,0x2c,534
0xe6,0x2d,500
0xe6,0x2e,542
0xe6,0x2f,548
0xe6,0x30,464
0xe6,0x31,538
0xe6,0x32,472
0xe6,0x33,496
0xe6,0x34,484
0xe6,0x35,508
0xe6,0x36,594
0xe6,0x37,502
0xe6,0x38,526
0xe6,0x39,534
0xe6,0x3a,500
0xe6,0x3b,470
0xe6,0x3c,516
0xe6,0x3d,482
0xe6,0x3e,458
0xe6,0x3f,492
0xe6,0x40,508
0xe6,0x41,506
0xe6,0x42,504
0xe6,0x43,502
0xe6,0x44,490
0xe6,0x45,500
0xe6,0x46,490
0xe6,0x47,504
0xe6,0x48,526
0xe6,0x49,494
0xe6,0x4a,522
0xe6,0x4b,526
0xe6,0x4c,532
0xe6,0x4d,528
0xe6,0x4e,522
0xe6,0x4f,492
0xe6,0x50,528
0xe6,0x51,510
0xe6,0x52,522
0xe6,0x53,508
0xe6,0x54,506
0xe6,0x55,504
0xe6,0x56,502
0xe6,0x57,514
0xe6,0x58,536
0xe6,0x59,480
0xe6,0x5a,502
0xe6,0x5b,532
0xe6,0x5c,510
0xe6,0x5d,526
0xe6,0x5e,502
0xe6,0x5f,508
0xe6,0x60,538
0xe6,0x61,478
0xe6,0x62,506
0xe6,0x63,526
0xe6,0x64,478
0xe6,0x65,526
0xe6,0x66,528
0xe6,0x67,586
0xe6,0x68,530
0xe6,0x69,506
0xe6,0x6a,542
0xe6,0x6b,476
0xe6,0x6c,474
0xe6,0x6d,514
0xe6,0x6e,512
0xe6,0x6f,460
0xe6,0x70,514
0xe6,0x71,500
0xe6,0x72,508
0xe6,0x73,510
0xe6,0x74,530
0xe6,0x75,512
0xe6,0x76,482
0xe6,0x77,542
0xe6,0x78,534
0xe6,0x79,510
0xe6,0x7a,492
0xe6,0x7b,478
0xe6,0x7c,512
0xe6,0x7d,510
0xe6,0x7e,484
0xe6,0x7f,516
0xe6,0x80,554
0xe6,0x81,556
0xe6,0x82,512
0xe6,0x83,502
0xe6,0x84,520
0xe6,0x85,534
0xe6,0x86,558
0xe6,0x87,516
0xe6,0x88,508
0xe6,0x89,486
0xe6,0x8a,540
0xe6,0x8b,512
0xe6,0x8c,500
0xe6,0x8d,480
0xe6,0x8e,516
0xe6,0x8f,522
0xe6,0x90,550
0xe6,0x91,478
0xe6,0x92,504
0xe6,0x93,468
0xe6,0x94,534
0xe6,0x95,486
0xe6,0x96,498
0xe6,0x97,506
0xe6,0x98,478
0xe6,0x99,490
0xe6,0x9a,510
0xe6,0x9b,512
0xe6,0x9c,474
0xe6,0x9d,548
0xe6,0x9e,502
0xe6,0x9f,520
0xe6,0xa0,498
0xe6,0xa1,512
0xe6,0xa2,536
0xe6,0xa3,530
0xe6,0xa4,546
0xe6,0xa5,532
0xe6,0xa6,532
0xe6,0xa7,476
0xe6,0xa8,496
0xe6,0xa9,490
0xe6,0xaa,502
0xe6,0xab,518
0xe6,0xac,534
0xe6,0xad,542
0xe6,0xae,500
0xe6,0xaf,524
0xe6,0xb0,478
0xe6,0xb1,474
0xe6,0xb2,514
0xe6,0xb3,474
0xe6,0xb4,476
0xe6,0xb5,522
0xe6,0xb6,496
0xe6,0xb7,530
0xe6,0xb8,494
0xe6,0xb9,552
0xe6,0xba,488
0xe6,0xbb,530
0xe6,0xbc,472
0xe6,0xbd,524
0xe6,0xbe,520
0xe6,0xbf,516
0xe6,0xc0,500
0xe6,0xc1,530
0xe6,0xc2,484
0xe6,0xc3,492
0xe6,0xc4,578
0xe6,0xc5,488
0xe6,0xc6,526
0xe6,0xc7,474
0xe6,0xc8,480
0xe6,0xc9,478
0xe6,0xca,464
0xe6,0xcb,508
0xe6,0xcc,548
0xe6,0xcd,532
0xe6,0xce,496
0xe6,0xcf,492
0xe6,0xd0,502
0xe6,0xd1,536
0xe6,0xd2,524
0xe6,0xd3,500
0xe6,0xd4,554
0xe6,0xd5,490
0xe6,0xd6,498
0xe6,0xd7,620
0xe6,0xd8,514
0xe6,0xd9,484
0xe6,0xda,510
0xe6,0xdb,514
0xe6,0xdc,484
0xe6,0xdd,492
0xe6,0xde,492
0xe6,0xdf,488
0xe6,0xe0,532
0xe6,0xe1,490
0xe6,0xe2,486
0xe6,0xe3,482
0xe6,0xe4,500
0xe6,0xe5,504
0xe6,0xe6,552
0xe6,0xe7,470
0xe6,0xe8,498
0xe6,0xe9,492
0xe6,0xea,560
0xe6,0xeb,488
0xe6,0xec,504
0xe6,0xed,516
0xe6,0xee,464
0xe6,0xef,500
0xe6,0xf0,496
0xe6,0xf1,482
0xe6,0xf2,566
0xe6,0xf3,508
0xe6,0xf4,504
0xe6,0xf5,526
0xe6,0xf6,482
0xe6,0xf7,492
0xe6,0xf8,482
0xe6,0xf9,524
0xe6,0xfa,488
0xe6,0xfb,524
0xe6,0xfc,528
0xe6,0xfd,522
0xe6,0xfe,512
0xe6,0xff,480
0xe7,0x00,256
0xe7,0x01,498
0xe7,0x02,540
0xe7,0x03,524
0xe7,0x04,516
0xe7,0x05,514
0xe7,0x06,522
0xe7,0x07,502
0xe7,0x08,482
0xe7,0x09,516
0xe7,0x0a,474
0xe7,0x0b,476
0xe7,0x0c,518
0xe7,0x0d,534
0xe7,0x0e,500
0xe7,0x0f,550
0xe7,0x10,488
0xe7,0x11,542
0xe7,0x12,478
0xe7,0x13,482
0xe7,0x14,516
0xe7,0x15,488
0xe7,0x16,526
0xe7,0x17,506
0xe7,0x18,552
0xe7,0x19,542
0xe7,0x1a,522
0xe7,0x1b,512
0xe7,0x1c,546
0xe7,0x1d,490
0xe7,0x1e,486
0xe7,0x1f,516
0xe7,0x20,534
0xe7,0x21,524
0xe7,0x22,522
0xe7,0x23,506
0xe7,0x24,424
0xe7,0x25,546
0xe7,0x26,402
0xe7,0x27,498
0xe7,0x28,494
0xe7,0x29,476
0xe7,0x2a,506
0xe7,0x2b,486
0xe7,0x2c,488
0xe7,0x2d,500
0xe7,0x2e,474
0xe7,0x2f,496
0xe7,0x30,480
0xe7,0x31,490
0xe7,0x32,496
0xe7,0x33,566
0xe7,0x34,478
0xe7,0x35,536
0xe7,0x36,516
0xe7,0x37,504
0xe7,0x38,472
0xe7,0x39,488
0xe7,0x3a,518
0xe7,0x3b,534
0xe7,0x3c,514
0xe7,0x3d,504
0xe7,0x3e,522
0xe7,0x3f,528
0xe7,0x40,504
0xe7,0x41,542
0xe7,0x42,576
0xe7,0x43,540
0xe7,0x44,578
0xe7,0x45,500
0xe7,0x46,514
0xe7,0x47,538
0xe7,0x48,512
0xe7,0x49,574
0xe7,0x4a,516
0xe7,0x4b,524
0xe7,0x4c,492
0xe7,0x4d,516
0xe7,0x4e,466
0xe7,0x4f,516
0xe7,0x50,540
0xe7,0x51,506
0xe7,0x52,522
0xe7,0x53,498
0xe7,0x54,480
0xe7,0x55,468
0xe7,0x56,514
0xe7,0x57,518
0xe7,0x58,478
0xe7,0x59,520
0xe7,0x5a,520
0xe7,0x5b,450
0xe7,0x5c,530
0xe7,0x5d,506
0xe7,0x5e,530
0xe7,0x5f,506
0xe7,0x60,538
0xe7,0x61,534
0xe7,0x62,524
0xe7,0x63,554
0xe7,0x64,510
0xe7,0x65,508
0xe7,0x66,482
0xe7,0x67,486
0xe7,0x68,478
0xe7,0x69,514
0xe7,0x6a,544
0xe7,0x6b,548
0xe7,0x6c,484
0xe7,0x6d,480
0xe7,0x6e,494
0xe7,0x6f,478
0xe7,0x70,490
0xe7,0x71,482
0xe7,0x72,528
0xe7,0x73,502
0xe7,0x74,492
0xe7,0x75,492
0xe7,0x76,492
0xe7,0x77,510
0xe7,0x78,518
0xe7,0x79,544
0xe7,0x7a,514
0xe7,0x7b,500
0xe7,0x7c,538
0xe7,0x7d,494
0xe7,0x7e,482
0xe7,0x7f,484
0xe7,0x80,530
0xe7,0x81,552
0xe7,0x82,518
0xe7,0x83,516
0xe7,0x84,518
0xe7,0x85,478
0xe7,0x86,490
0xe7,0x87,486
0xe7,0x88,516
0xe7,0x89,496
0xe7,0x8a,488
0xe7,0x8b,554
0xe7,0x8c,532
0xe7,0x8d,524
0xe7,0x8e,492
0xe7,0x8f,514
0xe7,0x90,568
0xe7,0x91,510
0xe7,0x92,644
0xe7,0x93,450
0xe7,0x94,496
0xe7,0x95,506
0xe7,0x96,504
0xe7,0x97,528
0xe7,0x98,476
0xe7,0x99,496
0xe7,0x9a,510
0xe7,0x9b,514
0xe7,0x9c,502
0xe7,0x9d,510
0xe7,0x9e,504
0xe7,0x9f,470
0xe7,0xa0,500
0xe7,0xa1,506
0xe7,0xa2,504
0xe7,0xa3,526
0xe7,0xa4,564
0xe7,0xa5,504
0xe7,0xa6,510
0xe7,0xa7,498
0xe7,0xa8,520
0xe7,0xa9,524
0xe7,0xaa,524
0xe7,0xab,548
0xe7,0xac,516
0xe7,0xad,514
0xe7,0xae,486
0xe7,0xaf,486
0xe7,0xb0,472
0xe7,0xb1,448
0xe7,0xb2,502
0xe7,0xb3,488
0xe7,0xb4,520
0xe7,0xb5,510
0xe7,0xb6,488
0xe7,0xb7,524
0xe7,0xb8,464
0xe7,0xb9,482
0xe7,0xba,510
0xe7,0xbb,516
0xe7,0xbc,566
0xe7,0xbd,534
0xe7,0xbe,482
0xe7,0xbf,520
0xe7,0xc0,524
0xe7,0xc1,536
0xe7,0xc2,508
0xe7,0xc3,512
0xe7,0xc4,518
0xe7,0xc5,524
0xe7,0xc6,476
0xe7,0xc7,496
0xe7,0xc8,510
0xe7,0xc9,490
0xe7,0xca,480
0xe7,0xcb,514
0xe7,0xcc,502
0xe7,0xcd,518
0xe7,0xce,492
0xe7,0xcf,496
0xe7,0xd0,484
0xe7,0xd1,498
0xe7,0xd2,468
0xe7,0xd3,512
0xe7,0xd4,456
0xe7,0xd5,544
0xe7,0xd6,484
0xe7,0xd7,518
0xe7,0xd8,500
0xe7,0xd9,494
0xe7,0xda,486
0xe7,0xdb,514
0xe7,0xdc,530
0xe7,0xdd,482
0xe7,0xde,518
0xe7,0xdf,484
0xe7,0xe0,542
0xe7,0xe1,494
0xe7,0xe2,472
0xe7,0xe3,562
0xe7,0xe4,518
0xe7,0xe5,500
0xe7,0xe6,578
0xe7,0xe7,538
0xe7,0xe8,516
0xe7,0xe9,538
0xe7,0xea,488
0xe7,0xeb,502
0xe7,0xec,496
0xe7,0xed,502
0xe7,0xee,494
0xe7,0xef,522
0xe7,0xf0,496
0xe7,0xf1,510
0xe7,0xf2,480
0xe7,0xf3,530
0xe7,0xf4,506
0xe7,0xf5,500
0xe7,0xf6,502
0xe7,0xf7,488
0xe7,0xf8,540
0xe7,0xf9,522
0xe7,0xfa,496
0xe7,0xfb,494
0xe7,0xfc,512
0xe7,0xfd,522
0xe7,0xfe,462
0xe7,0xff,538
0xe8,0x00,256
0xe8,0x01,532
0xe8,0x02,452
0xe8,0x03,498
0xe8,0x04,512
0xe8,0x05,530
0xe8,0x06,574
0xe8,0x07,530
0xe8,0x08,448
0xe8,0x09,496
0xe8,0x0a,504
0xe8,0x0b,476
0xe8,0x0c,540
0xe8,0x0d,524
0xe8,0x0e,484
0xe8,0x0f,494
0xe8,0x10,518
0xe8,0x11,508
0xe8,0x12,536
0xe8,0x13,528
0xe8,0x14,504
0xe8,0x15,494
0xe8,0x16,492
0xe8,0x17,508
0xe8,0x18,508
0xe8,0x19,524
0xe8,0x1a,544
0xe8,0x1b,490
0xe8,0x1c,494
0xe8,0x1d,542
0xe8,0x1e,544
0xe8,0x1f,490
0xe8,0x20,500
0xe8,0x21,506
0xe8,0x22,492
0xe8,0x23,554
0xe8,0x24,378
0xe8,0x25,498
0xe8,0x26,402
0xe8,0x27,502
0xe8,0x28,500
0xe8,0x29,548
0xe8,0x2a,538
0xe8,0x2b,496
0xe8,0x2c,500
0xe8,0x2d,508
0xe8,0x2e,500
0xe8,0x2f,502
0xe8,0x30,466
0xe8,0x31,518
0xe8,0x32,484
0xe8,0x33,482
0xe8,0x34,496
0xe8,0x35,494
0xe8,0x36,478
0xe8,0x37,490
0xe8,0x38,454
0xe8,0x39,454
0xe8,0x3a,492
0xe8,0x3b,532
0xe8,0x3c,488
0xe8,0x3d,530
0xe8,0x3e,512
0xe8,0x3f,488
0xe8,0x40,532
0xe8,0x41,518
0xe8,0x42,504
0xe8,0x43,478
0xe8,0x44,506
0xe8,0x45,480
0xe8,0x46,496
0xe8,0x47,508
0xe8,0x48,512
0xe8,0x49,492
0xe8,0x4a,502
0xe8,0x4b,498
0xe8,0x4c,438
0xe8,0x4d,536
0xe8,0x4e,488
0xe8,0x4f,570
0xe8,0x50,464
0xe8,0x51,546
0xe8,0x52,498
0xe8,0x53,502
0xe8,0x54,486
0xe8,0x55,492
0xe8,0x56,496
0xe8,0x57,498
0xe8,0x58,510
0xe8,0x59,508
0xe8,0x5a,518
0xe8,0x5b,502
0xe8,0x5c,488
0xe8,0x5d,476
0xe8,0x5e,514
0xe8,0x5f,486
0xe8,0x60,536
0xe8,0x61,504
0xe8,0x62,520
0xe8,0x63,500
0xe8,0x64,532
0xe8,0x65,490
0xe8,0x66,504
0xe8,0x67,560
0xe8,0x68,498
0xe8,0x69,532
0xe8,0x6a,496
0xe8,0x6b,604
0xe8,0x6c,512
0xe8,0x6d,498
0xe8,0x6e,480
0xe8,0x6f,528
0xe8,0x70,526
0xe8,0x71,510
0xe8,0x72,540
0xe8,0x73,448
0xe8,0x74,496
0xe8,0x75,544
0xe8,0x76,476
0xe8,0x77,496
0xe8,0x78,482
0xe8,0x79,496
0xe8,0x7a,456
0xe8,0x7b,486
0xe8,0x7c,498
0xe8,0x7d,480
0xe8,0x7e,520
0xe8,0x7f,534
0xe8,0x80,508
0xe8,0x81,464
0xe8,0x82,492
0xe8,0x83,494
0xe8,0x84,512
0xe8,0x85,524
0xe8,0x86,530
0xe8,0x87,504
0xe8,0x88,522
0xe8,0x89,492
0xe8,0x8a,508
0xe8,0x8b,492
0xe8,0x8c,500
0xe8,0x8d,500
0xe8,0x8e,526
0xe8,0x8f,516
0xe8,0x90,492
0xe8,0x91,522
0xe8,0x92,566
0xe8,0x93,490
0xe8,0x94,506
0xe8,0x95,508
0xe8,0x96,516
0xe8,0x97,546
0xe8,0x98,506
0xe8,0x99,546
0xe8,0x9a,492
0xe8,0x9b,504
0xe8,0x9c,466
0xe8,0x9d,514
0xe8,0x9e,524
0xe8,0x9f,484
0xe8,0xa0,494
0xe8,0xa1,522
0xe8,0xa2,506
0xe8,0xa3,500
0xe8,0xa4,528
0xe8,0xa5,520
0xe8,0xa6,496
0xe8,0xa7,470
0xe8,0xa8,548
0xe8,0xa9,504
0xe8,0xaa,500
0xe8,0xab,488
0xe8,0xac,478
0xe8,0xad,508
0xe8,0xae,506
0xe8,0xaf,512
0xe8,0xb0,502
0xe8,0xb1,556
0xe8,0xb2,540
0xe8,0xb3,504
0xe8,0xb4,484
0xe8,0xb5,492
0xe8,0xb6,610
0xe8,0xb7,496
0xe8,0xb8,528
0xe8,0xb9,514
0xe8,0xba,518
0xe8,0xbb,496
0xe8,0xbc,512
0xe8,0xbd,528
0xe8,0xbe,522
0xe8,0xbf,502
0xe8,0xc0,542
0xe8,0xc1,506
0xe8,0xc2,506
0xe8,0xc3,560
0xe8,0xc4,502
0xe8,0xc5,494
0xe8,0xc6,488
0xe8,0xc7,488
0xe8,0xc8,542
0xe8,0xc9,508
0xe8,0xca,492
0xe8,0xcb,454
0xe8,0xcc,540
0xe8,0xcd,486
0xe8,0xce,492
0xe8,0xcf,486
0xe8,0xd0,530
0xe8,0xd1,508
0xe8,0xd2,494
0xe8,0xd3,502
0xe8,0xd4,498
0xe8,0xd5,502
0xe8,0xd6,528
0xe8,0xd7,532
0xe8,0xd8,498
0xe8,0xd9,536
0xe8,0xda,504
0xe8,0xdb,520
0xe8,0xdc,536
0xe8,0xdd,484
0xe8,0xde,510
0xe8,0xdf,518
0xe8,0xe0,584
0xe8,0xe1,502
0xe8,0xe2,510
0xe8,0xe3,486
0xe8,0xe4,504
0xe8,0xe5,460
0xe8,0xe6,508
0xe8,0xe7,520
0xe8,0xe8,526
0xe8,0xe9,526
0xe8,0xea,492
0xe8,0xeb,496
0xe8,0xec,522
0xe8,0xed,514
0xe8,0xee,516
0xe8,0xef,478
0xe8,0xf0,498
0xe8,0xf1,494
0xe8,0xf2,476
0xe8,0xf3,498
0xe8,0xf4,484
0xe8,0xf5,496
0xe8,0xf6,498
0xe8,0xf7,534
0xe8,0xf8,506
0xe8,0xf9,528
0xe8,0xfa,522
0xe8,0xfb,558
0xe8,0xfc,506
0xe8,0xfd,520
0xe8,0xfe,522
0xe8,0xff,544
0xe9,0x00,256
0xe9,0x01,550
0xe9,0x02,524
0xe9,0x03,504
0xe9,0x04,516
0xe9,0x05,500
0xe9,0x06,484
0xe9,0x07,510
0xe9,0x08,502
0xe9,0x09,516
0xe9,0x0a,522
0xe9,0x0b,506
0xe9,0x0c,528
0xe9,0x0d,514
0xe9,0x0e,502
0xe9,0x0f,542
0xe9,0x10,480
0xe9,0x11,482
0xe9,0x12,392
0xe9,0x13,518
0xe9,0x14,530
0xe9,0x15,512
0xe9,0x16,474
0xe9,0x17,524
0xe9,0x18,516
0xe9,0x19,490
0xe9,0x1a,524
0xe9,0x1b,538
0xe9,0x1c,544
0xe9,0x1d,502
0xe9,0x1e,522
0xe9,0x1f,506
0xe9,0x20,566
0xe9,0x21,500
0xe9,0x22,514
0xe9,0x23,520
0xe9,0x24,628
0xe9,0x25,522
0xe9,0x26,624
0xe9,0x27,500
0xe9,0x28,506
0xe9,0x29,506
0xe9,0x2a,530
0xe9,0x2b,516
0xe9,0x2c,516
0xe9,0x2d,490
0xe9,0x2e,520
0xe9,0x2f,522
0xe9,0x30,840
0xe9,0x31,474
0xe9,0x32,496
0xe9,0x33,502
0xe9,0x34,452
0xe9,0x35,522
0xe9,0x36,464
0xe9,0x37,516
0xe9,0x38,516
0xe9,0x39,482
0xe9,0x3a,514
0xe9,0x3b,456
0xe9,0x3c,500
0xe9,0x3d,514
0xe9,0x3e,518
0xe9,0x3f,534
0xe9,0x40,570
0xe9,0x41,504
0xe9,0x42,532
0xe9,0x43,540
0xe9,0x44,530
0xe9,0x45,508
0xe9,0x46,572
0xe9,0x47,502
0xe9,0x48,466
0xe9,0x49,532
0xe9,0x4a,500
0xe9,0x4b,508
0xe9,0x4c,550
0xe9,0x4d,538
0xe9,0x4e,466
0xe9,0x4f,560
0xe9,0x50,524
0xe9,0x51,490
0xe9,0x52,506
0xe9,0x53,514
0xe9,0x54,518
0xe9,0x55,510
0xe9,0x56,496
0xe9,0x57,538
0xe9,0x58,492
0xe9,0x59,496
0xe9,0x5a,572
0xe9,0x5b,494
0xe9,0x5c,518
0xe9,0x5d,466
0xe9,0x5e,498
0xe9,0x5f,472
0xe9,0x60,510
0xe9,0x61,542
0xe9,0x62,536
0xe9,0x63,512
0xe9,0x64,550
0xe9,0x65,500
0xe9,0x66,554
0xe9,0x67,536
0xe9,0x68,504
0xe9,0x69,574
0xe9,0x6a,500
0xe9,0x6b,500
0xe9,0x6c,514
0xe9,0x6d,526
0xe9,0x6e,504
0xe9,0x6f,526
0xe9,0x70,482
0xe9,0x71,496
0xe9,0x72,546
0xe9,0x73,524
0xe9,0x74,518
0xe9,0x75,542
0xe9,0x76,528
0xe9,0x77,494
0xe9,0x78,510
0xe9,0x79,536
0xe9,0x7a,510
0xe9,0x7b,548
0xe9,0x7c,548
0xe9,0x7d,506
0xe9,0x7e,518
0xe9,0x7f,498
0xe9,0x80,456
0xe9,0x81,490
0xe9,0x82,486
0xe9,0x83,504
0xe9,0x84,506
0xe9,0x85,514
0xe9,0x86,502
0xe9,0x87,576
0xe9,0x88,490
0xe9,0x89,506
0xe9,0x8a,478
0xe9,0x8b,462
0xe9,0x8c,512
0xe9,0x8d,506
0xe9,0x8e,498
0xe9,0x8f,518
0xe9,0x90,484
0xe9,0x91,506
0xe9,0x92,510
0xe9,0x93,514
0xe9,0x94,492
0xe9,0x95,494
0xe9,0x96,504
0xe9,0x97,520
0xe9,0x98,506
0xe9,0x99,524
0xe9,0x9a,498
0xe9,0x9b,500
0xe9,0x9c,542
0xe9,0x9d,516
0xe9,0x9e,520
0xe9,0x9f,516
0xe9,0xa0,548
0xe9,0xa1,556
0xe9,0xa2,538
0xe9,0xa3,516
0xe9,0xa4,494
0xe9,0xa5,530
0xe9,0xa6,522
0xe9,0xa7,480
0xe9,0xa8,494
0xe9,0xa9,550
0xe9,0xaa,552
0xe9,0xab,536
0xe9,0xac,504
0xe9,0xad,488
0xe9,0xae,530
0xe9,0xaf,490
0xe9,0xb0,492
0xe9,0xb1,496
0xe9,0xb2,510
0xe9,0xb3,490
0xe9,0xb4,498
0xe9,0xb5,492
0xe9,0xb6,512
0xe9,0xb7,524
0xe9,0xb8,518
0xe9,0xb9,490
0xe9,0xba,508
0xe9,0xbb,456
0xe9,0xbc,496
0xe9,0xbd,520
0xe9,0xbe,486
0xe9,0xbf,496
0xe9,0xc0,504
0xe9,0xc1,474
0xe9,0xc2,496
0xe9,0xc3,486
0xe9,0xc4,588
0xe9,0xc5,498
0xe9,0xc6,518
0xe9,0xc7,496
0xe9,0xc8,494
0xe9,0xc9,496
0xe9,0xca,508
0xe9,0xcb,480
0xe9,0xcc,524
0xe9,0xcd,514
0xe9,0xce,466
0xe9,0xcf,488
0xe9,0xd0,510
0xe9,0xd1,502
0xe9,0xd2,536
0xe9,0xd3,492
0xe9,0xd4,508
0xe9,0xd5,560
0xe9,0xd6,508
0xe9,0xd7,488
0xe9,0xd8,520
0xe9,0xd9,522
0xe9,0xda,490
0xe9,0xdb,488
0xe9,0xdc,494
0xe9,0xdd,492
0xe9,0xde,514
0xe9,0xdf,570
0xe9,0xe0,514
0xe9,0xe1,536
0xe9,0xe2,460
0xe9,0xe3,484
0xe9,0xe4,510
0xe9,0xe5,474
0xe9,0xe6,484
0xe9,0xe7,480
0xe9,0xe8,478
0xe9,0xe9,506
0xe9,0xea,524
0xe9,0xeb,536
0xe9,0xec,502
0xe9,0xed,498
0xe9,0xee,496
0xe9,0xef,470
0xe9,0xf0,488
0xe9,0xf1,520
0xe9,0xf2,502
0xe9,0xf3,472
0xe9,0xf4,528
0xe9,0xf5,530
0xe9,0xf6,540
0xe9,0xf7,496
0xe9,0xf8,526
0xe9,0xf9,492
0xe9,0xfa,512
0xe9,0xfb,492
0xe9,0xfc,490
0xe9,0xfd,500
0xe9,0xfe,500
0xe9,0xff,482
0xea,0x00,256
0xea,0x01,502
0xea,0x02,678
0xea,0x03,526
0xea,0x04,542
0xea,0x05,532
0xea,0x06,514
0xea,0x07,512
0xea,0x08,498
0xea,0x09,484
0xea,0x0a,508
0xea,0x0b,458
0xea,0x0c,532
0xea,0x0d,518
0xea,0x0e,504
0xea,0x0f,488
0xea,0x10,486
0xea,0x11,496
0xea,0x12,392
0xea,0x13,514
0xea,0x14,488
0xea,0x15,520
0xea,0x16,692
0xea,0x17,476
0xea,0x18,522
0xea,0x19,530
0xea,0x1a,528
0xea,0x1b,504
0xea,0x1c,484
0xea,0x1d,498
0xea,0x1e,492
0xea,0x1f,532
0xea,0x20,522
0xea,0x21,548
0xea,0x22,546
0xea,0x23,548
0xea,0x24,438
0xea,0x25,478
0xea,0x26,494
0xea,0x27,492
0xea,0x28,536
0xea,0x29,514
0xea,0x2a,526
0xea,0x2b,490
0xea,0x2c,506
0xea,0x2d,512
0xea,0x2e,530
0xea,0x2f,546
0xea,0x30,834
0xea,0x31,622
0xea,0x32,604
0xea,0x33,520
0xea,0x34,532
0xea,0x35,530
0xea,0x36,600
0xea,0x37,504
0xea,0x38,512
0xea,0x39,566
0xea,0x3a,528
0xea,0x3b,538
0xea,0x3c,538
0xea,0x3d,494
0xea,0x3e,520
0xea,0x3f,516
0xea,0x40,514
0xea,0x41,506
0xea,0x42,508
0xea,0x43,520
0xea,0x44,548
0xea,0x45,532
0xea,0x46,532
0xea,0x47,528
0xea,0x48,568
0xea,0x49,524
0xea,0x4a,516
0xea,0x4b,488
0xea,0x4c,488
0xea,0x4d,536
0xea,0x4e,496
0xea,0x4f,498
0xea,0x50,532
0xea,0x51,522
0xea,0x52,490
0xea,0x53,504
0xea,0x54,482
0xea,0x55,514
0xea,0x56,476
0xea,0x57,498
0xea,0x58,502
0xea,0x59,504
0xea,0x5a,552
0xea,0x5b,540
0xea,0x5c,488
0xea,0x5d,510
0xea,0x5e,494
0xea,0x5f,532
0xea,0x60,508
0xea,0x61,478
0xea,0x62,504
0xea,0x63,524
0xea,0x64,550
0xea,0x65,540
0xea,0x66,550
0xea,0x67,538
0xea,0x68,506
0xea,0x69,520
0xea,0x6a,516
0xea,0x6b,546
0xea,0x6c,508
0xea,0x6d,492
0xea,0x6e,512
0xea,0x6f,554
0xea,0x70,506
0xea,0x71,534
0xea,0x72,530
0xea,0x73,510
0xea,0x74,468
0xea,0x75,488
0xea,0x76,522
0xea,0x77,572
0xea,0x78,514
0xea,0x79,514
0xea,0x7a,538
0xea,0x7b,540
0xea,0x7c,488
0xea,0x7d,542
0xea,0x7e,480
0xea,0x7f,494
0xea,0x80,560
0xea,0x81,502
0xea,0x82,500
0xea,0x83,492
0xea,0x84,526
0xea,0x85,512
0xea,0x86,548
0xea,0x87,520
0xea,0x88,496
0xea,0x89,488
0xea,0x8a,504
0xea,0x8b,508
0xea,0x8c,514
0xea,0x8d,538
0xea,0x8e,544
0xea,0x8f,504
0xea,0x90,538
0xea,0x91,486
0xea,0x92,476
0xea,0x93,502
0xea,0x94,542
0xea,0x95,556
0xea,0x96,510
0xea,0x97,518
0xea,0x98,516
0xea,0x99,472
0xea,0x9a,476
0xea,0x9b,504
0xea,0x9c,532
0xea,0x9d,522
0xea,0x9e,512
0xea,0x9f,530
0xea,0xa0,532
0xea,0xa1,516
0xea,0xa2,528
0xea,0xa3,500
0xea,0xa4,530
0xea,0xa5,500
0xea,0xa6,462
0xea,0xa7,542
0xea,0xa8,496
0xea,0xa9,534
0xea,0xaa,506
0xea,0xab,548
0xea,0xac,512
0xea,0xad,506
0xea,0xae,478
0xea,0xaf,494
0xea,0xb0,518
0xea,0xb1,570
0xea,0xb2,526
0xea,0xb3,534
0xea,0xb4,484
0xea,0xb5,498
0xea,0xb6,514
0xea,0xb7,480
0xea,0xb8,556
0xea,0xb9,542
0xea,0xba,464
0xea,0xbb,524
0xea,0xbc,510
0xea,0xbd,512
0xea,0xbe,494
0xea,0xbf,502
0xea,0xc0,518
0xea,0xc1,530
0xea,0xc2,534
0xea,0xc3,516
0xea,0xc4,506
0xea,0xc5,474
0xea,0xc6,504
0xea,0xc7,576
0xea,0xc8,534
0xea,0xc9,514
0xea,0xca,446
0xea,0xcb,462
0xea,0xcc,548
0xea,0xcd,514
0xea,0xce,484
0xea,0xcf,458
0xea,0xd0,472
0xea,0xd1,536
0xea,0xd2,538
0xea,0xd3,532
0xea,0xd4,530
0xea,0xd5,502
0xea,0xd6,482
0xea,0xd7,532
0xea,0xd8,484
0xea,0xd9,534
0xea,0xda,492
0xea,0xdb,500
0xea,0xdc,434
0xea,0xdd,508
0xea,0xde,520
0xea,0xdf,512
0xea,0xe0,508
0xea,0xe1,498
0xea,0xe2,522
0xea,0xe3,552
0xea,0xe4,566
0xea,0xe5,524
0xea,0xe6,540
0xea,0xe7,554
0xea,0xe8,554
0xea,0xe9,520
0xea,0xea,512
0xea,0xeb,536
0xea,0xec,522
0xea,0xed,484
0xea,0xee,510
0xea,0xef,558
0xea,0xf0,524
0xea,0xf1,518
0xea,0xf2,474
0xea,0xf3,536
0xea,0xf4,512
0xea,0xf5,596
0xea,0xf6,526
0xea,0xf7,566
0xea,0xf8,538
0xea,0xf9,512
0xea,0xfa,488
0xea,0xfb,480
0xea,0xfc,514
0xea,0xfd,552
0xea,0xfe,522
0xea,0xff,490
0xeb,0x00,256
0xeb,0x01,520
0xeb,0x02,562
0xeb,0x03,498
0xeb,0x04,534
0xeb,0x05,514
0xeb,0x06,498
0xeb,0x07,516
0xeb,0x08,504
0xeb,0x09,552
0xeb,0x0a,532
0xeb,0x0b,500
0xeb,0x0c,510
0xeb,0x0d,526
0xeb,0x0e,552
0xeb,0x0f,542
0xeb,0x10,494
0xeb,0x11,488
0xeb,0x12,454
0xeb,0x13,500
0xeb,0x14,498
0xeb,0x15,502
0xeb,0x16,588
0xeb,0x17,548
0xeb,0x18,556
0xeb,0x19,588
0xeb,0x1a,554
0xeb,0x1b,584
0xeb,0x1c,534
0xeb,0x1d,480
0xeb,0x1e,488
0xeb,0x1f,540
0xeb,0x20,498
0xeb,0x21,514
0xeb,0x22,498
0xeb,0x23,500
0xeb,0x24,562
0xeb,0x25,554
0xeb,0x26,602
0xeb,0x27,474
0xeb,0x28,516
0xeb,0x29,558
0xeb,0x2a,510
0xeb,0x2b,488
0xeb,0x2c,488
0xeb,0x2d,512
0xeb,0x2e,630
0xeb,0x2f,578
0xeb,0x30,1230
0xeb,0x31,514
0xeb,0x32,550
0xeb,0x33,584
0xeb,0x34,462
0xeb,0x35,548
0xeb,0x36,502
0xeb,0x37,520
0xeb,0x38,536
0xeb,0x39,524
0xeb,0x3a,506
0xeb,0x3b,522
0xeb,0x3c,502
0xeb,0x3d,498
0xeb,0x3e,512
0xeb,0x3f,512
0xeb,0x40,486
0xeb,0x41,506
0xeb,0x42,492
0xeb,0x43,480
0xeb,0x44,488
0xeb,0x45,498
0xeb,0x46,490
0xeb,0x47,498
0xeb,0x48,508
0xeb,0x49,514
0xeb,0x4a,514
0xeb,0x4b,544
0xeb,0x4c,510
0xeb,0x4d,544
0xeb,0x4e,506
0xeb,0x4f,516
0xeb,0x50,538
0xeb,0x51,542
0xeb,0x52,498
0xeb,0x53,502
0xeb,0x54,502
0xeb,0x55,504
0xeb,0x56,518
0xeb,0x57,510
0xeb,0x58,524
0xeb,0x59,540
0xeb,0x5a,506
0xeb,0x5b,492
0xeb,0x5c,480
0xeb,0x5d,486
0xeb,0x5e,504
0xeb,0x5f,506
0xeb,0x60,524
0xeb,0x61,588
0xeb,0x62,500
0xeb,0x63,522
0xeb,0x64,516
0xeb,0x65,522
0xeb,0x66,510
0xeb,0x67,554
0xeb,0x68,476
0xeb,0x69,492
0xeb,0x6a,606
0xeb,0x6b,490
0xeb,0x6c,522
0xeb,0x6d,460
0xeb,0x6e,532
0xeb,0x6f,476
0xeb,0x70,512
0xeb,0x71,536
0xeb,0x72,470
0xeb,0x73,548
0xeb,0x74,558
0xeb,0x75,530
0xeb,0x76,504
0xeb,0x77,530
0xeb,0x78,512
0xeb,0x79,492
0xeb,0x7a,504
0xeb,0x7b,484
0xeb,0x7c,508
0xeb,0x7d,486
0xeb,0x7e,498
0xeb,0x7f,540
0xeb,0x80,506
0xeb,0x81,526
0xeb,0x82,492
0xeb,0x83,492
0xeb,0x84,534
0xeb,0x85,504
0xeb,0x86,538
0xeb,0x87,510
0xeb,0x88,498
0xeb,0x89,498
0xeb,0x8a,502
0xeb,0x8b,484
0xeb,0x8c,520
0xeb,0x8d,502
0xeb,0x8e,510
0xeb,0x8f,498
0xeb,0x90,476
0xeb,0x91,484
0xeb,0x92,514
0xeb,0x93,492
0xeb,0x94,508
0xeb,0x95,530
0xeb,0x96,484
0xeb,0x97,520
0xeb,0x98,498
0xeb,0x99,536
0xeb,0x9a,516
0xeb,0x9b,520
0xeb,0x9c,496
0xeb,0x9d,516
0xeb,0x9e,530
0xeb,0x9f,560
0xeb,0xa0,520
0xeb,0xa1,542
0xeb,0xa2,558
0xeb,0xa3,506
0xeb,0xa4,510
0xeb,0xa5,536
0xeb,0xa6,506
0xeb,0xa7,476
0xeb,0xa8,514
0xeb,0xa9,534
0xeb,0xaa,496
0xeb,0xab,492
0xeb,0xac,486
0xeb,0xad,494
0xeb,0xae,522
0xeb,0xaf,494
0xeb,0xb0,520
0xeb,0xb1,496
0xeb,0xb2,502
0xeb,0xb3,532
0xeb,0xb4,502
0xeb,0xb5,498
0xeb,0xb6,486
0xeb,0xb7,580
0xeb,0xb8,504
0xeb,0xb9,518
0xeb,0xba,518
0xeb,0xbb,506
0xeb,0xbc,548
0xeb,0xbd,556
0xeb,0xbe,488
0xeb,0xbf,512
0xeb,0xc0,508
0xeb,0xc1,476
0xeb,0xc2,506
0xeb,0xc3,564
0xeb,0xc4,502
0xeb,0xc5,498
0xeb,0xc6,486
0xeb,0xc7,516
0xeb,0xc8,548
0xeb,0xc9,520
0xeb,0xca,488
0xeb,0xcb,508
0xeb,0xcc,506
0xeb,0xcd,530
0xeb,0xce,498
0xeb,0xcf,552
0xeb,0xd0,516
0xeb,0xd1,538
0xeb,0xd2,514
0xeb,0xd3,514
0xeb,0xd4,546
0xeb,0xd5,518
0xeb,0xd6,466
0xeb,0xd7,538
0xeb,0xd8,566
0xeb,0xd9,544
0xeb,0xda,510
0xeb,0xdb,520
0xeb,0xdc,490
0xeb,0xdd,492
0xeb,0xde,514
0xeb,0xdf,502
0xeb,0xe0,484
0xeb,0xe1,488
0xeb,0xe2,504
0xeb,0xe3,506
0xeb,0xe4,546
0xeb,0xe5,538
0xeb,0xe6,544
0xeb,0xe7,510
0xeb,0xe8,502
0xeb,0xe9,480
0xeb,0xea,492
0xeb,0xeb,490
0xeb,0xec,534
0xeb,0xed,494
0xeb,0xee,514
0xeb,0xef,554
0xeb,0xf0,508
0xeb,0xf1,486
0xeb,0xf2,504
0xeb,0xf3,526
0xeb,0xf4,496
0xeb,0xf5,494
0xeb,0xf6,510
0xeb,0xf7,510
0xeb,0xf8,610
0xeb,0xf9,510
0xeb,0xfa,522
0xeb,0xfb,532
0xeb,0xfc,522
0xeb,0xfd,508
0xeb,0xfe,534
0xeb,0xff,496
0xec,0x00,256
0xec,0x01,520
0xec,0x02,562
0xec,0x03,498
0xec,0x04,534
0xec,0x05,514
0xec,0x06,498
0xec,0x07,516
0xec,0x08,504
0xec,0x09,552
0xec,0x0a,532
0xec,0x0b,500
0xec,0x0c,510
0xec,0x0d,526
0xec,0x0e,552
0xec,0x0f,542
0xec,0x10,494
0xec,0x11,488
0xec,0x12,454
0xec,0x13,500
0xec,0x14,498
0xec,0x15,502
0xec,0x16,588
0xec,0x17,548
0xec,0x18,556
0xec,0x19,588
0xec,0x1a,554
0xec,0x1b,584
0xec,0x1c,534
0xec,0x1d,480
0xec,0x1e,488
0xec,0x1f,540
0xec,0x20,498
0xec,0x21,514
0xec,0x22,498
0xec,0x23,500
0xec,0x24,562
0xec,0x25,554
0xec,0x26,602
0xec,0x27,474
0xec,0x28,516
0xec,0x29,558
0xec,0x2a,510
0xec,0x2b,488
0xec,0x2c,488
0xec,0x2d,512
0xec,0x2e,630
0xec,0x2f,578
0xec,0x30,1230
0xec,0x31,514
0xec,0x32,550
0xec,0x33,584
0xec,0x34,462
0xec,0x35,548
0xec,0x36,502
0xec,0x37,520
0xec,0x38,536
0xec,0x39,524
0xec,0x3a,506
0xec,0x3b,522
0xec,0x3c,502
0xec,0x3d,498
0xec,0x3e,512
0xec,0x3f,512
0xec,0x40,486
0xec,0x41,506
0xec,0x42,492
0xec,0x43,480
0xec,0x44,488
0xec,0x45,498
0xec,0x46,490
0xec,0x47,498
0xec,0x48,508
0xec,0x49,514
0xec,0x4a,514
0xec,0x4b,544
0xec,0x4c,510
0xec,0x4d,544
0xec,0x4e,506
0xec,0x4f,516
0xec,0x50,538
0xec,0x51,542
0xec,0x52,498
0xec,0x53,502
0xec,0x54,502
0xec,0x55,504
0xec,0x56,518
0xec,0x57,510
0xec,0x58,524
0xec,0x59,540
0xec,0x5a,506
0xec,0x5b,492
0xec,0x5c,480
0xec,0x5d,486
0xec,0x5e,504
0xec,0x5f,506
0xec,0x60,524
0xec,0x61,588
0xec,0x62,500
0xec,0x63,522
0xec,0x64,516
0xec,0x65,522
0xec,0x66,510
0xec,0x67,554
0xec,0x68,476
0xec,0x69,492
0xec,0x6a,606
0xec,0x6b,490
0xec,0x6c,522
0xec,0x6d,460
0xec,0x6e,532
0xec,0x6f,476
0xec,0x70,512
0xec,0x71,536
0xec,0x72,470
0xec,0x73,548
0xec,0x74,558
0xec,0x75,530
0xec,0x76,504
0xec,0x77,530
0xec,0x78,512
0xec,0x79,492
0xec,0x7a,504
0xec,0x7b,484
0xec,0x7c,508
0xec,0x7d,486
0xec,0x7e,498
0xec,0x7f,540
0xec,0x80,506
0xec,0x81,526
0xec,0x82,492
0xec,0x83,492
0xec,0x84,534
0xec,0x85,504
0xec,0x86,538
0xec,0x87,510
0xec,0x88,498
0xec,0x89,498
0xec,0x8a,502
0xec,0x8b,484
0xec,0x8c,520
0xec,0x8d,502
0xec,0x8e,510
0xec,0x8f,498
0xec,0x90,476
0xec,0x91,484
0xec,0x92,514
0xec,0x93,492
0xec,0x94,508
0xec,0x95,530
0xec,0x96,484
0xec,0x97,520
0xec,0x98,498
0xec,0x99,536
0xec,0x9a,516
0xec,0x9b,520
0xec,0x9c,496
0xec,0x9d,516
0xec,0x9e,530
0xec,0x9f,560
0xec,0xa0,520
0xec,0xa1,542
0xec,0xa2,558
0xec,0xa3,506
0xec,0xa4,510
0xec,0xa5,536
0xec,0xa6,506
0xec,0xa7,476
0xec,0xa8,514
0xec,0xa9,534
0xec,0xaa,496
0xec,0xab,492
0xec,0xac,486
0xec,0xad,494
0xec,0xae,522
0xec,0xaf,494
0xec,0xb0,520
0xec,0xb1,496
0xec,0xb2,502
0xec,0xb3,532
0xec,0xb4,502
0xec,0xb5,498
0xec,0xb6,486
0xec,0xb7,580
0xec,0xb8,504
0xec,0xb9,518
0xec,0xba,518
0xec,0xbb,506
0xec,0xbc,548
0xec,0xbd,556
0xec,0xbe,488
0xec,0xbf,512
0xec,0xc0,508
0xec,0xc1,476
0xec,0xc2,506
0xec,0xc3,564
0xec,0xc4,502
0xec,0xc5,498
0xec,0xc6,486
0xec,0xc7,516
0xec,0xc8,548
0xec,0xc9,520
0xec,0xca,488
0xec,0xcb,508
0xec,0xcc,506
0xec,0xcd,530
0xec,0xce,498
0xec,0xcf,552
0xec,0xd0,516
0xec,0xd1,538
0xec,0xd2,514
0xec,0xd3,514
0xec,0xd4,546
0xec,0xd5,518
0xec,0xd6,466
0xec,0xd7,538
0xec,0xd8,566
0xec,0xd9,544
0xec,0xda,510
0xec,0xdb,520
0xec,0xdc,490
0xec,0xdd,492
0xec,0xde,514
0xec,0xdf,502
0xec,0xe0,484
0xec,0xe1,488
0xec,0xe2,504
0xec,0xe3,506
0xec,0xe4,546
0xec,0xe5,538
0xec,0xe6,544
0xec,0xe7,510
0xec,0xe8,502
0xec,0xe9,480
0xec,0xea,492
0xec,0xeb,490
0xec,0xec,534
0xec,0xed,494
0xec,0xee,514
0xec,0xef,554
0xec,0xf0,508
0xec,0xf1,486
0xec,0xf2,504
0xec,0xf3,526
0xec,0xf4,496
0xec,0xf5,494
0xec,0xf6,510
0xec,0xf7,510
0xec,0xf8,610
0xec,0xf9,510
0xec,0xfa,522
0xec,0xfb,532
0xec,0xfc,522
0xec,0xfd,508
0xec,0xfe,534
0xec,0xff,496
0xed,0x00,256
0xed,0x01,508
0xed,0x02,566
0xed,0x03,516
0xed,0x04,490
0xed,0x05,516
0xed,0x06,544
0xed,0x07,538
0xed,0x08,528
0xed,0x09,534
0xed,0x0a,508
0xed,0x0b,484
0xed,0x0c,512
0xed,0x0d,538
0xed,0x0e,516
0xed,0x0f,508
0xed,0x10,492
0xed,0x11,470
0xed,0x12,444
0xed,0x13,516
0xed,0x14,666
0xed,0x15,506
0xed,0x16,466
0xed,0x17,482
0xed,0x18,530
0xed,0x19,508
0xed,0x1a,508
0xed,0x1b,478
0xed,0x1c,504
0xed,0x1d,532
0xed,0x1e,450
0xed,0x1f,586
0xed,0x20,504
0xed,0x21,500
0xed,0x22,544
0xed,0x23,492
0xed,0x24,462
0xed,0x25,550
0xed,0x26,716
0xed,0x27,528
0xed,0x28,496
0xed,0x29,560
0xed,0x2a,542
0xed,0x2b,582
0xed,0x2c,496
0xed,0x2d,542
0xed,0x2e,486
0xed,0x2f,530
0xed,0x30,472
0xed,0x31,546
0xed,0x32,494
0xed,0x33,508
0xed,0x34,468
0xed,0x35,466
0xed,0x36,516
0xed,0x37,488
0xed,0x38,500
0xed,0x39,536
0xed,0x3a,458
0xed,0x3b,512
0xed,0x3c,508
0xed,0x3d,500
0xed,0x3e,572
0xed,0x3f,498
0xed,0x40,542
0xed,0x41,500
0xed,0x42,498
0xed,0x43,520
0xed,0x44,484
0xed,0x45,556
0xed,0x46,510
0xed,0x47,536
0xed,0x48,484
0xed,0x49,534
0xed,0x4a,492
0xed,0x4b,526
0xed,0x4c,514
0xed,0x4d,520
0xed,0x4e,526
0xed,0x4f,544
0xed,0x50,542
0xed,0x51,530
0xed,0x52,482
0xed,0x53,574
0xed,0x54,510
0xed,0x55,536
0xed,0x56,486
0xed,0x57,470
0xed,0x58,512
0xed,0x59,540
0xed,0x5a,532
0xed,0x5b,558
0xed,0x5c,460
0xed,0x5d,490
0xed,0x5e,488
0xed,0x5f,528
0xed,0x60,500
0xed,0x61,512
0xed,0x62,576
0xed,0x63,530
0xed,0x64,544
0xed,0x65,500
0xed,0x66,528
0xed,0x67,502
0xed,0x68,538
0xed,0x69,474
0xed,0x6a,508
0xed,0x6b,474
0xed,0x6c,528
0xed,0x6d,512
0xed,0x6e,510
0xed,0x6f,540
0xed,0x70,484
0xed,0x71,480
0xed,0x72,528
0xed,0x73,528
0xed,0x74,490
0xed,0x75,506
0xed,0x76,524
0xed,0x77,536
0xed,0x78,514
0xed,0x79,504
0xed,0x7a,474
0xed,0x7b,496
0xed,0x7c,468
0xed,0x7d,512
0xed,0x7e,512
0xed,0x7f,564
0xed,0x80,468
0xed,0x81,556
0xed,0x82,554
0xed,0x83,472
0xed,0x84,474
0xed,0x85,508
0xed,0x86,502
0xed,0x87,482
0xed,0x88,494
0xed,0x89,494
0xed,0x8a,480
0xed,0x8b,494
0xed,0x8c,532
0xed,0x8d,510
0xed,0x8e,550
0xed,0x8f,510
0xed,0x90,530
0xed,0x91,510
0xed,0x92,574
0xed,0x93,516
0xed,0x94,572
0xed,0x95,492
0xed,0x96,542
0xed,0x97,524
0xed,0x98,544
0xed,0x99,474
0xed,0x9a,528
0xed,0x9b,562
0xed,0x9c,512
0xed,0x9d,506
0xed,0x9e,514
0xed,0x9f,530
0xed,0xa0,528
0xed,0xa1,530
0xed,0xa2,500
0xed,0xa3,554
0xed,0xa4,534
0xed,0xa5,546
0xed,0xa6,494
0xed,0xa7,532
0xed,0xa8,544
0xed,0xa9,492
0xed,0xaa,526
0xed,0xab,508
0xed,0xac,470
0xed,0xad,510
0xed,0xae,454
0xed,0xaf,514
0xed,0xb0,514
0xed,0xb1,522
0xed,0xb2,516
0xed,0xb3,506
0xed,0xb4,504
0xed,0xb5,524
0xed,0xb6,502
0xed,0xb7,550
0xed,0xb8,500
0xed,0xb9,520
0xed,0xba,502
0xed,0xbb,496
0xed,0xbc,494
0xed,0xbd,502
0xed,0xbe,538
0xed,0xbf,490
0xed,0xc0,482
0xed,0xc1,490
0xed,0xc2,520
0xed,0xc3,500
0xed,0xc4,522
0xed,0xc5,478
0xed,0xc6,530
0xed,0xc7,524
0xed,0xc8,494
0xed,0xc9,498
0xed,0xca,522
0xed,0xcb,504
0xed,0xcc,472
0xed,0xcd,526
0xed,0xce,486
0xed,0xcf,550
0xed,0xd0,550
0xed,0xd1,496
0xed,0xd2,472
0xed,0xd3,542
0xed,0xd4,526
0xed,0xd5,478
0xed,0xd6,484
0xed,0xd7,474
0xed,0xd8,496
0xed,0xd9,492
0xed,0xda,520
0xed,0xdb,514
0xed,0xdc,500
0xed,0xdd,470
0xed,0xde,544
0xed,0xdf,510
0xed,0xe0,508
0xed,0xe1,492
0xed,0xe2,550
0xed,0xe3,488
0xed,0xe4,504
0xed,0xe5,496
0xed,0xe6,518
0xed,0xe7,474
0xed,0xe8,528
0xed,0xe9,544
0xed,0xea,570
0xed,0xeb,522
0xed,0xec,508
0xed,0xed,498
0xed,0xee,526
0xed,0xef,510
0xed,0xf0,516
0xed,0xf1,534
0xed,0xf2,472
0xed,0xf3,476
0xed,0xf4,508
0xed,0xf5,534
0xed,0xf6,502
0xed,0xf7,518
0xed,0xf8,494
0xed,0xf9,546
0xed,0xfa,490
0xed,0xfb,558
0xed,0xfc,526
0xed,0xfd,496
0xed,0xfe,514
0xed,0xff,500
0xee,0x00,256
0xee,0x01,492
0xee,0x02,510
0xee,0x03,528
0xee,0x04,548
0xee,0x05,508
0xee,0x06,512
0xee,0x07,520
0xee,0x08,528
0xee,0x09,466
0xee,0x0a,502
0xee,0x0b,478
0xee,0x0c,506
0xee,0x0d,492
0xee,0x0e,470
0xee,0x0f,482
0xee,0x10,498
0xee,0x11,524
0xee,0x12,428
0xee,0x13,532
0xee,0x14,608
0xee,0x15,564
0xee,0x16,512
0xee,0x17,518
0xee,0x18,470
0xee,0x19,490
0xee,0x1a,512
0xee,0x1b,512
0xee,0x1c,548
0xee,0x1d,518
0xee,0x1e,514
0xee,0x1f,530
0xee,0x20,486
0xee,0x21,506
0xee,0x22,488
0xee,0x23,526
0xee,0x24,584
0xee,0x25,500
0xee,0x26,530
0xee,0x27,550
0xee,0x28,514
0xee,0x29,496
0xee,0x2a,500
0xee,0x2b,508
0xee,0x2c,500
0xee,0x2d,562
0xee,0x2e,508
0xee,0x2f,490
0xee,0x30,396
0xee,0x31,548
0xee,0x32,528
0xee,0x33,520
0xee,0x34,480
0xee,0x35,528
0xee,0x36,446
0xee,0x37,544
0xee,0x38,508
0xee,0x39,512
0xee,0x3a,546
0xee,0x3b,490
0xee,0x3c,518
0xee,0x3d,526
0xee,0x3e,528
0xee,0x3f,514
0xee,0x40,490
0xee,0x41,502
0xee,0x42,470
0xee,0x43,534
0xee,0x44,502
0xee,0x45,486
0xee,0x46,490
0xee,0x47,502
0xee,0x48,518
0xee,0x49,486
0xee,0x4a,538
0xee,0x4b,518
0xee,0x4c,490
0xee,0x4d,488
0xee,0x4e,500
0xee,0x4f,484
0xee,0x50,552
0xee,0x51,528
0xee,0x52,530
0xee,0x53,508
0xee,0x54,504
0xee,0x55,510
0xee,0x56,518
0xee,0x57,544
0xee,0x58,470
0xee,0x59,582
0xee,0x5a,554
0xee,0x5b,516
0xee,0x5c,488
0xee,0x5d,518
0xee,0x5e,494
0xee,0x5f,500
0xee,0x60,506
0xee,0x61,522
0xee,0x62,480
0xee,0x63,504
0xee,0x64,524
0xee,0x65,488
0xee,0x66,472
0xee,0x67,490
0xee,0x68,506
0xee,0x69,500
0xee,0x6a,502
0xee,0x6b,528
0xee,0x6c,500
0xee,0x6d,516
0xee,0x6e,522
0xee,0x6f,520
0xee,0x70,488
0xee,0x71,532
0xee,0x72,504
0xee,0x73,482
0xee,0x74,492
0xee,0x75,488
0xee,0x76,500
0xee,0x77,528
0xee,0x78,534
0xee,0x79,534
0xee,0x7a,506
0xee,0x7b,474
0xee,0x7c,502
0xee,0x7d,546
0xee,0x7e,504
0xee,0x7f,532
0xee,0x80,512
0xee,0x81,514
0xee,0x82,504
0xee,0x83,518
0xee,0x84,494
0xee,0x85,534
0xee,0x86,540
0xee,0x87,512
0xee,0x88,496
0xee,0x89,498
0xee,0x8a,476
0xee,0x8b,502
0xee,0x8c,498
0xee,0x8d,482
0xee,0x8e,502
0xee,0x8f,496
0xee,0x90,498
0xee,0x91,508
0xee,0x92,520
0xee,0x93,516
0xee,0x94,536
0xee,0x95,542
0xee,0x96,500
0xee,0x97,514
0xee,0x98,510
0xee,0x99,550
0xee,0x9a,508
0xee,0x9b,528
0xee,0x9c,522
0xee,0x9d,458
0xee,0x9e,536
0xee,0x9f,508
0xee,0xa0,554
0xee,0xa1,510
0xee,0xa2,508
0xee,0xa3,494
0xee,0xa4,554
0xee,0xa5,532
0xee,0xa6,500
0xee,0xa7,522
0xee,0xa8,542
0xee,0xa9,480
0xee,0xaa,516
0xee,0xab,494
0xee,0xac,514
0xee,0xad,508
0xee,0xae,500
0xee,0xaf,486
0xee,0xb0,512
0xee,0xb1,536
0xee,0xb2,518
0xee,0xb3,512
0xee,0xb4,544
0xee,0xb5,546
0xee,0xb6,470
0xee,0xb7,500
0xee,0xb8,504
0xee,0xb9,514
0xee,0xba,520
0xee,0xbb,534
0xee,0xbc,482
0xee,0xbd,482
0xee,0xbe,520
0xee,0xbf,520
0xee,0xc0,504
0xee,0xc1,556
0xee,0xc2,510
0xee,0xc3,472
0xee,0xc4,486
0xee,0xc5,520
0xee,0xc6,514
0xee,0xc7,512
0xee,0xc8,532
0xee,0xc9,472
0xee,0xca,496
0xee,0xcb,492
0xee,0xcc,516
0xee,0xcd,504
0xee,0xce,540
0xee,0xcf,508
0xee,0xd0,494
0xee,0xd1,506
0xee,0xd2,510
0xee,0xd3,484
0xee,0xd4,506
0xee,0xd5,548
0xee,0xd6,464
0xee,0xd7,500
0xee,0xd8,504
0xee,0xd9,528
0xee,0xda,498
0xee,0xdb,490
0xee,0xdc,484
0xee,0xdd,496
0xee,0xde,498
0xee,0xdf,532
0xee,0xe0,504
0xee,0xe1,492
0xee,0xe2,530
0xee,0xe3,518
0xee,0xe4,494
0xee,0xe5,558
0xee,0xe6,514
0xee,0xe7,500
0xee,0xe8,516
0xee,0xe9,508
0xee,0xea,548
0xee,0xeb,512
0xee,0xec,494
0xee,0xed,480
0xee,0xee,494
0xee,0xef,518
0xee,0xf0,490
0xee,0xf1,500
0xee,0xf2,520
0xee,0xf3,502
0xee,0xf4,510
0xee,0xf5,522
0xee,0xf6,478
0xee,0xf7,492
0xee,0xf8,568
0xee,0xf9,490
0xee,0xfa,518
0xee,0xfb,526
0xee,0xfc,532
0xee,0xfd,460
0xee,0xfe,542
0xee,0xff,498
0xef,0x00,256
0xef,0x01,458
0xef,0x02,486
0xef,0x03,522
0xef,0x04,628
0xef,0x05,524
0xef,0x06,504
0xef,0x07,502
0xef,0x08,468
0xef,0x09,504
0xef,0x0a,532
0xef,0x0b,496
0xef,0x0c,474
0xef,0x0d,484
0xef,0x0e,548
0xef,0x0f,490
0xef,0x10,552
0xef,0x11,490
0xef,0x12,390
0xef,0x13,494
0xef,0x14,488
0xef,0x15,570
0xef,0x16,514
0xef,0x17,490
0xef,0x18,516
0xef,0x19,496
0xef,0x1a,490
0xef,0x1b,496
0xef,0x1c,526
0xef,0x1d,524
0xef,0x1e,522
0xef,0x1f,506
0xef,0x20,564
0xef,0x21,524
0xef,0x22,748
0xef,0x23,512
0xef,0x24,500
0xef,0x25,510
0xef,0x26,510
0xef,0x27,508
0xef,0x28,494
0xef,0x29,480
0xef,0x2a,542
0xef,0x2b,520
0xef,0x2c,480
0xef,0x2d,508
0xef,0x2e,538
0xef,0x2f,502
0xef,0x30,416
0xef,0x31,512
0xef,0x32,514
0xef,0x33,510
0xef,0x34,460
0xef,0x35,510
0xef,0x36,486
0xef,0x37,512
0xef,0x38,568
0xef,0x39,496
0xef,0x3a,476
0xef,0x3b,478
0xef,0x3c,460
0xef,0x3d,494
0xef,0x3e,476
0xef,0x3f,516
0xef,0x40,522
0xef,0x41,508
0xef,0x42,488
0xef,0x43,518
0xef,0x44,504
0xef,0x45,508
0xef,0x46,512
0xef,0x47,498
0xef,0x48,504
0xef,0x49,514
0xef,0x4a,578
0xef,0x4b,488
0xef,0x4c,524
0xef,0x4d,540
0xef,0x4e,452
0xef,0x4f,506
0xef,0x50,494
0xef,0x51,518
0xef,0x52,528
0xef,0x53,478
0xef,0x54,492
0xef,0x55,502
0xef,0x56,492
0xef,0x57,528
0xef,0x58,488
0xef,0x59,546
0xef,0x5a,546
0xef,0x5b,538
0xef,0x5c,484
0xef,0x5d,502
0xef,0x5e,502
0xef,0x5f,516
0xef,0x60,504
0xef,0x61,500
0xef,0x62,576
0xef,0x63,514
0xef,0x64,506
0xef,0x65,556
0xef,0x66,532
0xef,0x67,462
0xef,0x68,498
0xef,0x69,504
0xef,0x6a,498
0xef,0x6b,506
0xef,0x6c,566
0xef,0x6d,504
0xef,0x6e,540
0xef,0x6f,502
0xef,0x70,488
0xef,0x71,522
0xef,0x72,534
0xef,0x73,514
0xef,0x74,532
0xef,0x75,498
0xef,0x76,474
0xef,0x77,512
0xef,0x78,492
0xef,0x79,500
0xef,0x7a,500
0xef,0x7b,506
0xef,0x7c,494
0xef,0x7d,520
0xef,0x7e,516
0xef,0x7f,514
0xef,0x80,558
0xef,0x81,520
0xef,0x82,472
0xef,0x83,516
0xef,0x84,500
0xef,0x85,524
0xef,0x86,482
0xef,0x87,534
0xef,0x88,508
0xef,0x89,478
0xef,0x8a,494
0xef,0x8b,536
0xef,0x8c,502
0xef,0x8d,488
0xef,0x8e,518
0xef,0x8f,542
0xef,0x90,502
0xef,0x91,474
0xef,0x92,522
0xef,0x93,490
0xef,0x94,508
0xef,0x95,538
0xef,0x96,482
0xef,0x97,512
0xef,0x98,536
0xef,0x99,522
0xef,0x9a,482
0xef,0x9b,472
0xef,0x9c,508
0xef,0x9d,500
0xef,0x9e,484
0xef,0x9f,524
0xef,0xa0,512
0xef,0xa1,516
0xef,0xa2,490
0xef,0xa3,490
0xef,0xa4,472
0xef,0xa5,490
0xef,0xa6,504
0xef,0xa7,536
0xef,0xa8,542
0xef,0xa9,478
0xef,0xaa,522
0xef,0xab,486
0xef,0xac,506
0xef,0xad,500
0xef,0xae,466
0xef,0xaf,506
0xef,0xb0,498
0xef,0xb1,510
0xef,0xb2,522
0xef,0xb3,484
0xef,0xb4,552
0xef,0xb5,482
0xef,0xb6,542
0xef,0xb7,536
0xef,0xb8,516
0xef,0xb9,514
0xef,0xba,492
0xef,0xbb,520
0xef,0xbc,478
0xef,0xbd,548
0xef,0xbe,528
0xef,0xbf,494
0xef,0xc0,538
0xef,0xc1,510
0xef,0xc2,488
0xef,0xc3,516
0xef,0xc4,482
0xef,0xc5,500
0xef,0xc6,544
0xef,0xc7,516
0xef,0xc8,550
0xef,0xc9,568
0xef,0xca,508
0xef,0xcb,512
0xef,0xcc,566
0xef,0xcd,518
0xef,0xce,484
0xef,0xcf,512
0xef,0xd0,510
0xef,0xd1,464
0xef,0xd2,532
0xef,0xd3,598
0xef,0xd4,528
0xef,0xd5,502
0xef,0xd6,482
0xef,0xd7,500
0xef,0xd8,522
0xef,0xd9,500
0xef,0xda,512
0xef,0xdb,562
0xef,0xdc,452
0xef,0xdd,528
0xef,0xde,484
0xef,0xdf,578
0xef,0xe0,498
0xef,0xe1,530
0xef,0xe2,476
0xef,0xe3,574
0xef,0xe4,506
0xef,0xe5,506
0xef,0xe6,462
0xef,0xe7,492
0xef,0xe8,534
0xef,0xe9,500
0xef,0xea,536
0xef,0xeb,472
0xef,0xec,538
0xef,0xed,524
0xef,0xee,480
0xef,0xef,484
0xef,0xf0,472
0xef,0xf1,494
0xef,0xf2,502
0xef,0xf3,506
0xef,0xf4,546
0xef,0xf5,534
0xef,0xf6,538
0xef,0xf7,494
0xef,0xf8,530
0xef,0xf9,484
0xef,0xfa,526
0xef,0xfb,500
0xef,0xfc,496
0xef,0xfd,548
0xef,0xfe,538
0xef,0xff,476
0xf0,0x00,256
0xf0,0x01,474
0xf0,0x02,452
0xf0,0x03,520
0xf0,0x04,576
0xf0,0x05,544
0xf0,0x06,542
0xf0,0x07,534
0xf0,0x08,506
0xf0,0x09,496
0xf0,0x0a,480
0xf0,0x0b,472
0xf0,0x0c,524
0xf0,0x0d,510
0xf0,0x0e,530
0xf0,0x0f,540
0xf0,0x10,482
0xf0,0x11,506
0xf0,0x12,448
0xf0,0x13,514
0xf0,0x14,492
0xf0,0x15,500
0xf0,0x16,534
0xf0,0x17,488
0xf0,0x18,508
0xf0,0x19,492
0xf0,0x1a,492
0xf0,0x1b,492
0xf0,0x1c,474
0xf0,0x1d,492
0xf0,0x1e,492
0xf0,0x1f,494
0xf0,0x20,614
0xf0,0x21,534
0xf0,0x22,526
0xf0,0x23,530
0xf0,0x24,482
0xf0,0x25,480
0xf0,0x26,392
0xf0,0x27,518
0xf0,0x28,522
0xf0,0x29,518
0xf0,0x2a,542
0xf0,0x2b,480
0xf0,0x2c,466
0xf0,0x2d,482
0xf0,0x2e,456
0xf0,0x2f,476
0xf0,0x30,592
0xf0,0x31,504
0xf0,0x32,456
0xf0,0x33,502
0xf0,0x34,506
0xf0,0x35,518
0xf0,0x36,522
0xf0,0x37,490
0xf0,0x38,546
0xf0,0x39,492
0xf0,0x3a,504
0xf0,0x3b,524
0xf0,0x3c,510
0xf0,0x3d,502
0xf0,0x3e,534
0xf0,0x3f,476
0xf0,0x40,560
0xf0,0x41,468
0xf0,0x42,536
0xf0,0x43,478
0xf0,0x44,528
0xf0,0x45,532
0xf0,0x46,500
0xf0,0x47,508
0xf0,0x48,516
0xf0,0x49,516
0xf0,0x4a,498
0xf0,0x4b,506
0xf0,0x4c,520
0xf0,0x4d,484
0xf0,0x4e,500
0xf0,0x4f,502
0xf0,0x50,500
0xf0,0x51,460
0xf0,0x52,486
0xf0,0x53,540
0xf0,0x54,510
0xf0,0x55,496
0xf0,0x56,540
0xf0,0x57,512
0xf0,0x58,496
0xf0,0x59,510
0xf0,0x5a,458
0xf0,0x5b,542
0xf0,0x5c,520
0xf0,0x5d,514
0xf0,0x5e,468
0xf0,0x5f,534
0xf0,0x60,486
0xf0,0x61,516
0xf0,0x62,492
0xf0,0x63,468
0xf0,0x64,490
0xf0,0x65,502
0xf0,0x66,528
0xf0,0x67,510
0xf0,0x68,478
0xf0,0x69,494
0xf0,0x6a,494
0xf0,0x6b,454
0xf0,0x6c,528
0xf0,0x6d,494
0xf0,0x6e,528
0xf0,0x6f,468
0xf0,0x70,522
0xf0,0x71,538
0xf0,0x72,488
0xf0,0x73,516
0xf0,0x74,550
0xf0,0x75,492
0xf0,0x76,504
0xf0,0x77,514
0xf0,0x78,476
0xf0,0x79,514
0xf0,0x7a,486
0xf0,0x7b,520
0xf0,0x7c,486
0xf0,0x7d,510
0xf0,0x7e,512
0xf0,0x7f,476
0xf0,0x80,478
0xf0,0x81,512
0xf0,0x82,496
0xf0,0x83,476
0xf0,0x84,530
0xf0,0x85,498
0xf0,0x86,538
0xf0,0x87,512
0xf0,0x88,496
0xf0,0x89,478
0xf0,0x8a,492
0xf0,0x8b,510
0xf0,0x8c,484
0xf0,0x8d,520
0xf0,0x8e,492
0xf0,0x8f,492
0xf0,0x90,566
0xf0,0x91,502
0xf0,0x92,486
0xf0,0x93,480
0xf0,0x94,490
0xf0,0x95,498
0xf0,0x96,504
0xf0,0x97,520
0xf0,0x98,508
0xf0,0x99,526
0xf0,0x9a,490
0xf0,0x9b,528
0xf0,0x9c,498
0xf0,0x9d,524
0xf0,0x9e,500
0xf0,0x9f,532
0xf0,0xa0,482
0xf0,0xa1,476
0xf0,0xa2,552
0xf0,0xa3,494
0xf0,0xa4,502
0xf0,0xa5,468
0xf0,0xa6,512
0xf0,0xa7,506
0xf0,0xa8,516
0xf0,0xa9,510
0xf0,0xaa,506
0xf0,0xab,494
0xf0,0xac,506
0xf0,0xad,470
0xf0,0xae,488
0xf0,0xaf,536
0xf0,0xb0,470
0xf0,0xb1,498
0xf0,0xb2,504
0xf0,0xb3,528
0xf0,0xb4,510
0xf0,0xb5,510
0xf0,0xb6,472
0xf0,0xb7,518
0xf0,0xb8,522
0xf0,0xb9,542
0xf0,0xba,488
0xf0,0xbb,518
0xf0,0xbc,482
0xf0,0xbd,566
0xf0,0xbe,500
0xf0,0xbf,514
0xf0,0xc0,514
0xf0,0xc1,494
0xf0,0xc2,492
0xf0,0xc3,518
0xf0,0xc4,488
0xf0,0xc5,522
0xf0,0xc6,534
0xf0,0xc7,514
0xf0,0xc8,458
0xf0,0xc9,476
0xf0,0xca,498
0xf0,0xcb,520
0xf0,0xcc,520
0xf0,0xcd,490
0xf0,0xce,516
0xf0,0xcf,520
0xf0,0xd0,524
0xf0,0xd1,484
0xf0,0xd2,500
0xf0,0xd3,542
0xf0,0xd4,480
0xf0,0xd5,500
0xf0,0xd6,456
0xf0,0xd7,494
0xf0,0xd8,536
0xf0,0xd9,534
0xf0,0xda,498
0xf0,0xdb,500
0xf0,0xdc,512
0xf0,0xdd,484
0xf0,0xde,488
0xf0,0xdf,518
0xf0,0xe0,476
0xf0,0xe1,520
0xf0,0xe2,480
0xf0,0xe3,520
0xf0,0xe4,542
0xf0,0xe5,518
0xf0,0xe6,520
0xf0,0xe7,514
0xf0,0xe8,488
0xf0,0xe9,504
0xf0,0xea,512
0xf0,0xeb,532
0xf0,0xec,500
0xf0,0xed,490
0xf0,0xee,542
0xf0,0xef,484
0xf0,0xf0,506
0xf0,0xf1,522
0xf0,0xf2,572
0xf0,0xf3,550
0xf0,0xf4,488
0xf0,0xf5,570
0xf0,0xf6,592
0xf0,0xf7,522
0xf0,0xf8,482
0xf0,0xf9,526
0xf0,0xfa,480
0xf0,0xfb,510
0xf0,0xfc,502
0xf0,0xfd,536
0xf0,0xfe,450
0xf0,0xff,494
0xf1,0x00,256
0xf1,0x01,530
0xf1,0x02,542
0xf1,0x03,510
0xf1,0x04,502
0xf1,0x05,484
0xf1,0x06,520
0xf1,0x07,490
0xf1,0x08,488
0xf1,0x09,554
0xf1,0x0a,504
0xf1,0x0b,552
0xf1,0x0c,492
0xf1,0x0d,522
0xf1,0x0e,504
0xf1,0x0f,506
0xf1,0x10,502
0xf1,0x11,514
0xf1,0x12,394
0xf1,0x13,548
0xf1,0x14,480
0xf1,0x15,508
0xf1,0x16,462
0xf1,0x17,464
0xf1,0x18,526
0xf1,0x19,498
0xf1,0x1a,526
0xf1,0x1b,478
0xf1,0x1c,538
0xf1,0x1d,490
0xf1,0x1e,538
0xf1,0x1f,498
0xf1,0x20,490
0xf1,0x21,514
0xf1,0x22,486
0xf1,0x23,476
0xf1,0x24,378
0xf1,0x25,510
0xf1,0x26,520
0xf1,0x27,490
0xf1,0x28,466
0xf1,0x29,514
0xf1,0x2a,510
0xf1,0x2b,494
0xf1,0x2c,484
0xf1,0x2d,500
0xf1,0x2e,526
0xf1,0x2f,486
0xf1,0x30,522
0xf1,0x31,528
0xf1,0x32,556
0xf1,0x33,524
0xf1,0x34,498
0xf1,0x35,512
0xf1,0x36,516
0xf1,0x37,504
0xf1,0x38,522
0xf1,0x39,534
0xf1,0x3a,480
0xf1,0x3b,514
0xf1,0x3c,524
0xf1,0x3d,518
0xf1,0x3e,478
0xf1,0x3f,520
0xf1,0x40,520
0xf1,0x41,492
0xf1,0x42,494
0xf1,0x43,488
0xf1,0x44,480
0xf1,0x45,548
0xf1,0x46,520
0xf1,0x47,468
0xf1,0x48,540
0xf1,0x49,528
0xf1,0x4a,522
0xf1,0x4b,466
0xf1,0x4c,498
0xf1,0x4d,576
0xf1,0x4e,500
0xf1,0x4f,444
0xf1,0x50,576
0xf1,0x51,500
0xf1,0x52,524
0xf1,0x53,504
0xf1,0x54,554
0xf1,0x55,506
0xf1,0x56,454
0xf1,0x57,524
0xf1,0x58,522
0xf1,0x59,494
0xf1,0x5a,556
0xf1,0x5b,524
0xf1,0x5c,480
0xf1,0x5d,480
0xf1,0x5e,510
0xf1,0x5f,542
0xf1,0x60,492
0xf1,0x61,542
0xf1,0x62,490
0xf1,0x63,508
0xf1,0x64,518
0xf1,0x65,472
0xf1,0x66,512
0xf1,0x67,510
0xf1,0x68,488
0xf1,0x69,532
0xf1,0x6a,572
0xf1,0x6b,538
0xf1,0x6c,516
0xf1,0x6d,544
0xf1,0x6e,544
0xf1,0x6f,506
0xf1,0x70,500
0xf1,0x71,508
0xf1,0x72,496
0xf1,0x73,492
0xf1,0x74,474
0xf1,0x75,496
0xf1,0x76,536
0xf1,0x77,540
0xf1,0x78,534
0xf1,0x79,550
0xf1,0x7a,490
0xf1,0x7b,516
0xf1,0x7c,488
0xf1,0x7d,516
0xf1,0x7e,498
0xf1,0x7f,506
0xf1,0x80,494
0xf1,0x81,518
0xf1,0x82,494
0xf1,0x83,508
0xf1,0x84,472
0xf1,0x85,500
0xf1,0x86,480
0xf1,0x87,502
0xf1,0x88,476
0xf1,0x89,480
0xf1,0x8a,508
0xf1,0x8b,522
0xf1,0x8c,528
0xf1,0x8d,486
0xf1,0x8e,510
0xf1,0x8f,518
0xf1,0x90,538
0xf1,0x91,502
0xf1,0x92,486
0xf1,0x93,476
0xf1,0x94,490
0xf1,0x95,532
0xf1,0x96,554
0xf1,0x97,512
0xf1,0x98,470
0xf1,0x99,534
0xf1,0x9a,524
0xf1,0x9b,538
0xf1,0x9c,478
0xf1,0x9d,506
0xf1,0x9e,512
0xf1,0x9f,538
0xf1,0xa0,508
0xf1,0xa1,564
0xf1,0xa2,492
0xf1,0xa3,508
0xf1,0xa4,486
0xf1,0xa5,572
0xf1,0xa6,438
0xf1,0xa7,540
0xf1,0xa8,496
0xf1,0xa9,500
0xf1,0xaa,514
0xf1,0xab,486
0xf1,0xac,490
0xf1,0xad,488
0xf1,0xae,492
0xf1,0xaf,492
0xf1,0xb0,508
0xf1,0xb1,498
0xf1,0xb2,468
0xf1,0xb3,484
0xf1,0xb4,498
0xf1,0xb5,520
0xf1,0xb6,522
0xf1,0xb7,488
0xf1,0xb8,494
0xf1,0xb9,524
0xf1,0xba,506
0xf1,0xbb,528
0xf1,0xbc,522
0xf1,0xbd,500
0xf1,0xbe,544
0xf1,0xbf,516
0xf1,0xc0,536
0xf1,0xc1,538
0xf1,0xc2,486
0xf1,0xc3,522
0xf1,0xc4,508
0xf1,0xc5,548
0xf1,0xc6,516
0xf1,0xc7,516
0xf1,0xc8,530
0xf1,0xc9,480
0xf1,0xca,520
0xf1,0xcb,496
0xf1,0xcc,512
0xf1,0xcd,476
0xf1,0xce,518
0xf1,0xcf,496
0xf1,0xd0,596
0xf1,0xd1,550
0xf1,0xd2,532
0xf1,0xd3,528
0xf1,0xd4,496
0xf1,0xd5,480
0xf1,0xd6,456
0xf1,0xd7,510
0xf1,0xd8,506
0xf1,0xd9,510
0xf1,0xda,532
0xf1,0xdb,520
0xf1,0xdc,492
0xf1,0xdd,470
0xf1,0xde,518
0xf1,0xdf,504
0xf1,0xe0,450
0xf1,0xe1,508
0xf1,0xe2,530
0xf1,0xe3,494
0xf1,0xe4,532
0xf1,0xe5,510
0xf1,0xe6,490
0xf1,0xe7,512
0xf1,0xe8,494
0xf1,0xe9,552
0xf1,0xea,486
0xf1,0xeb,540
0xf1,0xec,470
0xf1,0xed,464
0xf1,0xee,484
0xf1,0xef,506
0xf1,0xf0,460
0xf1,0xf1,506
0xf1,0xf2,526
0xf1,0xf3,500
0xf1,0xf4,510
0xf1,0xf5,504
0xf1,0xf6,496
0xf1,0xf7,482
0xf1,0xf8,480
0xf1,0xf9,494
0xf1,0xfa,526
0xf1,0xfb,490
0xf1,0xfc,510
0xf1,0xfd,482
0xf1,0xfe,484
0xf1,0xff,454
0xf2,0x00,256
0xf2,0x01,462
0xf2,0x02,552
0xf2,0x03,518
0xf2,0x04,510
0xf2,0x05,468
0xf2,0x06,490
0xf2,0x07,516
0xf2,0x08,540
0xf2,0x09,506
0xf2,0x0a,552
0xf2,0x0b,522
0xf2,0x0c,482
0xf2,0x0d,506
0xf2,0x0e,528
0xf2,0x0f,528
0xf2,0x10,498
0xf2,0x11,492
0xf2,0x12,454
0xf2,0x13,498
0xf2,0x14,518
0xf2,0x15,526
0xf2,0x16,544
0xf2,0x17,510
0xf2,0x18,510
0xf2,0x19,526
0xf2,0x1a,512
0xf2,0x1b,528
0xf2,0x1c,538
0xf2,0x1d,500
0xf2,0x1e,540
0xf2,0x1f,532
0xf2,0x20,486
0xf2,0x21,474
0xf2,0x22,518
0xf2,0x23,502
0xf2,0x24,522
0xf2,0x25,652
0xf2,0x26,420
0xf2,0x27,516
0xf2,0x28,538
0xf2,0x29,490
0xf2,0x2a,556
0xf2,0x2b,526
0xf2,0x2c,514
0xf2,0x2d,532
0xf2,0x2e,568
0xf2,0x2f,518
0xf2,0x30,484
0xf2,0x31,492
0xf2,0x32,546
0xf2,0x33,560
0xf2,0x34,510
0xf2,0x35,486
0xf2,0x36,500
0xf2,0x37,500
0xf2,0x38,520
0xf2,0x39,504
0xf2,0x3a,532
0xf2,0x3b,506
0xf2,0x3c,464
0xf2,0x3d,560
0xf2,0x3e,536
0xf2,0x3f,504
0xf2,0x40,532
0xf2,0x41,492
0xf2,0x42,488
0xf2,0x43,494
0xf2,0x44,478
0xf2,0x45,518
0xf2,0x46,462
0xf2,0x47,508
0xf2,0x48,522
0xf2,0x49,502
0xf2,0x4a,510
0xf2,0x4b,528
0xf2,0x4c,524
0xf2,0x4d,544
0xf2,0x4e,474
0xf2,0x4f,558
0xf2,0x50,528
0xf2,0x51,490
0xf2,0x52,500
0xf2,0x53,512
0xf2,0x54,512
0xf2,0x55,522
0xf2,0x56,554
0xf2,0x57,482
0xf2,0x58,500
0xf2,0x59,524
0xf2,0x5a,484
0xf2,0x5b,516
0xf2,0x5c,524
0xf2,0x5d,506
0xf2,0x5e,520
0xf2,0x5f,520
0xf2,0x60,518
0xf2,0x61,536
0xf2,0x62,520
0xf2,0x63,508
0xf2,0x64,526
0xf2,0x65,464
0xf2,0x66,522
0xf2,0x67,514
0xf2,0x68,518
0xf2,0x69,514
0xf2,0x6a,488
0xf2,0x6b,460
0xf2,0x6c,498
0xf2,0x6d,528
0xf2,0x6e,556
0xf2,0x6f,538
0xf2,0x70,496
0xf2,0x71,482
0xf2,0x72,532
0xf2,0x73,482
0xf2,0x74,514
0xf2,0x75,446
0xf2,0x76,512
0xf2,0x77,498
0xf2,0x78,492
0xf2,0x79,492
0xf2,0x7a,548
0xf2,0x7b,528
0xf2,0x7c,504
0xf2,0x7d,508
0xf2,0x7e,496
0xf2,0x7f,464
0xf2,0x80,474
0xf2,0x81,512
0xf2,0x82,498
0xf2,0x83,520
0xf2,0x84,506
0xf2,0x85,522
0xf2,0x86,506
0xf2,0x87,532
0xf2,0x88,546
0xf2,0x89,498
0xf2,0x8a,502
0xf2,0x8b,508
0xf2,0x8c,524
0xf2,0x8d,546
0xf2,0x8e,556
0xf2,0x8f,480
0xf2,0x90,502
0xf2,0x91,566
0xf2,0x92,540
0xf2,0x93,484
0xf2,0x94,484
0xf2,0x95,504
0xf2,0x96,494
0xf2,0x97,490
0xf2,0x98,582
0xf2,0x99,454
0xf2,0x9a,468
0xf2,0x9b,520
0xf2,0x9c,534
0xf2,0x9d,504
0xf2,0x9e,538
0xf2,0x9f,526
0xf2,0xa0,538
0xf2,0xa1,506
0xf2,0xa2,480
0xf2,0xa3,544
0xf2,0xa4,494
0xf2,0xa5,522
0xf2,0xa6,496
0xf2,0xa7,490
0xf2,0xa8,518
0xf2,0xa9,486
0xf2,0xaa,466
0xf2,0xab,492
0xf2,0xac,512
0xf2,0xad,484
0xf2,0xae,532
0xf2,0xaf,480
0xf2,0xb0,560
0xf2,0xb1,508
0xf2,0xb2,528
0xf2,0xb3,530
0xf2,0xb4,514
0xf2,0xb5,556
0xf2,0xb6,524
0xf2,0xb7,540
0xf2,0xb8,486
0xf2,0xb9,532
0xf2,0xba,540
0xf2,0xbb,532
0xf2,0xbc,488
0xf2,0xbd,498
0xf2,0xbe,504
0xf2,0xbf,528
0xf2,0xc0,536
0xf2,0xc1,524
0xf2,0xc2,472
0xf2,0xc3,518
0xf2,0xc4,534
0xf2,0xc5,474
0xf2,0xc6,520
0xf2,0xc7,516
0xf2,0xc8,518
0xf2,0xc9,512
0xf2,0xca,496
0xf2,0xcb,512
0xf2,0xcc,512
0xf2,0xcd,488
0xf2,0xce,500
0xf2,0xcf,532
0xf2,0xd0,502
0xf2,0xd1,524
0xf2,0xd2,530
0xf2,0xd3,488
0xf2,0xd4,490
0xf2,0xd5,514
0xf2,0xd6,506
0xf2,0xd7,490
0xf2,0xd8,530
0xf2,0xd9,500
0xf2,0xda,530
0xf2,0xdb,476
0xf2,0xdc,512
0xf2,0xdd,588
0xf2,0xde,528
0xf2,0xdf,486
0xf2,0xe0,486
0xf2,0xe1,506
0xf2,0xe2,530
0xf2,0xe3,492
0xf2,0xe4,532
0xf2,0xe5,494
0xf2,0xe6,494
0xf2,0xe7,464
0xf2,0xe8,482
0xf2,0xe9,500
0xf2,0xea,494
0xf2,0xeb,492
0xf2,0xec,468
0xf2,0xed,468
0xf2,0xee,496
0xf2,0xef,492
0xf2,0xf0,512
0xf2,0xf1,536
0xf2,0xf2,494
0xf2,0xf3,466
0xf2,0xf4,498
0xf2,0xf5,504
0xf2,0xf6,518
0xf2,0xf7,540
0xf2,0xf8,532
0xf2,0xf9,510
0xf2,0xfa,508
0xf2,0xfb,552
0xf2,0xfc,514
0xf2,0xfd,536
0xf2,0xfe,538
0xf2,0xff,470
0xf3,0x00,256
0xf3,0x01,622
0xf3,0x02,520
0xf3,0x03,534
0xf3,0x04,494
0xf3,0x05,480
0xf3,0x06,482
0xf3,0x07,486
0xf3,0x08,568
0xf3,0x09,524
0xf3,0x0a,550
0xf3,0x0b,522
0xf3,0x0c,540
0xf3,0x0d,532
0xf3,0x0e,538
0xf3,0x0f,492
0xf3,0x10,550
0xf3,0x11,494
0xf3,0x12,432
0xf3,0x13,504
0xf3,0x14,504
0xf3,0x15,502
0xf3,0x16,450
0xf3,0x17,510
0xf3,0x18,504
0xf3,0x19,464
0xf3,0x1a,506
0xf3,0x1b,518
0xf3,0x1c,508
0xf3,0x1d,472
0xf3,0x1e,506
0xf3,0x1f,512
0xf3,0x20,482
0xf3,0x21,478
0xf3,0x22,530
0xf3,0x23,498
0xf3,0x24,530
0xf3,0x25,498
0xf3,0x26,488
0xf3,0x27,498
0xf3,0x28,488
0xf3,0x29,534
0xf3,0x2a,526
0xf3,0x2b,514
0xf3,0x2c,536
0xf3,0x2d,532
0xf3,0x2e,516
0xf3,0x2f,568
0xf3,0x30,616
0xf3,0x31,486
0xf3,0x32,486
0xf3,0x33,478
0xf3,0x34,528
0xf3,0x35,534
0xf3,0x36,526
0xf3,0x37,528
0xf3,0x38,530
0xf3,0x39,520
0xf3,0x3a,516
0xf3,0x3b,506
0xf3,0x3c,490
0xf3,0x3d,502
0xf3,0x3e,512
0xf3,0x3f,504
0xf3,0x40,472
0xf3,0x41,542
0xf3,0x42,508
0xf3,0x43,564
0xf3,0x44,482
0xf3,0x45,528
0xf3,0x46,500
0xf3,0x47,552
0xf3,0x48,500
0xf3,0x49,524
0xf3,0x4a,526
0xf3,0x4b,486
0xf3,0x4c,514
0xf3,0x4d,494
0xf3,0x4e,506
0xf3,0x4f,500
0xf3,0x50,500
0xf3,0x51,536
0xf3,0x52,508
0xf3,0x53,514
0xf3,0x54,490
0xf3,0x55,524
0xf3,0x56,496
0xf3,0x57,500
0xf3,0x58,538
0xf3,0x59,554
0xf3,0x5a,496
0xf3,0x5b,534
0xf3,0x5c,530
0xf3,0x5d,502
0xf3,0x5e,548
0xf3,0x5f,546
0xf3,0x60,494
0xf3,0x61,598
0xf3,0x62,498
0xf3,0x63,522
0xf3,0x64,536
0xf3,0x65,518
0xf3,0x66,488
0xf3,0x67,568
0xf3,0x68,496
0xf3,0x69,496
0xf3,0x6a,532
0xf3,0x6b,546
0xf3,0x6c,480
0xf3,0x6d,492
0xf3,0x6e,512
0xf3,0x6f,526
0xf3,0x70,486
0xf3,0x71,514
0xf3,0x72,492
0xf3,0x73,512
0xf3,0x74,516
0xf3,0x75,496
0xf3,0x76,504
0xf3,0x77,518
0xf3,0x78,498
0xf3,0x79,520
0xf3,0x7a,516
0xf3,0x7b,510
0xf3,0x7c,524
0xf3,0x7d,548
0xf3,0x7e,522
0xf3,0x7f,498
0xf3,0x80,534
0xf3,0x81,498
0xf3,0x82,530
0xf3,0x83,504
0xf3,0x84,514
0xf3,0x85,572
0xf3,0x86,512
0xf3,0x87,494
0xf3,0x88,522
0xf3,0x89,504
0xf3,0x8a,536
0xf3,0x8b,464
0xf3,0x8c,484
0xf3,0x8d,506
0xf3,0x8e,504
0xf3,0x8f,524
0xf3,0x90,498
0xf3,0x91,530
0xf3,0x92,494
0xf3,0x93,482
0xf3,0x94,508
0xf3,0x95,488
0xf3,0x96,514
0xf3,0x97,522
0xf3,0x98,498
0xf3,0x99,486
0xf3,0x9a,472
0xf3,0x9b,514
0xf3,0x9c,490
0xf3,0x9d,526
0xf3,0x9e,504
0xf3,0x9f,492
0xf3,0xa0,484
0xf3,0xa1,542
0xf3,0xa2,522
0xf3,0xa3,518
0xf3,0xa4,576
0xf3,0xa5,520
0xf3,0xa6,508
0xf3,0xa7,548
0xf3,0xa8,518
0xf3,0xa9,484
0xf3,0xaa,498
0xf3,0xab,508
0xf3,0xac,522
0xf3,0xad,518
0xf3,0xae,530
0xf3,0xaf,548
0xf3,0xb0,504
0xf3,0xb1,502
0xf3,0xb2,530
0xf3,0xb3,472
0xf3,0xb4,492
0xf3,0xb5,486
0xf3,0xb6,468
0xf3,0xb7,512
0xf3,0xb8,482
0xf3,0xb9,546
0xf3,0xba,494
0xf3,0xbb,518
0xf3,0xbc,498
0xf3,0xbd,580
0xf3,0xbe,478
0xf3,0xbf,530
0xf3,0xc0,520
0xf3,0xc1,494
0xf3,0xc2,508
0xf3,0xc3,510
0xf3,0xc4,540
0xf3,0xc5,488
0xf3,0xc6,522
0xf3,0xc7,520
0xf3,0xc8,528
0xf3,0xc9,462
0xf3,0xca,566
0xf3,0xcb,534
0xf3,0xcc,528
0xf3,0xcd,480
0xf3,0xce,488
0xf3,0xcf,482
0xf3,0xd0,518
0xf3,0xd1,512
0xf3,0xd2,548
0xf3,0xd3,504
0xf3,0xd4,516
0xf3,0xd5,506
0xf3,0xd6,458
0xf3,0xd7,508
0xf3,0xd8,584
0xf3,0xd9,486
0xf3,0xda,500
0xf3,0xdb,524
0xf3,0xdc,528
0xf3,0xdd,506
0xf3,0xde,512
0xf3,0xdf,508
0xf3,0xe0,558
0xf3,0xe1,516
0xf3,0xe2,530
0xf3,0xe3,516
0xf3,0xe4,512
0xf3,0xe5,510
0xf3,0xe6,480
0xf3,0xe7,486
0xf3,0xe8,544
0xf3,0xe9,532
0xf3,0xea,494
0xf3,0xeb,502
0xf3,0xec,480
0xf3,0xed,510
0xf3,0xee,508
0xf3,0xef,534
0xf3,0xf0,522
0xf3,0xf1,536
0xf3,0xf2,528
0xf3,0xf3,486
0xf3,0xf4,512
0xf3,0xf5,496
0xf3,0xf6,524
0xf3,0xf7,518
0xf3,0xf8,492
0xf3,0xf9,546
0xf3,0xfa,472
0xf3,0xfb,526
0xf3,0xfc,532
0xf3,0xfd,530
0xf3,0xfe,516
0xf3,0xff,508
0xf4,0x00,256
0xf4,0x01,472
0xf4,0x02,486
0xf4,0x03,596
0xf4,0x04,474
0xf4,0x05,458
0xf4,0x06,516
0xf4,0x07,516
0xf4,0x08,486
0xf4,0x09,528
0xf4,0x0a,482
0xf4,0x0b,486
0xf4,0x0c,506
0xf4,0x0d,518
0xf4,0x0e,522
0xf4,0x0f,490
0xf4,0x10,494
0xf4,0x11,510
0xf4,0x12,400
0xf4,0x13,508
0xf4,0x14,440
0xf4,0x15,536
0xf4,0x16,472
0xf4,0x17,508
0xf4,0x18,546
0xf4,0x19,518
0xf4,0x1a,516
0xf4,0x1b,496
0xf4,0x1c,520
0xf4,0x1d,494
0xf4,0x1e,500
0xf4,0x1f,502
0xf4,0x20,516
0xf4,0x21,500
0xf4,0x22,468
0xf4,0x23,514
0xf4,0x24,374
0xf4,0x25,508
0xf4,0x26,406
0xf4,0x27,534
0xf4,0x28,532
0xf4,0x29,556
0xf4,0x2a,498
0xf4,0x2b,492
0xf4,0x2c,518
0xf4,0x2d,508
0xf4,0x2e,534
0xf4,0x2f,524
0xf4,0x30,450
0xf4,0x31,488
0xf4,0x32,472
0xf4,0x33,474
0xf4,0x34,436
0xf4,0x35,506
0xf4,0x36,458
0xf4,0x37,492
0xf4,0x38,532
0xf4,0x39,520
0xf4,0x3a,522
0xf4,0x3b,480
0xf4,0x3c,482
0xf4,0x3d,510
0xf4,0x3e,492
0xf4,0x3f,532
0xf4,0x40,510
0xf4,0x41,516
0xf4,0x42,566
0xf4,0x43,508
0xf4,0x44,476
0xf4,0x45,496
0xf4,0x46,544
0xf4,0x47,534
0xf4,0x48,532
0xf4,0x49,472
0xf4,0x4a,486
0xf4,0x4b,492
0xf4,0x4c,494
0xf4,0x4d,474
0xf4,0x4e,544
0xf4,0x4f,522
0xf4,0x50,510
0xf4,0x51,522
0xf4,0x52,530
0xf4,0x53,488
0xf4,0x54,494
0xf4,0x55,518
0xf4,0x56,502
0xf4,0x57,490
0xf4,0x58,480
0xf4,0x59,502
0xf4,0x5a,498
0xf4,0x5b,508
0xf4,0x5c,532
0xf4,0x5d,514
0xf4,0x5e,506
0xf4,0x5f,530
0xf4,0x60,546
0xf4,0x61,470
0xf4,0x62,514
0xf4,0x63,538
0xf4,0x64,528
0xf4,0x65,514
0xf4,0x66,522
0xf4,0x67,462
0xf4,0x68,524
0xf4,0x69,484
0xf4,0x6a,520
0xf4,0x6b,536
0xf4,0x6c,494
0xf4,0x6d,524
0xf4,0x6e,500
0xf4,0x6f,494
0xf4,0x70,524
0xf4,0x71,514
0xf4,0x72,488
0xf4,0x73,532
0xf4,0x74,568
0xf4,0x75,518
0xf4,0x76,560
0xf4,0x77,494
0xf4,0x78,544
0xf4,0x79,502
0xf4,0x7a,508
0xf4,0x7b,498
0xf4,0x7c,520
0xf4,0x7d,500
0xf4,0x7e,510
0xf4,0x7f,494
0xf4,0x80,474
0xf4,0x81,500
0xf4,0x82,492
0xf4,0x83,536
0xf4,0x84,528
0xf4,0x85,532
0xf4,0x86,472
0xf4,0x87,584
0xf4,0x88,480
0xf4,0x89,520
0xf4,0x8a,514
0xf4,0x8b,532
0xf4,0x8c,520
0xf4,0x8d,518
0xf4,0x8e,522
0xf4,0x8f,504
0xf4,0x90,520
0xf4,0x91,528
0xf4,0x92,474
0xf4,0x93,488
0xf4,0x94,496
0xf4,0x95,490
0xf4,0x96,480
0xf4,0x97,496
0xf4,0x98,492
0xf4,0x99,518
0xf4,0x9a,516
0xf4,0x9b,514
0xf4,0x9c,486
0xf4,0x9d,524
0xf4,0x9e,522
0xf4,0x9f,510
0xf4,0xa0,508
0xf4,0xa1,494
0xf4,0xa2,544
0xf4,0xa3,470
0xf4,0xa4,510
0xf4,0xa5,472
0xf4,0xa6,522
0xf4,0xa7,522
0xf4,0xa8,534
0xf4,0xa9,520
0xf4,0xaa,496
0xf4,0xab,520
0xf4,0xac,526
0xf4,0xad,532
0xf4,0xae,486
0xf4,0xaf,526
0xf4,0xb0,538
0xf4,0xb1,516
0xf4,0xb2,490
0xf4,0xb3,472
0xf4,0xb4,558
0xf4,0xb5,542
0xf4,0xb6,508
0xf4,0xb7,574
0xf4,0xb8,486
0xf4,0xb9,472
0xf4,0xba,492
0xf4,0xbb,510
0xf4,0xbc,576
0xf4,0xbd,496
0xf4,0xbe,528
0xf4,0xbf,526
0xf4,0xc0,530
0xf4,0xc1,566
0xf4,0xc2,516
0xf4,0xc3,506
0xf4,0xc4,460
0xf4,0xc5,546
0xf4,0xc6,524
0xf4,0xc7,534
0xf4,0xc8,492
0xf4,0xc9,494
0xf4,0xca,500
0xf4,0xcb,528
0xf4,0xcc,502
0xf4,0xcd,486
0xf4,0xce,478
0xf4,0xcf,478
0xf4,0xd0,520
0xf4,0xd1,522
0xf4,0xd2,510
0xf4,0xd3,508
0xf4,0xd4,480
0xf4,0xd5,500
0xf4,0xd6,512
0xf4,0xd7,560
0xf4,0xd8,522
0xf4,0xd9,568
0xf4,0xda,502
0xf4,0xdb,492
0xf4,0xdc,568
0xf4,0xdd,512
0xf4,0xde,532
0xf4,0xdf,518
0xf4,0xe0,508
0xf4,0xe1,512
0xf4,0xe2,472
0xf4,0xe3,504
0xf4,0xe4,518
0xf4,0xe5,530
0xf4,0xe6,504
0xf4,0xe7,472
0xf4,0xe8,490
0xf4,0xe9,490
0xf4,0xea,512
0xf4,0xeb,486
0xf4,0xec,524
0xf4,0xed,530
0xf4,0xee,478
0xf4,0xef,516
0xf4,0xf0,534
0xf4,0xf1,490
0xf4,0xf2,516
0xf4,0xf3,526
0xf4,0xf4,512
0xf4,0xf5,526
0xf4,0xf6,480
0xf4,0xf7,518
0xf4,0xf8,496
0xf4,0xf9,552
0xf4,0xfa,494
0xf4,0xfb,508
0xf4,0xfc,520
0xf4,0xfd,466
0xf4,0xfe,520
0xf4,0xff,528
0xf5,0x00,256
0xf5,0x01,522
0xf5,0x02,506
0xf5,0x03,490
0xf5,0x04,486
0xf5,0x05,492
0xf5,0x06,526
0xf5,0x07,484
0xf5,0x08,548
0xf5,0x09,520
0xf5,0x0a,516
0xf5,0x0b,524
0xf5,0x0c,488
0xf5,0x0d,480
0xf5,0x0e,508
0xf5,0x0f,500
0xf5,0x10,496
0xf5,0x11,506
0xf5,0x12,532
0xf5,0x13,468
0xf5,0x14,450
0xf5,0x15,458
0xf5,0x16,438
0xf5,0x17,516
0xf5,0x18,516
0xf5,0x19,508
0xf5,0x1a,484
0xf5,0x1b,492
0xf5,0x1c,498
0xf5,0x1d,536
0xf5,0x1e,518
0xf5,0x1f,510
0xf5,0x20,498
0xf5,0x21,484
0xf5,0x22,530
0xf5,0x23,476
0xf5,0x24,474
0xf5,0x25,504
0xf5,0x26,512
0xf5,0x27,502
0xf5,0x28,480
0xf5,0x29,522
0xf5,0x2a,516
0xf5,0x2b,530
0xf5,0x2c,532
0xf5,0x2d,510
0xf5,0x2e,522
0xf5,0x2f,480
0xf5,0x30,482
0xf5,0x31,484
0xf5,0x32,474
0xf5,0x33,474
0xf5,0x34,494
0xf5,0x35,532
0xf5,0x36,508
0xf5,0x37,500
0xf5,0x38,506
0xf5,0x39,518
0xf5,0x3a,504
0xf5,0x3b,500
0xf5,0x3c,496
0xf5,0x3d,496
0xf5,0x3e,544
0xf5,0x3f,494
0xf5,0x40,544
0xf5,0x41,508
0xf5,0x42,496
0xf5,0x43,488
0xf5,0x44,502
0xf5,0x45,508
0xf5,0x46,496
0xf5,0x47,504
0xf5,0x48,506
0xf5,0x49,532
0xf5,0x4a,524
0xf5,0x4b,510
0xf5,0x4c,490
0xf5,0x4d,502
0xf5,0x4e,532
0xf5,0x4f,524
0xf5,0x50,494
0xf5,0x51,472
0xf5,0x52,488
0xf5,0x53,522
0xf5,0x54,510
0xf5,0x55,494
0xf5,0x56,564
0xf5,0x57,518
0xf5,0x58,498
0xf5,0x59,500
0xf5,0x5a,490
0xf5,0x5b,496
0xf5,0x5c,530
0xf5,0x5d,544
0xf5,0x5e,538
0xf5,0x5f,526
0xf5,0x60,484
0xf5,0x61,546
0xf5,0x62,500
0xf5,0x63,514
0xf5,0x64,490
0xf5,0x65,492
0xf5,0x66,498
0xf5,0x67,478
0xf5,0x68,534
0xf5,0x69,526
0xf5,0x6a,514
0xf5,0x6b,482
0xf5,0x6c,488
0xf5,0x6d,502
0xf5,0x6e,510
0xf5,0x6f,498
0xf5,0x70,520
0xf5,0x71,538
0xf5,0x72,518
0xf5,0x73,512
0xf5,0x74,504
0xf5,0x75,556
0xf5,0x76,504
0xf5,0x77,496
0xf5,0x78,518
0xf5,0x79,512
0xf5,0x7a,572
0xf5,0x7b,552
0xf5,0x7c,482
0xf5,0x7d,510
0xf5,0x7e,534
0xf5,0x7f,516
0xf5,0x80,534
0xf5,0x81,512
0xf5,0x82,484
0xf5,0x83,490
0xf5,0x84,500
0xf5,0x85,496
0xf5,0x86,484
0xf5,0x87,508
0xf5,0x88,502
0xf5,0x89,516
0xf5,0x8a,504
0xf5,0x8b,516
0xf5,0x8c,498
0xf5,0x8d,514
0xf5,0x8e,528
0xf5,0x8f,526
0xf5,0x90,526
0xf5,0x91,518
0xf5,0x92,568
0xf5,0x93,544
0xf5,0x94,468
0xf5,0x95,496
0xf5,0x96,508
0xf5,0x97,484
0xf5,0x98,500
0xf5,0x99,498
0xf5,0x9a,518
0xf5,0x9b,594
0xf5,0x9c,548
0xf5,0x9d,554
0xf5,0x9e,554
0xf5,0x9f,528
0xf5,0xa0,526
0xf5,0xa1,476
0xf5,0xa2,468
0xf5,0xa3,512
0xf5,0xa4,480
0xf5,0xa5,492
0xf5,0xa6,564
0xf5,0xa7,518
0xf5,0xa8,510
0xf5,0xa9,484
0xf5,0xaa,534
0xf5,0xab,542
0xf5,0xac,572
0xf5,0xad,500
0xf5,0xae,552
0xf5,0xaf,512
0xf5,0xb0,482
0xf5,0xb1,532
0xf5,0xb2,530
0xf5,0xb3,502
0xf5,0xb4,490
0xf5,0xb5,524
0xf5,0xb6,470
0xf5,0xb7,506
0xf5,0xb8,522
0xf5,0xb9,540
0xf5,0xba,518
0xf5,0xbb,484
0xf5,0xbc,534
0xf5,0xbd,520
0xf5,0xbe,512
0xf5,0xbf,542
0xf5,0xc0,540
0xf5,0xc1,492
0xf5,0xc2,558
0xf5,0xc3,476
0xf5,0xc4,530
0xf5,0xc5,506
0xf5,0xc6,510
0xf5,0xc7,516
0xf5,0xc8,496
0xf5,0xc9,494
0xf5,0xca,474
0xf5,0xcb,556
0xf5,0xcc,480
0xf5,0xcd,522
0xf5,0xce,478
0xf5,0xcf,532
0xf5,0xd0,514
0xf5,0xd1,518
0xf5,0xd2,522
0xf5,0xd3,538
0xf5,0xd4,516
0xf5,0xd5,552
0xf5,0xd6,492
0xf5,0xd7,506
0xf5,0xd8,520
0xf5,0xd9,460
0xf5,0xda,506
0xf5,0xdb,516
0xf5,0xdc,576
0xf5,0xdd,536
0xf5,0xde,522
0xf5,0xdf,510
0xf5,0xe0,558
0xf5,0xe1,536
0xf5,0xe2,534
0xf5,0xe3,536
0xf5,0xe4,496
0xf5,0xe5,504
0xf5,0xe6,532
0xf5,0xe7,502
0xf5,0xe8,486
0xf5,0xe9,526
0xf5,0xea,516
0xf5,0xeb,546
0xf5,0xec,540
0xf5,0xed,500
0xf5,0xee,484
0xf5,0xef,496
0xf5,0xf0,532
0xf5,0xf1,486
0xf5,0xf2,532
0xf5,0xf3,520
0xf5,0xf4,504
0xf5,0xf5,490
0xf5,0xf6,534
0xf5,0xf7,516
0xf5,0xf8,492
0xf5,0xf9,480
0xf5,0xfa,548
0xf5,0xfb,556
0xf5,0xfc,506
0xf5,0xfd,488
0xf5,0xfe,498
0xf5,0xff,518
0xf6,0x00,256
0xf6,0x01,456
0xf6,0x02,510
0xf6,0x03,554
0xf6,0x04,510
0xf6,0x05,506
0xf6,0x06,460
0xf6,0x07,500
0xf6,0x08,486
0xf6,0x09,482
0xf6,0x0a,518
0xf6,0x0b,508
0xf6,0x0c,480
0xf6,0x0d,528
0xf6,0x0e,562
0xf6,0x0f,496
0xf6,0x10,508
0xf6,0x11,526
0xf6,0x12,402
0xf6,0x13,466
0xf6,0x14,460
0xf6,0x15,504
0xf6,0x16,490
0xf6,0x17,552
0xf6,0x18,474
0xf6,0x19,502
0xf6,0x1a,506
0xf6,0x1b,482
0xf6,0x1c,516
0xf6,0x1d,496
0xf6,0x1e,498
0xf6,0x1f,474
0xf6,0x20,488
0xf6,0x21,518
0xf6,0x22,452
0xf6,0x23,526
0xf6,0x24,454
0xf6,0x25,494
0xf6,0x26,466
0xf6,0x27,514
0xf6,0x28,536
0xf6,0x29,528
0xf6,0x2a,472
0xf6,0x2b,490
0xf6,0x2c,502
0xf6,0x2d,498
0xf6,0x2e,534
0xf6,0x2f,482
0xf6,0x30,556
0xf6,0x31,522
0xf6,0x32,530
0xf6,0x33,528
0xf6,0x34,480
0xf6,0x35,528
0xf6,0x36,464
0xf6,0x37,506
0xf6,0x38,496
0xf6,0x39,506
0xf6,0x3a,500
0xf6,0x3b,540
0xf6,0x3c,498
0xf6,0x3d,504
0xf6,0x3e,474
0xf6,0x3f,472
0xf6,0x40,498
0xf6,0x41,508
0xf6,0x42,496
0xf6,0x43,516
0xf6,0x44,520
0xf6,0x45,574
0xf6,0x46,482
0xf6,0x47,540
0xf6,0x48,558
0xf6,0x49,504
0xf6,0x4a,500
0xf6,0x4b,510
0xf6,0x4c,442
0xf6,0x4d,470
0xf6,0x4e,524
0xf6,0x4f,540
0xf6,0x50,520
0xf6,0x51,514
0xf6,0x52,518
0xf6,0x53,478
0xf6,0x54,484
0xf6,0x55,508
0xf6,0x56,494
0xf6,0x57,494
0xf6,0x58,494
0xf6,0x59,552
0xf6,0x5a,556
0xf6,0x5b,520
0xf6,0x5c,526
0xf6,0x5d,542
0xf6,0x5e,488
0xf6,0x5f,496
0xf6,0x60,516
0xf6,0x61,484
0xf6,0x62,486
0xf6,0x63,508
0xf6,0x64,498
0xf6,0x65,502
0xf6,0x66,478
0xf6,0x67,492
0xf6,0x68,444
0xf6,0x69,482
0xf6,0x6a,512
0xf6,0x6b,514
0xf6,0x6c,532
0xf6,0x6d,498
0xf6,0x6e,514
0xf6,0x6f,524
0xf6,0x70,528
0xf6,0x71,486
0xf6,0x72,512
0xf6,0x73,522
0xf6,0x74,520
0xf6,0x75,522
0xf6,0x76,534
0xf6,0x77,532
0xf6,0x78,504
0xf6,0x79,486
0xf6,0x7a,494
0xf6,0x7b,518
0xf6,0x7c,540
0xf6,0x7d,522
0xf6,0x7e,560
0xf6,0x7f,504
0xf6,0x80,534
0xf6,0x81,526
0xf6,0x82,502
0xf6,0x83,498
0xf6,0x84,486
0xf6,0x85,526
0xf6,0x86,556
0xf6,0x87,484
0xf6,0x88,474
0xf6,0x89,528
0xf6,0x8a,510
0xf6,0x8b,496
0xf6,0x8c,510
0xf6,0x8d,482
0xf6,0x8e,504
0xf6,0x8f,472
0xf6,0x90,502
0xf6,0x91,522
0xf6,0x92,544
0xf6,0x93,452
0xf6,0x94,494
0xf6,0x95,480
0xf6,0x96,514
0xf6,0x97,524
0xf6,0x98,564
0xf6,0x99,562
0xf6,0x9a,508
0xf6,0x9b,532
0xf6,0x9c,484
0xf6,0x9d,538
0xf6,0x9e,516
0xf6,0x9f,512
0xf6,0xa0,530
0xf6,0xa1,526
0xf6,0xa2,490
0xf6,0xa3,512
0xf6,0xa4,490
0xf6,0xa5,508
0xf6,0xa6,492
0xf6,0xa7,486
0xf6,0xa8,490
0xf6,0xa9,502
0xf6,0xaa,506
0xf6,0xab,492
0xf6,0xac,468
0xf6,0xad,534
0xf6,0xae,512
0xf6,0xaf,518
0xf6,0xb0,474
0xf6,0xb1,558
0xf6,0xb2,482
0xf6,0xb3,510
0xf6,0xb4,464
0xf6,0xb5,490
0xf6,0xb6,470
0xf6,0xb7,494
0xf6,0xb8,486
0xf6,0xb9,522
0xf6,0xba,480
0xf6,0xbb,476
0xf6,0xbc,538
0xf6,0xbd,488
0xf6,0xbe,462
0xf6,0xbf,526
0xf6,0xc0,476
0xf6,0xc1,484
0xf6,0xc2,566
0xf6,0xc3,492
0xf6,0xc4,514
0xf6,0xc5,520
0xf6,0xc6,524
0xf6,0xc7,490
0xf6,0xc8,528
0xf6,0xc9,508
0xf6,0xca,550
0xf6,0xcb,512
0xf6,0xcc,518
0xf6,0xcd,486
0xf6,0xce,488
0xf6,0xcf,502
0xf6,0xd0,504
0xf6,0xd1,534
0xf6,0xd2,500
0xf6,0xd3,512
0xf6,0xd4,532
0xf6,0xd5,514
0xf6,0xd6,568
0xf6,0xd7,550
0xf6,0xd8,494
0xf6,0xd9,502
0xf6,0xda,490
0xf6,0xdb,496
0xf6,0xdc,616
0xf6,0xdd,580
0xf6,0xde,504
0xf6,0xdf,540
0xf6,0xe0,490
0xf6,0xe1,550
0xf6,0xe2,522
0xf6,0xe3,510
0xf6,0xe4,516
0xf6,0xe5,518
0xf6,0xe6,480
0xf6,0xe7,506
0xf6,0xe8,522
0xf6,0xe9,482
0xf6,0xea,512
0xf6,0xeb,478
0xf6,0xec,468
0xf6,0xed,488
0xf6,0xee,490
0xf6,0xef,494
0xf6,0xf0,504
0xf6,0xf1,472
0xf6,0xf2,488
0xf6,0xf3,496
0xf6,0xf4,504
0xf6,0xf5,512
0xf6,0xf6,478
0xf6,0xf7,490
0xf6,0xf8,510
0xf6,0xf9,560
0xf6,0xfa,504
0xf6,0xfb,466
0xf6,0xfc,522
0xf6,0xfd,498
0xf6,0xfe,518
0xf6,0xff,514
0xf7,0x00,256
0xf7,0x01,532
0xf7,0x02,450
0xf7,0x03,496
0xf7,0x04,484
0xf7,0x05,484
0xf7,0x06,468
0xf7,0x07,534
0xf7,0x08,472
0xf7,0x09,476
0xf7,0x0a,544
0xf7,0x0b,518
0xf7,0x0c,512
0xf7,0x0d,526
0xf7,0x0e,460
0xf7,0x0f,482
0xf7,0x10,484
0xf7,0x11,484
0xf7,0x12,528
0xf7,0x13,478
0xf7,0x14,458
0xf7,0x15,502
0xf7,0x16,494
0xf7,0x17,506
0xf7,0x18,480
0xf7,0x19,508
0xf7,0x1a,542
0xf7,0x1b,482
0xf7,0x1c,504
0xf7,0x1d,496
0xf7,0x1e,502
0xf7,0x1f,516
0xf7,0x20,512
0xf7,0x21,518
0xf7,0x22,504
0xf7,0x23,528
0xf7,0x24,410
0xf7,0x25,592
0xf7,0x26,378
0xf7,0x27,528
0xf7,0x28,484
0xf7,0x29,534
0xf7,0x2a,480
0xf7,0x2b,486
0xf7,0x2c,470
0xf7,0x2d,508
0xf7,0x2e,530
0xf7,0x2f,588
0xf7,0x30,434
0xf7,0x31,468
0xf7,0x32,484
0xf7,0x33,516
0xf7,0x34,476
0xf7,0x35,456
0xf7,0x36,440
0xf7,0x37,536
0xf7,0x38,506
0xf7,0x39,518
0xf7,0x3a,486
0xf7,0x3b,506
0xf7,0x3c,472
0xf7,0x3d,478
0xf7,0x3e,492
0xf7,0x3f,522
0xf7,0x40,514
0xf7,0x41,480
0xf7,0x42,468
0xf7,0x43,494
0xf7,0x44,514
0xf7,0x45,542
0xf7,0x46,502
0xf7,0x47,524
0xf7,0x48,490
0xf7,0x49,480
0xf7,0x4a,504
0xf7,0x4b,526
0xf7,0x4c,508
0xf7,0x4d,520
0xf7,0x4e,508
0xf7,0x4f,582
0xf7,0x50,472
0xf7,0x51,518
0xf7,0x52,498
0xf7,0x53,544
0xf7,0x54,548
0xf7,0x55,478
0xf7,0x56,498
0xf7,0x57,506
0xf7,0x58,478
0xf7,0x59,500
0xf7,0x5a,492
0xf7,0x5b,492
0xf7,0x5c,538
0xf7,0x5d,542
0xf7,0x5e,514
0xf7,0x5f,512
0xf7,0x60,494
0xf7,0x61,566
0xf7,0x62,546
0xf7,0x63,486
0xf7,0x64,504
0xf7,0x65,524
0xf7,0x66,470
0xf7,0x67,520
0xf7,0x68,498
0xf7,0x69,496
0xf7,0x6a,558
0xf7,0x6b,488
0xf7,0x6c,490
0xf7,0x6d,468
0xf7,0x6e,488
0xf7,0x6f,490
0xf7,0x70,490
0xf7,0x71,480
0xf7,0x72,494
0xf7,0x73,496
0xf7,0x74,492
0xf7,0x75,488
0xf7,0x76,498
0xf7,0x77,490
0xf7,0x78,512
0xf7,0x79,496
0xf7,0x7a,502
0xf7,0x7b,470
0xf7,0x7c,534
0xf7,0x7d,498
0xf7,0x7e,510
0xf7,0x7f,524
0xf7,0x80,506
0xf7,0x81,480
0xf7,0x82,518
0xf7,0x83,482
0xf7,0x84,528
0xf7,0x85,548
0xf7,0x86,524
0xf7,0x87,524
0xf7,0x88,484
0xf7,0x89,488
0xf7,0x8a,488
0xf7,0x8b,538
0xf7,0x8c,528
0xf7,0x8d,514
0xf7,0x8e,528
0xf7,0x8f,518
0xf7,0x90,496
0xf7,0x91,524
0xf7,0x92,610
0xf7,0x93,456
0xf7,0x94,472
0xf7,0x95,488
0xf7,0x96,466
0xf7,0x97,504
0xf7,0x98,566
0xf7,0x99,518
0xf7,0x9a,512
0xf7,0x9b,504
0xf7,0x9c,504
0xf7,0x9d,534
0xf7,0x9e,492
0xf7,0x9f,460
0xf7,0xa0,492
0xf7,0xa1,522
0xf7,0xa2,474
0xf7,0xa3,480
0xf7,0xa4,524
0xf7,0xa5,508
0xf7,0xa6,514
0xf7,0xa7,504
0xf7,0xa8,484
0xf7,0xa9,506
0xf7,0xaa,466
0xf7,0xab,514
0xf7,0xac,492
0xf7,0xad,508
0xf7,0xae,490
0xf7,0xaf,498
0xf7,0xb0,508
0xf7,0xb1,484
0xf7,0xb2,516
0xf7,0xb3,476
0xf7,0xb4,458
0xf7,0xb5,486
0xf7,0xb6,530
0xf7,0xb7,536
0xf7,0xb8,472
0xf7,0xb9,508
0xf7,0xba,494
0xf7,0xbb,456
0xf7,0xbc,512
0xf7,0xbd,480
0xf7,0xbe,526
0xf7,0xbf,528
0xf7,0xc0,482
0xf7,0xc1,490
0xf7,0xc2,512
0xf7,0xc3,544
0xf7,0xc4,508
0xf7,0xc5,512
0xf7,0xc6,520
0xf7,0xc7,482
0xf7,0xc8,538
0xf7,0xc9,488
0xf7,0xca,516
0xf7,0xcb,530
0xf7,0xcc,504
0xf7,0xcd,526
0xf7,0xce,538
0xf7,0xcf,512
0xf7,0xd0,514
0xf7,0xd1,472
0xf7,0xd2,536
0xf7,0xd3,496
0xf7,0xd4,470
0xf7,0xd5,502
0xf7,0xd6,574
0xf7,0xd7,520
0xf7,0xd8,524
0xf7,0xd9,534
0xf7,0xda,508
0xf7,0xdb,530
0xf7,0xdc,584
0xf7,0xdd,544
0xf7,0xde,502
0xf7,0xdf,496
0xf7,0xe0,534
0xf7,0xe1,508
0xf7,0xe2,498
0xf7,0xe3,518
0xf7,0xe4,508
0xf7,0xe5,484
0xf7,0xe6,514
0xf7,0xe7,484
0xf7,0xe8,474
0xf7,0xe9,498
0xf7,0xea,492
0xf7,0xeb,506
0xf7,0xec,470
0xf7,0xed,522
0xf7,0xee,506
0xf7,0xef,472
0xf7,0xf0,472
0xf7,0xf1,496
0xf7,0xf2,548
0xf7,0xf3,562
0xf7,0xf4,498
0xf7,0xf5,494
0xf7,0xf6,536
0xf7,0xf7,472
0xf7,0xf8,538
0xf7,0xf9,484
0xf7,0xfa,510
0xf7,0xfb,488
0xf7,0xfc,492
0xf7,0xfd,468
0xf7,0xfe,488
0xf7,0xff,490
0xf8,0x00,256
0xf8,0x01,478
0xf8,0x02,512
0xf8,0x03,544
0xf8,0x04,508
0xf8,0x05,542
0xf8,0x06,478
0xf8,0x07,546
0xf8,0x08,490
0xf8,0x09,502
0xf8,0x0a,516
0xf8,0x0b,518
0xf8,0x0c,504
0xf8,0x0d,494
0xf8,0x0e,540
0xf8,0x0f,520
0xf8,0x10,484
0xf8,0x11,488
0xf8,0x12,474
0xf8,0x13,524
0xf8,0x14,512
0xf8,0x15,514
0xf8,0x16,520
0xf8,0x17,512
0xf8,0x18,450
0xf8,0x19,504
0xf8,0x1a,490
0xf8,0x1b,470
0xf8,0x1c,496
0xf8,0x1d,510
0xf8,0x1e,528
0xf8,0x1f,472
0xf8,0x20,498
0xf8,0x21,494
0xf8,0x22,498
0xf8,0x23,482
0xf8,0x24,510
0xf8,0x25,498
0xf8,0x26,650
0xf8,0x27,510
0xf8,0x28,482
0xf8,0x29,538
0xf8,0x2a,508
0xf8,0x2b,476
0xf8,0x2c,512
0xf8,0x2d,498
0xf8,0x2e,524
0xf8,0x2f,530
0xf8,0x30,724
0xf8,0x31,496
0xf8,0x32,546
0xf8,0x33,524
0xf8,0x34,496
0xf8,0x35,472
0xf8,0x36,520
0xf8,0x37,518
0xf8,0x38,510
0xf8,0x39,538
0xf8,0x3a,530
0xf8,0x3b,510
0xf8,0x3c,520
0xf8,0x3d,494
0xf8,0x3e,498
0xf8,0x3f,530
0xf8,0x40,508
0xf8,0x41,550
0xf8,0x42,458
0xf8,0x43,526
0xf8,0x44,516
0xf8,0x45,492
0xf8,0x46,530
0xf8,0x47,550
0xf8,0x48,494
0xf8,0x49,530
0xf8,0x4a,540
0xf8,0x4b,492
0xf8,0x4c,534
0xf8,0x4d,516
0xf8,0x4e,518
0xf8,0x4f,534
0xf8,0x50,544
0xf8,0x51,482
0xf8,0x52,580
0xf8,0x53,524
0xf8,0x54,520
0xf8,0x55,508
0xf8,0x56,524
0xf8,0x57,502
0xf8,0x58,516
0xf8,0x59,494
0xf8,0x5a,554
0xf8,0x5b,534
0xf8,0x5c,486
0xf8,0x5d,514
0xf8,0x5e,468
0xf8,0x5f,498
0xf8,0x60,506
0xf8,0x61,484
0xf8,0x62,492
0xf8,0x63,482
0xf8,0x64,480
0xf8,0x65,518
0xf8,0x66,504
0xf8,0x67,506
0xf8,0x68,492
0xf8,0x69,500
0xf8,0x6a,502
0xf8,0x6b,460
0xf8,0x6c,538
0xf8,0x6d,490
0xf8,0x6e,518
0xf8,0x6f,498
0xf8,0x70,488
0xf8,0x71,474
0xf8,0x72,474
0xf8,0x73,502
0xf8,0x74,496
0xf8,0x75,482
0xf8,0x76,566
0xf8,0x77,540
0xf8,0x78,516
0xf8,0x79,500
0xf8,0x7a,482
0xf8,0x7b,498
0xf8,0x7c,518
0xf8,0x7d,510
0xf8,0x7e,502
0xf8,0x7f,478
0xf8,0x80,490
0xf8,0x81,506
0xf8,0x82,484
0xf8,0x83,472
0xf8,0x84,534
0xf8,0x85,500
0xf8,0x86,522
0xf8,0x87,542
0xf8,0x88,518
0xf8,0x89,506
0xf8,0x8a,482
0xf8,0x8b,486
0xf8,0x8c,588
0xf8,0x8d,480
0xf8,0x8e,514
0xf8,0x8f,506
0xf8,0x90,536
0xf8,0x91,538
0xf8,0x92,568
0xf8,0x93,506
0xf8,0x94,504
0xf8,0x95,498
0xf8,0x96,506
0xf8,0x97,514
0xf8,0x98,514
0xf8,0x99,524
0xf8,0x9a,530
0xf8,0x9b,512
0xf8,0x9c,506
0xf8,0x9d,486
0xf8,0x9e,528
0xf8,0x9f,484
0xf8,0xa0,524
0xf8,0xa1,530
0xf8,0xa2,532
0xf8,0xa3,530
0xf8,0xa4,508
0xf8,0xa5,508
0xf8,0xa6,520
0xf8,0xa7,486
0xf8,0xa8,496
0xf8,0xa9,490
0xf8,0xaa,574
0xf8,0xab,498
0xf8,0xac,496
0xf8,0xad,488
0xf8,0xae,492
0xf8,0xaf,522
0xf8,0xb0,520
0xf8,0xb1,494
0xf8,0xb2,510
0xf8,0xb3,498
0xf8,0xb4,484
0xf8,0xb5,510
0xf8,0xb6,492
0xf8,0xb7,494
0xf8,0xb8,494
0xf8,0xb9,512
0xf8,0xba,506
0xf8,0xbb,500
0xf8,0xbc,480
0xf8,0xbd,510
0xf8,0xbe,516
0xf8,0xbf,542
0xf8,0xc0,570
0xf8,0xc1,500
0xf8,0xc2,516
0xf8,0xc3,452
0xf8,0xc4,488
0xf8,0xc5,488
0xf8,0xc6,502
0xf8,0xc7,506
0xf8,0xc8,478
0xf8,0xc9,558
0xf8,0xca,568
0xf8,0xcb,568
0xf8,0xcc,502
0xf8,0xcd,522
0xf8,0xce,498
0xf8,0xcf,538
0xf8,0xd0,500
0xf8,0xd1,482
0xf8,0xd2,532
0xf8,0xd3,494
0xf8,0xd4,506
0xf8,0xd5,568
0xf8,0xd6,530
0xf8,0xd7,524
0xf8,0xd8,488
0xf8,0xd9,524
0xf8,0xda,512
0xf8,0xdb,516
0xf8,0xdc,496
0xf8,0xdd,494
0xf8,0xde,540
0xf8,0xdf,526
0xf8,0xe0,506
0xf8,0xe1,508
0xf8,0xe2,534
0xf8,0xe3,518
0xf8,0xe4,518
0xf8,0xe5,564
0xf8,0xe6,502
0xf8,0xe7,486
0xf8,0xe8,480
0xf8,0xe9,500
0xf8,0xea,498
0xf8,0xeb,512
0xf8,0xec,530
0xf8,0xed,486
0xf8,0xee,542
0xf8,0xef,520
0xf8,0xf0,486
0xf8,0xf1,542
0xf8,0xf2,516
0xf8,0xf3,486
0xf8,0xf4,474
0xf8,0xf5,526
0xf8,0xf6,512
0xf8,0xf7,474
0xf8,0xf8,534
0xf8,0xf9,520
0xf8,0xfa,490
0xf8,0xfb,486
0xf8,0xfc,486
0xf8,0xfd,522
0xf8,0xfe,510
0xf8,0xff,488
0xf9,0x00,256
0xf9,0x01,532
0xf9,0x02,456
0xf9,0x03,538
0xf9,0x04,550
0xf9,0x05,564
0xf9,0x06,534
0xf9,0x07,498
0xf9,0x08,504
0xf9,0x09,516
0xf9,0x0a,510
0xf9,0x0b,506
0xf9,0x0c,512
0xf9,0x0d,510
0xf9,0x0e,508
0xf9,0x0f,522
0xf9,0x10,522
0xf9,0x11,488
0xf9,0x12,464
0xf9,0x13,518
0xf9,0x14,464
0xf9,0x15,530
0xf9,0x16,526
0xf9,0x17,508
0xf9,0x18,562
0xf9,0x19,522
0xf9,0x1a,502
0xf9,0x1b,510
0xf9,0x1c,498
0xf9,0x1d,496
0xf9,0x1e,522
0xf9,0x1f,530
0xf9,0x20,472
0xf9,0x21,502
0xf9,0x22,542
0xf9,0x23,508
0xf9,0x24,478
0xf9,0x25,498
0xf9,0x26,460
0xf9,0x27,476
0xf9,0x28,502
0xf9,0x29,564
0xf9,0x2a,512
0xf9,0x2b,522
0xf9,0x2c,484
0xf9,0x2d,516
0xf9,0x2e,550
0xf9,0x2f,482
0xf9,0x30,766
0xf9,0x31,490
0xf9,0x32,536
0xf9,0x33,510
0xf9,0x34,476
0xf9,0x35,512
0xf9,0x36,572
0xf9,0x37,490
0xf9,0x38,486
0xf9,0x39,512
0xf9,0x3a,472
0xf9,0x3b,500
0xf9,0x3c,534
0xf9,0x3d,522
0xf9,0x3e,528
0xf9,0x3f,522
0xf9,0x40,508
0xf9,0x41,518
0xf9,0x42,496
0xf9,0x43,564
0xf9,0x44,436
0xf9,0x45,576
0xf9,0x46,498
0xf9,0x47,508
0xf9,0x48,502
0xf9,0x49,528
0xf9,0x4a,528
0xf9,0x4b,570
0xf9,0x4c,526
0xf9,0x4d,474
0xf9,0x4e,484
0xf9,0x4f,468
0xf9,0x50,538
0xf9,0x51,492
0xf9,0x52,516
0xf9,0x53,536
0xf9,0x54,506
0xf9,0x55,496
0xf9,0x56,542
0xf9,0x57,488
0xf9,0x58,584
0xf9,0x59,514
0xf9,0x5a,520
0xf9,0x5b,478
0xf9,0x5c,558
0xf9,0x5d,532
0xf9,0x5e,490
0xf9,0x5f,506
0xf9,0x60,500
0xf9,0x61,526
0xf9,0x62,530
0xf9,0x63,524
0xf9,0x64,494
0xf9,0x65,498
0xf9,0x66,554
0xf9,0x67,486
0xf9,0x68,566
0xf9,0x69,570
0xf9,0x6a,472
0xf9,0x6b,496
0xf9,0x6c,512
0xf9,0x6d,522
0xf9,0x6e,512
0xf9,0x6f,502
0xf9,0x70,500
0xf9,0x71,532
0xf9,0x72,488
0xf9,0x73,536
0xf9,0x74,534
0xf9,0x75,468
0xf9,0x76,502
0xf9,0x77,514
0xf9,0x78,490
0xf9,0x79,520
0xf9,0x7a,534
0xf9,0x7b,534
0xf9,0x7c,526
0xf9,0x7d,494
0xf9,0x7e,540
0xf9,0x7f,526
0xf9,0x80,564
0xf9,0x81,524
0xf9,0x82,488
0xf9,0x83,478
0xf9,0x84,526
0xf9,0x85,514
0xf9,0x86,538
0xf9,0x87,532
0xf9,0x88,504
0xf9,0x89,500
0xf9,0x8a,520
0xf9,0x8b,508
0xf9,0x8c,496
0xf9,0x8d,496
0xf9,0x8e,548
0xf9,0x8f,508
0xf9,0x90,508
0xf9,0x91,492
0xf9,0x92,506
0xf9,0x93,454
0xf9,0x94,500
0xf9,0x95,546
0xf9,0x96,522
0xf9,0x97,554
0xf9,0x98,516
0xf9,0x99,502
0xf9,0x9a,520
0xf9,0x9b,480
0xf9,0x9c,542
0xf9,0x9d,504
0xf9,0x9e,490
0xf9,0x9f,504
0xf9,0xa0,550
0xf9,0xa1,524
0xf9,0xa2,506
0xf9,0xa3,490
0xf9,0xa4,552
0xf9,0xa5,472
0xf9,0xa6,484
0xf9,0xa7,516
0xf9,0xa8,510
0xf9,0xa9,518
0xf9,0xaa,524
0xf9,0xab,488
0xf9,0xac,532
0xf9,0xad,486
0xf9,0xae,516
0xf9,0xaf,506
0xf9,0xb0,550
0xf9,0xb1,520
0xf9,0xb2,520
0xf9,0xb3,528
0xf9,0xb4,484
0xf9,0xb5,508
0xf9,0xb6,524
0xf9,0xb7,488
0xf9,0xb8,510
0xf9,0xb9,486
0xf9,0xba,512
0xf9,0xbb,508
0xf9,0xbc,472
0xf9,0xbd,488
0xf9,0xbe,492
0xf9,0xbf,548
0xf9,0xc0,554
0xf9,0xc1,502
0xf9,0xc2,504
0xf9,0xc3,512
0xf9,0xc4,482
0xf9,0xc5,560
0xf9,0xc6,476
0xf9,0xc7,520
0xf9,0xc8,470
0xf9,0xc9,540
0xf9,0xca,550
0xf9,0xcb,520
0xf9,0xcc,502
0xf9,0xcd,530
0xf9,0xce,474
0xf9,0xcf,492
0xf9,0xd0,488
0xf9,0xd1,544
0xf9,0xd2,554
0xf9,0xd3,530
0xf9,0xd4,486
0xf9,0xd5,532
0xf9,0xd6,500
0xf9,0xd7,480
0xf9,0xd8,522
0xf9,0xd9,566
0xf9,0xda,504
0xf9,0xdb,566
0xf9,0xdc,546
0xf9,0xdd,554
0xf9,0xde,506
0xf9,0xdf,478
0xf9,0xe0,480
0xf9,0xe1,532
0xf9,0xe2,444
0xf9,0xe3,530
0xf9,0xe4,526
0xf9,0xe5,520
0xf9,0xe6,536
0xf9,0xe7,480
0xf9,0xe8,512
0xf9,0xe9,482
0xf9,0xea,542
0xf9,0xeb,494
0xf9,0xec,524
0xf9,0xed,526
0xf9,0xee,488
0xf9,0xef,482
0xf9,0xf0,504
0xf9,0xf1,528
0xf9,0xf2,494
0xf9,0xf3,542
0xf9,0xf4,486
0xf9,0xf5,494
0xf9,0xf6,500
0xf9,0xf7,514
0xf9,0xf8,504
0xf9,0xf9,496
0xf9,0xfa,514
0xf9,0xfb,512
0xf9,0xfc,504
0xf9,0xfd,506
0xf9,0xfe,500
0xf9,0xff,552
0xfa,0x00,256
0xfa,0x01,548
0xfa,0x02,448
0xfa,0x03,514
0xfa,0x04,508
0xfa,0x05,510
0xfa,0x06,524
0xfa,0x07,532
0xfa,0x08,496
0xfa,0x09,554
0xfa,0x0a,506
0xfa,0x0b,520
0xfa,0x0c,528
0xfa,0x0d,496
0xfa,0x0e,544
0xfa,0x0f,482
0xfa,0x10,462
0xfa,0x11,532
0xfa,0x12,468
0xfa,0x13,536
0xfa,0x14,514
0xfa,0x15,488
0xfa,0x16,480
0xfa,0x17,496
0xfa,0x18,528
0xfa,0x19,542
0xfa,0x1a,540
0xfa,0x1b,488
0xfa,0x1c,484
0xfa,0x1d,520
0xfa,0x1e,490
0xfa,0x1f,504
0xfa,0x20,546
0xfa,0x21,534
0xfa,0x22,494
0xfa,0x23,560
0xfa,0x24,450
0xfa,0x25,474
0xfa,0x26,400
0xfa,0x27,590
0xfa,0x28,540
0xfa,0x29,532
0xfa,0x2a,516
0xfa,0x2b,530
0xfa,0x2c,556
0xfa,0x2d,472
0xfa,0x2e,544
0xfa,0x2f,500
0xfa,0x30,390
0xfa,0x31,546
0xfa,0x32,486
0xfa,0x33,498
0xfa,0x34,472
0xfa,0x35,460
0xfa,0x36,500
0xfa,0x37,484
0xfa,0x38,542
0xfa,0x39,488
0xfa,0x3a,524
0xfa,0x3b,546
0xfa,0x3c,524
0xfa,0x3d,540
0xfa,0x3e,532
0xfa,0x3f,542
0xfa,0x40,486
0xfa,0x41,522
0xfa,0x42,500
0xfa,0x43,500
0xfa,0x44,528
0xfa,0x45,528
0xfa,0x46,504
0xfa,0x47,530
0xfa,0x48,486
0xfa,0x49,492
0xfa,0x4a,530
0xfa,0x4b,542
0xfa,0x4c,504
0xfa,0x4d,490
0xfa,0x4e,512
0xfa,0x4f,536
0xfa,0x50,488
0xfa,0x51,508
0xfa,0x52,510
0xfa,0x53,540
0xfa,0x54,530
0xfa,0x55,518
0xfa,0x56,550
0xfa,0x57,484
0xfa,0x58,492
0xfa,0x59,542
0xfa,0x5a,528
0xfa,0x5b,544
0xfa,0x5c,510
0xfa,0x5d,456
0xfa,0x5e,500
0xfa,0x5f,478
0xfa,0x60,516
0xfa,0x61,488
0xfa,0x62,510
0xfa,0x63,514
0xfa,0x64,504
0xfa,0x65,502
0xfa,0x66,538
0xfa,0x67,528
0xfa,0x68,534
0xfa,0x69,504
0xfa,0x6a,550
0xfa,0x6b,500
0xfa,0x6c,534
0xfa,0x6d,492
0xfa,0x6e,502
0xfa,0x6f,542
0xfa,0x70,492
0xfa,0x71,482
0xfa,0x72,500
0xfa,0x73,516
0xfa,0x74,470
0xfa,0x75,504
0xfa,0x76,502
0xfa,0x77,526
0xfa,0x78,512
0xfa,0x79,568
0xfa,0x7a,496
0xfa,0x7b,578
0xfa,0x7c,538
0xfa,0x7d,484
0xfa,0x7e,510
0xfa,0x7f,490
0xfa,0x80,504
0xfa,0x81,500
0xfa,0x82,492
0xfa,0x83,524
0xfa,0x84,534
0xfa,0x85,524
0xfa,0x86,528
0xfa,0x87,468
0xfa,0x88,484
0xfa,0x89,492
0xfa,0x8a,554
0xfa,0x8b,510
0xfa,0x8c,504
0xfa,0x8d,508
0xfa,0x8e,502
0xfa,0x8f,510
0xfa,0x90,502
0xfa,0x91,442
0xfa,0x92,512
0xfa,0x93,540
0xfa,0x94,530
0xfa,0x95,544
0xfa,0x96,494
0xfa,0x97,500
0xfa,0x98,488
0xfa,0x99,460
0xfa,0x9a,548
0xfa,0x9b,486
0xfa,0x9c,498
0xfa,0x9d,518
0xfa,0x9e,484
0xfa,0x9f,500
0xfa,0xa0,496
0xfa,0xa1,514
0xfa,0xa2,460
0xfa,0xa3,524
0xfa,0xa4,512
0xfa,0xa5,516
0xfa,0xa6,480
0xfa,0xa7,510
0xfa,0xa8,560
0xfa,0xa9,456
0xfa,0xaa,488
0xfa,0xab,506
0xfa,0xac,496
0xfa,0xad,500
0xfa,0xae,508
0xfa,0xaf,506
0xfa,0xb0,534
0xfa,0xb1,486
0xfa,0xb2,524
0xfa,0xb3,526
0xfa,0xb4,490
0xfa,0xb5,532
0xfa,0xb6,466
0xfa,0xb7,524
0xfa,0xb8,506
0xfa,0xb9,468
0xfa,0xba,498
0xfa,0xbb,478
0xfa,0xbc,514
0xfa,0xbd,546
0xfa,0xbe,546
0xfa,0xbf,532
0xfa,0xc0,504
0xfa,0xc1,492
0xfa,0xc2,502
0xfa,0xc3,510
0xfa,0xc4,530
0xfa,0xc5,488
0xfa,0xc6,504
0xfa,0xc7,514
0xfa,0xc8,470
0xfa,0xc9,500
0xfa,0xca,546
0xfa,0xcb,478
0xfa,0xcc,488
0xfa,0xcd,548
0xfa,0xce,508
0xfa,0xcf,496
0xfa,0xd0,530
0xfa,0xd1,518
0xfa,0xd2,514
0xfa,0xd3,516
0xfa,0xd4,488
0xfa,0xd5,550
0xfa,0xd6,540
0xfa,0xd7,494
0xfa,0xd8,496
0xfa,0xd9,486
0xfa,0xda,494
0xfa,0xdb,544
0xfa,0xdc,502
0xfa,0xdd,520
0xfa,0xde,502
0xfa,0xdf,500
0xfa,0xe0,588
0xfa,0xe1,514
0xfa,0xe2,460
0xfa,0xe3,480
0xfa,0xe4,470
0xfa,0xe5,506
0xfa,0xe6,468
0xfa,0xe7,510
0xfa,0xe8,512
0xfa,0xe9,550
0xfa,0xea,560
0xfa,0xeb,504
0xfa,0xec,508
0xfa,0xed,468
0xfa,0xee,510
0xfa,0xef,490
0xfa,0xf0,506
0xfa,0xf1,536
0xfa,0xf2,498
0xfa,0xf3,504
0xfa,0xf4,492
0xfa,0xf5,558
0xfa,0xf6,502
0xfa,0xf7,520
0xfa,0xf8,510
0xfa,0xf9,526
0xfa,0xfa,494
0xfa,0xfb,498
0xfa,0xfc,498
0xfa,0xfd,502
0xfa,0xfe,506
0xfa,0xff,550
0xfb,0x00,256
0xfb,0x01,500
0xfb,0x02,460
0xfb,0x03,494
0xfb,0x04,458
0xfb,0x05,518
0xfb,0x06,472
0xfb,0x07,456
0xfb,0x08,498
0xfb,0x09,516
0xfb,0x0a,466
0xfb,0x0b,470
0xfb,0x0c,516
0xfb,0x0d,494
0xfb,0x0e,478
0xfb,0x0f,510
0xfb,0x10,496
0xfb,0x11,508
0xfb,0x12,448
0xfb,0x13,526
0xfb,0x14,462
0xfb,0x15,510
0xfb,0x16,466
0xfb,0x17,512
0xfb,0x18,534
0xfb,0x19,508
0xfb,0x1a,506
0xfb,0x1b,524
0xfb,0x1c,508
0xfb,0x1d,460
0xfb,0x1e,530
0xfb,0x1f,520
0xfb,0x20,518
0xfb,0x21,480
0xfb,0x22,486
0xfb,0x23,536
0xfb,0x24,472
0xfb,0x25,498
0xfb,0x26,402
0xfb,0x27,508
0xfb,0x28,524
0xfb,0x29,488
0xfb,0x2a,484
0xfb,0x2b,482
0xfb,0x2c,498
0xfb,0x2d,496
0xfb,0x2e,486
0xfb,0x2f,516
0xfb,0x30,868
0xfb,0x31,554
0xfb,0x32,506
0xfb,0x33,480
0xfb,0x34,508
0xfb,0x35,524
0xfb,0x36,532
0xfb,0x37,496
0xfb,0x38,512
0xfb,0x39,508
0xfb,0x3a,496
0xfb,0x3b,514
0xfb,0x3c,540
0xfb,0x3d,470
0xfb,0x3e,504
0xfb,0x3f,530
0xfb,0x40,540
0xfb,0x41,504
0xfb,0x42,494
0xfb,0x43,490
0xfb,0x44,492
0xfb,0x45,494
0xfb,0x46,480
0xfb,0x47,504
0xfb,0x48,536
0xfb,0x49,556
0xfb,0x4a,522
0xfb,0x4b,534
0xfb,0x4c,508
0xfb,0x4d,516
0xfb,0x4e,522
0xfb,0x4f,470
0xfb,0x50,484
0xfb,0x51,492
0xfb,0x52,478
0xfb,0x53,496
0xfb,0x54,490
0xfb,0x55,522
0xfb,0x56,540
0xfb,0x57,526
0xfb,0x58,496
0xfb,0x59,502
0xfb,0x5a,478
0xfb,0x5b,494
0xfb,0x5c,516
0xfb,0x5d,536
0xfb,0x5e,530
0xfb,0x5f,544
0xfb,0x60,468
0xfb,0x61,514
0xfb,0x62,520
0xfb,0x63,530
0xfb,0x64,496
0xfb,0x65,536
0xfb,0x66,504
0xfb,0x67,544
0xfb,0x68,518
0xfb,0x69,580
0xfb,0x6a,534
0xfb,0x6b,524
0xfb,0x6c,524
0xfb,0x6d,504
0xfb,0x6e,542
0xfb,0x6f,532
0xfb,0x70,526
0xfb,0x71,510
0xfb,0x72,532
0xfb,0x73,500
0xfb,0x74,540
0xfb,0x75,520
0xfb,0x76,486
0xfb,0x77,494
0xfb,0x78,520
0xfb,0x79,536
0xfb,0x7a,520
0xfb,0x7b,536
0xfb,0x7c,530
0xfb,0x7d,458
0xfb,0x7e,510
0xfb,0x7f,492
0xfb,0x80,530
0xfb,0x81,522
0xfb,0x82,508
0xfb,0x83,520
0xfb,0x84,518
0xfb,0x85,494
0xfb,0x86,512
0xfb,0x87,512
0xfb,0x88,520
0xfb,0x89,518
0xfb,0x8a,530
0xfb,0x8b,522
0xfb,0x8c,532
0xfb,0x8d,494
0xfb,0x8e,504
0xfb,0x8f,500
0xfb,0x90,522
0xfb,0x91,504
0xfb,0x92,504
0xfb,0x93,518
0xfb,0x94,504
0xfb,0x95,540
0xfb,0x96,486
0xfb,0x97,510
0xfb,0x98,504
0xfb,0x99,500
0xfb,0x9a,510
0xfb,0x9b,512
0xfb,0x9c,498
0xfb,0x9d,522
0xfb,0x9e,570
0xfb,0x9f,508
0xfb,0xa0,498
0xfb,0xa1,530
0xfb,0xa2,496
0xfb,0xa3,540
0xfb,0xa4,500
0xfb,0xa5,530
0xfb,0xa6,520
0xfb,0xa7,558
0xfb,0xa8,514
0xfb,0xa9,494
0xfb,0xaa,512
0xfb,0xab,536
0xfb,0xac,528
0xfb,0xad,492
0xfb,0xae,484
0xfb,0xaf,496
0xfb,0xb0,504
0xfb,0xb1,544
0xfb,0xb2,552
0xfb,0xb3,532
0xfb,0xb4,556
0xfb,0xb5,518
0xfb,0xb6,512
0xfb,0xb7,522
0xfb,0xb8,506
0xfb,0xb9,490
0xfb,0xba,526
0xfb,0xbb,518
0xfb,0xbc,500
0xfb,0xbd,530
0xfb,0xbe,514
0xfb,0xbf,500
0xfb,0xc0,568
0xfb,0xc1,534
0xfb,0xc2,494
0xfb,0xc3,538
0xfb,0xc4,508
0xfb,0xc5,542
0xfb,0xc6,506
0xfb,0xc7,578
0xfb,0xc8,522
0xfb,0xc9,512
0xfb,0xca,558
0xfb,0xcb,534
0xfb,0xcc,518
0xfb,0xcd,500
0xfb,0xce,530
0xfb,0xcf,534
0xfb,0xd0,544
0xfb,0xd1,508
0xfb,0xd2,514
0xfb,0xd3,522
0xfb,0xd4,492
0xfb,0xd5,486
0xfb,0xd6,548
0xfb,0xd7,536
0xfb,0xd8,536
0xfb,0xd9,496
0xfb,0xda,564
0xfb,0xdb,476
0xfb,0xdc,554
0xfb,0xdd,514
0xfb,0xde,502
0xfb,0xdf,480
0xfb,0xe0,484
0xfb,0xe1,472
0xfb,0xe2,530
0xfb,0xe3,516
0xfb,0xe4,518
0xfb,0xe5,540
0xfb,0xe6,506
0xfb,0xe7,502
0xfb,0xe8,500
0xfb,0xe9,516
0xfb,0xea,486
0xfb,0xeb,514
0xfb,0xec,494
0xfb,0xed,500
0xfb,0xee,518
0xfb,0xef,486
0xfb,0xf0,490
0xfb,0xf1,560
0xfb,0xf2,536
0xfb,0xf3,542
0xfb,0xf4,496
0xfb,0xf5,540
0xfb,0xf6,492
0xfb,0xf7,492
0xfb,0xf8,524
0xfb,0xf9,554
0xfb,0xfa,510
0xfb,0xfb,496
0xfb,0xfc,532
0xfb,0xfd,514
0xfb,0xfe,522
0xfb,0xff,568
0xfc,0x00,256
0xfc,0x01,570
0xfc,0x02,496
0xfc,0x03,498
0xfc,0x04,552
0xfc,0x05,506
0xfc,0x06,530
0xfc,0x07,522
0xfc,0x08,526
0xfc,0x09,522
0xfc,0x0a,544
0xfc,0x0b,504
0xfc,0x0c,476
0xfc,0x0d,540
0xfc,0x0e,480
0xfc,0x0f,518
0xfc,0x10,506
0xfc,0x11,532
0xfc,0x12,506
0xfc,0x13,536
0xfc,0x14,512
0xfc,0x15,496
0xfc,0x16,506
0xfc,0x17,528
0xfc,0x18,516
0xfc,0x19,514
0xfc,0x1a,478
0xfc,0x1b,518
0xfc,0x1c,568
0xfc,0x1d,506
0xfc,0x1e,512
0xfc,0x1f,504
0xfc,0x20,514
0xfc,0x21,514
0xfc,0x22,478
0xfc,0x23,512
0xfc,0x24,622
0xfc,0x25,608
0xfc,0x26,404
0xfc,0x27,524
0xfc,0x28,516
0xfc,0x29,498
0xfc,0x2a,468
0xfc,0x2b,544
0xfc,0x2c,506
0xfc,0x2d,546
0xfc,0x2e,512
0xfc,0x2f,488
0xfc,0x30,434
0xfc,0x31,528
0xfc,0x32,550
0xfc,0x33,536
0xfc,0x34,590
0xfc,0x35,518
0xfc,0x36,568
0xfc,0x37,516
0xfc,0x38,500
0xfc,0x39,482
0xfc,0x3a,522
0xfc,0x3b,496
0xfc,0x3c,486
0xfc,0x3d,522
0xfc,0x3e,508
0xfc,0x3f,512
0xfc,0x40,530
0xfc,0x41,524
0xfc,0x42,488
0xfc,0x43,504
0xfc,0x44,516
0xfc,0x45,544
0xfc,0x46,536
0xfc,0x47,506
0xfc,0x48,478
0xfc,0x49,546
0xfc,0x4a,482
0xfc,0x4b,502
0xfc,0x4c,518
0xfc,0x4d,534
0xfc,0x4e,492
0xfc,0x4f,468
0xfc,0x50,468
0xfc,0x51,506
0xfc,0x52,562
0xfc,0x53,544
0xfc,0x54,526
0xfc,0x55,516
0xfc,0x56,484
0xfc,0x57,472
0xfc,0x58,568
0xfc,0x59,502
0xfc,0x5a,536
0xfc,0x5b,506
0xfc,0x5c,494
0xfc,0x5d,512
0xfc,0x5e,490
0xfc,0x5f,496
0xfc,0x60,500
0xfc,0x61,506
0xfc,0x62,532
0xfc,0x63,518
0xfc,0x64,496
0xfc,0x65,498
0xfc,0x66,530
0xfc,0x67,480
0xfc,0x68,500
0xfc,0x69,530
0xfc,0x6a,498
0xfc,0x6b,478
0xfc,0x6c,540
0xfc,0x6d,512
0xfc,0x6e,526
0xfc,0x6f,508
0xfc,0x70,534
0xfc,0x71,502
0xfc,0x72,508
0xfc,0x73,496
0xfc,0x74,532
0xfc,0x75,484
0xfc,0x76,534
0xfc,0x77,514
0xfc,0x78,502
0xfc,0x79,518
0xfc,0x7a,524
0xfc,0x7b,502
0xfc,0x7c,498
0xfc,0x7d,542
0xfc,0x7e,488
0xfc,0x7f,498
0xfc,0x80,486
0xfc,0x81,496
0xfc,0x82,486
0xfc,0x83,492
0xfc,0x84,504
0xfc,0x85,514
0xfc,0x86,522
0xfc,0x87,528
0xfc,0x88,502
0xfc,0x89,486
0xfc,0x8a,516
0xfc,0x8b,502
0xfc,0x8c,516
0xfc,0x8d,498
0xfc,0x8e,502
0xfc,0x8f,518
0xfc,0x90,496
0xfc,0x91,540
0xfc,0x92,502
0xfc,0x93,512
0xfc,0x94,506
0xfc,0x95,524
0xfc,0x96,538
0xfc,0x97,478
0xfc,0x98,508
0xfc,0x99,488
0xfc,0x9a,520
0xfc,0x9b,526
0xfc,0x9c,484
0xfc,0x9d,558
0xfc,0x9e,530
0xfc,0x9f,520
0xfc,0xa0,564
0xfc,0xa1,506
0xfc,0xa2,490
0xfc,0xa3,522
0xfc,0xa4,512
0xfc,0xa5,508
0xfc,0xa6,514
0xfc,0xa7,562
0xfc,0xa8,498
0xfc,0xa9,496
0xfc,0xaa,516
0xfc,0xab,526
0xfc,0xac,518
0xfc,0xad,532
0xfc,0xae,514
0xfc,0xaf,524
0xfc,0xb0,460
0xfc,0xb1,500
0xfc,0xb2,494
0xfc,0xb3,540
0xfc,0xb4,530
0xfc,0xb5,530
0xfc,0xb6,528
0xfc,0xb7,508
0xfc,0xb8,466
0xfc,0xb9,540
0xfc,0xba,488
0xfc,0xbb,476
0xfc,0xbc,528
0xfc,0xbd,520
0xfc,0xbe,552
0xfc,0xbf,516
0xfc,0xc0,526
0xfc,0xc1,500
0xfc,0xc2,528
0xfc,0xc3,488
0xfc,0xc4,490
0xfc,0xc5,496
0xfc,0xc6,522
0xfc,0xc7,548
0xfc,0xc8,502
0xfc,0xc9,528
0xfc,0xca,508
0xfc,0xcb,548
0xfc,0xcc,502
0xfc,0xcd,480
0xfc,0xce,478
0xfc,0xcf,468
0xfc,0xd0,524
0xfc,0xd1,528
0xfc,0xd2,518
0xfc,0xd3,560
0xfc,0xd4,478
0xfc,0xd5,524
0xfc,0xd6,492
0xfc,0xd7,518
0xfc,0xd8,536
0xfc,0xd9,520
0xfc,0xda,494
0xfc,0xdb,524
0xfc,0xdc,508
0xfc,0xdd,506
0xfc,0xde,514
0xfc,0xdf,502
0xfc,0xe0,552
0xfc,0xe1,514
0xfc,0xe2,512
0xfc,0xe3,470
0xfc,0xe4,520
0xfc,0xe5,538
0xfc,0xe6,460
0xfc,0xe7,516
0xfc,0xe8,516
0xfc,0xe9,524
0xfc,0xea,576
0xfc,0xeb,512
0xfc,0xec,508
0xfc,0xed,488
0xfc,0xee,542
0xfc,0xef,532
0xfc,0xf0,516
0xfc,0xf1,538
0xfc,0xf2,510
0xfc,0xf3,532
0xfc,0xf4,500
0xfc,0xf5,472
0xfc,0xf6,510
0xfc,0xf7,534
0xfc,0xf8,540
0xfc,0xf9,480
0xfc,0xfa,492
0xfc,0xfb,532
0xfc,0xfc,478
0xfc,0xfd,522
0xfc,0xfe,514
0xfc,0xff,522
0xfd,0x00,256
0xfd,0x01,484
0xfd,0x02,556
0xfd,0x03,524
0xfd,0x04,538
0xfd,0x05,482
0xfd,0x06,512
0xfd,0x07,500
0xfd,0x08,516
0xfd,0x09,484
0xfd,0x0a,514
0xfd,0x0b,486
0xfd,0x0c,504
0xfd,0x0d,498
0xfd,0x0e,528
0xfd,0x0f,508
0xfd,0x10,554
0xfd,0x11,506
0xfd,0x12,494
0xfd,0x13,494
0xfd,0x14,502
0xfd,0x15,506
0xfd,0x16,468
0xfd,0x17,490
0xfd,0x18,516
0xfd,0x19,484
0xfd,0x1a,508
0xfd,0x1b,500
0xfd,0x1c,518
0xfd,0x1d,496
0xfd,0x1e,478
0xfd,0x1f,526
0xfd,0x20,516
0xfd,0x21,492
0xfd,0x22,524
0xfd,0x23,510
0xfd,0x24,392
0xfd,0x25,488
0xfd,0x26,618
0xfd,0x27,492
0xfd,0x28,480
0xfd,0x29,478
0xfd,0x2a,488
0xfd,0x2b,516
0xfd,0x2c,484
0xfd,0x2d,524
0xfd,0x2e,524
0xfd,0x2f,496
0xfd,0x30,440
0xfd,0x31,506
0xfd,0x32,482
0xfd,0x33,526
0xfd,0x34,516
0xfd,0x35,500
0xfd,0x36,520
0xfd,0x37,512
0xfd,0x38,540
0xfd,0x39,476
0xfd,0x3a,482
0xfd,0x3b,496
0xfd,0x3c,486
0xfd,0x3d,504
0xfd,0x3e,514
0xfd,0x3f,490
0xfd,0x40,520
0xfd,0x41,532
0xfd,0x42,514
0xfd,0x43,484
0xfd,0x44,532
0xfd,0x45,492
0xfd,0x46,578
0xfd,0x47,484
0xfd,0x48,562
0xfd,0x49,514
0xfd,0x4a,460
0xfd,0x4b,492
0xfd,0x4c,514
0xfd,0x4d,512
0xfd,0x4e,550
0xfd,0x4f,526
0xfd,0x50,526
0xfd,0x51,502
0xfd,0x52,504
0xfd,0x53,490
0xfd,0x54,576
0xfd,0x55,500
0xfd,0x56,488
0xfd,0x57,494
0xfd,0x58,536
0xfd,0x59,520
0xfd,0x5a,520
0xfd,0x5b,596
0xfd,0x5c,486
0xfd,0x5d,492
0xfd,0x5e,488
0xfd,0x5f,488
0xfd,0x60,540
0xfd,0x61,558
0xfd,0x62,496
0xfd,0x63,508
0xfd,0x64,478
0xfd,0x65,524
0xfd,0x66,518
0xfd,0x67,508
0xfd,0x68,498
0xfd,0x69,498
0xfd,0x6a,528
0xfd,0x6b,588
0xfd,0x6c,494
0xfd,0x6d,534
0xfd,0x6e,486
0xfd,0x6f,482
0xfd,0x70,502
0xfd,0x71,482
0xfd,0x72,484
0xfd,0x73,504
0xfd,0x74,508
0xfd,0x75,494
0xfd,0x76,524
0xfd,0x77,504
0xfd,0x78,552
0xfd,0x79,518
0xfd,0x7a,518
0xfd,0x7b,516
0xfd,0x7c,532
0xfd,0x7d,470
0xfd,0x7e,458
0xfd,0x7f,504
0xfd,0x80,494
0xfd,0x81,530
0xfd,0x82,526
0xfd,0x83,514
0xfd,0x84,484
0xfd,0x85,538
0xfd,0x86,548
0xfd,0x87,516
0xfd,0x88,500
0xfd,0x89,490
0xfd,0x8a,514
0xfd,0x8b,550
0xfd,0x8c,542
0xfd,0x8d,494
0xfd,0x8e,512
0xfd,0x8f,482
0xfd,0x90,504
0xfd,0x91,552
0xfd,0x92,460
0xfd,0x93,510
0xfd,0x94,518
0xfd,0x95,518
0xfd,0x96,498
0xfd,0x97,480
0xfd,0x98,500
0xfd,0x99,504
0xfd,0x9a,512
0xfd,0x9b,496
0xfd,0x9c,486
0xfd,0x9d,460
0xfd,0x9e,542
0xfd,0x9f,504
0xfd,0xa0,518
0xfd,0xa1,482
0xfd,0xa2,482
0xfd,0xa3,470
0xfd,0xa4,494
0xfd,0xa5,544
0xfd,0xa6,504
0xfd,0xa7,502
0xfd,0xa8,502
0xfd,0xa9,540
0xfd,0xaa,532
0xfd,0xab,504
0xfd,0xac,518
0xfd,0xad,500
0xfd,0xae,588
0xfd,0xaf,508
0xfd,0xb0,546
0xfd,0xb1,560
0xfd,0xb2,480
0xfd,0xb3,506
0xfd,0xb4,510
0xfd,0xb5,526
0xfd,0xb6,532
0xfd,0xb7,528
0xfd,0xb8,472
0xfd,0xb9,496
0xfd,0xba,500
0xfd,0xbb,510
0xfd,0xbc,526
0xfd,0xbd,530
0xfd,0xbe,508
0xfd,0xbf,546
0xfd,0xc0,520
0xfd,0xc1,560
0xfd,0xc2,476
0xfd,0xc3,510
0xfd,0xc4,532
0xfd,0xc5,498
0xfd,0xc6,518
0xfd,0xc7,494
0xfd,0xc8,488
0xfd,0xc9,544
0xfd,0xca,552
0xfd,0xcb,510
0xfd,0xcc,482
0xfd,0xcd,508
0xfd,0xce,482
0xfd,0xcf,472
0xfd,0xd0,512
0xfd,0xd1,474
0xfd,0xd2,480
0xfd,0xd3,538
0xfd,0xd4,502
0xfd,0xd5,508
0xfd,0xd6,490
0xfd,0xd7,506
0xfd,0xd8,492
0xfd,0xd9,492
0xfd,0xda,532
0xfd,0xdb,480
0xfd,0xdc,486
0xfd,0xdd,458
0xfd,0xde,498
0xfd,0xdf,544
0xfd,0xe0,532
0xfd,0xe1,512
0xfd,0xe2,502
0xfd,0xe3,512
0xfd,0xe4,522
0xfd,0xe5,496
0xfd,0xe6,514
0xfd,0xe7,496
0xfd,0xe8,562
0xfd,0xe9,488
0xfd,0xea,526
0xfd,0xeb,534
0xfd,0xec,492
0xfd,0xed,506
0xfd,0xee,524
0xfd,0xef,516
0xfd,0xf0,496
0xfd,0xf1,476
0xfd,0xf2,526
0xfd,0xf3,520
0xfd,0xf4,474
0xfd,0xf5,522
0xfd,0xf6,512
0xfd,0xf7,504
0xfd,0xf8,532
0xfd,0xf9,548
0xfd,0xfa,478
0xfd,0xfb,484
0xfd,0xfc,518
0xfd,0xfd,538
0xfd,0xfe,474
0xfd,0xff,534
0xfe,0x00,256
0xfe,0x01,478
0xfe,0x02,496
0xfe,0x03,540
0xfe,0x04,468
0xfe,0x05,460
0xfe,0x06,490
0xfe,0x07,508
0xfe,0x08,536
0xfe,0x09,492
0xfe,0x0a,530
0xfe,0x0b,504
0xfe,0x0c,504
0xfe,0x0d,468
0xfe,0x0e,496
0xfe,0x0f,486
0xfe,0x10,466
0xfe,0x11,498
0xfe,0x12,460
0xfe,0x13,504
0xfe,0x14,428
0xfe,0x15,508
0xfe,0x16,592
0xfe,0x17,496
0xfe,0x18,516
0xfe,0x19,540
0xfe,0x1a,540
0xfe,0x1b,508
0xfe,0x1c,460
0xfe,0x1d,490
0xfe,0x1e,496
0xfe,0x1f,486
0xfe,0x20,496
0xfe,0x21,476
0xfe,0x22,468
0xfe,0x23,480
0xfe,0x24,406
0xfe,0x25,502
0xfe,0x26,484
0xfe,0x27,532
0xfe,0x28,538
0xfe,0x29,536
0xfe,0x2a,516
0xfe,0x2b,540
0xfe,0x2c,574
0xfe,0x2d,476
0xfe,0x2e,522
0xfe,0x2f,530
0xfe,0x30,518
0xfe,0x31,474
0xfe,0x32,518
0xfe,0x33,508
0xfe,0x34,484
0xfe,0x35,524
0xfe,0x36,462
0xfe,0x37,500
0xfe,0x38,530
0xfe,0x39,482
0xfe,0x3a,476
0xfe,0x3b,518
0xfe,0x3c,534
0xfe,0x3d,524
0xfe,0x3e,496
0xfe,0x3f,506
0xfe,0x40,502
0xfe,0x41,498
0xfe,0x42,526
0xfe,0x43,530
0xfe,0x44,510
0xfe,0x45,522
0xfe,0x46,502
0xfe,0x47,526
0xfe,0x48,540
0xfe,0x49,492
0xfe,0x4a,504
0xfe,0x4b,490
0xfe,0x4c,488
0xfe,0x4d,540
0xfe,0x4e,502
0xfe,0x4f,484
0xfe,0x50,528
0xfe,0x51,470
0xfe,0x52,532
0xfe,0x53,500
0xfe,0x54,494
0xfe,0x55,528
0xfe,0x56,514
0xfe,0x57,500
0xfe,0x58,522
0xfe,0x59,514
0xfe,0x5a,526
0xfe,0x5b,466
0xfe,0x5c,502
0xfe,0x5d,542
0xfe,0x5e,524
0xfe,0x5f,526
0xfe,0x60,550
0xfe,0x61,490
0xfe,0x62,458
0xfe,0x63,484
0xfe,0x64,510
0xfe,0x65,528
0xfe,0x66,540
0xfe,0x67,494
0xfe,0x68,496
0xfe,0x69,498
0xfe,0x6a,554
0xfe,0x6b,578
0xfe,0x6c,496
0xfe,0x6d,512
0xfe,0x6e,500
0xfe,0x6f,510
0xfe,0x70,510
0xfe,0x71,506
0xfe,0x72,490
0xfe,0x73,554
0xfe,0x74,482
0xfe,0x75,516
0xfe,0x76,496
0xfe,0x77,492
0xfe,0x78,514
0xfe,0x79,532
0xfe,0x7a,514
0xfe,0x7b,498
0xfe,0x7c,512
0xfe,0x7d,482
0xfe,0x7e,516
0xfe,0x7f,472
0xfe,0x80,506
0xfe,0x81,558
0xfe,0x82,508
0xfe,0x83,490
0xfe,0x84,506
0xfe,0x85,518
0xfe,0x86,492
0xfe,0x87,548
0xfe,0x88,482
0xfe,0x89,504
0xfe,0x8a,576
0xfe,0x8b,520
0xfe,0x8c,500
0xfe,0x8d,492
0xfe,0x8e,502
0xfe,0x8f,496
0xfe,0x90,492
0xfe,0x91,510
0xfe,0x92,490
0xfe,0x93,508
0xfe,0x94,498
0xfe,0x95,528
0xfe,0x96,520
0xfe,0x97,506
0xfe,0x98,496
0xfe,0x99,518
0xfe,0x9a,548
0xfe,0x9b,506
0xfe,0x9c,510
0xfe,0x9d,486
0xfe,0x9e,474
0xfe,0x9f,468
0xfe,0xa0,512
0xfe,0xa1,496
0xfe,0xa2,498
0xfe,0xa3,484
0xfe,0xa4,550
0xfe,0xa5,528
0xfe,0xa6,486
0xfe,0xa7,586
0xfe,0xa8,504
0xfe,0xa9,484
0xfe,0xaa,496
0xfe,0xab,492
0xfe,0xac,510
0xfe,0xad,496
0xfe,0xae,530
0xfe,0xaf,512
0xfe,0xb0,508
0xfe,0xb1,520
0xfe,0xb2,568
0xfe,0xb3,476
0xfe,0xb4,548
0xfe,0xb5,538
0xfe,0xb6,484
0xfe,0xb7,550
0xfe,0xb8,542
0xfe,0xb9,490
0xfe,0xba,502
0xfe,0xbb,494
0xfe,0xbc,524
0xfe,0xbd,552
0xfe,0xbe,526
0xfe,0xbf,542
0xfe,0xc0,472
0xfe,0xc1,492
0xfe,0xc2,494
0xfe,0xc3,552
0xfe,0xc4,558
0xfe,0xc5,512
0xfe,0xc6,476
0xfe,0xc7,518
0xfe,0xc8,510
0xfe,0xc9,492
0xfe,0xca,520
0xfe,0xcb,510
0xfe,0xcc,544
0xfe,0xcd,498
0xfe,0xce,574
0xfe,0xcf,552
0xfe,0xd0,540
0xfe,0xd1,482
0xfe,0xd2,490
0xfe,0xd3,518
0xfe,0xd4,482
0xfe,0xd5,478
0xfe,0xd6,566
0xfe,0xd7,520
0xfe,0xd8,498
0xfe,0xd9,504
0xfe,0xda,496
0xfe,0xdb,520
0xfe,0xdc,520
0xfe,0xdd,488
0xfe,0xde,492
0xfe,0xdf,518
0xfe,0xe0,546
0xfe,0xe1,538
0xfe,0xe2,552
0xfe,0xe3,506
0xfe,0xe4,508
0xfe,0xe5,480
0xfe,0xe6,518
0xfe,0xe7,524
0xfe,0xe8,488
0xfe,0xe9,502
0xfe,0xea,468
0xfe,0xeb,588
0xfe,0xec,538
0xfe,0xed,460
0xfe,0xee,530
0xfe,0xef,496
0xfe,0xf0,524
0xfe,0xf1,496
0xfe,0xf2,506
0xfe,0xf3,478
0xfe,0xf4,512
0xfe,0xf5,470
0xfe,0xf6,488
0xfe,0xf7,524
0xfe,0xf8,496
0xfe,0xf9,514
0xfe,0xfa,518
0xfe,0xfb,528
0xfe,0xfc,486
0xfe,0xfd,498
0xfe,0xfe,550
0xfe,0xff,482
0xff,0x00,256
0xff,0x01,476
0xff,0x02,520
0xff,0x03,492
0xff,0x04,526
0xff,0x05,548
0xff,0x06,518
0xff,0x07,522
0xff,0x08,528
0xff,0x09,526
0xff,0x0a,506
0xff,0x0b,498
0xff,0x0c,534
0xff,0x0d,470
0xff,0x0e,462
0xff,0x0f,550
0xff,0x10,494
0xff,0x11,486
0xff,0x12,394
0xff,0x13,484
0xff,0x14,488
0xff,0x15,510
0xff,0x16,510
0xff,0x17,504
0xff,0x18,476
0xff,0x19,520
0xff,0x1a,508
0xff,0x1b,492
0xff,0x1c,472
0xff,0x1d,526
0xff,0x1e,500
0xff,0x1f,470
0xff,0x20,536
0xff,0x21,564
0xff,0x22,518
0xff,0x23,486
0xff,0x24,384
0xff,0x25,492
0xff,0x26,388
0xff,0x27,498
0xff,0x28,506
0xff,0x29,494
0xff,0x2a,498
0xff,0x2b,538
0xff,0x2c,468
0xff,0x2d,542
0xff,0x2e,496
0xff,0x2f,492
0xff,0x30,392
0xff,0x31,538
0xff,0x32,524
0xff,0x33,506
0xff,0x34,498
0xff,0x35,498
0xff,0x36,510
0xff,0x37,536
0xff,0x38,478
0xff,0x39,512
0xff,0x3a,472
0xff,0x3b,532
0xff,0x3c,522
0xff,0x3d,522
0xff,0x3e,520
0xff,0x3f,582
0xff,0x40,514
0xff,0x41,490
0xff,0x42,530
0xff,0x43,536
0xff,0x44,538
0xff,0x45,512
0xff,0x46,538
0xff,0x47,518
0xff,0x48,540
0xff,0x49,526
0xff,0x4a,502
0xff,0x4b,506
0xff,0x4c,560
0xff,0x4d,540
0xff,0x4e,518
0xff,0x4f,520
0xff,0x50,488
0xff,0x51,494
0xff,0x52,522
0xff,0x53,520
0xff,0x54,498
0xff,0x55,514
0xff,0x56,506
0xff,0x57,496
0xff,0x58,504
0xff,0x59,554
0xff,0x5a,506
0xff,0x5b,534
0xff,0x5c,510
0xff,0x5d,492
0xff,0x5e,526
0xff,0x5f,514
0xff,0x60,498
0xff,0x61,486
0xff,0x62,500
0xff,0x63,514
0xff,0x64,468
0xff,0x65,492
0xff,0x66,530
0xff,0x67,528
0xff,0x68,502
0xff,0x69,590
0xff,0x6a,528
0xff,0x6b,494
0xff,0x6c,486
0xff,0x6d,516
0xff,0x6e,524
0xff,0x6f,516
0xff,0x70,524
0xff,0x71,564
0xff,0x72,528
0xff,0x73,500
0xff,0x74,500
0xff,0x75,500
0xff,0x76,520
0xff,0x77,516
0xff,0x78,530
0xff,0x79,480
0xff,0x7a,518
0xff,0x7b,502
0xff,0x7c,506
0xff,0x7d,518
0xff,0x7e,524
0xff,0x7f,524
0xff,0x80,486
0xff,0x81,512
0xff,0x82,478
0xff,0x83,490
0xff,0x84,524
0xff,0x85,490
0xff,0x86,532
0xff,0x87,512
0xff,0x88,486
0xff,0x89,478
0xff,0x8a,502
0xff,0x8b,506
0xff,0x8c,474
0xff,0x8d,564
0xff,0x8e,498
0xff,0x8f,536
0xff,0x90,520
0xff,0x91,580
0xff,0x92,562
0xff,0x93,484
0xff,0x94,536
0xff,0x95,500
0xff,0x96,544
0xff,0x97,538
0xff,0x98,580
0xff,0x99,510
0xff,0x9a,510
0xff,0x9b,558
0xff,0x9c,504
0xff,0x9d,516
0xff,0x9e,482
0xff,0x9f,518
0xff,0xa0,554
0xff,0xa1,522
0xff,0xa2,542
0xff,0xa3,524
0xff,0xa4,492
0xff,0xa5,516
0xff,0xa6,496
0xff,0xa7,530
0xff,0xa8,536
0xff,0xa9,498
0xff,0xaa,532
0xff,0xab,522
0xff,0xac,516
0xff,0xad,508
0xff,0xae,480
0xff,0xaf,520
0xff,0xb0,484
0xff,0xb1,524
0xff,0xb2,536
0xff,0xb3,462
0xff,0xb4,556
0xff,0xb5,530
0xff,0xb6,498
0xff,0xb7,472
0xff,0xb8,454
0xff,0xb9,524
0xff,0xba,494
0xff,0xbb,548
0xff,0xbc,536
0xff,0xbd,484
0xff,0xbe,494
0xff,0xbf,514
0xff,0xc0,500
0xff,0xc1,526
0xff,0xc2,526
0xff,0xc3,510
0xff,0xc4,548
0xff,0xc5,504
0xff,0xc6,488
0xff,0xc7,490
0xff,0xc8,528
0xff,0xc9,474
0xff,0xca,524
0xff,0xcb,550
0xff,0xcc,474
0xff,0xcd,478
0xff,0xce,508
0xff,0xcf,496
0xff,0xd0,502
0xff,0xd1,478
0xff,0xd2,494
0xff,0xd3,492
0xff,0xd4,528
0xff,0xd5,498
0xff,0xd6,592
0xff,0xd7,512
0xff,0xd8,516
0xff,0xd9,540
0xff,0xda,526
0xff,0xdb,494
0xff,0xdc,520
0xff,0xdd,500
0xff,0xde,542
0xff,0xdf,540
0xff,0xe0,502
0xff,0xe1,536
0xff,0xe2,516
0xff,0xe3,536
0xff,0xe4,532
0xff,0xe5,524
0xff,0xe6,516
0xff,0xe7,522
0xff,0xe8,516
0xff,0xe9,534
0xff,0xea,498
0xff,0xeb,520
0xff,0xec,484
0xff,0xed,502
0xff,0xee,464
0xff,0xef,536
0xff,0xf0,490
0xff,0xf1,484
0xff,0xf2,526
0xff,0xf3,498
0xff,0xf4,506
0xff,0xf5,512
0xff,0xf6,500
0xff,0xf7,500
0xff,0xf8,528
0xff,0xf9,514
0xff,0xfa,510
0xff,0xfb,578
0xff,0xfc,522
0xff,0xfd,506
0xff,0xfe,492
0xff,0xff,586
